사고번호,사고일시,요일,시군구,사고내용,사망자수,중상자수,경상자수,부상신고자수,사고유형,법규위반,노면상태,기상상태,도로형태,가해운전자 차종,가해운전자 성별,가해운전자 연령,가해운전자 상해정도,피해운전자 차종,피해운전자 성별,피해운전자 연령,피해운전자 상해정도
2023011100100251,2023년 1월 11일 13시,수요일,부산광역시 연제구 연산동,중상사고,0,1,0,0,차대차 - 추돌,중앙선침범,건조,맑음,단일로 - 기타,승용,남,51세,상해없음,이륜,남,49세,중상
2023011100100288,2023년 1월 11일 14시,수요일,부산광역시 남구 용호동,경상사고,0,0,1,0,차량단독 - 공작물충돌,기타,건조,맑음,단일로 - 기타,승용,여,54세,경상,,,,
2023011100100289,2023년 1월 11일 14시,수요일,부산광역시 연제구 거제동,경상사고,0,0,1,0,차대차 - 측면충돌,안전운전불이행,건조,맑음,단일로 - 기타,승용,남,66세,상해없음,승용,남,37세,경상
2023011100100318,2023년 1월 11일 15시,수요일,부산광역시 남구 대연동,경상사고,0,0,1,0,차대사람 - 기타,안전운전불이행,건조,맑음,단일로 - 기타,승용,여,50세,기타불명,보행자,남,81세,경상
2023011100100350,2023년 1월 11일 16시,수요일,부산광역시 기장군 기장읍,경상사고,0,0,1,0,차대차 - 측면충돌,안전운전불이행,건조,맑음,교차로 - 교차로부근,화물,남,49세,상해없음,승용,남,67세,경상
2023011100100372,2023년 1월 11일 17시,수요일,부산광역시 동구 초량동,중상사고,0,1,0,0,차대사람 - 차도통행중,교차로운행방법위반,건조,맑음,교차로 - 교차로안,승용,남,50세,상해없음,보행자,남,46세,중상
2023011100100373,2023년 1월 11일 17시,수요일,부산광역시 강서구 신호동,경상사고,0,0,2,0,차대차 - 측면충돌,안전운전불이행,건조,맑음,단일로 - 기타,승용,남,46세,상해없음,승용,남,62세,경상
2023011100100412,2023년 1월 11일 18시,수요일,부산광역시 남구 대연동,경상사고,0,0,1,0,차대사람 - 길가장자리구역통행중,안전운전불이행,건조,맑음,단일로 - 기타,승용,여,37세,상해없음,보행자,여,18세,경상
2023011100100413,2023년 1월 11일 18시,수요일,부산광역시 부산진구 범천동,경상사고,0,0,1,0,차대차 - 기타,신호위반,건조,맑음,교차로 - 교차로안,승용,남,41세,기타불명,승용,여,62세,경상
2023011100100457,2023년 1월 11일 19시,수요일,부산광역시 서구 아미동1가,경상사고,0,0,1,0,차대차 - 측면충돌,신호위반,건조,맑음,교차로 - 교차로안,승용,남,51세,상해없음,이륜,남,19세,경상
2023011100100458,2023년 1월 11일 19시,수요일,부산광역시 북구 만덕동,부상신고사고,0,0,0,1,차대차 - 기타,안전운전불이행,건조,맑음,교차로 - 교차로안,승용,여,52세,기타불명,이륜,남,43세,부상신고
2023011100100540,2023년 1월 11일 22시,수요일,부산광역시 해운대구 좌동,경상사고,0,0,1,0,차대차 - 측면충돌,신호위반,건조,맑음,교차로 - 교차로안,승용,남,19세,상해없음,승용,여,32세,경상
2023011100100541,2023년 1월 11일 22시,수요일,부산광역시 사상구 주례동,중상사고,0,2,0,0,차대차 - 측면충돌,신호위반,건조,맑음,교차로 - 교차로안,승용,남,56세,중상,승합,남,55세,중상
2023011200100001,2023년 1월 12일 00시,목요일,부산광역시 부산진구 부전동,경상사고,0,0,2,0,차대차 - 측면충돌,교차로운행방법위반,건조,맑음,교차로 - 교차로안,승용,남,59세,상해없음,승용,남,59세,경상
2023011200100085,2023년 1월 12일 07시,목요일,부산광역시 부산진구 당감동,경상사고,0,0,3,0,차대차 - 기타,중앙선침범,건조,맑음,단일로 - 기타,특수,남,31세,상해없음,화물,남,60세,상해없음
2023011200100086,2023년 1월 12일 07시,목요일,부산광역시 사상구 학장동,중상사고,0,1,0,0,차대사람 - 기타,안전운전불이행,건조,맑음,교차로 - 교차로부근,승용,여,69세,상해없음,보행자,여,48세,중상
2023011200100137,2023년 1월 12일 09시,목요일,부산광역시 남구 문현동,경상사고,0,0,3,0,차대차 - 측면충돌,안전운전불이행,건조,맑음,교차로 - 교차로안,승용,여,42세,상해없음,승용,여,30세,경상
2023011200100197,2023년 1월 12일 11시,목요일,부산광역시 부산진구 부암동,경상사고,0,0,1,0,차대차 - 기타,안전거리미확보,건조,맑음,교차로 - 교차로안,이륜,남,66세,경상,승용,남,54세,상해없음
2023011200100198,2023년 1월 12일 11시,목요일,부산광역시 사상구 모라동,경상사고,0,0,1,0,차대차 - 기타,신호위반,건조,맑음,교차로 - 교차로안,승용,남,61세,상해없음,승용,남,55세,경상
2023011200100263,2023년 1월 12일 13시,목요일,부산광역시 서구 부민동1가,경상사고,0,0,1,0,차대사람 - 차도통행중,안전운전불이행,건조,맑음,단일로 - 기타,승용,여,40세,상해없음,보행자,남,36세,경상
2023011200100264,2023년 1월 12일 13시,목요일,부산광역시 수영구 민락동,경상사고,0,0,1,0,차대차 - 측면충돌,안전거리미확보,건조,맑음,단일로 - 기타,화물,남,49세,기타불명,승용,남,30세,경상
2023011200100292,2023년 1월 12일 14시,목요일,부산광역시 북구 만덕동,중상사고,0,1,0,0,차대차 - 기타,안전거리미확보,건조,맑음,교차로 - 교차로안,승용,남,52세,상해없음,이륜,남,36세,중상
2023011200100293,2023년 1월 12일 14시,목요일,부산광역시 해운대구 석대동,중상사고,0,1,0,0,차대사람 - 기타,안전운전불이행,건조,맑음,교차로 - 교차로부근,특수,남,55세,상해없음,보행자,여,75세,중상
2023011200100294,2023년 1월 12일 14시,목요일,부산광역시 부산진구 당감동,부상신고사고,0,0,0,2,차대차 - 측면충돌,안전운전불이행,건조,맑음,단일로 - 기타,승용,남,29세,부상신고,건설기계,남,54세,상해없음
2023011200100321,2023년 1월 12일 15시,목요일,부산광역시 남구 대연동,경상사고,0,0,1,0,차대차 - 추돌,안전운전불이행,건조,맑음,교차로 - 교차로부근,승용,여,23세,상해없음,이륜,남,31세,경상
2023011200100322,2023년 1월 12일 15시,목요일,부산광역시 강서구 미음동,중상사고,0,1,0,0,차대차 - 측면충돌,안전운전불이행,건조,맑음,교차로 - 교차로안,승용,남,67세,상해없음,승용,여,58세,중상
2023011200100348,2023년 1월 12일 16시,목요일,부산광역시 금정구 장전동,경상사고,0,0,1,0,차대사람 - 길가장자리구역통행중,안전운전불이행,건조,맑음,단일로 - 지하차도(도로)내,승용,여,67세,상해없음,보행자,여,79세,경상
2023011200100380,2023년 1월 12일 17시,목요일,부산광역시 부산진구 범천동,경상사고,0,0,1,0,차대차 - 추돌,안전운전불이행,건조,맑음,단일로 - 기타,승용,남,44세,경상,승용,남,29세,상해없음
2023011200100411,2023년 1월 12일 18시,목요일,부산광역시 북구 구포동,경상사고,0,0,3,0,차대차 - 추돌,기타,건조,맑음,단일로 - 기타,승용,남,44세,상해없음,승용,남,57세,경상
2023011200100470,2023년 1월 12일 19시,목요일,부산광역시 동구 범일동,경상사고,0,0,1,0,차량단독 - 기타,안전운전불이행,건조,맑음,단일로 - 기타,승합,남,60세,상해없음,,,,
2023011200100471,2023년 1월 12일 19시,목요일,부산광역시 서구 동대신동1가,중상사고,0,1,0,0,차대사람 - 기타,안전운전불이행,건조,맑음,단일로 - 기타,승용,여,58세,상해없음,보행자,남,76세,중상
2023011200100472,2023년 1월 12일 19시,목요일,부산광역시 수영구 광안동,경상사고,0,0,2,0,차대차 - 측면충돌,안전운전불이행,건조,맑음,단일로 - 기타,이륜,남,27세,경상,승용,여,61세,경상
2023011200100473,2023년 1월 12일 19시,목요일,부산광역시 동래구 온천동,경상사고,0,0,2,0,차대차 - 측면충돌,안전운전불이행,건조,맑음,단일로 - 기타,승합,남,51세,상해없음,승용,남,50세,경상
2023011200100474,2023년 1월 12일 19시,목요일,부산광역시 동래구 온천동,경상사고,0,0,3,0,차대차 - 기타,안전운전불이행,젖음/습기,맑음,단일로 - 기타,승용,남,32세,경상,승용,남,39세,경상
2023011200100475,2023년 1월 12일 19시,목요일,부산광역시 금정구 부곡동,경상사고,0,0,3,0,차대차 - 추돌,안전운전불이행,건조,맑음,단일로 - 터널,승용,남,68세,상해없음,승용,여,31세,경상
2023011200100509,2023년 1월 12일 20시,목요일,부산광역시 동래구 사직동,경상사고,0,0,1,0,차대사람 - 보도통행중,안전운전불이행,건조,맑음,단일로 - 기타,승용,남,25세,상해없음,보행자,여,72세,경상
2023011200100510,2023년 1월 12일 20시,목요일,부산광역시 금정구 장전동,부상신고사고,0,0,0,1,차대차 - 측면충돌,안전운전불이행,건조,맑음,단일로 - 기타,화물,남,32세,상해없음,이륜,남,42세,부상신고
2023011200100535,2023년 1월 12일 21시,목요일,부산광역시 동래구 명륜동,경상사고,0,0,1,0,차대차 - 기타,안전거리미확보,건조,맑음,단일로 - 기타,승용,여,64세,상해없음,승용,남,36세,경상
2023011200100536,2023년 1월 12일 21시,목요일,부산광역시 사하구 장림동,중상사고,0,1,0,0,차대차 - 측면충돌,기타,건조,맑음,교차로 - 교차로안,승용,여,50세,상해없음,원동기,남,76세,중상
2023011200100537,2023년 1월 12일 21시,목요일,부산광역시 연제구 연산동,경상사고,0,0,2,0,차대차 - 측면충돌,교차로운행방법위반,건조,맑음,교차로 - 교차로안,승용,여,36세,상해없음,승용,남,64세,경상
2023011200100559,2023년 1월 12일 22시,목요일,부산광역시 연제구 연산동,중상사고,0,1,0,0,차대사람 - 횡단중,안전운전불이행,젖음/습기,비,교차로 - 교차로안,승용,남,39세,상해없음,보행자,남,49세,중상
2023011200100577,2023년 1월 12일 23시,목요일,부산광역시 사하구 괴정동,중상사고,0,1,0,0,차대사람 - 차도통행중,안전운전불이행,젖음/습기,흐림,단일로 - 기타,이륜,남,26세,상해없음,보행자,남,75세,중상
2023011200100578,2023년 1월 12일 23시,목요일,부산광역시 강서구 명지동,중상사고,0,2,0,0,차대차 - 측면충돌,안전운전불이행,젖음/습기,비,교차로 - 교차로안,승용,남,36세,상해없음,승용,남,25세,중상
2023011300100005,2023년 1월 13일 00시,금요일,부산광역시 해운대구 우동,경상사고,0,0,1,0,차대차 - 추돌,안전운전불이행,건조,맑음,교차로 - 교차로안,승용,남,35세,상해없음,승용,여,45세,경상
2023011300100017,2023년 1월 13일 01시,금요일,부산광역시 중구 남포동6가,경상사고,0,0,2,0,차대사람 - 횡단중,안전운전불이행,젖음/습기,비,기타 - 기타,이륜,남,26세,상해없음,보행자,남,55세,경상
2023011300100033,2023년 1월 13일 03시,금요일,부산광역시 해운대구 우동,경상사고,0,0,1,0,차대사람 - 기타,안전운전불이행,건조,맑음,교차로 - 교차로안,승합,남,47세,상해없음,보행자,남,56세,경상
2023011300100041,2023년 1월 13일 04시,금요일,부산광역시 사하구 다대동,중상사고,0,1,0,0,차대차 - 추돌,안전운전불이행,젖음/습기,비,교차로 - 교차로부근,승용,남,53세,상해없음,승용,남,46세,중상
2023011300100049,2023년 1월 13일 05시,금요일,부산광역시 북구 만덕동,중상사고,0,1,0,0,차대사람 - 기타,신호위반,젖음/습기,비,교차로 - 교차로횡단보도내,화물,남,63세,상해없음,보행자,여,75세,중상
2023011300100050,2023년 1월 13일 05시,금요일,부산광역시 부산진구 부암동,경상사고,0,0,1,0,차대차 - 기타,불법유턴,젖음/습기,비,단일로 - 기타,승용,남,43세,상해없음,승용,남,51세,경상
2023011300100064,2023년 1월 13일 06시,금요일,부산광역시 동래구 안락동,경상사고,0,0,1,0,차대사람 - 횡단중,신호위반,젖음/습기,비,교차로 - 교차로횡단보도내,화물,남,51세,상해없음,보행자,남,51세,경상
2023011300100065,2023년 1월 13일 06시,금요일,부산광역시 동래구 안락동,중상사고,0,1,0,0,차대사람 - 횡단중,보행자보호의무위반,젖음/습기,비,교차로 - 교차로횡단보도내,승합,남,71세,상해없음,보행자,여,64세,중상
2023011300100066,2023년 1월 13일 06시,금요일,부산광역시 사상구 학장동,중상사고,0,1,0,0,차대사람 - 차도통행중,안전운전불이행,젖음/습기,비,단일로 - 기타,화물,남,55세,기타불명,보행자,남,52세,중상
2023011300100067,2023년 1월 13일 06시,금요일,부산광역시 사상구 모라동,경상사고,0,0,8,0,차대차 - 기타,안전운전불이행,젖음/습기,비,단일로 - 고가도로위,화물,남,35세,상해없음,승용,남,59세,경상
2023011300100087,2023년 1월 13일 07시,금요일,부산광역시 해운대구 반여동,중상사고,0,1,0,0,차대사람 - 횡단중,보행자보호의무위반,젖음/습기,비,교차로 - 교차로횡단보도내,승용,여,55세,상해없음,보행자,여,62세,중상
2023011300100088,2023년 1월 13일 07시,금요일,부산광역시 사상구 삼락동,중상사고,0,1,0,0,차대사람 - 횡단중,보행자보호의무위반,젖음/습기,비,단일로 - 기타,화물,남,46세,상해없음,보행자,여,76세,중상
2023011300100089,2023년 1월 13일 07시,금요일,부산광역시 기장군 철마면,경상사고,0,0,1,0,차대차 - 추돌,안전거리미확보,젖음/습기,비,단일로 - 터널,건설기계,남,46세,상해없음,화물,남,65세,상해없음
2023011300100123,2023년 1월 13일 08시,금요일,부산광역시 강서구 대저2동,중상사고,0,1,0,0,차대사람 - 횡단중,신호위반,젖음/습기,비,단일로 - 기타,승용,남,65세,상해없음,보행자,여,38세,중상
2023011300100157,2023년 1월 13일 09시,금요일,부산광역시 부산진구 부암동,경상사고,0,0,1,0,차대차 - 추돌,안전거리미확보,젖음/습기,비,단일로 - 기타,승용,남,42세,상해없음,승용,여,56세,경상
2023011300100158,2023년 1월 13일 09시,금요일,부산광역시 금정구 금사동,경상사고,0,0,1,0,차대차 - 측면충돌,교차로운행방법위반,젖음/습기,맑음,교차로 - 교차로안,화물,남,70세,상해없음,승용,남,42세,경상
2023011300100159,2023년 1월 13일 09시,금요일,부산광역시 기장군 기장읍,중상사고,0,1,1,0,차대차 - 추돌,안전운전불이행,젖음/습기,비,교차로 - 교차로부근,건설기계,남,63세,상해없음,승용,남,40세,중상
2023011300100179,2023년 1월 13일 10시,금요일,부산광역시 해운대구 우동,경상사고,0,0,1,0,차대사람 - 기타,보행자보호의무위반,젖음/습기,비,교차로 - 교차로안,승용,여,62세,상해없음,보행자,여,57세,경상
2023011300100251,2023년 1월 13일 13시,금요일,부산광역시 서구 부민동2가,중상사고,0,1,0,0,차대사람 - 횡단중,보행자보호의무위반,젖음/습기,비,교차로 - 교차로횡단보도내,화물,남,57세,상해없음,보행자,남,80세,중상
2023011300100252,2023년 1월 13일 13시,금요일,부산광역시 수영구 광안동,경상사고,0,0,1,0,차대차 - 측면충돌,안전운전불이행,건조,맑음,교차로 - 교차로부근,승용,남,71세,상해없음,승용,여,67세,경상
2023011300100253,2023년 1월 13일 13시,금요일,부산광역시 금정구 부곡동,경상사고,0,0,1,0,차대사람 - 차도통행중,안전운전불이행,젖음/습기,비,단일로 - 기타,승용,여,58세,상해없음,보행자,남,78세,경상
2023011300100274,2023년 1월 13일 14시,금요일,부산광역시 남구 대연동,경상사고,0,0,1,0,차대사람 - 횡단중,안전운전불이행,건조,맑음,교차로 - 교차로부근,승용,남,63세,상해없음,보행자,여,44세,경상
2023011300100275,2023년 1월 13일 14시,금요일,부산광역시 해운대구 반여동,경상사고,0,0,1,0,차대차 - 측면충돌,안전운전불이행,건조,맑음,교차로 - 교차로안,승용,남,36세,상해없음,이륜,남,50세,경상
2023011300100304,2023년 1월 13일 15시,금요일,부산광역시 금정구 부곡동,중상사고,0,1,0,0,차대사람 - 보도통행중,기타,젖음/습기,비,단일로 - 기타,승용,남,59세,상해없음,보행자,여,71세,중상
2023011300100305,2023년 1월 13일 15시,금요일,부산광역시 사하구 하단동,경상사고,0,0,1,0,차대차 - 기타,안전거리미확보,건조,맑음,교차로 - 교차로안,승용,남,63세,상해없음,승용,남,43세,경상
2023011300100338,2023년 1월 13일 16시,금요일,부산광역시 동래구 사직동,중상사고,0,1,0,0,차대사람 - 횡단중,보행자보호의무위반,건조,맑음,단일로 - 기타,승용,남,67세,상해없음,보행자,여,47세,중상
2023011300100367,2023년 1월 13일 17시,금요일,부산광역시 부산진구 가야동,중상사고,0,1,0,0,차대차 - 기타,안전거리미확보,건조,맑음,교차로 - 교차로부근,승용,여,50세,상해없음,승용,남,41세,중상
2023011300100405,2023년 1월 13일 18시,금요일,부산광역시 동구 초량동,부상신고사고,0,0,0,1,차대차 - 기타,안전운전불이행,건조,맑음,단일로 - 기타,이륜,남,52세,부상신고,승용,여,38세,상해없음
2023011300100406,2023년 1월 13일 18시,금요일,부산광역시 수영구 남천동,중상사고,0,1,0,0,차대차 - 추돌,안전운전불이행,젖음/습기,흐림,단일로 - 기타,승용,여,47세,상해없음,승용,여,49세,중상
2023011300100407,2023년 1월 13일 18시,금요일,부산광역시 북구 구포동,경상사고,0,0,2,0,차대차 - 추돌,안전운전불이행,건조,맑음,단일로 - 기타,화물,여,28세,상해없음,이륜,남,30세,경상
2023011300100408,2023년 1월 13일 18시,금요일,부산광역시 해운대구 우동,중상사고,0,1,0,0,차대사람 - 횡단중,신호위반,건조,맑음,단일로 - 기타,이륜,남,40세,상해없음,보행자,여,60세,중상
2023011300100409,2023년 1월 13일 18시,금요일,부산광역시 연제구 거제동,경상사고,0,0,1,0,차대차 - 기타,안전운전불이행,건조,맑음,단일로 - 기타,승용,남,53세,상해없음,승용,남,47세,경상
2023011300100410,2023년 1월 13일 18시,금요일,부산광역시 기장군 정관읍,중상사고,0,2,0,0,차대차 - 기타,교차로운행방법위반,건조,맑음,교차로 - 교차로안,승용,여,50세,중상,승용,남,43세,중상
2023011300100467,2023년 1월 13일 19시,금요일,부산광역시 동래구 명륜동,경상사고,0,0,1,0,차대차 - 기타,직진우회전진행방해,젖음/습기,비,교차로 - 교차로안,승용,여,63세,상해없음,이륜,남,33세,경상
2023011300100468,2023년 1월 13일 19시,금요일,부산광역시 강서구 명지동,경상사고,0,0,2,0,차대차 - 측면충돌,안전운전불이행,건조,맑음,교차로 - 교차로안,승합,남,67세,상해없음,승용,남,28세,경상
2023011300100526,2023년 1월 13일 21시,금요일,부산광역시 남구 문현동,경상사고,0,0,1,0,차대사람 - 기타,보행자보호의무위반,건조,맑음,교차로 - 교차로부근,승용,여,26세,상해없음,보행자,남,65세,경상
2023011300100527,2023년 1월 13일 21시,금요일,부산광역시 영도구 남항동2가,중상사고,0,1,0,0,차대사람 - 기타,안전운전불이행,기타,맑음,교차로 - 교차로부근,승용,여,23세,상해없음,보행자,남,64세,중상
2023011300100574,2023년 1월 13일 23시,금요일,부산광역시 기장군 정관읍,부상신고사고,0,0,0,1,차대사람 - 기타,안전운전불이행,건조,맑음,교차로 - 교차로안,승합,남,40세,기타불명,보행자,남,49세,부상신고
2023011400100013,2023년 1월 14일 01시,토요일,부산광역시 동래구 수안동,경상사고,0,0,1,0,차대차 - 측면충돌,안전운전불이행,젖음/습기,흐림,단일로 - 지하차도(도로)내,승용,남,65세,상해없음,승용,남,46세,경상
2023011400100026,2023년 1월 14일 02시,토요일,부산광역시 동래구 온천동,중상사고,0,1,0,0,차대사람 - 차도통행중,안전운전불이행,건조,흐림,단일로 - 지하차도(도로)내,승용,남,60세,상해없음,보행자,여,80세,중상
2023011400100034,2023년 1월 14일 03시,토요일,부산광역시 사상구 감전동,중상사고,0,1,0,0,차대사람 - 횡단중,보행자보호의무위반,건조,맑음,교차로 - 교차로횡단보도내,승용,남,54세,상해없음,보행자,여,64세,중상
2023011400100043,2023년 1월 14일 05시,토요일,부산광역시 해운대구 좌동,중상사고,0,1,0,0,차대사람 - 횡단중,안전운전불이행,건조,맑음,교차로 - 교차로횡단보도내,승용,남,21세,상해없음,보행자,여,76세,중상
2023011400100065,2023년 1월 14일 07시,토요일,부산광역시 기장군 기장읍,중상사고,0,1,1,0,차대차 - 측면충돌,안전운전불이행,젖음/습기,흐림,교차로 - 교차로안,승용,남,27세,상해없음,승용,남,58세,경상
2023011400100098,2023년 1월 14일 09시,토요일,부산광역시 해운대구 우동,중상사고,0,1,0,0,차대사람 - 횡단중,보행자보호의무위반,건조,흐림,교차로 - 교차로안,승용,남,78세,상해없음,보행자,남,45세,중상
2023011400100109,2023년 1월 14일 10시,토요일,부산광역시 남구 문현동,경상사고,0,0,3,0,차대차 - 추돌,안전운전불이행,건조,맑음,교차로 - 교차로안,화물,남,76세,상해없음,승용,남,70세,경상
2023011400100110,2023년 1월 14일 10시,토요일,부산광역시 사하구 하단동,부상신고사고,0,0,0,1,차대차 - 측면충돌,안전운전불이행,건조,맑음,교차로 - 교차로안,이륜,남,56세,부상신고,승용,남,50세,상해없음
2023011400100111,2023년 1월 14일 10시,토요일,부산광역시 사하구 신평동,경상사고,0,0,1,0,차대차 - 측면충돌,직진우회전진행방해,건조,맑음,교차로 - 교차로안,승합,남,57세,상해없음,승용,남,68세,경상
2023011400100157,2023년 1월 14일 12시,토요일,부산광역시 기장군 장안읍,경상사고,0,0,1,1,차대차 - 추돌,차로위반,건조,맑음,단일로 - 기타,승용,남,65세,상해없음,승용,여,25세,경상
2023011400100212,2023년 1월 14일 14시,토요일,부산광역시 부산진구 부암동,중상사고,0,1,0,1,차대차 - 기타,신호위반,건조,맑음,교차로 - 교차로안,이륜,남,66세,부상신고,이륜,남,50세,중상
2023011400100213,2023년 1월 14일 14시,토요일,부산광역시 금정구 장전동,경상사고,0,0,1,0,차대사람 - 기타,안전운전불이행,건조,흐림,단일로 - 기타,승용,여,54세,상해없음,보행자,여,66세,경상
2023011400100242,2023년 1월 14일 15시,토요일,부산광역시 부산진구 개금동,경상사고,0,0,1,0,차대차 - 추돌,안전거리미확보,건조,흐림,단일로 - 기타,승용,여,33세,상해없음,이륜,남,46세,경상
2023011400100267,2023년 1월 14일 16시,토요일,부산광역시 서구 동대신동1가,경상사고,0,0,1,0,차대사람 - 기타,안전운전불이행,건조,맑음,단일로 - 기타,승용,남,55세,상해없음,보행자,여,62세,경상
2023011400100268,2023년 1월 14일 16시,토요일,부산광역시 동래구 사직동,경상사고,0,0,1,0,차대사람 - 횡단중,보행자보호의무위반,건조,맑음,교차로 - 교차로횡단보도내,이륜,남,30세,기타불명,보행자,남,12세,경상
2023011400100290,2023년 1월 14일 17시,토요일,부산광역시 동래구 안락동,경상사고,0,0,1,0,차대사람 - 보도통행중,안전운전불이행,건조,맑음,기타 - 기타,화물,남,51세,상해없음,보행자,여,9세,경상
2023011400100337,2023년 1월 14일 18시,토요일,부산광역시 사상구 감전동,경상사고,0,0,1,0,차대차 - 측면충돌,안전거리미확보,건조,맑음,교차로 - 교차로부근,승용,여,57세,상해없음,승용,남,50세,경상
2023011400100386,2023년 1월 14일 19시,토요일,부산광역시 동구 수정동,경상사고,0,0,1,0,차대사람 - 횡단중,신호위반,젖음/습기,흐림,단일로 - 기타,승용,남,34세,상해없음,보행자,남,34세,경상
2023011400100387,2023년 1월 14일 19시,토요일,부산광역시 남구 대연동,중상사고,0,1,0,0,차대차 - 추돌,안전운전불이행,건조,맑음,단일로 - 기타,이륜,남,19세,상해없음,이륜,남,72세,중상
2023011400100388,2023년 1월 14일 19시,토요일,부산광역시 북구 화명동,경상사고,0,0,1,0,차량단독 - 공작물충돌,안전운전불이행,건조,맑음,교차로 - 교차로안,승용,남,61세,상해없음,,,,
2023011400100390,2023년 1월 14일 19시,토요일,부산광역시 강서구 명지동,경상사고,0,0,1,0,차대차 - 기타,중앙선침범,건조,맑음,교차로 - 교차로안,승용,여,49세,기타불명,이륜,남,34세,경상
2023011400100447,2023년 1월 14일 21시,토요일,부산광역시 동구 초량동,경상사고,0,0,1,0,차대사람 - 차도통행중,보행자보호의무위반,젖음/습기,흐림,교차로 - 교차로안,승용,남,63세,상해없음,보행자,여,42세,경상
2023011400100477,2023년 1월 14일 22시,토요일,부산광역시 해운대구 송정동,경상사고,0,0,1,0,차대사람 - 기타,안전운전불이행,건조,맑음,단일로 - 기타,승용,여,32세,상해없음,보행자,남,57세,경상
2023011400100478,2023년 1월 14일 22시,토요일,부산광역시 부산진구 당감동,중상사고,0,1,0,0,차대사람 - 횡단중,신호위반,건조,맑음,교차로 - 교차로안,승용,남,74세,상해없음,보행자,남,67세,중상
2023011500100005,2023년 1월 15일 00시,일요일,부산광역시 수영구 민락동,중상사고,0,1,0,0,차대사람 - 횡단중,안전운전불이행,건조,맑음,단일로 - 기타,이륜,남,32세,기타불명,보행자,남,86세,중상
2023011500100038,2023년 1월 15일 03시,일요일,부산광역시 해운대구 반여동,경상사고,0,0,1,0,차대사람 - 횡단중,신호위반,건조,맑음,교차로 - 교차로횡단보도내,승용,남,45세,상해없음,보행자,남,33세,경상
2023011500100063,2023년 1월 15일 07시,일요일,부산광역시 동래구 온천동,경상사고,0,0,2,0,차대차 - 측면충돌,교차로운행방법위반,건조,맑음,단일로 - 기타,승용,남,70세,경상,승용,여,65세,경상
2023011500100075,2023년 1월 15일 08시,일요일,부산광역시 서구 서대신동1가,중상사고,0,1,0,0,차대사람 - 횡단중,보행자보호의무위반,젖음/습기,흐림,교차로 - 교차로횡단보도내,승합,남,26세,상해없음,보행자,여,84세,중상
2023011500100084,2023년 1월 15일 09시,일요일,부산광역시 기장군 기장읍,경상사고,0,0,1,0,차대차 - 측면충돌,안전운전불이행,젖음/습기,비,교차로 - 교차로부근,승용,남,66세,경상,승용,남,53세,상해없음
2023011500100113,2023년 1월 15일 11시,일요일,부산광역시 중구 부평동4가,부상신고사고,0,0,0,1,차대사람 - 기타,안전운전불이행,건조,맑음,단일로 - 기타,승합,남,52세,상해없음,보행자,여,75세,부상신고
2023011500100172,2023년 1월 15일 14시,일요일,부산광역시 수영구 민락동,경상사고,0,0,1,0,차대차 - 측면충돌,안전운전불이행,건조,맑음,교차로 - 교차로안,승용,남,39세,상해없음,원동기,남,24세,경상
2023011500100173,2023년 1월 15일 14시,일요일,부산광역시 부산진구 부전동,중상사고,0,1,0,0,차대사람 - 보도통행중,보행자보호의무위반,젖음/습기,비,단일로 - 기타,승용,여,54세,상해없음,보행자,남,55세,중상
2023011500100187,2023년 1월 15일 15시,일요일,부산광역시 남구 용호동,경상사고,0,0,2,0,차대차 - 추돌,안전운전불이행,건조,맑음,단일로 - 기타,승용,남,52세,상해없음,승용,남,57세,경상
2023011500100188,2023년 1월 15일 15시,일요일,부산광역시 해운대구 우동,중상사고,0,1,0,0,차대차 - 기타,신호위반,젖음/습기,흐림,교차로 - 교차로부근,승용,남,59세,상해없음,이륜,남,49세,중상
2023011500100189,2023년 1월 15일 15시,일요일,부산광역시 부산진구 개금동,경상사고,0,0,1,0,차대차 - 기타,신호위반,건조,맑음,교차로 - 교차로안,화물,남,71세,상해없음,이륜,남,36세,경상
2023011500100245,2023년 1월 15일 18시,일요일,부산광역시 동구 범일동,경상사고,0,0,1,0,차대사람 - 기타,기타,건조,맑음,단일로 - 기타,승합,남,47세,상해없음,보행자,여,57세,경상
2023011500100246,2023년 1월 15일 18시,일요일,부산광역시 해운대구 반여동,사망사고,1,0,0,0,차대사람 - 기타,안전운전불이행,건조,맑음,단일로 - 기타,이륜,남,22세,상해없음,보행자,남,66세,사망
2023011500100273,2023년 1월 15일 19시,일요일,부산광역시 금정구 금사동,경상사고,0,0,1,0,차대차 - 측면충돌,안전거리미확보,건조,맑음,단일로 - 기타,승용,남,62세,상해없음,승용,여,48세,경상
2023011500100274,2023년 1월 15일 19시,일요일,부산광역시 사하구 장림동,중상사고,0,1,0,0,차대차 - 추돌,안전운전불이행,건조,맑음,교차로 - 교차로안,승용,여,48세,상해없음,원동기,남,24세,중상
2023011500100315,2023년 1월 15일 20시,일요일,부산광역시 연제구 거제동,중상사고,0,2,1,0,차대차 - 측면충돌,신호위반,젖음/습기,맑음,교차로 - 교차로안,승용,남,57세,상해없음,승용,남,31세,중상