사고번호,사고일시,요일,시군구,사고내용,사망자수,중상자수,경상자수,부상신고자수,사고유형,법규위반,노면상태,기상상태,도로형태,가해운전자 차종,가해운전자 성별,가해운전자 연령,가해운전자 상해정도,피해운전자 차종,피해운전자 성별,피해운전자 연령,피해운전자 상해정도
2023011900100468,2023년 1월 19일 20시,목요일,부산광역시 해운대구 좌동,부상신고사고,0,0,0,1,차대차 - 기타,안전운전불이행,건조,맑음,교차로 - 교차로부근,승용,남,64세,상해없음,승용,여,26세,부상신고
2023011900100469,2023년 1월 19일 20시,목요일,부산광역시 사상구 삼락동,경상사고,0,0,2,0,차대차 - 추돌,안전운전불이행,건조,맑음,단일로 - 기타,승용,남,53세,상해없음,승용,남,46세,경상
2023011900100498,2023년 1월 19일 21시,목요일,부산광역시 부산진구 개금동,중상사고,0,1,0,0,차대사람 - 차도통행중,안전운전불이행,건조,맑음,단일로 - 기타,승용,남,66세,상해없음,보행자,남,57세,중상
2023011900100499,2023년 1월 19일 21시,목요일,부산광역시 금정구 서동,경상사고,0,0,1,0,차대사람 - 차도통행중,안전운전불이행,건조,맑음,교차로 - 교차로안,승용,여,69세,상해없음,보행자,남,54세,경상
2023011900100500,2023년 1월 19일 21시,목요일,부산광역시 기장군 정관읍,경상사고,0,0,1,0,차대차 - 정면충돌,안전운전불이행,건조,맑음,단일로 - 지하차도(도로)내,승용,남,65세,상해없음,이륜,남,55세,경상
2023011900100544,2023년 1월 19일 23시,목요일,부산광역시 해운대구 좌동,중상사고,0,1,0,0,차대차 - 정면충돌,신호위반,건조,맑음,교차로 - 교차로안,승용,여,44세,상해없음,승용,여,63세,중상
2023011900100545,2023년 1월 19일 23시,목요일,부산광역시 강서구 명지동,사망사고,1,0,0,0,차량단독 - 공작물충돌,안전운전불이행,건조,맑음,단일로 - 기타,화물,남,35세,사망,,,,
2023012000100015,2023년 1월 20일 01시,금요일,부산광역시 부산진구 부전동,경상사고,0,0,1,0,차대차 - 기타,안전운전불이행,건조,맑음,단일로 - 기타,승용,남,26세,상해없음,승용,여,41세,경상
2023012000100026,2023년 1월 20일 02시,금요일,부산광역시 부산진구 전포동,경상사고,0,0,1,0,차대차 - 기타,안전거리미확보,건조,맑음,교차로 - 교차로부근,이륜,남,21세,기타불명,승용,남,53세,경상
2023012000100045,2023년 1월 20일 05시,금요일,부산광역시 중구 광복동1가,중상사고,0,1,0,0,차대차 - 기타,신호위반,건조,맑음,교차로 - 교차로안,승용,남,34세,상해없음,승용,여,56세,중상
2023012000100046,2023년 1월 20일 05시,금요일,부산광역시 사하구 하단동,경상사고,0,0,1,1,차대차 - 측면충돌,신호위반,건조,맑음,교차로 - 교차로안,화물,남,60세,부상신고,승합,남,73세,경상
2023012000100065,2023년 1월 20일 07시,금요일,부산광역시 사하구 신평동,사망사고,1,0,0,0,차대차 - 기타,신호위반,건조,맑음,교차로 - 교차로안,특수,남,58세,상해없음,원동기,남,27세,사망
2023012000100078,2023년 1월 20일 08시,금요일,부산광역시 동구 범일동,경상사고,0,0,1,0,차량단독 - 기타,기타,건조,맑음,단일로 - 기타,승합,남,34세,상해없음,,,,
2023012000100079,2023년 1월 20일 08시,금요일,부산광역시 영도구 청학동,중상사고,0,1,1,0,차대차 - 기타,안전거리미확보,건조,맑음,기타 - 기타,승합,남,58세,상해없음,승용,여,44세,상해없음
2023012000100080,2023년 1월 20일 08시,금요일,부산광역시 금정구 서동,경상사고,0,0,3,0,차대차 - 기타,중앙선침범,건조,맑음,교차로 - 교차로안,승용,남,67세,상해없음,승용,남,37세,경상
2023012000100081,2023년 1월 20일 08시,금요일,부산광역시 강서구 명지동,경상사고,0,0,1,0,차대차 - 기타,안전운전불이행,건조,맑음,교차로 - 교차로안,승합,남,68세,상해없음,승용,여,54세,경상
2023012000100111,2023년 1월 20일 09시,금요일,부산광역시 남구 대연동,경상사고,0,0,1,0,차대차 - 추돌,안전운전불이행,건조,맑음,단일로 - 기타,화물,남,46세,기타불명,화물,남,38세,경상
2023012000100113,2023년 1월 20일 09시,금요일,부산광역시 금정구 구서동,경상사고,0,0,2,0,차대차 - 추돌,보행자보호의무위반,건조,맑음,교차로 - 교차로안,승용,남,31세,상해없음,승용,남,48세,경상
2023012000100114,2023년 1월 20일 09시,금요일,부산광역시 금정구 부곡동,중상사고,0,1,0,0,차대차 - 측면충돌,교차로운행방법위반,건조,맑음,교차로 - 교차로부근,화물,남,41세,상해없음,승용,남,55세,중상
2023012000100140,2023년 1월 20일 10시,금요일,부산광역시 동래구 사직동,경상사고,0,0,1,0,차대사람 - 기타,안전운전불이행,건조,맑음,교차로 - 교차로안,기타불명,기타불명,미분류,기타불명,보행자,여,51세,경상
2023012000100141,2023년 1월 20일 10시,금요일,부산광역시 부산진구 부전동,경상사고,0,0,1,0,차대사람 - 횡단중,신호위반,건조,맑음,단일로 - 기타,승용,여,70세,상해없음,보행자,여,47세,경상
2023012000100142,2023년 1월 20일 10시,금요일,부산광역시 연제구 거제동,경상사고,0,0,1,0,차대차 - 기타,안전운전불이행,건조,맑음,단일로 - 기타,화물,남,64세,기타불명,승용,여,25세,경상
2023012000100143,2023년 1월 20일 10시,금요일,부산광역시 강서구 대저1동,경상사고,0,0,1,0,차대차 - 측면충돌,안전운전불이행,건조,맑음,단일로 - 기타,화물,남,61세,상해없음,승용,남,28세,경상
2023012000100185,2023년 1월 20일 11시,금요일,부산광역시 남구 문현동,중상사고,0,1,0,0,차대차 - 기타,신호위반,건조,맑음,교차로 - 교차로안,화물,남,24세,상해없음,이륜,남,24세,중상
2023012000100186,2023년 1월 20일 11시,금요일,부산광역시 남구 대연동,경상사고,0,0,1,0,차대차 - 측면충돌,기타,건조,맑음,교차로 - 교차로안,승용,여,45세,상해없음,승합,남,47세,경상
2023012000100224,2023년 1월 20일 12시,금요일,부산광역시 동래구 명륜동,경상사고,0,0,1,0,차대차 - 추돌,안전운전불이행,건조,맑음,단일로 - 기타,승용,남,60세,상해없음,승용,남,32세,경상
2023012000100225,2023년 1월 20일 12시,금요일,부산광역시 영도구 청학동,중상사고,0,1,0,0,차대사람 - 횡단중,안전운전불이행,건조,맑음,단일로 - 지하차도(도로)내,승용,남,62세,상해없음,보행자,여,84세,중상
2023012000100226,2023년 1월 20일 12시,금요일,부산광역시 사하구 신평동,경상사고,0,0,1,0,차대차 - 측면충돌,차로위반,건조,맑음,기타 - 기타,화물,남,52세,상해없음,이륜,남,46세,경상
2023012000100227,2023년 1월 20일 12시,금요일,부산광역시 강서구 대저1동,중상사고,0,1,0,0,차대차 - 측면충돌,직진우회전진행방해,건조,맑음,교차로 - 교차로안,승용,남,66세,상해없음,자전거,남,66세,중상
2023012000100263,2023년 1월 20일 13시,금요일,부산광역시 금정구 부곡동,경상사고,0,0,1,0,차대차 - 추돌,안전운전불이행,건조,맑음,단일로 - 기타,승용,여,56세,상해없음,승용,남,33세,경상
2023012000100264,2023년 1월 20일 13시,금요일,부산광역시 기장군 정관읍,중상사고,0,1,0,0,차대차 - 측면충돌,차로위반,건조,맑음,교차로 - 교차로안,승합,남,70세,상해없음,이륜,남,48세,중상
2023012000100265,2023년 1월 20일 13시,금요일,부산광역시 기장군 기장읍,경상사고,0,0,1,0,차대사람 - 횡단중,보행자보호의무위반,건조,맑음,교차로 - 교차로횡단보도내,승용,남,38세,상해없음,보행자,여,62세,경상
2023012000100300,2023년 1월 20일 14시,금요일,부산광역시 부산진구 부전동,중상사고,0,1,0,0,차대사람 - 기타,안전운전불이행,건조,맑음,기타 - 기타,승용,남,60세,상해없음,보행자,여,79세,중상
2023012000100346,2023년 1월 20일 15시,금요일,부산광역시 중구 남포동5가,중상사고,0,1,0,0,차대사람 - 기타,안전운전불이행,건조,맑음,단일로 - 기타,승합,남,41세,상해없음,보행자,여,80세,중상
2023012000100347,2023년 1월 20일 15시,금요일,부산광역시 영도구 남항동3가,경상사고,0,0,1,0,차대사람 - 기타,안전운전불이행,건조,맑음,단일로 - 기타,승용,여,61세,상해없음,보행자,여,13세,경상
2023012000100348,2023년 1월 20일 15시,금요일,부산광역시 해운대구 중동,경상사고,0,0,1,0,차대차 - 측면충돌,교차로운행방법위반,건조,맑음,교차로 - 교차로안,승용,여,55세,상해없음,승용,남,53세,경상
2023012000100349,2023년 1월 20일 15시,금요일,부산광역시 부산진구 부암동,경상사고,0,0,1,0,차대사람 - 기타,안전운전불이행,건조,맑음,기타 - 기타,화물,남,64세,상해없음,보행자,남,51세,경상
2023012000100350,2023년 1월 20일 15시,금요일,부산광역시 부산진구 부전동,경상사고,0,0,1,0,차대사람 - 기타,안전운전불이행,건조,맑음,단일로 - 기타,승용,남,76세,상해없음,보행자,여,32세,경상
2023012000100351,2023년 1월 20일 15시,금요일,부산광역시 사상구 주례동,경상사고,0,0,1,0,차대차 - 측면충돌,안전거리미확보,건조,맑음,교차로 - 교차로부근,화물,남,39세,상해없음,승용,남,57세,경상
2023012000100413,2023년 1월 20일 16시,금요일,부산광역시 해운대구 우동,중상사고,0,1,0,0,차대차 - 측면충돌,신호위반,건조,맑음,교차로 - 교차로안,이륜,남,25세,중상,승합,남,74세,상해없음
2023012000100414,2023년 1월 20일 16시,금요일,부산광역시 금정구 회동동,중상사고,0,2,0,0,차대차 - 기타,기타,건조,맑음,단일로 - 기타,승용,남,54세,상해없음,승용,남,74세,중상
2023012000100415,2023년 1월 20일 16시,금요일,부산광역시 강서구 대저2동,경상사고,0,0,1,0,차대차 - 측면충돌,안전운전불이행,건조,맑음,단일로 - 지하차도(도로)내,승용,남,48세,상해없음,승용,여,55세,경상
2023012000100461,2023년 1월 20일 17시,금요일,부산광역시 금정구 서동,경상사고,0,0,1,0,차대차 - 측면충돌,안전운전불이행,건조,맑음,교차로 - 교차로부근,승용,남,32세,상해없음,승용,여,41세,경상
2023012000100462,2023년 1월 20일 17시,금요일,부산광역시 사하구 장림동,경상사고,0,0,1,0,차대사람 - 기타,안전운전불이행,건조,맑음,교차로 - 교차로부근,승용,남,43세,상해없음,보행자,남,39세,경상
2023012000100512,2023년 1월 20일 18시,금요일,부산광역시 남구 용호동,중상사고,0,1,0,0,차대차 - 기타,안전운전불이행,건조,맑음,단일로 - 기타,승용,남,73세,상해없음,원동기,남,66세,중상
2023012000100513,2023년 1월 20일 18시,금요일,부산광역시 남구 용호동,경상사고,0,0,1,0,차대차 - 기타,안전운전불이행,건조,맑음,단일로 - 기타,승합,남,31세,상해없음,승합,남,64세,상해없음
2023012000100579,2023년 1월 20일 19시,금요일,부산광역시 동구 초량동,경상사고,0,0,1,0,차대차 - 측면충돌,안전거리미확보,건조,맑음,단일로 - 기타,승용,남,41세,상해없음,승용,남,28세,경상
2023012000100580,2023년 1월 20일 19시,금요일,부산광역시 남구 감만동,경상사고,0,0,1,0,차대차 - 추돌,안전운전불이행,건조,맑음,단일로 - 기타,승합,남,74세,기타불명,특수,남,39세,경상
2023012000100581,2023년 1월 20일 19시,금요일,부산광역시 사하구 괴정동,경상사고,0,0,1,0,차대차 - 기타,교차로운행방법위반,건조,맑음,교차로 - 교차로안,승용,남,35세,기타불명,승용,남,42세,경상
2023012000100615,2023년 1월 20일 20시,금요일,부산광역시 동구 수정동,경상사고,0,0,1,0,차대차 - 기타,안전운전불이행,건조,맑음,단일로 - 기타,원동기,남,39세,상해없음,원동기,남,39세,경상
2023012000100616,2023년 1월 20일 20시,금요일,부산광역시 부산진구 당감동,중상사고,0,1,0,0,차대사람 - 기타,안전운전불이행,건조,맑음,단일로 - 기타,승합,남,56세,상해없음,보행자,여,66세,중상
2023012000100640,2023년 1월 20일 21시,금요일,부산광역시 남구 대연동,경상사고,0,0,1,0,차대차 - 추돌,안전운전불이행,건조,맑음,단일로 - 기타,승용,남,48세,상해없음,이륜,남,28세,경상
2023012000100641,2023년 1월 20일 21시,금요일,부산광역시 수영구 망미동,경상사고,0,0,1,0,차량단독 - 기타,안전운전불이행,건조,맑음,단일로 - 기타,승합,남,64세,상해없음,,,,
2023012000100684,2023년 1월 20일 23시,금요일,부산광역시 남구 용호동,경상사고,0,0,1,0,차대차 - 측면충돌,안전운전불이행,건조,맑음,기타 - 기타,승용,남,62세,상해없음,승용,남,35세,경상
2023012100100021,2023년 1월 21일 02시,토요일,부산광역시 기장군 기장읍,경상사고,0,0,1,0,차대사람 - 길가장자리구역통행중,안전운전불이행,건조,맑음,단일로 - 기타,승용,여,52세,상해없음,보행자,남,39세,경상
2023012100100040,2023년 1월 21일 04시,토요일,부산광역시 사하구 하단동,중상사고,0,1,0,0,차대차 - 기타,안전거리미확보,건조,맑음,단일로 - 기타,승용,남,53세,상해없음,이륜,남,28세,중상
2023012100100069,2023년 1월 21일 08시,토요일,부산광역시 동래구 온천동,경상사고,0,0,1,0,차대사람 - 기타,안전운전불이행,건조,맑음,단일로 - 기타,승용,여,63세,상해없음,보행자,남,78세,경상
2023012100100070,2023년 1월 21일 08시,토요일,부산광역시 영도구 청학동,중상사고,0,1,1,0,차대차 - 추돌,안전운전불이행,건조,맑음,단일로 - 기타,승용,남,54세,기타불명,승용,남,70세,경상
2023012100100071,2023년 1월 21일 08시,토요일,부산광역시 사하구 감천동,중상사고,0,2,2,0,차대차 - 기타,신호위반,건조,맑음,교차로 - 교차로안,승용,남,29세,경상,승용,남,75세,중상
2023012100100107,2023년 1월 21일 10시,토요일,부산광역시 부산진구 부암동,경상사고,0,0,1,0,차대차 - 기타,신호위반,건조,맑음,교차로 - 교차로안,승용,남,63세,상해없음,승용,남,26세,경상
2023012100100108,2023년 1월 21일 10시,토요일,부산광역시 연제구 거제동,경상사고,0,0,1,0,차대차 - 기타,안전운전불이행,건조,맑음,단일로 - 기타,승용,남,51세,상해없음,자전거,여,28세,경상
2023012100100136,2023년 1월 21일 11시,토요일,부산광역시 동구 초량동,부상신고사고,0,0,0,1,차대차 - 측면충돌,안전운전불이행,건조,맑음,교차로 - 교차로안,이륜,남,22세,상해없음,이륜,남,69세,부상신고
2023012100100137,2023년 1월 21일 11시,토요일,부산광역시 동래구 사직동,경상사고,0,0,1,0,차대사람 - 기타,보행자보호의무위반,건조,맑음,단일로 - 기타,승용,남,41세,상해없음,보행자,남,80세,경상
2023012100100138,2023년 1월 21일 11시,토요일,부산광역시 동래구 온천동,경상사고,0,0,1,0,차대차 - 측면충돌,안전거리미확보,건조,맑음,교차로 - 교차로부근,승용,남,51세,상해없음,승용,남,41세,경상
2023012100100139,2023년 1월 21일 11시,토요일,부산광역시 금정구 서동,경상사고,0,0,1,0,차대사람 - 기타,안전운전불이행,건조,맑음,단일로 - 기타,승용,남,37세,상해없음,보행자,여,73세,경상
2023012100100140,2023년 1월 21일 11시,토요일,부산광역시 강서구 죽동동,중상사고,0,2,0,0,차대차 - 추돌,안전운전불이행,건조,맑음,교차로 - 교차로부근,승용,남,47세,상해없음,승용,남,31세,중상
2023012100100194,2023년 1월 21일 13시,토요일,부산광역시 수영구 민락동,경상사고,0,0,3,0,차대차 - 측면충돌,안전거리미확보,건조,맑음,단일로 - 기타,승용,여,28세,상해없음,승용,남,36세,경상
2023012100100222,2023년 1월 21일 14시,토요일,부산광역시 해운대구 반송동,경상사고,0,0,1,0,차대사람 - 횡단중,안전운전불이행,건조,맑음,단일로 - 기타,화물,남,60세,상해없음,보행자,여,84세,경상
2023012100100223,2023년 1월 21일 14시,토요일,부산광역시 사하구 신평동,경상사고,0,0,1,0,차대차 - 추돌,안전운전불이행,건조,맑음,단일로 - 기타,화물,남,45세,상해없음,승용,남,63세,경상
2023012100100241,2023년 1월 21일 15시,토요일,부산광역시 사상구 덕포동,경상사고,0,0,1,0,차대차 - 후진중충돌,안전운전불이행,건조,맑음,단일로 - 기타,승용,남,43세,상해없음,이륜,남,28세,경상
2023012100100265,2023년 1월 21일 16시,토요일,부산광역시 동래구 온천동,경상사고,0,0,1,0,차량단독 - 기타,안전운전불이행,건조,맑음,교차로 - 교차로안,승합,남,42세,상해없음,,,,
2023012100100288,2023년 1월 21일 17시,토요일,부산광역시 사상구 학장동,경상사고,0,0,2,0,차대차 - 기타,안전운전불이행,건조,맑음,교차로 - 교차로부근,승용,여,64세,기타불명,승용,남,48세,경상
2023012100100333,2023년 1월 21일 19시,토요일,부산광역시 부산진구 전포동,경상사고,0,0,2,0,차대차 - 측면충돌,신호위반,건조,맑음,교차로 - 교차로안,승용,여,63세,상해없음,승용,남,35세,경상
2023012100100334,2023년 1월 21일 19시,토요일,부산광역시 부산진구 범천동,경상사고,0,0,1,0,차대사람 - 횡단중,안전운전불이행,건조,맑음,교차로 - 교차로안,승용,남,40세,상해없음,보행자,남,49세,경상
2023012100100335,2023년 1월 21일 19시,토요일,부산광역시 부산진구 가야동,경상사고,0,0,1,0,차대차 - 기타,안전거리미확보,건조,맑음,기타 - 기타,승용,남,52세,상해없음,이륜,남,25세,경상
2023012100100356,2023년 1월 21일 20시,토요일,부산광역시 동구 좌천동,경상사고,0,0,1,0,차대차 - 측면충돌,안전거리미확보,건조,맑음,단일로 - 기타,이륜,남,26세,상해없음,승용,남,65세,경상
2023012100100382,2023년 1월 21일 22시,토요일,부산광역시 금정구 남산동,부상신고사고,0,0,0,1,차대차 - 추돌,안전운전불이행,건조,맑음,기타 - 기타,승용,남,48세,상해없음,승용,남,29세,부상신고
2023012200100003,2023년 1월 22일 00시,일요일,부산광역시 동구 초량동,경상사고,0,0,2,0,차대차 - 측면충돌,신호위반,건조,맑음,교차로 - 교차로안,승용,여,50세,상해없음,승합,남,60세,경상
2023012200100011,2023년 1월 22일 01시,일요일,부산광역시 동래구 안락동,경상사고,0,0,3,0,차대차 - 기타,안전운전불이행,건조,맑음,단일로 - 지하차도(도로)내,승용,남,39세,상해없음,승용,남,73세,경상
2023012200100012,2023년 1월 22일 01시,일요일,부산광역시 금정구 장전동,경상사고,0,0,1,0,차대차 - 측면충돌,교차로운행방법위반,건조,맑음,교차로 - 교차로안,원동기,남,35세,경상,승용,남,46세,상해없음
2023012200100019,2023년 1월 22일 02시,일요일,부산광역시 동래구 온천동,경상사고,0,0,1,0,차대사람 - 횡단중,안전운전불이행,건조,맑음,단일로 - 기타,승용,여,62세,상해없음,보행자,여,20세,경상
2023012200100024,2023년 1월 22일 03시,일요일,부산광역시 부산진구 부전동,경상사고,0,0,1,0,차대사람 - 기타,안전운전불이행,건조,맑음,기타 - 기타,승용,남,24세,상해없음,보행자,남,24세,경상
2023012200100032,2023년 1월 22일 05시,일요일,부산광역시 부산진구 당감동,중상사고,0,1,1,0,차대차 - 기타,신호위반,건조,맑음,교차로 - 교차로안,승용,남,71세,상해없음,승합,남,51세,상해없음
2023012200100036,2023년 1월 22일 06시,일요일,부산광역시 기장군 일광읍,중상사고,0,1,1,0,차대차 - 추돌,안전운전불이행,건조,맑음,단일로 - 기타,승용,여,31세,상해없음,승용,남,72세,경상
2023012200100041,2023년 1월 22일 07시,일요일,부산광역시 사상구 학장동,경상사고,0,0,1,0,차대차 - 측면충돌,안전운전불이행,건조,맑음,교차로 - 교차로횡단보도내,승용,남,48세,상해없음,승용,남,56세,경상
2023012200100084,2023년 1월 22일 12시,일요일,부산광역시 수영구 민락동,중상사고,0,1,0,0,차대차 - 측면충돌,안전운전불이행,건조,맑음,단일로 - 기타,승용,남,54세,상해없음,승용,남,31세,중상
2023012200100085,2023년 1월 22일 12시,일요일,부산광역시 동래구 명장동,경상사고,0,0,1,0,차대차 - 측면충돌,안전거리미확보,건조,맑음,교차로 - 교차로부근,승용,여,39세,상해없음,승용,남,62세,경상
2023012200100086,2023년 1월 22일 12시,일요일,부산광역시 동래구 온천동,경상사고,0,0,1,0,차대차 - 기타,신호위반,건조,맑음,교차로 - 교차로부근,이륜,남,40세,상해없음,이륜,남,22세,경상
2023012200100110,2023년 1월 22일 13시,일요일,부산광역시 사하구 괴정동,경상사고,0,0,2,0,차대차 - 추돌,안전운전불이행,건조,맑음,단일로 - 기타,승용,여,53세,상해없음,승용,남,57세,경상
2023012200100144,2023년 1월 22일 15시,일요일,부산광역시 서구 암남동,경상사고,0,0,3,0,차대차 - 추돌,안전운전불이행,건조,맑음,단일로 - 터널,승용,남,55세,상해없음,승용,남,28세,경상
2023012200100145,2023년 1월 22일 15시,일요일,부산광역시 수영구 광안동,부상신고사고,0,0,0,2,차량단독 - 기타,안전운전불이행,건조,맑음,교차로 - 교차로안,승용,남,71세,상해없음,,,,
2023012200100146,2023년 1월 22일 15시,일요일,부산광역시 동래구 명장동,경상사고,0,0,2,0,차대차 - 추돌,안전거리미확보,건조,맑음,교차로 - 교차로부근,승용,남,34세,상해없음,승용,남,78세,경상
2023012200100147,2023년 1월 22일 15시,일요일,부산광역시 연제구 연산동,경상사고,0,0,1,0,차대사람 - 기타,안전운전불이행,건조,기타,단일로 - 기타,승용,여,43세,상해없음,보행자,남,49세,경상
2023012200100181,2023년 1월 22일 17시,일요일,부산광역시 강서구 대저1동,경상사고,0,0,3,0,차대차 - 추돌,안전거리미확보,건조,맑음,단일로 - 기타,승용,남,40세,상해없음,승용,여,41세,상해없음
2023012200100208,2023년 1월 22일 19시,일요일,부산광역시 남구 감만동,경상사고,0,0,3,0,차대차 - 기타,안전운전불이행,건조,맑음,교차로 - 교차로안,승용,남,24세,상해없음,승용,남,39세,경상
2023012200100209,2023년 1월 22일 19시,일요일,부산광역시 동래구 온천동,중상사고,0,1,0,0,차대차 - 정면충돌,중앙선침범,건조,맑음,단일로 - 기타,승용,남,51세,상해없음,이륜,남,43세,중상
2023012200100210,2023년 1월 22일 19시,일요일,부산광역시 부산진구 범천동,중상사고,0,1,1,1,차대사람 - 횡단중,보행자보호의무위반,건조,맑음,단일로 - 기타,이륜,남,33세,상해없음,보행자,여,49세,중상
2023012200100231,2023년 1월 22일 20시,일요일,부산광역시 부산진구 초읍동,경상사고,0,0,1,0,차대사람 - 기타,안전운전불이행,건조,맑음,단일로 - 기타,기타불명,기타불명,미분류,기타불명,보행자,여,23세,경상
2023012200100232,2023년 1월 22일 20시,일요일,부산광역시 부산진구 가야동,경상사고,0,0,3,0,차대차 - 추돌,안전운전불이행,건조,맑음,기타 - 기타,승용,남,20세,상해없음,승용,남,55세,경상
2023012200100246,2023년 1월 22일 21시,일요일,부산광역시 금정구 부곡동,경상사고,0,0,1,0,차대차 - 기타,교차로운행방법위반,건조,맑음,교차로 - 교차로부근,승용,여,53세,상해없음,승용,남,31세,경상
2023012200100262,2023년 1월 22일 22시,일요일,부산광역시 영도구 동삼동,중상사고,0,1,2,0,차대차 - 추돌,기타,건조,맑음,단일로 - 기타,승용,남,65세,상해없음,승용,남,46세,경상
2023012200100273,2023년 1월 22일 23시,일요일,부산광역시 동구 범일동,경상사고,0,0,1,0,차대차 - 기타,안전거리미확보,건조,맑음,단일로 - 기타,기타불명,기타불명,미분류,기타불명,이륜,남,38세,경상
2023012200100274,2023년 1월 22일 23시,일요일,부산광역시 수영구 민락동,중상사고,0,1,0,0,차대차 - 기타,신호위반,건조,맑음,교차로 - 교차로안,승용,남,42세,상해없음,이륜,남,42세,중상
2023012300100028,2023년 1월 23일 03시,월요일,부산광역시 연제구 거제동,경상사고,0,0,2,0,차대차 - 추돌,안전운전불이행,건조,맑음,교차로 - 교차로부근,승용,남,30세,상해없음,승용,남,56세,경상
2023012300100047,2023년 1월 23일 08시,월요일,부산광역시 해운대구 재송동,경상사고,0,0,1,0,차대차 - 정면충돌,교차로운행방법위반,건조,맑음,교차로 - 교차로안,승용,여,42세,상해없음,승용,남,67세,경상
2023012300100081,2023년 1월 23일 11시,월요일,부산광역시 수영구 민락동,경상사고,0,0,4,0,차대차 - 측면충돌,안전운전불이행,건조,맑음,교차로 - 교차로안,승용,남,74세,상해없음,승용,남,48세,경상
2023012300100082,2023년 1월 23일 11시,월요일,부산광역시 금정구 서동,경상사고,0,0,2,0,차대차 - 측면충돌,안전운전불이행,건조,맑음,교차로 - 교차로안,승용,남,43세,상해없음,승용,남,24세,경상
2023012300100101,2023년 1월 23일 12시,월요일,부산광역시 중구 남포동5가,경상사고,0,0,2,0,차대차 - 측면충돌,중앙선침범,건조,맑음,단일로 - 기타,승용,남,55세,상해없음,승용,여,51세,경상
2023012300100102,2023년 1월 23일 12시,월요일,부산광역시 부산진구 양정동,경상사고,0,0,2,0,차대차 - 기타,교차로운행방법위반,건조,맑음,교차로 - 교차로안,화물,남,61세,상해없음,이륜,남,31세,경상
2023012300100126,2023년 1월 23일 13시,월요일,부산광역시 수영구 민락동,중상사고,0,1,0,0,차대사람 - 횡단중,신호위반,건조,맑음,교차로 - 교차로부근,원동기,남,27세,상해없음,보행자,여,80세,중상
2023012300100127,2023년 1월 23일 13시,월요일,부산광역시 북구 화명동,경상사고,0,0,1,0,차대차 - 추돌,안전거리미확보,건조,맑음,교차로 - 교차로부근,승용,남,55세,상해없음,이륜,남,38세,경상
2023012300100146,2023년 1월 23일 14시,월요일,부산광역시 수영구 민락동,경상사고,0,0,1,0,차대사람 - 차도통행중,안전운전불이행,건조,맑음,단일로 - 기타,승합,남,51세,상해없음,보행자,남,52세,경상
2023012300100147,2023년 1월 23일 14시,월요일,부산광역시 수영구 망미동,경상사고,0,0,1,0,차대차 - 추돌,안전운전불이행,건조,맑음,단일로 - 기타,자전거,남,39세,상해없음,자전거,남,76세,경상
2023012300100166,2023년 1월 23일 15시,월요일,부산광역시 동래구 온천동,경상사고,0,0,2,4,차대차 - 측면충돌,안전거리미확보,건조,맑음,단일로 - 기타,승용,남,51세,상해없음,승용,남,29세,경상
2023012300100167,2023년 1월 23일 15시,월요일,부산광역시 강서구 명지동,경상사고,0,0,4,0,차대차 - 기타,신호위반,건조,맑음,교차로 - 교차로안,승용,남,54세,상해없음,승용,남,53세,경상
2023012300100187,2023년 1월 23일 16시,월요일,부산광역시 남구 용호동,경상사고,0,0,1,0,차대사람 - 기타,안전운전불이행,건조,맑음,단일로 - 기타,이륜,남,61세,기타불명,보행자,남,77세,경상
2023012300100188,2023년 1월 23일 16시,월요일,부산광역시 북구 만덕동,경상사고,0,0,1,0,차대사람 - 기타,보행자보호의무위반,건조,맑음,교차로 - 교차로횡단보도내,승용,남,67세,상해없음,보행자,여,24세,경상
2023012300100189,2023년 1월 23일 16시,월요일,부산광역시 부산진구 전포동,중상사고,0,1,0,0,차대차 - 추돌,안전거리미확보,건조,맑음,단일로 - 기타,승용,남,68세,상해없음,이륜,남,32세,중상
2023012300100190,2023년 1월 23일 16시,월요일,부산광역시 사상구 주례동,경상사고,0,0,1,0,차대차 - 측면충돌,안전거리미확보,건조,맑음,단일로 - 기타,화물,남,57세,상해없음,승용,남,38세,경상
2023012300100213,2023년 1월 23일 17시,월요일,부산광역시 동래구 안락동,중상사고,0,1,0,0,차대사람 - 기타,안전운전불이행,건조,맑음,단일로 - 기타,승용,남,77세,상해없음,보행자,여,81세,중상
2023012300100214,2023년 1월 23일 17시,월요일,부산광역시 해운대구 중동,경상사고,0,0,3,0,차대차 - 측면충돌,안전운전불이행,건조,맑음,단일로 - 기타,승용,남,31세,상해없음,승용,남,59세,경상
2023012300100215,2023년 1월 23일 17시,월요일,부산광역시 기장군 기장읍,경상사고,0,0,2,0,차대차 - 측면충돌,차로위반,건조,흐림,단일로 - 기타,승용,남,51세,기타불명,승용,남,31세,경상
2023012300100265,2023년 1월 23일 19시,월요일,부산광역시 부산진구 부전동,경상사고,0,0,1,0,차량단독 - 기타,안전운전불이행,건조,맑음,교차로 - 교차로부근,이륜,남,25세,경상,,,,