사고번호,사고일시,요일,시군구,사고내용,사망자수,중상자수,경상자수,부상신고자수,사고유형,법규위반,노면상태,기상상태,도로형태,가해운전자 차종,가해운전자 성별,가해운전자 연령,가해운전자 상해정도,피해운전자 차종,피해운전자 성별,피해운전자 연령,피해운전자 상해정도
2023012900100103,2023년 1월 29일 11시,일요일,부산광역시 연제구 연산동,부상신고사고,0,0,0,1,차량단독 - 기타,안전운전불이행,건조,맑음,단일로 - 기타,원동기,남,46세,부상신고,,,,
2023012900100120,2023년 1월 29일 12시,일요일,부산광역시 동래구 명륜동,부상신고사고,0,0,0,1,차대차 - 추돌,안전거리미확보,건조,맑음,교차로 - 교차로안,승용,남,38세,부상신고,이륜,남,45세,상해없음
2023012900100121,2023년 1월 29일 12시,일요일,부산광역시 연제구 연산동,경상사고,0,0,1,0,차량단독 - 공작물충돌,안전운전불이행,건조,맑음,단일로 - 기타,승용,여,52세,경상,,,,
2023012900100147,2023년 1월 29일 13시,일요일,부산광역시 서구 동대신동3가,중상사고,0,1,0,0,차대사람 - 기타,기타,건조,맑음,단일로 - 기타,승합,남,56세,상해없음,보행자,여,82세,중상
2023012900100218,2023년 1월 29일 16시,일요일,부산광역시 동래구 온천동,경상사고,0,0,1,0,차대사람 - 횡단중,안전운전불이행,건조,맑음,단일로 - 기타,승용,여,49세,상해없음,보행자,여,61세,경상
2023012900100234,2023년 1월 29일 17시,일요일,부산광역시 동구 초량동,경상사고,0,0,1,0,차대사람 - 횡단중,보행자보호의무위반,건조,맑음,교차로 - 교차로횡단보도내,승용,남,63세,상해없음,보행자,남,68세,경상
2023012900100246,2023년 1월 29일 18시,일요일,부산광역시 중구 부평동4가,중상사고,0,1,2,0,차대차 - 측면충돌,신호위반,건조,맑음,단일로 - 기타,이륜,남,16세,상해없음,승용,남,47세,경상
2023012900100247,2023년 1월 29일 18시,일요일,부산광역시 동래구 온천동,중상사고,0,3,4,0,차대차 - 측면충돌,신호위반,건조,맑음,교차로 - 교차로안,승용,여,67세,중상,화물,남,46세,중상
2023012900100249,2023년 1월 29일 18시,일요일,부산광역시 사상구 삼락동,경상사고,0,0,1,0,차대차 - 측면충돌,안전운전불이행,건조,맑음,교차로 - 교차로안,승용,남,64세,상해없음,이륜,남,24세,경상
2023012900100250,2023년 1월 29일 18시,일요일,부산광역시 기장군 기장읍,경상사고,0,0,2,0,차대차 - 추돌,안전운전불이행,건조,맑음,교차로 - 교차로부근,승용,남,67세,상해없음,화물,남,70세,경상
2023012900100280,2023년 1월 29일 19시,일요일,부산광역시 북구 덕천동,경상사고,0,0,3,0,차대차 - 기타,안전운전불이행,건조,맑음,단일로 - 기타,승용,남,57세,상해없음,승용,남,37세,상해없음
2023012900100281,2023년 1월 29일 19시,일요일,부산광역시 영도구 대교동1가,경상사고,0,0,1,0,차대사람 - 차도통행중,교차로운행방법위반,건조,맑음,교차로 - 교차로부근,승용,남,39세,상해없음,보행자,여,68세,경상
2023012900100282,2023년 1월 29일 19시,일요일,부산광역시 해운대구 재송동,경상사고,0,0,1,0,차대차 - 기타,신호위반,건조,맑음,교차로 - 교차로안,원동기,남,43세,상해없음,원동기,남,18세,경상
2023012900100311,2023년 1월 29일 20시,일요일,부산광역시 연제구 연산동,중상사고,0,1,0,0,차대사람 - 횡단중,안전운전불이행,건조,맑음,단일로 - 기타,승용,여,66세,상해없음,보행자,남,54세,중상
2023012900100331,2023년 1월 29일 21시,일요일,부산광역시 동래구 수안동,경상사고,0,0,2,0,차대차 - 추돌,안전운전불이행,건조,맑음,교차로 - 교차로부근,승용,남,46세,상해없음,승용,남,36세,경상
2023012900100332,2023년 1월 29일 21시,일요일,부산광역시 동래구 온천동,경상사고,0,0,2,0,차대차 - 추돌,안전거리미확보,건조,맑음,단일로 - 기타,승용,여,48세,상해없음,승용,남,33세,경상
2023013000100023,2023년 1월 30일 05시,월요일,부산광역시 서구 암남동,경상사고,0,0,1,0,차대차 - 측면충돌,신호위반,건조,맑음,교차로 - 교차로안,승용,남,64세,상해없음,승용,여,76세,경상
2023013000100052,2023년 1월 30일 07시,월요일,부산광역시 사상구 모라동,경상사고,0,0,1,1,차대차 - 측면충돌,신호위반,건조,맑음,교차로 - 교차로안,이륜,남,62세,부상신고,이륜,남,34세,경상
2023013000100077,2023년 1월 30일 08시,월요일,부산광역시 수영구 광안동,중상사고,0,1,0,0,차대사람 - 길가장자리구역통행중,보행자보호의무위반,건조,맑음,교차로 - 교차로부근,승용,남,65세,상해없음,보행자,여,86세,중상
2023013000100078,2023년 1월 30일 08시,월요일,부산광역시 영도구 남항동1가,중상사고,0,1,0,0,차대사람 - 기타,교차로운행방법위반,건조,맑음,단일로 - 기타,화물,남,61세,상해없음,보행자,남,75세,중상
2023013000100079,2023년 1월 30일 08시,월요일,부산광역시 강서구 명지동,경상사고,0,0,1,0,차대차 - 추돌,안전운전불이행,건조,맑음,단일로 - 교량,승용,남,28세,상해없음,승합,남,53세,상해없음
2023013000100113,2023년 1월 30일 09시,월요일,부산광역시 남구 대연동,경상사고,0,0,1,0,차대차 - 추돌,안전거리미확보,건조,맑음,교차로 - 교차로안,승용,남,64세,상해없음,승용,남,57세,상해없음
2023013000100114,2023년 1월 30일 09시,월요일,부산광역시 금정구 부곡동,부상신고사고,0,0,0,1,차대차 - 측면충돌,기타,건조,맑음,단일로 - 기타,승용,남,73세,상해없음,화물,남,56세,부상신고
2023013000100115,2023년 1월 30일 09시,월요일,부산광역시 사상구 괘법동,중상사고,0,1,1,0,차대차 - 기타,차로위반,건조,맑음,단일로 - 기타,승용,여,36세,상해없음,승합,남,56세,상해없음
2023013000100150,2023년 1월 30일 10시,월요일,부산광역시 해운대구 중동,경상사고,0,0,1,1,차대차 - 측면충돌,기타,건조,맑음,단일로 - 기타,화물,남,59세,부상신고,승용,여,62세,경상
2023013000100151,2023년 1월 30일 10시,월요일,부산광역시 강서구 대저2동,경상사고,0,0,1,0,차대차 - 후진중충돌,안전운전불이행,건조,맑음,교차로 - 교차로부근,화물,남,35세,상해없음,승용,남,33세,경상
2023013000100152,2023년 1월 30일 10시,월요일,부산광역시 기장군 정관읍,경상사고,0,0,1,0,차대차 - 추돌,안전운전불이행,건조,맑음,교차로 - 교차로부근,승용,남,26세,상해없음,승용,남,27세,경상
2023013000100203,2023년 1월 30일 12시,월요일,부산광역시 사하구 장림동,경상사고,0,0,1,0,차대차 - 추돌,신호위반,건조,맑음,교차로 - 교차로안,승용,남,27세,상해없음,원동기,남,31세,경상
2023013000100241,2023년 1월 30일 13시,월요일,부산광역시 동래구 수안동,경상사고,0,0,1,0,차대차 - 기타,안전운전불이행,건조,맑음,교차로 - 교차로부근,승용,남,67세,상해없음,승합,남,37세,상해없음
2023013000100242,2023년 1월 30일 13시,월요일,부산광역시 사상구 삼락동,경상사고,0,0,1,0,차대차 - 추돌,안전운전불이행,건조,맑음,단일로 - 기타,건설기계,남,50세,상해없음,화물,남,41세,경상
2023013000100273,2023년 1월 30일 14시,월요일,부산광역시 해운대구 좌동,경상사고,0,0,1,0,차대차 - 기타,중앙선침범,건조,맑음,단일로 - 기타,승용,여,26세,상해없음,이륜,남,38세,경상
2023013000100274,2023년 1월 30일 14시,월요일,부산광역시 금정구 남산동,경상사고,0,0,1,0,차대차 - 측면충돌,교차로운행방법위반,건조,맑음,교차로 - 교차로안,화물,여,56세,상해없음,원동기,남,49세,경상
2023013000100310,2023년 1월 30일 15시,월요일,부산광역시 남구 대연동,경상사고,0,0,1,0,차대사람 - 횡단중,보행자보호의무위반,건조,맑음,교차로 - 교차로부근,승합,남,80세,상해없음,보행자,여,63세,경상
2023013000100311,2023년 1월 30일 15시,월요일,부산광역시 북구 금곡동,경상사고,0,0,1,0,차대차 - 기타,안전운전불이행,건조,맑음,단일로 - 기타,승용,여,59세,상해없음,승용,여,52세,경상
2023013000100312,2023년 1월 30일 15시,월요일,부산광역시 부산진구 개금동,경상사고,0,0,1,0,차대사람 - 기타,안전운전불이행,건조,맑음,단일로 - 기타,승용,여,57세,상해없음,보행자,여,43세,경상
2023013000100313,2023년 1월 30일 15시,월요일,부산광역시 사하구 괴정동,경상사고,0,0,1,0,차대차 - 추돌,안전운전불이행,건조,맑음,단일로 - 지하차도(도로)내,승용,여,49세,상해없음,승용,여,41세,상해없음
2023013000100314,2023년 1월 30일 15시,월요일,부산광역시 기장군 기장읍,중상사고,0,1,0,0,차대차 - 정면충돌,교차로운행방법위반,건조,맑음,교차로 - 교차로안,화물,남,58세,상해없음,이륜,남,43세,중상
2023013000100350,2023년 1월 30일 16시,월요일,부산광역시 동래구 안락동,경상사고,0,0,1,0,차대차 - 정면충돌,신호위반,건조,맑음,교차로 - 교차로안,승용,여,60세,상해없음,승용,남,40세,경상
2023013000100351,2023년 1월 30일 16시,월요일,부산광역시 영도구 남항동3가,경상사고,0,0,2,0,차대차 - 정면충돌,교차로운행방법위반,건조,맑음,교차로 - 교차로안,승용,여,26세,상해없음,승용,남,39세,경상
2023013000100352,2023년 1월 30일 16시,월요일,부산광역시 금정구 부곡동,중상사고,0,3,1,0,차대차 - 추돌,안전거리미확보,건조,맑음,단일로 - 터널,승용,여,41세,상해없음,승용,남,50세,중상
2023013000100384,2023년 1월 30일 17시,월요일,부산광역시 서구 암남동,사망사고,1,0,0,0,차대사람 - 기타,안전운전불이행,건조,맑음,단일로 - 기타,화물,남,32세,상해없음,보행자,남,64세,사망
2023013000100419,2023년 1월 30일 18시,월요일,부산광역시 중구 남포동6가,중상사고,0,1,0,0,차대차 - 측면충돌,교차로운행방법위반,건조,맑음,교차로 - 교차로안,승용,남,62세,상해없음,승용,여,27세,중상
2023013000100420,2023년 1월 30일 18시,월요일,부산광역시 동구 좌천동,중상사고,0,1,0,0,차대차 - 측면충돌,직진우회전진행방해,건조,맑음,단일로 - 고가도로위,특수,남,59세,상해없음,승용,여,22세,중상
2023013000100421,2023년 1월 30일 18시,월요일,부산광역시 영도구 남항동1가,경상사고,0,0,3,0,차대차 - 추돌,신호위반,건조,맑음,단일로 - 교량,승용,남,32세,상해없음,승용,남,35세,경상
2023013000100422,2023년 1월 30일 18시,월요일,부산광역시 해운대구 재송동,경상사고,0,0,1,0,차대차 - 기타,신호위반,기타,맑음,교차로 - 교차로안,승용,여,51세,상해없음,승용,여,53세,경상
2023013000100423,2023년 1월 30일 18시,월요일,부산광역시 부산진구 개금동,중상사고,0,1,2,0,차대차 - 기타,신호위반,건조,맑음,교차로 - 교차로안,승용,남,52세,상해없음,승용,여,41세,경상
2023013000100424,2023년 1월 30일 18시,월요일,부산광역시 금정구 서동,경상사고,0,0,2,0,차대차 - 기타,안전운전불이행,건조,맑음,단일로 - 기타,화물,남,60세,상해없음,승합,남,50세,경상
2023013000100461,2023년 1월 30일 19시,월요일,부산광역시 연제구 연산동,중상사고,0,1,0,0,차대차 - 기타,안전운전불이행,건조,맑음,교차로 - 교차로안,원동기,남,36세,상해없음,원동기,남,52세,중상
2023013000100513,2023년 1월 30일 21시,월요일,부산광역시 동구 범일동,경상사고,0,0,1,0,차대차 - 후진중충돌,안전운전불이행,건조,맑음,단일로 - 지하차도(도로)내,승용,남,39세,상해없음,승용,남,67세,경상
2023013000100532,2023년 1월 30일 22시,월요일,부산광역시 연제구 거제동,경상사고,0,0,1,0,차대차 - 정면충돌,중앙선침범,건조,맑음,교차로 - 교차로부근,승용,남,44세,상해없음,승용,남,42세,경상
2023013100100045,2023년 1월 31일 05시,화요일,부산광역시 금정구 서동,중상사고,0,1,0,0,차대사람 - 기타,보행자보호의무위반,건조,맑음,단일로 - 기타,승용,남,72세,상해없음,보행자,여,51세,중상
2023013100100084,2023년 1월 31일 08시,화요일,부산광역시 부산진구 부암동,중상사고,0,2,1,0,차대차 - 측면충돌,신호위반,건조,맑음,교차로 - 교차로안,승용,남,34세,경상,건설기계,남,61세,중상
2023013100100085,2023년 1월 31일 08시,화요일,부산광역시 사상구 모라동,경상사고,0,0,2,0,차대차 - 추돌,안전운전불이행,건조,맑음,단일로 - 기타,승용,여,34세,상해없음,승용,남,67세,경상
2023013100100128,2023년 1월 31일 09시,화요일,부산광역시 동구 초량동,경상사고,0,0,1,0,차대차 - 기타,안전운전불이행,건조,맑음,단일로 - 기타,승용,여,65세,상해없음,승용,남,52세,경상
2023013100100195,2023년 1월 31일 12시,화요일,부산광역시 기장군 정관읍,경상사고,0,0,2,0,차대차 - 정면충돌,신호위반,건조,맑음,교차로 - 교차로안,승용,여,47세,상해없음,승용,여,53세,경상
2023013100100226,2023년 1월 31일 13시,화요일,부산광역시 부산진구 초읍동,경상사고,0,0,1,0,차대사람 - 횡단중,신호위반,건조,맑음,교차로 - 교차로횡단보도내,화물,남,67세,상해없음,보행자,남,29세,경상
2023013100100227,2023년 1월 31일 13시,화요일,부산광역시 연제구 거제동,중상사고,0,1,0,0,차대차 - 추돌,안전거리미확보,건조,맑음,단일로 - 기타,승용,남,55세,상해없음,이륜,남,28세,중상
2023013100100228,2023년 1월 31일 13시,화요일,부산광역시 금정구 구서동,경상사고,0,0,3,0,차대차 - 측면충돌,신호위반,건조,맑음,단일로 - 기타,특수,남,64세,상해없음,승용,남,50세,경상
2023013100100261,2023년 1월 31일 14시,화요일,부산광역시 중구 부평동2가,중상사고,0,1,0,0,차대차 - 측면충돌,신호위반,건조,맑음,교차로 - 교차로안,승합,남,45세,기타불명,이륜,남,77세,중상
2023013100100262,2023년 1월 31일 14시,화요일,부산광역시 연제구 연산동,중상사고,0,1,0,0,차대차 - 추돌,안전거리미확보,건조,맑음,단일로 - 기타,승용,남,69세,상해없음,이륜,남,42세,중상
2023013100100329,2023년 1월 31일 16시,화요일,부산광역시 동구 좌천동,중상사고,0,1,0,0,차대사람 - 길가장자리구역통행중,안전운전불이행,건조,맑음,단일로 - 기타,화물,남,41세,상해없음,보행자,여,79세,중상
2023013100100330,2023년 1월 31일 16시,화요일,부산광역시 북구 만덕동,경상사고,0,0,1,0,차대사람 - 기타,안전운전불이행,건조,맑음,단일로 - 기타,승용,남,67세,상해없음,보행자,남,39세,경상
2023013100100331,2023년 1월 31일 16시,화요일,부산광역시 해운대구 좌동,경상사고,0,0,1,0,차대차 - 측면충돌,교차로운행방법위반,건조,맑음,교차로 - 교차로안,화물,남,53세,상해없음,이륜,여,58세,경상
2023013100100332,2023년 1월 31일 16시,화요일,부산광역시 부산진구 양정동,경상사고,0,0,1,0,차대차 - 측면충돌,안전거리미확보,건조,맑음,교차로 - 교차로부근,승용,남,31세,상해없음,승용,여,30세,경상
2023013100100367,2023년 1월 31일 17시,화요일,부산광역시 남구 감만동,경상사고,0,0,1,1,차대차 - 측면충돌,중앙선침범,건조,맑음,단일로 - 고가도로위,승용,남,46세,부상신고,특수,남,56세,경상
2023013100100368,2023년 1월 31일 17시,화요일,부산광역시 남구 대연동,중상사고,0,1,0,0,차대차 - 추돌,기타,건조,맑음,단일로 - 기타,화물,남,61세,상해없음,승용,여,59세,중상
2023013100100369,2023년 1월 31일 17시,화요일,부산광역시 동래구 낙민동,중상사고,0,1,0,0,차대차 - 정면충돌,신호위반,건조,맑음,교차로 - 교차로안,승합,남,68세,상해없음,원동기,남,48세,중상
2023013100100370,2023년 1월 31일 17시,화요일,부산광역시 연제구 연산동,경상사고,0,0,1,0,차대차 - 추돌,안전운전불이행,건조,맑음,교차로 - 교차로부근,승용,여,37세,상해없음,이륜,남,25세,경상
2023013100100371,2023년 1월 31일 17시,화요일,부산광역시 강서구 신호동,중상사고,0,1,3,0,차대차 - 기타,신호위반,건조,맑음,단일로 - 기타,승용,여,66세,경상,승용,남,59세,경상
2023013100100405,2023년 1월 31일 18시,화요일,부산광역시 서구 서대신동1가,경상사고,0,0,1,0,차대사람 - 차도통행중,안전운전불이행,건조,맑음,단일로 - 기타,승용,남,66세,상해없음,보행자,여,73세,경상
2023013100100406,2023년 1월 31일 18시,화요일,부산광역시 부산진구 부전동,부상신고사고,0,0,0,1,차대차 - 추돌,교차로운행방법위반,건조,맑음,교차로 - 교차로부근,승용,남,58세,상해없음,이륜,남,28세,부상신고
2023013100100460,2023년 1월 31일 19시,화요일,부산광역시 사상구 주례동,경상사고,0,0,1,0,차대사람 - 횡단중,보행자보호의무위반,건조,맑음,교차로 - 교차로횡단보도내,승용,여,40세,상해없음,보행자,남,68세,경상
2023013100100494,2023년 1월 31일 20시,화요일,부산광역시 부산진구 부전동,경상사고,0,0,1,0,차대사람 - 길가장자리구역통행중,안전운전불이행,건조,맑음,단일로 - 기타,승용,남,38세,상해없음,보행자,여,54세,경상
2023013100100495,2023년 1월 31일 20시,화요일,부산광역시 금정구 구서동,경상사고,0,0,1,0,차대차 - 정면충돌,안전운전불이행,건조,맑음,교차로 - 교차로안,원동기,남,41세,상해없음,원동기,남,23세,경상
2023013100100523,2023년 1월 31일 21시,화요일,부산광역시 북구 만덕동,경상사고,0,0,1,0,차대차 - 기타,직진우회전진행방해,건조,맑음,교차로 - 교차로안,승용,남,33세,상해없음,이륜,남,53세,경상
2023013100100524,2023년 1월 31일 21시,화요일,부산광역시 수영구 망미동,중상사고,0,1,0,0,차대차 - 측면충돌,신호위반,건조,맑음,교차로 - 교차로안,승용,남,63세,상해없음,승용,여,38세,중상
2023013100100544,2023년 1월 31일 22시,화요일,부산광역시 남구 용호동,중상사고,0,1,0,0,차대사람 - 기타,안전운전불이행,건조,맑음,교차로 - 교차로부근,화물,남,53세,상해없음,보행자,여,58세,중상
2023013100100545,2023년 1월 31일 22시,화요일,부산광역시 사상구 덕포동,경상사고,0,0,3,0,차대차 - 추돌,안전운전불이행,건조,맑음,단일로 - 기타,승용,남,52세,상해없음,승용,남,52세,경상
2023013100100565,2023년 1월 31일 23시,화요일,부산광역시 부산진구 양정동,중상사고,0,1,0,0,차량단독 - 공작물충돌,안전운전불이행,건조,맑음,교차로 - 교차로부근,이륜,남,30세,중상,,,,
2023020100100013,2023년 2월 1일 01시,수요일,부산광역시 남구 용호동,부상신고사고,0,0,0,1,차량단독 - 공작물충돌,안전운전불이행,건조,맑음,교차로 - 교차로부근,승용,남,42세,부상신고,,,,
2023020100100014,2023년 2월 1일 01시,수요일,부산광역시 부산진구 부전동,경상사고,0,0,1,0,차대사람 - 기타,안전운전불이행,건조,맑음,단일로 - 기타,승용,남,56세,상해없음,보행자,남,45세,경상
2023020100100027,2023년 2월 1일 04시,수요일,부산광역시 사하구 신평동,사망사고,1,0,0,0,차량단독 - 도로외이탈 - 추락,안전운전불이행,건조,맑음,교차로 - 교차로안,이륜,남,26세,기타불명,,,,
2023020100100045,2023년 2월 1일 06시,수요일,부산광역시 해운대구 반여동,부상신고사고,0,0,0,1,차량단독 - 공작물충돌,안전운전불이행,건조,맑음,단일로 - 기타,건설기계,남,26세,부상신고,,,,
2023020100100046,2023년 2월 1일 06시,수요일,부산광역시 연제구 연산동,경상사고,0,0,1,0,차대차 - 측면충돌,안전운전불이행,건조,맑음,단일로 - 기타,승용,남,75세,상해없음,승용,여,68세,경상
2023020100100075,2023년 2월 1일 08시,수요일,부산광역시 동래구 온천동,경상사고,0,0,2,0,차대차 - 기타,안전운전불이행,건조,맑음,단일로 - 지하차도(도로)내,승용,여,33세,상해없음,승용,남,50세,경상
2023020100100076,2023년 2월 1일 08시,수요일,부산광역시 금정구 서동,경상사고,0,0,1,0,차대차 - 추돌,안전운전불이행,건조,맑음,단일로 - 지하차도(도로)내,화물,남,26세,상해없음,화물,남,71세,경상
2023020100100100,2023년 2월 1일 09시,수요일,부산광역시 동래구 낙민동,중상사고,0,1,1,0,차대차 - 추돌,안전운전불이행,건조,맑음,단일로 - 지하차도(도로)내,화물,남,62세,상해없음,승용,남,42세,중상
2023020100100101,2023년 2월 1일 09시,수요일,부산광역시 사하구 장림동,경상사고,0,0,1,0,차대차 - 추돌,안전운전불이행,건조,맑음,단일로 - 기타,승용,여,52세,상해없음,승용,여,41세,경상
2023020100100132,2023년 2월 1일 10시,수요일,부산광역시 동구 좌천동,중상사고,0,1,0,0,차량단독 - 기타,안전운전불이행,건조,맑음,교차로 - 교차로부근,승합,남,46세,상해없음,,,,
2023020100100160,2023년 2월 1일 11시,수요일,부산광역시 중구 중앙동2가,경상사고,0,0,1,0,차대차 - 기타,안전운전불이행,건조,맑음,교차로 - 교차로안,승용,여,45세,상해없음,화물,남,39세,경상
2023020100100161,2023년 2월 1일 11시,수요일,부산광역시 부산진구 부전동,경상사고,0,0,1,0,차대사람 - 기타,안전운전불이행,건조,맑음,기타 - 기타,이륜,여,60세,상해없음,보행자,여,70세,경상
2023020100100162,2023년 2월 1일 11시,수요일,부산광역시 사상구 감전동,경상사고,0,0,1,0,차대차 - 측면충돌,안전운전불이행,건조,맑음,단일로 - 기타,승용,남,34세,상해없음,자전거,여,41세,경상
2023020100100194,2023년 2월 1일 12시,수요일,부산광역시 사하구 하단동,경상사고,0,0,2,0,차대사람 - 기타,안전운전불이행,건조,맑음,교차로 - 교차로부근,화물,남,59세,상해없음,보행자,여,61세,경상
2023020100100222,2023년 2월 1일 13시,수요일,부산광역시 사하구 하단동,경상사고,0,0,1,0,차대차 - 추돌,안전거리미확보,건조,맑음,단일로 - 기타,원동기,남,40세,상해없음,승용,여,60세,경상
2023020100100273,2023년 2월 1일 15시,수요일,부산광역시 연제구 연산동,경상사고,0,0,1,0,차대차 - 측면충돌,안전운전불이행,건조,맑음,교차로 - 교차로안,화물,남,45세,상해없음,승용,남,37세,경상
2023020100100274,2023년 2월 1일 15시,수요일,부산광역시 강서구 명지동,중상사고,0,1,1,0,차대차 - 측면충돌,안전운전불이행,건조,맑음,교차로 - 교차로안,승용,남,47세,상해없음,이륜,남,74세,경상
2023020100100275,2023년 2월 1일 15시,수요일,부산광역시 사상구 주례동,경상사고,0,0,1,0,차대차 - 측면충돌,안전운전불이행,건조,맑음,단일로 - 기타,승용,남,36세,상해없음,승용,여,43세,경상
2023020100100298,2023년 2월 1일 16시,수요일,부산광역시 북구 덕천동,중상사고,0,1,0,0,차대사람 - 기타,교차로운행방법위반,건조,맑음,교차로 - 교차로안,승용,남,60세,상해없음,보행자,여,68세,중상
2023020100100299,2023년 2월 1일 16시,수요일,부산광역시 부산진구 가야동,경상사고,0,0,1,0,차대차 - 추돌,안전거리미확보,건조,맑음,단일로 - 기타,승용,남,48세,상해없음,승용,여,65세,경상
2023020100100300,2023년 2월 1일 16시,수요일,부산광역시 사하구 다대동,중상사고,0,1,0,0,차대차 - 정면충돌,중앙선침범,건조,맑음,교차로 - 교차로부근,승합,남,82세,상해없음,화물,남,35세,상해없음
2023020100100330,2023년 2월 1일 17시,수요일,부산광역시 북구 금곡동,경상사고,0,0,2,1,차대차 - 측면충돌,신호위반,건조,맑음,교차로 - 교차로안,승용,남,62세,부상신고,승용,여,65세,경상
2023020100100331,2023년 2월 1일 17시,수요일,부산광역시 해운대구 우동,경상사고,0,0,1,0,차대차 - 측면충돌,안전거리미확보,건조,맑음,단일로 - 기타,화물,남,78세,상해없음,승용,여,41세,경상
2023020100100332,2023년 2월 1일 17시,수요일,부산광역시 사하구 다대동,경상사고,0,0,1,0,차대사람 - 횡단중,보행자보호의무위반,건조,맑음,교차로 - 교차로횡단보도내,승용,여,44세,상해없음,보행자,남,7세,경상
2023020100100333,2023년 2월 1일 17시,수요일,부산광역시 사상구 감전동,경상사고,0,0,1,0,차대사람 - 기타,안전운전불이행,건조,맑음,교차로 - 교차로부근,승합,남,57세,상해없음,보행자,남,34세,경상
2023020100100380,2023년 2월 1일 18시,수요일,부산광역시 사하구 장림동,경상사고,0,0,1,0,차대차 - 측면충돌,안전운전불이행,건조,맑음,교차로 - 교차로부근,승합,기타불명,미분류,기타불명,승용,남,57세,경상
2023020100100381,2023년 2월 1일 18시,수요일,부산광역시 사하구 하단동,경상사고,0,0,1,0,차대차 - 기타,안전운전불이행,건조,맑음,교차로 - 교차로부근,승용,남,64세,상해없음,승용,남,46세,경상
2023020100100502,2023년 2월 1일 22시,수요일,부산광역시 부산진구 양정동,경상사고,0,0,1,0,차대차 - 추돌,안전운전불이행,건조,맑음,단일로 - 기타,승용,남,37세,상해없음,승용,여,49세,경상
2023020100100503,2023년 2월 1일 22시,수요일,부산광역시 금정구 장전동,중상사고,0,1,0,0,차대사람 - 횡단중,안전운전불이행,건조,맑음,교차로 - 교차로안,승용,남,42세,상해없음,보행자,여,62세,중상
2023020200100001,2023년 2월 2일 00시,목요일,부산광역시 서구 초장동,경상사고,0,0,1,0,차대사람 - 차도통행중,안전운전불이행,건조,맑음,교차로 - 교차로부근,승용,남,69세,상해없음,보행자,남,43세,경상
2023020200100011,2023년 2월 2일 01시,목요일,부산광역시 사상구 괘법동,경상사고,0,0,1,0,차대차 - 추돌,안전운전불이행,건조,맑음,교차로 - 교차로부근,승용,남,42세,상해없음,승용,여,47세,경상
2023020200100032,2023년 2월 2일 04시,목요일,부산광역시 해운대구 중동,경상사고,0,0,2,0,차대차 - 기타,안전운전불이행,기타,맑음,단일로 - 기타,승용,남,43세,상해없음,승용,남,54세,경상
2023020200100042,2023년 2월 2일 06시,목요일,부산광역시 동래구 온천동,중상사고,0,1,0,0,차대사람 - 횡단중,신호위반,건조,맑음,교차로 - 교차로안,승용,여,25세,상해없음,보행자,남,86세,중상
2023020200100058,2023년 2월 2일 07시,목요일,부산광역시 남구 우암동,중상사고,0,1,0,0,차대사람 - 길가장자리구역통행중,안전운전불이행,건조,맑음,단일로 - 기타,건설기계,남,66세,상해없음,보행자,남,30세,중상
2023020200100085,2023년 2월 2일 08시,목요일,부산광역시 수영구 광안동,중상사고,0,1,0,0,차대차 - 추돌,안전운전불이행,건조,맑음,단일로 - 기타,승용,여,34세,상해없음,승용,남,63세,중상
2023020200100086,2023년 2월 2일 08시,목요일,부산광역시 부산진구 부전동,중상사고,0,1,0,0,차대사람 - 기타,안전운전불이행,건조,맑음,교차로 - 교차로부근,승용,남,62세,상해없음,보행자,남,31세,중상
2023020200100119,2023년 2월 2일 09시,목요일,부산광역시 남구 대연동,경상사고,0,0,2,0,차대차 - 추돌,안전운전불이행,건조,맑음,단일로 - 기타,승용,남,68세,상해없음,승용,남,49세,경상
2023020200100120,2023년 2월 2일 09시,목요일,부산광역시 기장군 장안읍,경상사고,0,0,1,0,차대차 - 측면충돌,안전운전불이행,건조,맑음,교차로 - 교차로안,화물,남,51세,상해없음,승용,여,62세,경상
2023020200100155,2023년 2월 2일 11시,목요일,부산광역시 동래구 사직동,경상사고,0,0,2,0,차대차 - 기타,안전운전불이행,건조,맑음,교차로 - 교차로안,개인형이동수단(PM),남,16세,경상,이륜,남,31세,경상
2023020200100156,2023년 2월 2일 11시,목요일,부산광역시 해운대구 우동,부상신고사고,0,0,0,1,차대사람 - 기타,안전운전불이행,건조,맑음,단일로 - 기타,승용,여,80세,상해없음,보행자,남,60세,부상신고
2023020200100157,2023년 2월 2일 11시,목요일,부산광역시 금정구 장전동,중상사고,0,2,0,0,차대차 - 기타,직진우회전진행방해,건조,맑음,교차로 - 교차로안,승용,여,39세,상해없음,이륜,남,41세,중상
2023020200100185,2023년 2월 2일 12시,목요일,부산광역시 남구 용호동,경상사고,0,0,1,0,차대차 - 측면충돌,안전운전불이행,건조,맑음,단일로 - 기타,승용,남,72세,상해없음,이륜,남,23세,경상
2023020200100186,2023년 2월 2일 12시,목요일,부산광역시 부산진구 부전동,경상사고,0,0,1,0,차대사람 - 보도통행중,보행자보호의무위반,건조,맑음,교차로 - 교차로횡단보도내,화물,남,66세,상해없음,보행자,남,64세,경상
2023020200100187,2023년 2월 2일 12시,목요일,부산광역시 사하구 신평동,중상사고,0,1,0,0,차대차 - 기타,안전거리미확보,건조,맑음,교차로 - 교차로부근,이륜,남,28세,중상,승용,남,62세,상해없음