사고번호,사고일시,요일,시군구,사고내용,사망자수,중상자수,경상자수,부상신고자수,사고유형,법규위반,노면상태,기상상태,도로형태,가해운전자 차종,가해운전자 성별,가해운전자 연령,가해운전자 상해정도,피해운전자 차종,피해운전자 성별,피해운전자 연령,피해운전자 상해정도
2023020200100188,2023년 2월 2일 12시,목요일,부산광역시 연제구 거제동,부상신고사고,0,0,0,1,차대차 - 기타,안전운전불이행,건조,맑음,단일로 - 기타,원동기,남,24세,부상신고,승용,남,29세,상해없음
2023020200100212,2023년 2월 2일 13시,목요일,부산광역시 북구 구포동,중상사고,0,1,0,0,차대사람 - 횡단중,신호위반,건조,맑음,교차로 - 교차로횡단보도내,화물,남,49세,상해없음,보행자,여,69세,중상
2023020200100213,2023년 2월 2일 13시,목요일,부산광역시 사상구 모라동,경상사고,0,0,1,0,차대사람 - 횡단중,신호위반,건조,맑음,단일로 - 기타,화물,여,60세,상해없음,보행자,여,19세,경상
2023020200100238,2023년 2월 2일 14시,목요일,부산광역시 사하구 신평동,경상사고,0,0,1,0,차대차 - 기타,안전거리미확보,건조,맑음,단일로 - 기타,건설기계,남,55세,상해없음,승용,여,46세,경상
2023020200100287,2023년 2월 2일 16시,목요일,부산광역시 부산진구 부암동,경상사고,0,0,1,0,차대차 - 측면충돌,안전운전불이행,건조,맑음,단일로 - 기타,승합,남,70세,상해없음,이륜,남,31세,경상
2023020200100288,2023년 2월 2일 16시,목요일,부산광역시 금정구 부곡동,중상사고,0,1,0,0,차대차 - 기타,직진우회전진행방해,건조,맑음,교차로 - 교차로안,이륜,여,39세,중상,승용,남,67세,상해없음
2023020200100289,2023년 2월 2일 16시,목요일,부산광역시 금정구 금성동,중상사고,0,2,0,0,차대차 - 기타,중앙선침범,건조,맑음,단일로 - 기타,승용,남,68세,상해없음,승용,남,68세,중상
2023020200100290,2023년 2월 2일 16시,목요일,부산광역시 연제구 연산동,경상사고,0,0,1,0,차대차 - 기타,안전운전불이행,건조,맑음,단일로 - 기타,승용,남,37세,상해없음,승용,남,66세,경상
2023020200100291,2023년 2월 2일 16시,목요일,부산광역시 수영구 망미동,경상사고,0,0,1,0,차대차 - 측면충돌,안전거리미확보,건조,맑음,단일로 - 기타,승용,남,33세,상해없음,이륜,남,32세,경상
2023020200100313,2023년 2월 2일 17시,목요일,부산광역시 연제구 거제동,경상사고,0,0,1,0,차대사람 - 횡단중,보행자보호의무위반,건조,맑음,단일로 - 기타,승용,남,18세,상해없음,보행자,남,39세,경상
2023020200100342,2023년 2월 2일 18시,목요일,부산광역시 남구 대연동,경상사고,0,0,1,0,차대사람 - 기타,안전운전불이행,건조,맑음,교차로 - 교차로부근,승용,여,56세,상해없음,보행자,남,12세,상해없음
2023020200100343,2023년 2월 2일 18시,목요일,부산광역시 부산진구 부전동,중상사고,0,1,0,0,차대차 - 기타,기타,건조,맑음,단일로 - 기타,승용,남,67세,중상,승용,남,31세,상해없음
2023020200100344,2023년 2월 2일 18시,목요일,부산광역시 사하구 구평동,중상사고,0,1,0,0,차대차 - 측면충돌,안전운전불이행,건조,맑음,단일로 - 기타,화물,남,58세,상해없음,화물,남,65세,중상
2023020200100388,2023년 2월 2일 19시,목요일,부산광역시 연제구 연산동,중상사고,0,1,0,0,차대차 - 추돌,안전운전불이행,건조,맑음,단일로 - 기타,이륜,남,23세,상해없음,이륜,남,57세,중상
2023020200100419,2023년 2월 2일 20시,목요일,부산광역시 부산진구 부전동,경상사고,0,0,1,0,차대사람 - 횡단중,안전운전불이행,건조,맑음,단일로 - 기타,승용,남,24세,상해없음,보행자,남,20세,경상
2023020200100420,2023년 2월 2일 20시,목요일,부산광역시 부산진구 양정동,경상사고,0,0,1,0,차대차 - 기타,교차로운행방법위반,건조,맑음,교차로 - 교차로안,이륜,남,24세,상해없음,이륜,남,25세,경상
2023020200100421,2023년 2월 2일 20시,목요일,부산광역시 연제구 연산동,경상사고,0,0,2,1,차대차 - 기타,안전운전불이행,건조,맑음,단일로 - 기타,이륜,남,26세,부상신고,승용,남,28세,경상
2023020200100422,2023년 2월 2일 20시,목요일,부산광역시 수영구 망미동,경상사고,0,0,1,0,차대차 - 기타,직진우회전진행방해,건조,맑음,교차로 - 교차로안,승용,남,65세,상해없음,이륜,남,41세,경상
2023020200100443,2023년 2월 2일 21시,목요일,부산광역시 중구 보수동1가,경상사고,0,0,1,0,차대차 - 기타,안전운전불이행,건조,맑음,단일로 - 기타,승용,남,64세,상해없음,이륜,남,28세,경상
2023020200100465,2023년 2월 2일 22시,목요일,부산광역시 동래구 온천동,경상사고,0,0,1,0,차대차 - 측면충돌,안전운전불이행,건조,맑음,단일로 - 지하차도(도로)내,승용,남,53세,상해없음,승용,남,48세,경상
2023020300100001,2023년 2월 3일 00시,금요일,부산광역시 동구 초량동,경상사고,0,0,1,0,차대차 - 추돌,안전거리미확보,건조,맑음,단일로 - 기타,승용,남,55세,상해없음,원동기,남,22세,경상
2023020300100002,2023년 2월 3일 00시,금요일,부산광역시 동구 초량동,중상사고,0,1,0,0,차대차 - 추돌,안전운전불이행,건조,맑음,단일로 - 기타,승용,남,45세,상해없음,승용,남,68세,상해없음
2023020300100056,2023년 2월 3일 07시,금요일,부산광역시 서구 남부민동,중상사고,0,1,0,0,차량단독 - 기타,기타,건조,맑음,단일로 - 기타,승합,남,64세,상해없음,,,,
2023020300100057,2023년 2월 3일 07시,금요일,부산광역시 사하구 괴정동,경상사고,0,0,1,0,차대차 - 추돌,안전거리미확보,건조,맑음,교차로 - 교차로부근,승용,남,49세,상해없음,승용,남,33세,경상
2023020300100085,2023년 2월 3일 08시,금요일,부산광역시 강서구 송정동,경상사고,0,0,2,0,차대차 - 추돌,안전거리미확보,건조,맑음,단일로 - 기타,승합,남,55세,상해없음,승용,남,42세,경상
2023020300100104,2023년 2월 3일 09시,금요일,부산광역시 중구 대청동1가,경상사고,0,0,2,0,차대차 - 추돌,안전운전불이행,건조,맑음,단일로 - 기타,화물,남,82세,상해없음,화물,남,69세,경상
2023020300100105,2023년 2월 3일 09시,금요일,부산광역시 연제구 거제동,중상사고,0,1,0,0,차대차 - 추돌,안전운전불이행,건조,흐림,교차로 - 교차로부근,화물,남,53세,상해없음,승용,여,29세,중상
2023020300100106,2023년 2월 3일 09시,금요일,부산광역시 연제구 연산동,경상사고,0,0,1,0,차대사람 - 기타,안전운전불이행,건조,맑음,단일로 - 기타,승용,남,75세,상해없음,보행자,남,47세,경상
2023020300100127,2023년 2월 3일 10시,금요일,부산광역시 강서구 대저2동,경상사고,0,0,1,0,차대차 - 추돌,안전거리미확보,건조,맑음,단일로 - 기타,화물,남,71세,상해없음,화물,남,46세,경상
2023020300100178,2023년 2월 3일 12시,금요일,부산광역시 금정구 구서동,경상사고,0,0,1,0,차대사람 - 기타,보행자보호의무위반,건조,맑음,기타 - 기타,승용,여,60세,상해없음,보행자,여,66세,경상
2023020300100197,2023년 2월 3일 13시,금요일,부산광역시 영도구 동삼동,중상사고,0,1,0,0,차대사람 - 횡단중,보행자보호의무위반,건조,맑음,교차로 - 교차로부근,승용,여,49세,상해없음,보행자,여,70세,중상
2023020300100198,2023년 2월 3일 13시,금요일,부산광역시 사하구 하단동,중상사고,0,1,0,0,차대차 - 추돌,안전운전불이행,건조,맑음,교차로 - 교차로부근,승용,남,30세,상해없음,승용,여,48세,중상
2023020300100257,2023년 2월 3일 15시,금요일,부산광역시 수영구 남천동,경상사고,0,0,1,0,차대사람 - 길가장자리구역통행중,안전운전불이행,건조,맑음,단일로 - 기타,승용,남,83세,상해없음,보행자,남,22세,경상
2023020300100258,2023년 2월 3일 15시,금요일,부산광역시 영도구 봉래동4가,경상사고,0,0,1,0,차대사람 - 기타,안전운전불이행,건조,맑음,단일로 - 기타,승용,여,49세,상해없음,보행자,남,50세,경상
2023020300100259,2023년 2월 3일 15시,금요일,부산광역시 사하구 신평동,경상사고,0,0,2,0,차대차 - 추돌,안전거리미확보,건조,맑음,단일로 - 기타,승용,남,31세,상해없음,승용,남,37세,경상
2023020300100260,2023년 2월 3일 15시,금요일,부산광역시 사하구 신평동,중상사고,0,1,2,0,차대차 - 정면충돌,신호위반,건조,맑음,교차로 - 교차로안,이륜,남,52세,중상,승용,남,29세,경상
2023020300100261,2023년 2월 3일 15시,금요일,부산광역시 사하구 괴정동,경상사고,0,0,1,0,차대차 - 추돌,안전운전불이행,건조,맑음,단일로 - 기타,승용,여,51세,상해없음,이륜,남,44세,경상
2023020300100262,2023년 2월 3일 15시,금요일,부산광역시 연제구 연산동,경상사고,0,0,1,0,차대사람 - 기타,안전운전불이행,건조,맑음,단일로 - 기타,승용,남,68세,상해없음,보행자,남,57세,경상
2023020300100305,2023년 2월 3일 16시,금요일,부산광역시 동구 범일동,경상사고,0,0,1,1,차대차 - 측면충돌,안전거리미확보,건조,맑음,교차로 - 교차로부근,승용,남,55세,부상신고,이륜,남,29세,경상
2023020300100335,2023년 2월 3일 17시,금요일,부산광역시 금정구 노포동,경상사고,0,0,1,0,차대차 - 기타,안전운전불이행,건조,맑음,단일로 - 기타,승합,남,49세,상해없음,승용,여,62세,경상
2023020300100336,2023년 2월 3일 17시,금요일,부산광역시 연제구 거제동,경상사고,0,0,1,0,차대차 - 기타,안전거리미확보,건조,맑음,단일로 - 기타,승용,남,54세,상해없음,승용,남,36세,경상
2023020300100376,2023년 2월 3일 18시,금요일,부산광역시 동구 범일동,경상사고,0,0,2,0,차대차 - 측면충돌,안전거리미확보,건조,맑음,단일로 - 기타,승용,남,48세,상해없음,승용,여,48세,경상
2023020300100377,2023년 2월 3일 18시,금요일,부산광역시 북구 덕천동,경상사고,0,0,2,0,차대차 - 기타,안전운전불이행,건조,맑음,교차로 - 교차로안,승용,남,72세,상해없음,승용,남,35세,경상
2023020300100378,2023년 2월 3일 18시,금요일,부산광역시 금정구 부곡동,부상신고사고,0,0,0,1,차대차 - 측면충돌,안전거리미확보,건조,맑음,교차로 - 교차로부근,승용,남,36세,상해없음,승용,남,34세,부상신고
2023020300100379,2023년 2월 3일 18시,금요일,부산광역시 사하구 괴정동,경상사고,0,0,1,0,차대사람 - 횡단중,보행자보호의무위반,건조,맑음,교차로 - 교차로횡단보도내,승용,여,47세,상해없음,보행자,남,71세,경상
2023020300100380,2023년 2월 3일 18시,금요일,부산광역시 사상구 학장동,중상사고,0,1,0,0,차대사람 - 횡단중,안전운전불이행,건조,맑음,단일로 - 기타,승용,남,64세,상해없음,보행자,남,58세,중상
2023020300100381,2023년 2월 3일 18시,금요일,부산광역시 기장군 일광읍,경상사고,0,0,1,0,차대차 - 측면충돌,직진우회전진행방해,건조,맑음,교차로 - 교차로안,승용,여,44세,상해없음,원동기,남,44세,경상
2023020300100441,2023년 2월 3일 19시,금요일,부산광역시 사하구 장림동,경상사고,0,0,1,0,차대차 - 기타,안전운전불이행,건조,맑음,교차로 - 교차로부근,승용,남,52세,상해없음,승용,여,30세,경상
2023020300100483,2023년 2월 3일 20시,금요일,부산광역시 수영구 광안동,경상사고,0,0,1,0,차대사람 - 차도통행중,안전운전불이행,건조,맑음,교차로 - 교차로부근,승용,남,50세,기타불명,보행자,남,35세,경상
2023020300100484,2023년 2월 3일 20시,금요일,부산광역시 부산진구 범천동,경상사고,0,0,1,0,차대차 - 기타,신호위반,건조,맑음,교차로 - 교차로안,승용,여,38세,상해없음,이륜,남,23세,경상
2023020300100509,2023년 2월 3일 21시,금요일,부산광역시 남구 용당동,경상사고,0,0,1,0,차대차 - 측면충돌,불법유턴,건조,맑음,단일로 - 기타,자전거,남,61세,경상,승용,남,60세,상해없음
2023020300100510,2023년 2월 3일 21시,금요일,부산광역시 부산진구 가야동,경상사고,0,0,1,0,차대사람 - 횡단중,보행자보호의무위반,건조,맑음,단일로 - 기타,승용,남,63세,상해없음,보행자,여,32세,경상
2023020300100511,2023년 2월 3일 21시,금요일,부산광역시 기장군 정관읍,경상사고,0,0,1,0,차대차 - 측면충돌,신호위반,건조,맑음,교차로 - 교차로안,화물,남,47세,상해없음,승용,여,46세,경상
2023020300100545,2023년 2월 3일 22시,금요일,부산광역시 부산진구 양정동,중상사고,0,1,1,0,차대차 - 정면충돌,신호위반,건조,맑음,교차로 - 교차로안,승용,남,27세,상해없음,승용,남,52세,경상
2023020300100564,2023년 2월 3일 23시,금요일,부산광역시 수영구 광안동,경상사고,0,0,1,0,차대차 - 측면충돌,신호위반,건조,맑음,교차로 - 교차로안,승용,남,28세,상해없음,승용,남,25세,경상
2023020400100010,2023년 2월 4일 00시,토요일,부산광역시 해운대구 우동,경상사고,0,0,3,0,차대차 - 추돌,안전운전불이행,건조,맑음,교차로 - 교차로부근,승용,남,28세,상해없음,승용,여,39세,경상
2023020400100011,2023년 2월 4일 00시,토요일,부산광역시 사상구 주례동,경상사고,0,0,1,0,차대차 - 측면충돌,안전거리미확보,건조,맑음,교차로 - 교차로부근,승용,남,42세,상해없음,승용,남,62세,경상
2023020400100033,2023년 2월 4일 01시,토요일,부산광역시 강서구 대저1동,부상신고사고,0,0,0,1,차량단독 - 기타,안전운전불이행,건조,맑음,단일로 - 기타,승용,남,42세,부상신고,,,,
2023020400100048,2023년 2월 4일 03시,토요일,부산광역시 서구 암남동,경상사고,0,0,1,0,차대차 - 추돌,안전운전불이행,건조,맑음,단일로 - 기타,승용,남,59세,상해없음,화물,남,42세,경상
2023020400100081,2023년 2월 4일 08시,토요일,부산광역시 금정구 부곡동,부상신고사고,0,0,0,1,차대차 - 기타,안전운전불이행,건조,맑음,교차로 - 교차로안,승용,남,42세,상해없음,이륜,남,26세,부상신고
2023020400100103,2023년 2월 4일 09시,토요일,부산광역시 부산진구 개금동,경상사고,0,0,1,0,차대사람 - 기타,안전운전불이행,건조,맑음,기타 - 기타,승용,여,56세,상해없음,보행자,여,25세,경상
2023020400100124,2023년 2월 4일 10시,토요일,부산광역시 영도구 봉래동3가,경상사고,0,0,1,0,차량단독 - 기타,안전운전불이행,건조,맑음,단일로 - 기타,승합,남,62세,상해없음,,,,
2023020400100125,2023년 2월 4일 10시,토요일,부산광역시 해운대구 송정동,중상사고,0,1,0,0,차대사람 - 기타,교차로운행방법위반,기타,맑음,교차로 - 교차로안,승용,남,52세,상해없음,보행자,남,74세,중상
2023020400100151,2023년 2월 4일 11시,토요일,부산광역시 금정구 장전동,경상사고,0,0,1,0,차대사람 - 차도통행중,안전운전불이행,건조,맑음,단일로 - 기타,승용,남,73세,상해없음,보행자,남,46세,경상
2023020400100152,2023년 2월 4일 11시,토요일,부산광역시 연제구 연산동,경상사고,0,0,1,0,차대차 - 측면충돌,안전운전불이행,건조,맑음,교차로 - 교차로부근,승용,남,61세,상해없음,이륜,남,36세,경상
2023020400100181,2023년 2월 4일 12시,토요일,부산광역시 강서구 대저2동,경상사고,0,0,1,0,차대차 - 기타,신호위반,건조,맑음,교차로 - 교차로안,승용,여,47세,상해없음,승용,남,56세,경상
2023020400100182,2023년 2월 4일 12시,토요일,부산광역시 기장군 장안읍,중상사고,0,1,0,0,차대차 - 측면충돌,안전운전불이행,건조,맑음,단일로 - 기타,승용,남,60세,상해없음,승용,여,57세,중상
2023020400100213,2023년 2월 4일 13시,토요일,부산광역시 서구 암남동,중상사고,0,1,0,0,차량단독 - 기타,안전운전불이행,건조,맑음,단일로 - 기타,승합,남,61세,상해없음,,,,
2023020400100214,2023년 2월 4일 13시,토요일,부산광역시 금정구 서동,경상사고,0,0,1,0,차대차 - 측면충돌,안전운전불이행,건조,맑음,단일로 - 기타,이륜,남,69세,상해없음,이륜,남,54세,경상
2023020400100310,2023년 2월 4일 16시,토요일,부산광역시 남구 대연동,경상사고,0,0,1,0,차대차 - 기타,중앙선침범,건조,맑음,단일로 - 기타,자전거,여,47세,경상,승용,남,35세,상해없음
2023020400100345,2023년 2월 4일 17시,토요일,부산광역시 동래구 수안동,경상사고,0,0,1,0,차대사람 - 기타,안전운전불이행,건조,맑음,단일로 - 기타,승용,남,63세,상해없음,보행자,여,44세,경상
2023020400100346,2023년 2월 4일 17시,토요일,부산광역시 금정구 구서동,부상신고사고,0,0,0,1,차대사람 - 차도통행중,안전운전불이행,건조,맑음,기타 - 기타,승용,남,58세,상해없음,보행자,여,38세,부상신고
2023020400100347,2023년 2월 4일 17시,토요일,부산광역시 연제구 연산동,경상사고,0,0,2,0,차대차 - 추돌,안전거리미확보,건조,맑음,단일로 - 기타,화물,남,29세,상해없음,승용,여,48세,경상
2023020400100348,2023년 2월 4일 17시,토요일,부산광역시 강서구 명지동,경상사고,0,0,1,0,차대차 - 기타,안전거리미확보,건조,맑음,교차로 - 교차로부근,승용,남,63세,상해없음,이륜,남,39세,경상
2023020400100375,2023년 2월 4일 18시,토요일,부산광역시 남구 용호동,경상사고,0,0,2,0,차대사람 - 횡단중,안전운전불이행,건조,맑음,단일로 - 기타,승용,남,56세,상해없음,보행자,남,12세,경상
2023020400100376,2023년 2월 4일 18시,토요일,부산광역시 동래구 온천동,중상사고,0,2,3,0,차대차 - 추돌,안전운전불이행,건조,맑음,단일로 - 기타,승용,남,57세,상해없음,승합,남,59세,경상
2023020400100377,2023년 2월 4일 18시,토요일,부산광역시 부산진구 범천동,중상사고,0,1,0,0,차대사람 - 기타,안전운전불이행,건조,맑음,교차로 - 교차로부근,승용,남,59세,상해없음,보행자,남,67세,중상
2023020400100429,2023년 2월 4일 20시,토요일,부산광역시 중구 중앙동5가,경상사고,0,0,2,0,차대차 - 측면충돌,교차로운행방법위반,건조,맑음,교차로 - 교차로안,승용,남,48세,상해없음,승용,남,34세,경상
2023020400100430,2023년 2월 4일 20시,토요일,부산광역시 부산진구 개금동,경상사고,0,0,1,0,차대차 - 측면충돌,교차로운행방법위반,건조,맑음,교차로 - 교차로안,승용,남,46세,상해없음,승용,남,29세,경상
2023020400100431,2023년 2월 4일 20시,토요일,부산광역시 금정구 부곡동,경상사고,0,0,1,0,차대사람 - 횡단중,신호위반,건조,맑음,교차로 - 교차로횡단보도내,승용,남,23세,상해없음,보행자,여,55세,경상
2023020400100463,2023년 2월 4일 21시,토요일,부산광역시 부산진구 부전동,경상사고,0,0,1,0,차대사람 - 길가장자리구역통행중,안전운전불이행,건조,맑음,단일로 - 기타,승용,남,21세,상해없음,보행자,여,23세,경상
2023020400100485,2023년 2월 4일 22시,토요일,부산광역시 수영구 남천동,부상신고사고,0,0,0,1,차대차 - 기타,신호위반,건조,맑음,교차로 - 교차로안,승용,남,44세,상해없음,승용,남,52세,부상신고
2023020400100509,2023년 2월 4일 23시,토요일,부산광역시 서구 서대신동1가,중상사고,0,2,0,0,차대차 - 측면충돌,교차로운행방법위반,건조,맑음,교차로 - 교차로안,원동기,남,38세,중상,승용,남,28세,중상
2023020400100510,2023년 2월 4일 23시,토요일,부산광역시 해운대구 우동,경상사고,0,0,1,0,차량단독 - 기타,기타,건조,맑음,단일로 - 기타,승합,남,54세,상해없음,,,,
2023020400100511,2023년 2월 4일 23시,토요일,부산광역시 사하구 괴정동,중상사고,0,1,0,0,차대사람 - 횡단중,안전운전불이행,건조,맑음,단일로 - 기타,이륜,남,51세,상해없음,보행자,남,55세,중상
2023020500100005,2023년 2월 5일 00시,일요일,부산광역시 서구 서대신동1가,경상사고,0,0,1,0,차대사람 - 기타,안전운전불이행,건조,맑음,교차로 - 교차로부근,승용,남,37세,상해없음,보행자,남,34세,경상
2023020500100039,2023년 2월 5일 04시,일요일,부산광역시 부산진구 부전동,경상사고,0,0,1,0,차대차 - 측면충돌,교차로운행방법위반,건조,맑음,교차로 - 교차로안,이륜,남,22세,경상,승용,남,41세,상해없음
2023020500100045,2023년 2월 5일 05시,일요일,부산광역시 기장군 기장읍,사망사고,1,0,0,0,차량단독 - 공작물충돌,안전운전불이행,건조,맑음,단일로 - 기타,이륜,남,42세,사망,,,,
2023020500100050,2023년 2월 5일 06시,일요일,부산광역시 부산진구 가야동,중상사고,0,1,0,0,차대사람 - 횡단중,기타,건조,맑음,단일로 - 기타,승용,남,66세,상해없음,보행자,남,74세,중상
2023020500100099,2023년 2월 5일 11시,일요일,부산광역시 수영구 망미동,경상사고,0,0,1,0,차량단독 - 기타,안전운전불이행,건조,맑음,단일로 - 기타,승합,남,48세,기타불명,,,,
2023020500100100,2023년 2월 5일 11시,일요일,부산광역시 기장군 기장읍,경상사고,0,0,2,0,차대차 - 측면충돌,중앙선침범,건조,맑음,교차로 - 교차로부근,화물,남,49세,상해없음,승용,남,68세,경상
2023020500100125,2023년 2월 5일 12시,일요일,부산광역시 동래구 안락동,중상사고,0,1,0,0,차대차 - 기타,안전운전불이행,건조,맑음,단일로 - 기타,이륜,남,22세,상해없음,자전거,남,22세,중상
2023020500100126,2023년 2월 5일 12시,일요일,부산광역시 금정구 장전동,경상사고,0,0,2,0,차대차 - 추돌,안전거리미확보,건조,맑음,교차로 - 교차로안,원동기,남,48세,상해없음,승용,남,39세,경상
2023020500100175,2023년 2월 5일 14시,일요일,부산광역시 사상구 학장동,중상사고,0,1,0,0,차대차 - 기타,안전운전불이행,건조,맑음,단일로 - 기타,이륜,남,51세,중상,승용,남,37세,상해없음
2023020500100216,2023년 2월 5일 16시,일요일,부산광역시 서구 서대신동3가,중상사고,0,1,0,0,차대사람 - 차도통행중,안전운전불이행,건조,맑음,단일로 - 기타,승용,남,62세,상해없음,보행자,여,34세,중상
2023020500100217,2023년 2월 5일 16시,일요일,부산광역시 부산진구 부전동,경상사고,0,0,2,0,차대차 - 측면충돌,안전거리미확보,건조,맑음,교차로 - 교차로안,승용,남,59세,상해없음,화물,남,61세,경상
2023020500100267,2023년 2월 5일 18시,일요일,부산광역시 동구 초량동,경상사고,0,0,1,0,차대사람 - 기타,안전운전불이행,건조,맑음,단일로 - 기타,승용,남,37세,상해없음,보행자,남,61세,경상
2023020500100268,2023년 2월 5일 18시,일요일,부산광역시 서구 토성동3가,경상사고,0,0,2,0,차대차 - 측면충돌,신호위반,건조,맑음,교차로 - 교차로안,이륜,남,73세,경상,승용,남,25세,경상
2023020500100269,2023년 2월 5일 18시,일요일,부산광역시 북구 화명동,중상사고,0,1,0,0,차대차 - 측면충돌,기타,건조,맑음,기타 - 기타,승용,남,54세,기타불명,이륜,남,37세,중상
2023020500100270,2023년 2월 5일 18시,일요일,부산광역시 부산진구 양정동,중상사고,0,2,0,0,차대차 - 기타,신호위반,건조,기타,교차로 - 교차로안,승용,남,23세,상해없음,승용,남,79세,중상
2023020500100271,2023년 2월 5일 18시,일요일,부산광역시 사상구 모라동,경상사고,0,0,1,0,차대차 - 측면충돌,안전운전불이행,건조,맑음,교차로 - 교차로안,승용,여,30세,상해없음,승용,남,40세,경상
2023020500100305,2023년 2월 5일 19시,일요일,부산광역시 사상구 모라동,중상사고,0,2,0,0,차대차 - 기타,신호위반,건조,맑음,교차로 - 교차로안,승용,남,56세,상해없음,승용,남,56세,중상
2023020500100324,2023년 2월 5일 20시,일요일,부산광역시 동구 초량동,경상사고,0,0,1,0,차대차 - 측면충돌,교차로운행방법위반,건조,맑음,교차로 - 교차로안,승용,남,65세,상해없음,원동기,남,39세,경상
2023020500100325,2023년 2월 5일 20시,일요일,부산광역시 연제구 연산동,경상사고,0,0,1,0,차대차 - 측면충돌,신호위반,건조,맑음,교차로 - 교차로안,승용,남,61세,상해없음,원동기,남,32세,경상
2023020500100326,2023년 2월 5일 20시,일요일,부산광역시 기장군 일광읍,부상신고사고,0,0,0,4,차대차 - 측면충돌,안전거리미확보,건조,맑음,교차로 - 교차로부근,승용,남,75세,기타불명,승용,남,47세,부상신고
2023020600100016,2023년 2월 6일 03시,월요일,부산광역시 연제구 연산동,사망사고,1,0,0,0,차대사람 - 횡단중,안전운전불이행,건조,맑음,교차로 - 교차로안,화물,남,71세,상해없음,보행자,남,54세,사망
2023020600100087,2023년 2월 6일 08시,월요일,부산광역시 남구 우암동,경상사고,0,0,2,0,차대차 - 추돌,안전운전불이행,건조,맑음,교차로 - 교차로부근,특수,남,41세,상해없음,승용,여,49세,경상
2023020600100088,2023년 2월 6일 08시,월요일,부산광역시 동래구 온천동,부상신고사고,0,0,0,1,차대차 - 기타,안전거리미확보,건조,맑음,단일로 - 기타,승용,남,35세,부상신고,승용,남,56세,상해없음
2023020600100128,2023년 2월 6일 09시,월요일,부산광역시 남구 문현동,경상사고,0,0,1,0,차대차 - 측면충돌,교차로운행방법위반,건조,맑음,교차로 - 교차로안,승용,남,59세,상해없음,이륜,남,23세,경상
2023020600100129,2023년 2월 6일 09시,월요일,부산광역시 동래구 명장동,경상사고,0,0,1,0,차량단독 - 기타,기타,건조,맑음,단일로 - 기타,승합,남,48세,상해없음,,,,
2023020600100159,2023년 2월 6일 10시,월요일,부산광역시 서구 서대신동1가,중상사고,0,1,0,0,차대사람 - 차도통행중,안전운전불이행,건조,맑음,교차로 - 교차로안,승용,남,40세,상해없음,보행자,여,80세,중상
2023020600100160,2023년 2월 6일 10시,월요일,부산광역시 수영구 남천동,경상사고,0,0,1,0,차대차 - 기타,안전운전불이행,건조,맑음,단일로 - 기타,승합,남,60세,상해없음,승용,남,61세,상해없음
2023020600100161,2023년 2월 6일 10시,월요일,부산광역시 부산진구 초읍동,중상사고,0,1,0,0,차대사람 - 기타,안전운전불이행,건조,맑음,단일로 - 기타,화물,남,66세,상해없음,보행자,여,78세,중상
2023020600100216,2023년 2월 6일 12시,월요일,부산광역시 남구 용호동,경상사고,0,0,1,0,차대사람 - 보도통행중,기타,건조,맑음,단일로 - 기타,승용,남,63세,상해없음,보행자,남,26세,경상
2023020600100233,2023년 2월 6일 13시,월요일,부산광역시 수영구 광안동,중상사고,0,1,0,0,차대차 - 측면충돌,안전운전불이행,건조,맑음,단일로 - 교량,특수,남,62세,상해없음,승용,여,37세,중상
2023020600100234,2023년 2월 6일 13시,월요일,부산광역시 영도구 청학동,경상사고,0,0,5,0,차대차 - 기타,안전운전불이행,건조,맑음,기타 - 기타,화물,남,83세,상해없음,승용,남,68세,경상
2023020600100256,2023년 2월 6일 14시,월요일,부산광역시 남구 대연동,경상사고,0,0,1,0,차대사람 - 횡단중,안전운전불이행,건조,맑음,단일로 - 기타,사륜오토바이(ATV),남,52세,상해없음,보행자,여,72세,경상
2023020600100257,2023년 2월 6일 14시,월요일,부산광역시 남구 대연동,경상사고,0,0,1,0,차대사람 - 길가장자리구역통행중,안전운전불이행,건조,맑음,단일로 - 기타,승용,여,38세,상해없음,보행자,남,28세,경상
2023020600100258,2023년 2월 6일 14시,월요일,부산광역시 강서구 구랑동,경상사고,0,0,1,0,차대차 - 측면충돌,안전운전불이행,건조,맑음,단일로 - 기타,특수,남,66세,상해없음,승용,여,52세,경상
2023020600100284,2023년 2월 6일 15시,월요일,부산광역시 북구 만덕동,경상사고,0,0,1,0,차대차 - 기타,안전운전불이행,건조,맑음,교차로 - 교차로부근,승용,여,36세,상해없음,원동기,남,34세,경상
2023020600100285,2023년 2월 6일 15시,월요일,부산광역시 동래구 온천동,경상사고,0,0,1,0,차대차 - 기타,안전운전불이행,건조,맑음,교차로 - 교차로안,이륜,남,19세,상해없음,승용,남,68세,상해없음
2023020600100286,2023년 2월 6일 15시,월요일,부산광역시 해운대구 송정동,중상사고,0,1,0,0,차대사람 - 횡단중,안전운전불이행,건조,맑음,교차로 - 교차로부근,승용,남,32세,상해없음,보행자,여,91세,중상
2023020600100324,2023년 2월 6일 17시,월요일,부산광역시 서구 남부민동,경상사고,0,0,1,0,차대사람 - 차도통행중,신호위반,건조,맑음,단일로 - 기타,승용,남,61세,상해없음,보행자,여,62세,경상
2023020600100325,2023년 2월 6일 17시,월요일,부산광역시 수영구 민락동,경상사고,0,0,1,0,차대사람 - 보도통행중,보행자보호의무위반,건조,맑음,단일로 - 기타,승용,여,25세,상해없음,보행자,남,44세,경상