사고번호,사고일시,요일,시군구,사고내용,사망자수,중상자수,경상자수,부상신고자수,사고유형,법규위반,노면상태,기상상태,도로형태,가해운전자 차종,가해운전자 성별,가해운전자 연령,가해운전자 상해정도,피해운전자 차종,피해운전자 성별,피해운전자 연령,피해운전자 상해정도
2023020600100326,2023년 2월 6일 17시,월요일,부산광역시 사상구 감전동,중상사고,0,2,3,0,차대차 - 측면충돌,안전운전불이행,건조,맑음,단일로 - 기타,승용,여,62세,경상,화물,남,70세,경상
2023020600100355,2023년 2월 6일 18시,월요일,부산광역시 해운대구 좌동,중상사고,0,1,0,0,차대차 - 측면충돌,중앙선침범,건조,맑음,교차로 - 교차로부근,승용,여,74세,상해없음,이륜,남,45세,중상
2023020600100356,2023년 2월 6일 18시,월요일,부산광역시 해운대구 송정동,경상사고,0,0,1,0,차대차 - 정면충돌,중앙선침범,건조,맑음,단일로 - 기타,승용,남,72세,상해없음,자전거,남,66세,경상
2023020600100357,2023년 2월 6일 18시,월요일,부산광역시 부산진구 전포동,사망사고,1,0,0,0,차대사람 - 기타,안전운전불이행,건조,맑음,단일로 - 고가도로위,승용,남,68세,상해없음,보행자,남,84세,사망
2023020600100358,2023년 2월 6일 18시,월요일,부산광역시 연제구 거제동,경상사고,0,0,1,0,차대차 - 추돌,안전운전불이행,건조,맑음,교차로 - 교차로안,승용,남,34세,상해없음,화물,남,59세,경상
2023020600100404,2023년 2월 6일 19시,월요일,부산광역시 사상구 엄궁동,경상사고,0,0,1,0,차대사람 - 기타,안전운전불이행,건조,맑음,교차로 - 교차로안,승용,여,65세,상해없음,보행자,여,69세,경상
2023020600100439,2023년 2월 6일 20시,월요일,부산광역시 중구 광복동1가,중상사고,0,1,1,0,차대차 - 측면충돌,안전운전불이행,건조,맑음,단일로 - 기타,승용,남,68세,상해없음,승용,남,56세,경상
2023020600100440,2023년 2월 6일 20시,월요일,부산광역시 강서구 지사동,중상사고,0,1,0,0,차량단독 - 기타,안전운전불이행,건조,맑음,단일로 - 기타,승합,남,64세,상해없음,,,,
2023020700100002,2023년 2월 7일 00시,화요일,부산광역시 중구 남포동6가,경상사고,0,0,1,0,차대차 - 측면충돌,신호위반,건조,맑음,교차로 - 교차로안,승용,남,42세,상해없음,승용,남,61세,경상
2023020700100003,2023년 2월 7일 00시,화요일,부산광역시 사상구 모라동,경상사고,0,0,1,0,차량단독 - 전도전복 - 전복,안전운전불이행,건조,맑음,단일로 - 기타,승용,남,30세,상해없음,,,,
2023020700100011,2023년 2월 7일 01시,화요일,부산광역시 북구 만덕동,부상신고사고,0,0,0,1,차대차 - 기타,안전거리미확보,건조,맑음,단일로 - 기타,승용,남,66세,상해없음,이륜,남,34세,부상신고
2023020700100012,2023년 2월 7일 01시,화요일,부산광역시 부산진구 전포동,경상사고,0,0,2,0,차대차 - 측면충돌,안전거리미확보,건조,맑음,교차로 - 교차로부근,승용,여,62세,경상,승용,남,30세,경상
2023020700100016,2023년 2월 7일 02시,화요일,부산광역시 수영구 광안동,중상사고,0,1,0,0,차대사람 - 보도통행중,안전운전불이행,건조,맑음,단일로 - 기타,승용,남,59세,상해없음,보행자,남,65세,중상
2023020700100028,2023년 2월 7일 05시,화요일,부산광역시 부산진구 부전동,중상사고,0,1,1,0,차대차 - 추돌,안전운전불이행,건조,맑음,교차로 - 교차로안,승용,남,23세,상해없음,승용,남,68세,경상
2023020700100043,2023년 2월 7일 06시,화요일,부산광역시 수영구 광안동,부상신고사고,0,0,0,1,차량단독 - 기타,안전운전불이행,건조,맑음,단일로 - 기타,이륜,남,23세,부상신고,,,,
2023020700100085,2023년 2월 7일 08시,화요일,부산광역시 중구 남포동5가,경상사고,0,0,1,0,차대사람 - 기타,안전운전불이행,기타,맑음,단일로 - 기타,승용,여,28세,상해없음,보행자,여,70세,경상
2023020700100086,2023년 2월 7일 08시,화요일,부산광역시 북구 금곡동,경상사고,0,0,1,0,차대차 - 기타,신호위반,건조,맑음,교차로 - 교차로부근,승용,남,62세,상해없음,승용,남,44세,경상
2023020700100087,2023년 2월 7일 08시,화요일,부산광역시 동래구 사직동,경상사고,0,0,1,0,차대차 - 측면충돌,신호위반,건조,맑음,교차로 - 교차로안,승용,남,48세,상해없음,승용,남,37세,경상
2023020700100088,2023년 2월 7일 08시,화요일,부산광역시 부산진구 전포동,경상사고,0,0,1,0,차대차 - 측면충돌,안전거리미확보,건조,맑음,단일로 - 고가도로위,승용,남,64세,상해없음,승용,남,53세,경상
2023020700100089,2023년 2월 7일 08시,화요일,부산광역시 강서구 명지동,경상사고,0,0,2,0,차대차 - 추돌,안전운전불이행,건조,맑음,단일로 - 기타,건설기계,남,60세,상해없음,승용,여,54세,경상
2023020700100126,2023년 2월 7일 09시,화요일,부산광역시 금정구 남산동,경상사고,0,0,1,0,차대사람 - 기타,안전운전불이행,건조,맑음,기타 - 기타,승합,남,73세,상해없음,보행자,남,50세,경상
2023020700100151,2023년 2월 7일 10시,화요일,부산광역시 해운대구 송정동,경상사고,0,0,1,0,차대차 - 추돌,안전거리미확보,건조,맑음,교차로 - 교차로부근,건설기계,남,57세,상해없음,승용,여,63세,경상
2023020700100213,2023년 2월 7일 12시,화요일,부산광역시 남구 용호동,중상사고,0,1,0,0,차대사람 - 길가장자리구역통행중,안전운전불이행,건조,맑음,단일로 - 기타,승용,여,72세,상해없음,보행자,남,79세,중상
2023020700100214,2023년 2월 7일 12시,화요일,부산광역시 사상구 괘법동,경상사고,0,0,1,0,차대차 - 측면충돌,안전운전불이행,건조,맑음,교차로 - 교차로부근,자전거,남,75세,경상,승용,남,32세,상해없음
2023020700100239,2023년 2월 7일 13시,화요일,부산광역시 사상구 괘법동,경상사고,0,0,1,0,차대차 - 측면충돌,교차로운행방법위반,건조,맑음,교차로 - 교차로안,승용,여,55세,상해없음,이륜,여,19세,경상
2023020700100292,2023년 2월 7일 15시,화요일,부산광역시 동래구 사직동,중상사고,0,1,0,0,차대사람 - 횡단중,안전운전불이행,건조,맑음,교차로 - 교차로안,승용,여,46세,상해없음,보행자,남,78세,중상
2023020700100318,2023년 2월 7일 16시,화요일,부산광역시 수영구 광안동,경상사고,0,0,1,0,차대차 - 측면충돌,안전운전불이행,건조,맑음,단일로 - 기타,승합,남,38세,상해없음,승용,여,52세,경상
2023020700100319,2023년 2월 7일 16시,화요일,부산광역시 강서구 구랑동,경상사고,0,0,1,0,차대차 - 측면충돌,안전운전불이행,건조,맑음,단일로 - 기타,특수,남,49세,상해없음,승용,남,32세,경상
2023020700100320,2023년 2월 7일 16시,화요일,부산광역시 강서구 대저1동,경상사고,0,0,1,0,차대차 - 추돌,안전운전불이행,건조,맑음,단일로 - 기타,승용,남,57세,상해없음,화물,남,70세,경상
2023020700100353,2023년 2월 7일 17시,화요일,부산광역시 수영구 수영동,경상사고,0,0,1,0,차대차 - 기타,안전운전불이행,기타,맑음,단일로 - 기타,승용,여,23세,상해없음,자전거,남,79세,경상
2023020700100381,2023년 2월 7일 18시,화요일,부산광역시 남구 대연동,경상사고,0,0,1,0,차대차 - 측면충돌,안전운전불이행,건조,맑음,단일로 - 기타,승용,남,70세,상해없음,이륜,남,71세,경상
2023020700100382,2023년 2월 7일 18시,화요일,부산광역시 수영구 남천동,경상사고,0,0,2,0,차대차 - 후진중충돌,안전운전불이행,건조,맑음,단일로 - 기타,승용,남,45세,기타불명,승용,여,30세,경상
2023020700100383,2023년 2월 7일 18시,화요일,부산광역시 금정구 서동,중상사고,0,1,0,0,차대사람 - 기타,안전운전불이행,건조,맑음,교차로 - 교차로부근,승용,남,48세,상해없음,보행자,여,82세,중상
2023020700100384,2023년 2월 7일 18시,화요일,부산광역시 연제구 연산동,경상사고,0,0,1,0,차대사람 - 횡단중,안전운전불이행,건조,맑음,교차로 - 교차로부근,승용,남,34세,상해없음,보행자,남,60세,경상
2023020700100385,2023년 2월 7일 18시,화요일,부산광역시 기장군 기장읍,중상사고,0,1,0,0,차대사람 - 횡단중,안전운전불이행,건조,맑음,단일로 - 기타,승용,여,78세,상해없음,보행자,여,42세,중상
2023020700100428,2023년 2월 7일 19시,화요일,부산광역시 동래구 온천동,경상사고,0,0,1,0,차대사람 - 기타,신호위반,건조,맑음,교차로 - 교차로부근,이륜,남,24세,상해없음,보행자,남,25세,경상
2023020700100429,2023년 2월 7일 19시,화요일,부산광역시 금정구 구서동,부상신고사고,0,0,0,1,차대차 - 측면충돌,안전거리미확보,건조,맑음,단일로 - 기타,승용,남,71세,상해없음,승용,남,35세,부상신고
2023020700100460,2023년 2월 7일 20시,화요일,부산광역시 사하구 하단동,경상사고,0,0,1,0,차대차 - 기타,안전운전불이행,건조,맑음,단일로 - 기타,승용,여,49세,기타불명,승용,여,53세,경상
2023020700100461,2023년 2월 7일 20시,화요일,부산광역시 강서구 신호동,부상신고사고,0,0,0,1,차량단독 - 기타,안전운전불이행,건조,맑음,단일로 - 기타,승합,남,59세,상해없음,,,,
2023020700100513,2023년 2월 7일 22시,화요일,부산광역시 사상구 감전동,경상사고,0,0,1,0,차대차 - 측면충돌,신호위반,건조,맑음,교차로 - 교차로안,승용,남,55세,상해없음,승용,여,36세,경상
2023020700100540,2023년 2월 7일 23시,화요일,부산광역시 부산진구 양정동,부상신고사고,0,0,0,1,차대사람 - 기타,기타,건조,맑음,단일로 - 기타,개인형이동수단(PM),남,52세,부상신고,보행자,남,19세,상해없음
2023020800100017,2023년 2월 8일 01시,수요일,부산광역시 해운대구 좌동,경상사고,0,0,1,0,차대차 - 추돌,안전운전불이행,건조,맑음,단일로 - 기타,승용,남,28세,상해없음,승용,남,40세,경상
2023020800100024,2023년 2월 8일 02시,수요일,부산광역시 부산진구 부전동,경상사고,0,0,1,0,차대사람 - 차도통행중,교차로운행방법위반,건조,맑음,교차로 - 교차로안,화물,남,56세,상해없음,보행자,남,25세,경상
2023020800100042,2023년 2월 8일 05시,수요일,부산광역시 사상구 감전동,중상사고,0,1,0,0,차대사람 - 횡단중,신호위반,건조,맑음,교차로 - 교차로횡단보도내,화물,남,61세,상해없음,보행자,남,65세,중상
2023020800100059,2023년 2월 8일 06시,수요일,부산광역시 사하구 괴정동,중상사고,0,1,0,0,차대사람 - 횡단중,보행자보호의무위반,건조,맑음,기타 - 기타,승용,남,73세,상해없음,보행자,여,32세,중상
2023020800100067,2023년 2월 8일 07시,수요일,부산광역시 연제구 연산동,경상사고,0,0,2,0,차대차 - 기타,신호위반,건조,맑음,교차로 - 교차로안,이륜,남,48세,경상,승용,여,34세,경상
2023020800100130,2023년 2월 8일 09시,수요일,부산광역시 수영구 광안동,경상사고,0,0,1,0,차대차 - 기타,안전운전불이행,건조,맑음,단일로 - 기타,승용,여,33세,상해없음,승용,남,24세,경상
2023020800100131,2023년 2월 8일 09시,수요일,부산광역시 해운대구 우동,경상사고,0,0,1,0,차대차 - 측면충돌,안전운전불이행,건조,맑음,교차로 - 교차로안,승용,여,46세,상해없음,자전거,남,73세,경상
2023020800100132,2023년 2월 8일 09시,수요일,부산광역시 금정구 부곡동,경상사고,0,0,1,0,차대차 - 추돌,안전운전불이행,건조,맑음,단일로 - 기타,승용,남,26세,상해없음,승용,남,30세,경상
2023020800100164,2023년 2월 8일 10시,수요일,부산광역시 남구 용호동,경상사고,0,0,2,0,차대차 - 추돌,안전운전불이행,건조,맑음,교차로 - 교차로안,이륜,남,41세,기타불명,승용,남,48세,경상
2023020800100165,2023년 2월 8일 10시,수요일,부산광역시 수영구 망미동,경상사고,0,0,2,0,차대차 - 추돌,안전거리미확보,건조,맑음,교차로 - 교차로안,화물,남,58세,상해없음,승용,남,72세,경상
2023020800100187,2023년 2월 8일 11시,수요일,부산광역시 부산진구 개금동,중상사고,0,1,0,0,차대차 - 측면충돌,안전운전불이행,건조,맑음,단일로 - 기타,화물,남,76세,상해없음,이륜,남,68세,중상
2023020800100188,2023년 2월 8일 11시,수요일,부산광역시 기장군 장안읍,경상사고,0,0,2,0,차대차 - 정면충돌,신호위반,건조,맑음,교차로 - 교차로안,승용,남,71세,상해없음,승용,남,29세,경상
2023020800100210,2023년 2월 8일 12시,수요일,부산광역시 북구 구포동,경상사고,0,0,1,0,차대차 - 기타,안전운전불이행,건조,맑음,단일로 - 기타,승용,남,69세,상해없음,승용,여,58세,경상
2023020800100211,2023년 2월 8일 12시,수요일,부산광역시 동래구 안락동,경상사고,0,0,1,0,차대차 - 측면충돌,안전운전불이행,건조,맑음,단일로 - 기타,승용,남,35세,상해없음,이륜,남,29세,경상
2023020800100212,2023년 2월 8일 12시,수요일,부산광역시 영도구 남항동2가,경상사고,0,0,1,0,차대사람 - 횡단중,안전운전불이행,건조,맑음,교차로 - 교차로안,화물,남,65세,상해없음,보행자,여,70세,경상
2023020800100237,2023년 2월 8일 13시,수요일,부산광역시 사하구 하단동,경상사고,0,0,1,0,차대차 - 기타,안전운전불이행,건조,맑음,단일로 - 기타,건설기계,남,66세,상해없음,승용,여,40세,경상
2023020800100265,2023년 2월 8일 14시,수요일,부산광역시 남구 문현동,경상사고,0,0,1,0,차대차 - 추돌,신호위반,건조,맑음,단일로 - 기타,승용,남,67세,기타불명,화물,남,41세,경상
2023020800100266,2023년 2월 8일 14시,수요일,부산광역시 부산진구 부전동,경상사고,0,0,1,0,차대차 - 측면충돌,안전거리미확보,건조,맑음,교차로 - 교차로안,승용,남,52세,상해없음,승용,남,27세,경상
2023020800100267,2023년 2월 8일 14시,수요일,부산광역시 사하구 하단동,중상사고,0,1,0,0,차대사람 - 횡단중,보행자보호의무위반,건조,맑음,단일로 - 기타,승용,남,42세,기타불명,보행자,남,9세,중상
2023020800100301,2023년 2월 8일 15시,수요일,부산광역시 북구 화명동,경상사고,0,0,1,0,차대차 - 기타,안전거리미확보,건조,맑음,단일로 - 기타,화물,남,68세,상해없음,화물,남,42세,경상
2023020800100302,2023년 2월 8일 15시,수요일,부산광역시 영도구 청학동,경상사고,0,0,1,0,차대차 - 측면충돌,교차로운행방법위반,건조,맑음,교차로 - 교차로안,승용,남,41세,상해없음,이륜,남,41세,경상
2023020800100331,2023년 2월 8일 16시,수요일,부산광역시 사하구 하단동,경상사고,0,0,1,0,차대사람 - 기타,안전운전불이행,건조,맑음,단일로 - 기타,승용,남,19세,상해없음,보행자,남,24세,경상
2023020800100332,2023년 2월 8일 16시,수요일,부산광역시 강서구 범방동,중상사고,0,1,0,0,차대차 - 측면충돌,교차로운행방법위반,건조,맑음,교차로 - 교차로안,승용,남,33세,상해없음,이륜,남,54세,중상
2023020800100360,2023년 2월 8일 17시,수요일,부산광역시 연제구 연산동,경상사고,0,0,1,0,차대차 - 측면충돌,차로위반,건조,맑음,단일로 - 기타,승용,남,29세,상해없음,이륜,남,52세,경상
2023020800100361,2023년 2월 8일 17시,수요일,부산광역시 강서구 생곡동,경상사고,0,0,1,0,차대차 - 측면충돌,안전운전불이행,건조,맑음,교차로 - 교차로안,건설기계,남,52세,상해없음,승용,여,23세,경상
2023020800100362,2023년 2월 8일 17시,수요일,부산광역시 기장군 장안읍,중상사고,0,1,0,0,차대차 - 측면충돌,신호위반,건조,맑음,단일로 - 지하차도(도로)내,승용,남,53세,상해없음,승용,남,42세,중상
2023020800100395,2023년 2월 8일 18시,수요일,부산광역시 동구 초량동,중상사고,0,1,0,0,차대차 - 기타,교차로운행방법위반,건조,맑음,교차로 - 교차로안,승용,남,63세,상해없음,원동기,남,37세,중상
2023020800100396,2023년 2월 8일 18시,수요일,부산광역시 사하구 다대동,경상사고,0,0,1,1,차대차 - 기타,안전운전불이행,건조,맑음,교차로 - 교차로부근,기타불명,기타불명,미분류,기타불명,승합,남,52세,상해없음
2023020800100469,2023년 2월 8일 20시,수요일,부산광역시 동래구 명장동,경상사고,0,0,1,0,차대차 - 측면충돌,교차로운행방법위반,건조,맑음,교차로 - 교차로안,이륜,남,51세,상해없음,승용,남,46세,경상
2023020800100470,2023년 2월 8일 20시,수요일,부산광역시 동래구 안락동,중상사고,0,1,0,0,차대사람 - 차도통행중,안전운전불이행,건조,맑음,단일로 - 기타,승용,남,31세,상해없음,보행자,여,29세,중상
2023020800100471,2023년 2월 8일 20시,수요일,부산광역시 연제구 연산동,경상사고,0,0,1,0,차대차 - 측면충돌,안전운전불이행,건조,맑음,교차로 - 교차로안,승용,남,28세,상해없음,이륜,남,41세,경상
2023020800100514,2023년 2월 8일 22시,수요일,부산광역시 동구 초량동,중상사고,0,2,0,0,차대차 - 기타,안전운전불이행,건조,맑음,단일로 - 기타,승용,남,35세,상해없음,승용,남,38세,중상
2023020800100529,2023년 2월 8일 23시,수요일,부산광역시 기장군 기장읍,경상사고,0,0,1,0,차대차 - 측면충돌,안전운전불이행,건조,맑음,교차로 - 교차로부근,승용,남,45세,상해없음,승용,남,61세,경상
2023020900100070,2023년 2월 9일 08시,목요일,부산광역시 동구 초량동,경상사고,0,0,3,0,차대차 - 기타,안전운전불이행,건조,맑음,교차로 - 교차로안,승용,남,40세,상해없음,승용,남,25세,경상
2023020900100071,2023년 2월 9일 08시,목요일,부산광역시 부산진구 연지동,경상사고,0,0,1,0,차대차 - 추돌,안전운전불이행,건조,맑음,단일로 - 고가도로위,승용,남,32세,상해없음,승용,남,54세,경상
2023020900100072,2023년 2월 9일 08시,목요일,부산광역시 사상구 학장동,경상사고,0,0,1,0,차대차 - 추돌,차로위반,건조,맑음,단일로 - 기타,승용,남,29세,상해없음,화물,남,38세,경상
2023020900100073,2023년 2월 9일 08시,목요일,부산광역시 기장군 정관읍,중상사고,0,1,1,0,차대차 - 추돌,안전운전불이행,건조,맑음,교차로 - 교차로부근,승용,남,50세,상해없음,승용,여,51세,중상
2023020900100095,2023년 2월 9일 09시,목요일,부산광역시 사상구 학장동,중상사고,0,1,0,0,차대차 - 측면충돌,안전거리미확보,건조,맑음,단일로 - 기타,승용,남,24세,상해없음,이륜,남,77세,중상
2023020900100114,2023년 2월 9일 10시,목요일,부산광역시 기장군 일광읍,부상신고사고,0,0,0,1,차대차 - 측면충돌,교차로운행방법위반,건조,맑음,교차로 - 교차로안,승용,여,46세,상해없음,승용,남,56세,부상신고
2023020900100137,2023년 2월 9일 11시,목요일,부산광역시 동래구 안락동,경상사고,0,0,2,0,차대차 - 기타,안전거리미확보,건조,맑음,단일로 - 기타,승용,여,40세,경상,화물,남,56세,경상
2023020900100170,2023년 2월 9일 12시,목요일,부산광역시 강서구 녹산동,경상사고,0,0,1,0,차대차 - 측면충돌,안전운전불이행,건조,맑음,교차로 - 교차로안,화물,남,54세,상해없음,승용,남,34세,경상
2023020900100200,2023년 2월 9일 13시,목요일,부산광역시 금정구 노포동,경상사고,0,0,1,0,차대차 - 측면충돌,교차로운행방법위반,건조,맑음,교차로 - 교차로안,승용,남,72세,상해없음,승용,여,47세,경상
2023020900100230,2023년 2월 9일 14시,목요일,부산광역시 서구 서대신동3가,경상사고,0,0,2,0,차대차 - 추돌,안전운전불이행,건조,맑음,단일로 - 기타,승용,남,39세,상해없음,승용,남,64세,경상
2023020900100254,2023년 2월 9일 15시,목요일,부산광역시 동래구 사직동,중상사고,0,2,1,0,차대사람 - 횡단중,보행자보호의무위반,건조,맑음,교차로 - 교차로횡단보도내,승합,남,51세,상해없음,보행자,여,79세,중상
2023020900100276,2023년 2월 9일 16시,목요일,부산광역시 남구 대연동,경상사고,0,0,1,0,차대차 - 측면충돌,안전운전불이행,건조,맑음,주차장 - 주차장,승용,여,36세,상해없음,승용,남,28세,경상
2023020900100277,2023년 2월 9일 16시,목요일,부산광역시 금정구 부곡동,중상사고,0,1,0,0,차대사람 - 횡단중,보행자보호의무위반,건조,맑음,교차로 - 교차로안,이륜,남,49세,상해없음,보행자,여,83세,중상
2023020900100278,2023년 2월 9일 16시,목요일,부산광역시 연제구 거제동,중상사고,0,1,0,0,차대사람 - 기타,안전운전불이행,건조,맑음,단일로 - 기타,화물,남,49세,상해없음,보행자,남,71세,중상
2023020900100303,2023년 2월 9일 17시,목요일,부산광역시 부산진구 부전동,사망사고,1,1,0,0,차대차 - 기타,기타,건조,맑음,교차로 - 교차로안,이륜,남,20세,중상,이륜,남,35세,사망
2023020900100304,2023년 2월 9일 17시,목요일,부산광역시 강서구 대저2동,중상사고,0,2,2,0,차대차 - 기타,신호위반,건조,맑음,교차로 - 교차로안,승용,남,73세,경상,승용,남,73세,중상
2023020900100329,2023년 2월 9일 18시,목요일,부산광역시 서구 남부민동,부상신고사고,0,0,0,1,차대차 - 측면충돌,중앙선침범,건조,흐림,교차로 - 교차로안,승용,남,64세,상해없음,이륜,남,54세,부상신고
2023020900100330,2023년 2월 9일 18시,목요일,부산광역시 동래구 온천동,중상사고,0,1,0,0,차대차 - 측면충돌,중앙선침범,건조,흐림,기타 - 기타,승용,남,42세,상해없음,승용,남,44세,중상
2023020900100331,2023년 2월 9일 18시,목요일,부산광역시 부산진구 전포동,중상사고,0,1,0,0,차대차 - 기타,직진우회전진행방해,건조,맑음,교차로 - 교차로안,화물,남,55세,상해없음,자전거,여,32세,중상
2023020900100332,2023년 2월 9일 18시,목요일,부산광역시 강서구 대저1동,중상사고,0,1,0,0,차대차 - 추돌,안전운전불이행,건조,맑음,단일로 - 기타,승용,남,80세,상해없음,승용,여,50세,중상
2023020900100373,2023년 2월 9일 19시,목요일,부산광역시 부산진구 부암동,경상사고,0,0,1,0,차대차 - 정면충돌,불법유턴,건조,맑음,단일로 - 기타,승용,여,47세,상해없음,이륜,남,46세,경상
2023020900100374,2023년 2월 9일 19시,목요일,부산광역시 부산진구 전포동,부상신고사고,0,0,0,1,차대차 - 측면충돌,안전거리미확보,건조,맑음,단일로 - 기타,이륜,남,20세,부상신고,승용,남,71세,상해없음
2023020900100375,2023년 2월 9일 19시,목요일,부산광역시 사상구 감전동,경상사고,0,0,1,0,차대차 - 측면충돌,신호위반,건조,맑음,교차로 - 교차로안,화물,남,69세,기타불명,승용,남,63세,경상
2023020900100376,2023년 2월 9일 19시,목요일,부산광역시 기장군 정관읍,경상사고,0,0,1,0,차대차 - 측면충돌,신호위반,건조,맑음,교차로 - 교차로부근,승용,남,44세,상해없음,승용,남,43세,경상
2023020900100413,2023년 2월 9일 20시,목요일,부산광역시 부산진구 연지동,경상사고,0,0,1,0,차대사람 - 횡단중,보행자보호의무위반,건조,맑음,교차로 - 교차로횡단보도내,승용,여,59세,상해없음,보행자,여,58세,경상
2023020900100437,2023년 2월 9일 21시,목요일,부산광역시 남구 우암동,중상사고,0,1,1,0,차대차 - 추돌,안전운전불이행,젖음/습기,비,단일로 - 기타,승용,남,53세,상해없음,승용,남,61세,경상
2023020900100438,2023년 2월 9일 21시,목요일,부산광역시 부산진구 초읍동,중상사고,0,1,1,0,차대차 - 측면충돌,안전운전불이행,젖음/습기,맑음,교차로 - 교차로부근,승용,남,50세,기타불명,승용,여,53세,경상
2023020900100439,2023년 2월 9일 21시,목요일,부산광역시 금정구 장전동,경상사고,0,0,1,0,차대차 - 측면충돌,교차로운행방법위반,젖음/습기,흐림,교차로 - 교차로안,이륜,남,62세,상해없음,이륜,남,20세,경상
2023020900100440,2023년 2월 9일 21시,목요일,부산광역시 수영구 망미동,경상사고,0,0,1,0,차대사람 - 횡단중,보행자보호의무위반,젖음/습기,비,교차로 - 교차로안,승용,남,54세,상해없음,보행자,여,20세,경상
2023020900100441,2023년 2월 9일 21시,목요일,부산광역시 강서구 명지동,경상사고,0,0,3,0,차대차 - 추돌,안전운전불이행,젖음/습기,비,교차로 - 교차로부근,승용,남,46세,상해없음,승용,남,34세,경상
2023020900100465,2023년 2월 9일 22시,목요일,부산광역시 부산진구 범천동,경상사고,0,0,1,0,차대차 - 측면충돌,안전운전불이행,젖음/습기,비,교차로 - 교차로부근,승용,남,70세,상해없음,이륜,남,25세,경상
2023020900100466,2023년 2월 9일 22시,목요일,부산광역시 부산진구 연지동,경상사고,0,0,1,0,차대차 - 측면충돌,안전운전불이행,젖음/습기,비,단일로 - 기타,승용,남,37세,상해없음,원동기,남,22세,경상
2023020900100467,2023년 2월 9일 22시,목요일,부산광역시 강서구 명지동,중상사고,0,1,0,0,차대차 - 기타,안전운전불이행,젖음/습기,비,단일로 - 기타,승용,남,39세,상해없음,원동기,여,26세,중상
2023021000100041,2023년 2월 10일 05시,금요일,부산광역시 남구 용호동,중상사고,0,1,0,0,차대사람 - 횡단중,신호위반,건조,맑음,단일로 - 기타,이륜,남,69세,상해없음,보행자,남,83세,중상
2023021000100054,2023년 2월 10일 06시,금요일,부산광역시 사하구 구평동,경상사고,0,0,1,0,차대차 - 기타,중앙선침범,젖음/습기,비,단일로 - 기타,승용,남,65세,상해없음,승용,남,60세,경상
2023021000100055,2023년 2월 10일 06시,금요일,부산광역시 강서구 대저2동,중상사고,0,3,0,0,차량단독 - 공작물충돌,안전운전불이행,젖음/습기,맑음,교차로 - 교차로부근,승용,남,66세,상해없음,,,,
2023021000100079,2023년 2월 10일 07시,금요일,부산광역시 해운대구 석대동,경상사고,0,0,1,0,차대사람 - 기타,안전운전불이행,젖음/습기,비,교차로 - 교차로부근,승용,남,74세,상해없음,보행자,여,35세,경상
2023021000100080,2023년 2월 10일 07시,금요일,부산광역시 사하구 장림동,경상사고,0,0,1,0,차대사람 - 횡단중,안전운전불이행,젖음/습기,비,교차로 - 교차로횡단보도내,승용,여,44세,상해없음,보행자,여,66세,경상
2023021000100081,2023년 2월 10일 07시,금요일,부산광역시 강서구 신호동,중상사고,0,1,0,0,차대차 - 추돌,안전거리미확보,젖음/습기,비,단일로 - 기타,승용,여,62세,상해없음,승용,남,33세,중상
2023021000100108,2023년 2월 10일 08시,금요일,부산광역시 사상구 모라동,부상신고사고,0,0,0,1,차대사람 - 기타,안전운전불이행,젖음/습기,비,주차장 - 주차장,승용,여,51세,기타불명,보행자,남,64세,부상신고
2023021000100128,2023년 2월 10일 09시,금요일,부산광역시 중구 중앙동4가,경상사고,0,0,1,0,차대차 - 측면충돌,안전운전불이행,젖음/습기,비,단일로 - 기타,승용,남,59세,상해없음,승용,남,40세,경상
2023021000100129,2023년 2월 10일 09시,금요일,부산광역시 부산진구 부암동,부상신고사고,0,0,0,1,차대차 - 기타,안전운전불이행,젖음/습기,비,교차로 - 교차로부근,이륜,남,59세,부상신고,기타불명,기타불명,미분류,기타불명
2023021000100130,2023년 2월 10일 09시,금요일,부산광역시 사하구 신평동,중상사고,0,1,0,0,차대차 - 기타,안전거리미확보,젖음/습기,비,단일로 - 지하차도(도로)내,화물,남,23세,상해없음,승용,여,66세,중상
2023021000100156,2023년 2월 10일 10시,금요일,부산광역시 서구 암남동,경상사고,0,0,3,0,차대차 - 추돌,안전운전불이행,건조,맑음,단일로 - 터널,화물,남,32세,상해없음,승용,남,65세,경상
2023021000100157,2023년 2월 10일 10시,금요일,부산광역시 연제구 거제동,경상사고,0,0,1,0,차대차 - 기타,직진우회전진행방해,젖음/습기,흐림,교차로 - 교차로안,화물,남,71세,상해없음,원동기,남,42세,경상
2023021000100158,2023년 2월 10일 10시,금요일,부산광역시 사상구 삼락동,경상사고,0,0,1,0,차대차 - 측면충돌,안전운전불이행,건조,맑음,단일로 - 기타,승용,여,59세,상해없음,승용,여,29세,경상
2023021000100180,2023년 2월 10일 11시,금요일,부산광역시 금정구 남산동,중상사고,0,1,0,0,차대차 - 기타,안전운전불이행,건조,맑음,단일로 - 기타,승용,여,48세,상해없음,이륜,남,26세,중상
2023021000100205,2023년 2월 10일 12시,금요일,부산광역시 동래구 안락동,경상사고,0,0,1,0,차대사람 - 횡단중,보행자보호의무위반,건조,맑음,교차로 - 교차로횡단보도내,화물,남,63세,상해없음,보행자,여,53세,경상