사고번호,사고일시,요일,시군구,사고내용,사망자수,중상자수,경상자수,부상신고자수,사고유형,법규위반,노면상태,기상상태,도로형태,가해운전자 차종,가해운전자 성별,가해운전자 연령,가해운전자 상해정도,피해운전자 차종,피해운전자 성별,피해운전자 연령,피해운전자 상해정도
2023021000100206,2023년 2월 10일 12시,금요일,부산광역시 부산진구 연지동,경상사고,0,0,3,0,차대차 - 정면충돌,교차로운행방법위반,건조,맑음,교차로 - 교차로안,승용,여,73세,경상,승용,여,55세,경상
2023021000100207,2023년 2월 10일 12시,금요일,부산광역시 강서구 대저2동,중상사고,0,1,0,0,차량단독 - 기타,안전운전불이행,건조,맑음,교차로 - 교차로부근,승합,남,64세,상해없음,,,,
2023021000100333,2023년 2월 10일 17시,금요일,부산광역시 북구 금곡동,경상사고,0,0,1,0,차대차 - 기타,교차로운행방법위반,건조,맑음,교차로 - 교차로안,승합,남,59세,상해없음,승용,여,62세,경상
2023021000100334,2023년 2월 10일 17시,금요일,부산광역시 기장군 기장읍,중상사고,0,1,0,0,차대사람 - 차도통행중,안전운전불이행,건조,맑음,단일로 - 지하차도(도로)내,승용,남,58세,상해없음,보행자,여,51세,중상
2023021000100371,2023년 2월 10일 18시,금요일,부산광역시 기장군 정관읍,경상사고,0,0,1,0,차대차 - 추돌,안전운전불이행,기타,맑음,교차로 - 교차로부근,승용,여,36세,상해없음,승용,남,52세,경상
2023021000100468,2023년 2월 10일 20시,금요일,부산광역시 부산진구 부전동,경상사고,0,0,1,1,차대차 - 기타,신호위반,건조,맑음,교차로 - 교차로안,원동기,남,18세,부상신고,승용,남,23세,경상
2023021000100520,2023년 2월 10일 22시,금요일,부산광역시 사하구 다대동,부상신고사고,0,0,0,1,차대차 - 추돌,안전운전불이행,건조,맑음,단일로 - 기타,이륜,남,26세,부상신고,승용,남,50세,상해없음
2023021000100547,2023년 2월 10일 23시,금요일,부산광역시 부산진구 범천동,경상사고,0,0,4,0,차대차 - 기타,안전운전불이행,건조,맑음,단일로 - 기타,승용,남,65세,경상,승용,남,35세,경상
2023021100100047,2023년 2월 11일 03시,토요일,부산광역시 부산진구 가야동,경상사고,0,0,1,0,차대차 - 정면충돌,기타,건조,맑음,교차로 - 교차로안,이륜,남,26세,기타불명,승용,남,62세,상해없음
2023021100100069,2023년 2월 11일 06시,토요일,부산광역시 부산진구 부전동,중상사고,0,1,0,0,차대사람 - 기타,안전운전불이행,건조,맑음,단일로 - 기타,화물,남,72세,상해없음,보행자,여,66세,중상
2023021100100086,2023년 2월 11일 07시,토요일,부산광역시 강서구 대저1동,경상사고,0,0,1,0,차대차 - 측면충돌,안전운전불이행,건조,맑음,교차로 - 교차로안,승합,남,57세,상해없음,승용,여,60세,경상
2023021100100099,2023년 2월 11일 08시,토요일,부산광역시 영도구 대교동2가,경상사고,0,0,1,0,차대차 - 기타,안전운전불이행,건조,맑음,교차로 - 교차로안,승합,남,50세,상해없음,승용,여,65세,경상
2023021100100106,2023년 2월 11일 09시,토요일,부산광역시 부산진구 부전동,중상사고,0,1,1,0,차대차 - 기타,안전운전불이행,건조,맑음,단일로 - 기타,이륜,남,22세,중상,승용,남,71세,상해없음
2023021100100128,2023년 2월 11일 10시,토요일,부산광역시 북구 만덕동,경상사고,0,0,3,0,차대차 - 기타,안전운전불이행,건조,맑음,기타 - 기타,화물,남,29세,상해없음,승용,여,40세,경상
2023021100100172,2023년 2월 11일 12시,토요일,부산광역시 동구 좌천동,경상사고,0,0,1,0,차대차 - 추돌,안전운전불이행,건조,맑음,단일로 - 지하차도(도로)내,화물,남,76세,상해없음,승용,여,55세,경상
2023021100100173,2023년 2월 11일 12시,토요일,부산광역시 해운대구 송정동,경상사고,0,0,1,0,차대차 - 기타,교차로운행방법위반,건조,맑음,교차로 - 교차로부근,승용,남,38세,상해없음,자전거,여,62세,경상
2023021100100201,2023년 2월 11일 13시,토요일,부산광역시 동구 범일동,경상사고,0,0,1,0,차대차 - 기타,신호위반,건조,맑음,교차로 - 교차로안,승용,남,67세,상해없음,승합,남,51세,상해없음
2023021100100202,2023년 2월 11일 13시,토요일,부산광역시 남구 용호동,경상사고,0,0,1,0,차대차 - 측면충돌,안전운전불이행,건조,맑음,교차로 - 교차로안,승용,남,78세,상해없음,승용,남,33세,경상
2023021100100203,2023년 2월 11일 13시,토요일,부산광역시 동래구 수안동,중상사고,0,1,0,0,차대차 - 측면충돌,직진우회전진행방해,건조,맑음,교차로 - 교차로안,승용,남,62세,상해없음,이륜,남,45세,중상
2023021100100204,2023년 2월 11일 13시,토요일,부산광역시 동래구 명륜동,중상사고,0,1,0,0,차대차 - 측면충돌,신호위반,건조,맑음,기타 - 기타,이륜,남,31세,상해없음,승합,남,49세,상해없음
2023021100100228,2023년 2월 11일 14시,토요일,부산광역시 동래구 온천동,경상사고,0,0,3,0,차대차 - 측면충돌,안전거리미확보,건조,맑음,기타 - 기타,승용,남,57세,경상,화물,남,30세,경상
2023021100100229,2023년 2월 11일 14시,토요일,부산광역시 사하구 신평동,중상사고,0,1,0,0,차대사람 - 기타,안전운전불이행,건조,맑음,단일로 - 기타,승용,남,77세,상해없음,보행자,여,70세,중상
2023021100100249,2023년 2월 11일 15시,토요일,부산광역시 수영구 수영동,경상사고,0,0,2,0,차대차 - 추돌,안전거리미확보,건조,흐림,단일로 - 기타,이륜,남,30세,기타불명,승용,여,54세,경상
2023021100100276,2023년 2월 11일 16시,토요일,부산광역시 동구 초량동,경상사고,0,0,1,0,차대차 - 기타,안전운전불이행,건조,맑음,단일로 - 기타,승용,여,32세,상해없음,승합,남,48세,경상
2023021100100277,2023년 2월 11일 16시,토요일,부산광역시 강서구 녹산동,경상사고,0,0,3,0,차대차 - 측면충돌,안전운전불이행,건조,흐림,단일로 - 기타,승용,여,51세,기타불명,승용,남,65세,경상
2023021100100311,2023년 2월 11일 17시,토요일,부산광역시 중구 중앙동6가,중상사고,0,2,4,0,차대차 - 기타,차로위반,건조,맑음,단일로 - 기타,승합,남,37세,상해없음,승합,남,48세,상해없음
2023021100100312,2023년 2월 11일 17시,토요일,부산광역시 영도구 봉래동5가,경상사고,0,0,2,0,차대차 - 측면충돌,직진우회전진행방해,건조,흐림,교차로 - 교차로안,승용,남,76세,경상,이륜,남,51세,경상
2023021100100330,2023년 2월 11일 18시,토요일,부산광역시 수영구 남천동,경상사고,0,0,1,0,차대차 - 측면충돌,안전거리미확보,건조,맑음,교차로 - 교차로부근,승용,남,29세,상해없음,이륜,남,29세,경상
2023021100100331,2023년 2월 11일 18시,토요일,부산광역시 북구 만덕동,부상신고사고,0,0,0,1,차량단독 - 기타,기타,건조,맑음,단일로 - 기타,승합,남,45세,상해없음,,,,
2023021100100332,2023년 2월 11일 18시,토요일,부산광역시 부산진구 당감동,경상사고,0,0,2,0,차대차 - 추돌,안전운전불이행,건조,맑음,단일로 - 기타,화물,남,58세,상해없음,승용,여,44세,경상
2023021100100333,2023년 2월 11일 18시,토요일,부산광역시 사상구 모라동,경상사고,0,0,1,0,차대차 - 측면충돌,신호위반,건조,흐림,교차로 - 교차로안,승용,남,65세,상해없음,승용,남,54세,경상
2023021100100384,2023년 2월 11일 20시,토요일,부산광역시 수영구 광안동,경상사고,0,0,1,0,차대사람 - 길가장자리구역통행중,안전운전불이행,건조,맑음,단일로 - 기타,승용,남,57세,상해없음,보행자,남,38세,경상
2023021100100413,2023년 2월 11일 21시,토요일,부산광역시 북구 구포동,경상사고,0,0,2,0,차대차 - 측면충돌,안전운전불이행,건조,맑음,단일로 - 기타,승용,남,53세,상해없음,승용,남,19세,경상
2023021100100460,2023년 2월 11일 23시,토요일,부산광역시 사하구 감천동,경상사고,0,0,1,0,차대사람 - 기타,안전운전불이행,건조,맑음,단일로 - 기타,승용,남,55세,상해없음,보행자,남,54세,경상
2023021200100007,2023년 2월 12일 00시,일요일,부산광역시 부산진구 범천동,경상사고,0,0,1,0,차대차 - 기타,안전운전불이행,건조,맑음,기타 - 기타,이륜,남,48세,상해없음,승용,남,66세,상해없음
2023021200100021,2023년 2월 12일 01시,일요일,부산광역시 남구 대연동,경상사고,0,0,1,0,차대사람 - 기타,신호위반,건조,맑음,단일로 - 기타,이륜,남,33세,상해없음,보행자,남,26세,경상
2023021200100027,2023년 2월 12일 02시,일요일,부산광역시 해운대구 우동,경상사고,0,0,2,0,차대차 - 기타,중앙선침범,건조,맑음,단일로 - 기타,승용,남,22세,상해없음,승용,남,71세,상해없음
2023021200100068,2023년 2월 12일 09시,일요일,부산광역시 부산진구 부암동,중상사고,0,1,0,0,차대사람 - 보도통행중,보행자보호의무위반,건조,맑음,교차로 - 교차로횡단보도내,승용,여,72세,상해없음,보행자,남,67세,중상
2023021200100069,2023년 2월 12일 09시,일요일,부산광역시 사하구 하단동,중상사고,0,1,0,0,차대차 - 기타,안전운전불이행,건조,맑음,단일로 - 기타,승용,여,44세,기타불명,자전거,남,75세,중상
2023021200100099,2023년 2월 12일 11시,일요일,부산광역시 북구 덕천동,경상사고,0,0,1,0,차대차 - 측면충돌,안전운전불이행,건조,맑음,단일로 - 기타,승합,남,50세,상해없음,승용,여,53세,경상
2023021200100100,2023년 2월 12일 11시,일요일,부산광역시 해운대구 좌동,경상사고,0,0,1,0,차대차 - 추돌,안전운전불이행,건조,맑음,단일로 - 기타,승용,남,62세,상해없음,이륜,남,43세,경상
2023021200100101,2023년 2월 12일 11시,일요일,부산광역시 기장군 정관읍,중상사고,0,1,0,0,차대차 - 기타,중앙선침범,건조,맑음,교차로 - 교차로부근,승용,남,46세,상해없음,자전거,여,68세,중상
2023021200100118,2023년 2월 12일 12시,일요일,부산광역시 연제구 연산동,중상사고,0,1,0,0,차대차 - 기타,불법유턴,건조,맑음,교차로 - 교차로안,화물,남,70세,상해없음,원동기,남,56세,중상
2023021200100119,2023년 2월 12일 12시,일요일,부산광역시 강서구 대저1동,경상사고,0,0,1,0,차대차 - 기타,안전거리미확보,건조,맑음,단일로 - 기타,승용,남,61세,상해없음,승용,남,31세,경상
2023021200100136,2023년 2월 12일 13시,일요일,부산광역시 동래구 온천동,경상사고,0,0,6,0,차대차 - 기타,차로위반,건조,맑음,단일로 - 지하차도(도로)내,승용,남,61세,경상,화물,남,60세,경상
2023021200100165,2023년 2월 12일 14시,일요일,부산광역시 해운대구 좌동,중상사고,0,3,7,0,차대차 - 추돌,안전운전불이행,건조,맑음,단일로 - 터널,승용,남,31세,상해없음,승용,남,52세,경상
2023021200100166,2023년 2월 12일 14시,일요일,부산광역시 부산진구 당감동,경상사고,0,0,1,0,차대차 - 측면충돌,중앙선침범,건조,맑음,교차로 - 교차로부근,승용,남,43세,상해없음,이륜,남,38세,경상
2023021200100167,2023년 2월 12일 14시,일요일,부산광역시 부산진구 개금동,경상사고,0,0,1,0,차대차 - 추돌,안전운전불이행,건조,맑음,교차로 - 교차로부근,승용,남,40세,상해없음,이륜,남,36세,경상
2023021200100228,2023년 2월 12일 17시,일요일,부산광역시 동구 수정동,경상사고,0,0,6,0,차대차 - 기타,안전거리미확보,건조,맑음,단일로 - 기타,승용,남,69세,상해없음,승합,남,72세,상해없음
2023021200100246,2023년 2월 12일 18시,일요일,부산광역시 해운대구 중동,경상사고,0,0,1,0,차대차 - 기타,교차로운행방법위반,건조,맑음,교차로 - 교차로안,승용,여,47세,상해없음,승합,남,38세,상해없음
2023021200100247,2023년 2월 12일 18시,일요일,부산광역시 동구 범일동,경상사고,0,0,1,0,차대사람 - 차도통행중,안전운전불이행,건조,맑음,교차로 - 교차로부근,승용,남,68세,상해없음,보행자,여,60세,경상
2023021200100248,2023년 2월 12일 18시,일요일,부산광역시 기장군 기장읍,경상사고,0,0,1,0,차대차 - 기타,안전운전불이행,건조,맑음,교차로 - 교차로안,자전거,여,65세,경상,승용,여,66세,상해없음
2023021200100272,2023년 2월 12일 19시,일요일,부산광역시 부산진구 양정동,경상사고,0,0,2,0,차대차 - 추돌,안전운전불이행,젖음/습기,비,단일로 - 기타,승용,남,33세,상해없음,승용,남,29세,경상
2023021200100294,2023년 2월 12일 20시,일요일,부산광역시 부산진구 부전동,중상사고,0,1,0,0,차대차 - 기타,안전운전불이행,젖음/습기,비,교차로 - 교차로안,원동기,남,55세,상해없음,원동기,남,42세,중상
2023021200100318,2023년 2월 12일 21시,일요일,부산광역시 금정구 장전동,경상사고,0,0,1,0,차대차 - 측면충돌,신호위반,젖음/습기,비,교차로 - 교차로안,승용,여,51세,경상,승용,남,23세,상해없음
2023021200100334,2023년 2월 12일 22시,일요일,부산광역시 수영구 광안동,경상사고,0,0,10,1,차대차 - 측면충돌,안전거리미확보,젖음/습기,맑음,교차로 - 교차로부근,승용,남,25세,기타불명,승용,남,22세,경상
2023021200100335,2023년 2월 12일 22시,일요일,부산광역시 해운대구 우동,경상사고,0,0,1,0,차대차 - 측면충돌,차로위반,건조,맑음,교차로 - 교차로부근,화물,남,19세,상해없음,승용,남,41세,경상
2023021200100336,2023년 2월 12일 22시,일요일,부산광역시 금정구 노포동,경상사고,0,0,1,0,차대차 - 추돌,안전운전불이행,젖음/습기,비,단일로 - 기타,승용,남,42세,상해없음,승용,남,42세,경상
2023021300100011,2023년 2월 13일 02시,월요일,부산광역시 북구 덕천동,경상사고,0,0,2,0,차대차 - 기타,신호위반,젖음/습기,맑음,단일로 - 기타,승용,남,50세,경상,승용,남,60세,경상
2023021300100022,2023년 2월 13일 05시,월요일,부산광역시 사상구 괘법동,중상사고,0,1,0,0,차대사람 - 횡단중,신호위반,젖음/습기,흐림,단일로 - 기타,화물,남,70세,상해없음,보행자,남,76세,중상
2023021300100034,2023년 2월 13일 06시,월요일,부산광역시 수영구 망미동,경상사고,0,0,1,0,차대차 - 측면충돌,교차로운행방법위반,건조,맑음,교차로 - 교차로부근,승용,남,52세,상해없음,승용,남,40세,경상
2023021300100048,2023년 2월 13일 07시,월요일,부산광역시 중구 영주동,중상사고,0,1,1,0,차대차 - 정면충돌,중앙선침범,젖음/습기,비,단일로 - 고가도로위,승용,남,61세,상해없음,승용,여,45세,중상
2023021300100076,2023년 2월 13일 08시,월요일,부산광역시 동래구 명장동,경상사고,0,0,1,0,차대차 - 측면충돌,중앙선침범,젖음/습기,흐림,단일로 - 기타,승용,남,73세,상해없음,승용,남,36세,경상
2023021300100077,2023년 2월 13일 08시,월요일,부산광역시 부산진구 부암동,경상사고,0,0,1,0,차대차 - 측면충돌,안전운전불이행,건조,맑음,주차장 - 주차장,화물,남,65세,상해없음,승용,남,38세,경상
2023021300100078,2023년 2월 13일 08시,월요일,부산광역시 연제구 연산동,경상사고,0,0,1,0,차대사람 - 횡단중,보행자보호의무위반,건조,맑음,기타 - 기타,기타불명,기타불명,미분류,기타불명,보행자,여,27세,경상
2023021300100079,2023년 2월 13일 08시,월요일,부산광역시 사상구 괘법동,경상사고,0,0,1,0,차대차 - 측면충돌,신호위반,건조,맑음,교차로 - 교차로안,승용,남,60세,기타불명,화물,남,60세,경상
2023021300100109,2023년 2월 13일 09시,월요일,부산광역시 부산진구 양정동,경상사고,0,0,2,0,차대차 - 기타,안전거리미확보,건조,맑음,기타 - 기타,화물,남,56세,상해없음,승용,남,43세,경상
2023021300100130,2023년 2월 13일 10시,월요일,부산광역시 중구 남포동4가,경상사고,0,0,1,1,차대차 - 기타,안전운전불이행,건조,맑음,단일로 - 기타,이륜,남,48세,경상,승용,남,70세,부상신고
2023021300100155,2023년 2월 13일 11시,월요일,부산광역시 강서구 명지동,경상사고,0,0,1,0,차대차 - 추돌,안전운전불이행,건조,맑음,단일로 - 지하차도(도로)내,화물,남,65세,상해없음,승용,남,43세,경상
2023021300100174,2023년 2월 13일 12시,월요일,부산광역시 해운대구 좌동,경상사고,0,0,1,0,차대차 - 정면충돌,중앙선침범,건조,맑음,교차로 - 교차로부근,승용,여,52세,상해없음,승용,남,42세,경상
2023021300100201,2023년 2월 13일 13시,월요일,부산광역시 사하구 하단동,경상사고,0,0,2,0,차대차 - 추돌,안전운전불이행,건조,흐림,기타 - 기타,승용,여,37세,상해없음,화물,남,25세,경상
2023021300100202,2023년 2월 13일 13시,월요일,부산광역시 강서구 명지동,중상사고,0,1,0,0,차대차 - 기타,안전운전불이행,건조,맑음,교차로 - 교차로안,승용,남,76세,상해없음,이륜,남,34세,중상
2023021300100225,2023년 2월 13일 14시,월요일,부산광역시 수영구 망미동,경상사고,0,0,2,0,차대차 - 기타,안전운전불이행,건조,맑음,단일로 - 기타,화물,여,57세,상해없음,승용,여,62세,경상
2023021300100254,2023년 2월 13일 15시,월요일,부산광역시 해운대구 우동,경상사고,0,0,5,0,차대차 - 측면충돌,안전운전불이행,건조,맑음,단일로 - 기타,승용,남,52세,경상,화물,남,41세,경상
2023021300100255,2023년 2월 13일 15시,월요일,부산광역시 부산진구 부전동,경상사고,0,0,1,0,차대사람 - 차도통행중,중앙선침범,건조,흐림,단일로 - 기타,승용,여,50세,상해없음,보행자,여,68세,경상
2023021300100256,2023년 2월 13일 15시,월요일,부산광역시 연제구 연산동,경상사고,0,0,1,0,차대차 - 기타,신호위반,건조,맑음,교차로 - 교차로안,승용,여,50세,상해없음,승용,남,40세,경상
2023021300100290,2023년 2월 13일 16시,월요일,부산광역시 해운대구 우동,경상사고,0,0,2,0,차대차 - 측면충돌,안전거리미확보,건조,맑음,단일로 - 기타,승용,남,48세,상해없음,승용,남,20세,경상
2023021300100322,2023년 2월 13일 17시,월요일,부산광역시 남구 대연동,경상사고,0,0,1,0,차대사람 - 기타,안전운전불이행,건조,맑음,교차로 - 교차로부근,승합,남,66세,상해없음,보행자,여,74세,경상
2023021300100323,2023년 2월 13일 17시,월요일,부산광역시 해운대구 재송동,경상사고,0,0,1,0,차대차 - 측면충돌,안전거리미확보,건조,맑음,단일로 - 기타,승용,여,35세,상해없음,승용,남,61세,경상
2023021300100324,2023년 2월 13일 17시,월요일,부산광역시 부산진구 개금동,중상사고,0,1,0,0,차대차 - 기타,안전운전불이행,건조,맑음,교차로 - 교차로부근,이륜,남,30세,중상,승합,남,64세,상해없음
2023021300100325,2023년 2월 13일 17시,월요일,부산광역시 금정구 회동동,중상사고,0,1,0,0,차대차 - 측면충돌,차로위반,건조,맑음,교차로 - 교차로부근,승용,여,74세,중상,화물,남,60세,상해없음
2023021300100326,2023년 2월 13일 17시,월요일,부산광역시 강서구 성북동,경상사고,0,0,1,0,차대차 - 추돌,안전운전불이행,건조,흐림,단일로 - 기타,승용,남,56세,상해없음,승용,남,28세,경상
2023021300100371,2023년 2월 13일 18시,월요일,부산광역시 서구 서대신동3가,경상사고,0,0,1,0,차대차 - 추돌,안전운전불이행,건조,맑음,교차로 - 교차로부근,승용,남,39세,상해없음,승용,남,65세,경상
2023021300100372,2023년 2월 13일 18시,월요일,부산광역시 남구 용호동,부상신고사고,0,0,0,1,차대사람 - 기타,안전운전불이행,건조,맑음,교차로 - 교차로부근,승용,여,51세,상해없음,보행자,여,19세,부상신고
2023021300100373,2023년 2월 13일 18시,월요일,부산광역시 동래구 안락동,경상사고,0,0,1,0,차대차 - 기타,신호위반,건조,맑음,교차로 - 교차로안,승용,여,46세,상해없음,이륜,남,21세,경상
2023021300100374,2023년 2월 13일 18시,월요일,부산광역시 동래구 온천동,경상사고,0,0,1,0,차대차 - 기타,교차로운행방법위반,건조,흐림,교차로 - 교차로안,이륜,남,32세,상해없음,이륜,남,42세,경상
2023021300100375,2023년 2월 13일 18시,월요일,부산광역시 부산진구 범전동,경상사고,0,0,2,0,차대차 - 기타,신호위반,건조,맑음,교차로 - 교차로안,화물,남,52세,상해없음,승용,남,39세,경상
2023021300100376,2023년 2월 13일 18시,월요일,부산광역시 금정구 서동,경상사고,0,0,2,0,차대차 - 기타,교차로운행방법위반,건조,맑음,교차로 - 교차로안,이륜,남,33세,경상,승용,남,59세,경상
2023021300100377,2023년 2월 13일 18시,월요일,부산광역시 강서구 생곡동,경상사고,0,0,1,0,차대차 - 정면충돌,신호위반,건조,맑음,교차로 - 교차로안,승용,남,64세,상해없음,승용,남,41세,경상
2023021300100379,2023년 2월 13일 18시,월요일,부산광역시 사상구 주례동,중상사고,0,1,0,0,차대사람 - 차도통행중,보행자보호의무위반,건조,맑음,교차로 - 교차로안,화물,여,59세,상해없음,보행자,남,54세,중상
2023021300100425,2023년 2월 13일 19시,월요일,부산광역시 동래구 복천동,경상사고,0,0,1,0,차대사람 - 보도통행중,안전운전불이행,건조,맑음,단일로 - 기타,승용,남,75세,상해없음,보행자,남,63세,경상
2023021400100004,2023년 2월 14일 00시,화요일,부산광역시 사상구 괘법동,경상사고,0,0,1,0,차대차 - 측면충돌,안전운전불이행,건조,맑음,단일로 - 기타,승용,남,38세,상해없음,자전거,남,39세,경상
2023021400100016,2023년 2월 14일 01시,화요일,부산광역시 북구 구포동,경상사고,0,0,2,1,차대차 - 측면충돌,신호위반,건조,맑음,교차로 - 교차로안,이륜,남,19세,상해없음,승용,남,40세,경상
2023021400100037,2023년 2월 14일 06시,화요일,부산광역시 남구 문현동,사망사고,1,0,0,0,차대사람 - 횡단중,안전운전불이행,건조,맑음,단일로 - 기타,승용,남,49세,상해없음,보행자,남,44세,사망
2023021400100047,2023년 2월 14일 07시,화요일,부산광역시 중구 중앙동4가,경상사고,0,0,1,0,차대차 - 측면충돌,안전운전불이행,건조,맑음,교차로 - 교차로부근,이륜,남,67세,상해없음,승용,남,54세,경상
2023021400100061,2023년 2월 14일 08시,화요일,부산광역시 북구 만덕동,경상사고,0,0,1,0,차대차 - 기타,중앙선침범,건조,맑음,단일로 - 기타,승용,남,47세,상해없음,승용,남,35세,경상
2023021400100062,2023년 2월 14일 08시,화요일,부산광역시 사상구 모라동,중상사고,0,1,0,0,차대차 - 측면충돌,안전운전불이행,건조,맑음,교차로 - 교차로안,화물,남,62세,상해없음,이륜,남,45세,중상
2023021400100090,2023년 2월 14일 09시,화요일,부산광역시 동래구 안락동,경상사고,0,0,1,0,차대차 - 추돌,안전운전불이행,건조,맑음,단일로 - 기타,승합,남,63세,기타불명,승용,남,29세,경상
2023021400100092,2023년 2월 14일 09시,화요일,부산광역시 강서구 대저2동,부상신고사고,0,0,0,1,차대차 - 기타,안전운전불이행,건조,맑음,교차로 - 교차로안,승용,남,57세,상해없음,화물,남,64세,부상신고
2023021400100107,2023년 2월 14일 10시,화요일,부산광역시 영도구 영선동1가,경상사고,0,0,1,0,차대차 - 측면충돌,안전운전불이행,건조,맑음,기타 - 기타,화물,남,73세,상해없음,승용,남,33세,경상
2023021400100108,2023년 2월 14일 10시,화요일,부산광역시 영도구 봉래동4가,경상사고,0,0,1,0,차대차 - 측면충돌,안전운전불이행,기타,맑음,단일로 - 기타,화물,남,47세,상해없음,이륜,남,48세,경상
2023021400100130,2023년 2월 14일 11시,화요일,부산광역시 연제구 연산동,중상사고,0,1,0,0,차대차 - 기타,신호위반,건조,맑음,교차로 - 교차로안,승용,남,72세,상해없음,화물,남,66세,중상
2023021400100131,2023년 2월 14일 11시,화요일,부산광역시 기장군 정관읍,경상사고,0,0,1,0,차대차 - 측면충돌,안전운전불이행,건조,맑음,교차로 - 교차로안,승용,남,72세,상해없음,승용,여,39세,경상
2023021400100153,2023년 2월 14일 12시,화요일,부산광역시 북구 구포동,경상사고,0,0,1,0,차대차 - 기타,중앙선침범,건조,맑음,단일로 - 기타,승용,여,61세,상해없음,원동기,남,24세,경상
2023021400100154,2023년 2월 14일 12시,화요일,부산광역시 부산진구 부암동,경상사고,0,0,1,1,차대차 - 기타,안전거리미확보,건조,맑음,기타 - 기타,승용,남,55세,상해없음,승용,남,64세,상해없음
2023021400100181,2023년 2월 14일 13시,화요일,부산광역시 영도구 봉래동3가,경상사고,0,0,2,0,차대차 - 기타,안전운전불이행,건조,맑음,교차로 - 교차로안,특수,남,67세,상해없음,승용,여,71세,경상
2023021400100209,2023년 2월 14일 14시,화요일,부산광역시 북구 구포동,부상신고사고,0,0,0,1,차대차 - 기타,안전거리미확보,건조,맑음,단일로 - 기타,승용,여,53세,상해없음,승용,여,55세,부상신고
2023021400100226,2023년 2월 14일 15시,화요일,부산광역시 동래구 안락동,중상사고,0,1,0,0,차대차 - 기타,신호위반,건조,흐림,교차로 - 교차로안,승용,남,72세,상해없음,이륜,남,34세,중상
2023021400100253,2023년 2월 14일 16시,화요일,부산광역시 부산진구 개금동,경상사고,0,0,1,0,차대차 - 기타,안전운전불이행,건조,맑음,단일로 - 기타,이륜,남,46세,경상,승용,남,67세,상해없음
2023021400100254,2023년 2월 14일 16시,화요일,부산광역시 연제구 거제동,경상사고,0,0,2,1,차대차 - 기타,안전거리미확보,건조,맑음,단일로 - 기타,승용,남,69세,상해없음,승합,남,49세,상해없음
2023021400100286,2023년 2월 14일 17시,화요일,부산광역시 동구 초량동,경상사고,0,0,2,0,차대차 - 측면충돌,교차로운행방법위반,건조,맑음,교차로 - 교차로안,승용,여,36세,경상,승용,남,66세,상해없음
2023021400100287,2023년 2월 14일 17시,화요일,부산광역시 부산진구 부전동,경상사고,0,0,1,0,차대사람 - 횡단중,보행자보호의무위반,건조,맑음,교차로 - 교차로횡단보도내,승용,남,31세,상해없음,보행자,남,43세,경상
2023021400100288,2023년 2월 14일 17시,화요일,부산광역시 금정구 두구동,중상사고,0,1,0,0,차량단독 - 도로외이탈 - 기타,안전운전불이행,건조,맑음,단일로 - 기타,화물,남,32세,상해없음,,,,
2023021400100289,2023년 2월 14일 17시,화요일,부산광역시 수영구 망미동,경상사고,0,0,1,0,차대차 - 기타,중앙선침범,건조,맑음,단일로 - 기타,승용,남,51세,상해없음,화물,남,38세,경상
2023021400100290,2023년 2월 14일 17시,화요일,부산광역시 연제구 연산동,경상사고,0,0,1,0,차대사람 - 횡단중,보행자보호의무위반,건조,맑음,교차로 - 교차로횡단보도내,승용,여,64세,상해없음,보행자,남,19세,경상
2023021400100291,2023년 2월 14일 17시,화요일,부산광역시 사상구 감전동,부상신고사고,0,0,0,1,차대차 - 측면충돌,안전거리미확보,건조,맑음,단일로 - 기타,화물,여,60세,상해없음,승용,여,30세,부상신고
2023021400100317,2023년 2월 14일 18시,화요일,부산광역시 수영구 광안동,중상사고,0,1,0,0,차대차 - 기타,신호위반,건조,맑음,교차로 - 교차로안,승용,남,64세,상해없음,이륜,남,33세,중상
2023021400100318,2023년 2월 14일 18시,화요일,부산광역시 남구 대연동,경상사고,0,0,1,0,차대사람 - 보도통행중,안전운전불이행,건조,맑음,단일로 - 기타,승용,남,63세,상해없음,보행자,남,22세,경상
2023021400100364,2023년 2월 14일 19시,화요일,부산광역시 동구 좌천동,경상사고,0,0,2,0,차대차 - 측면충돌,안전운전불이행,건조,맑음,단일로 - 고가도로위,특수,남,41세,상해없음,승용,남,68세,경상
2023021400100365,2023년 2월 14일 19시,화요일,부산광역시 서구 동대신동1가,경상사고,0,0,4,0,차대차 - 추돌,안전운전불이행,건조,기타,교차로 - 교차로안,승용,남,37세,상해없음,승용,남,67세,상해없음
2023021400100366,2023년 2월 14일 19시,화요일,부산광역시 부산진구 양정동,경상사고,0,0,1,0,차대사람 - 기타,안전운전불이행,건조,맑음,단일로 - 기타,화물,남,67세,기타불명,보행자,여,14세,경상
2023021400100393,2023년 2월 14일 20시,화요일,부산광역시 해운대구 중동,경상사고,0,0,1,0,차대사람 - 기타,안전운전불이행,젖음/습기,비,단일로 - 기타,승용,남,62세,상해없음,보행자,남,43세,경상
2023021400100414,2023년 2월 14일 21시,화요일,부산광역시 부산진구 연지동,경상사고,0,0,1,0,차대차 - 추돌,안전운전불이행,건조,맑음,교차로 - 교차로부근,승합,남,56세,상해없음,화물,남,48세,경상