사고번호,사고일시,요일,시군구,사고내용,사망자수,중상자수,경상자수,부상신고자수,사고유형,법규위반,노면상태,기상상태,도로형태,가해운전자 차종,가해운전자 성별,가해운전자 연령,가해운전자 상해정도,피해운전자 차종,피해운전자 성별,피해운전자 연령,피해운전자 상해정도
2023021400100415,2023년 2월 14일 21시,화요일,부산광역시 금정구 서동,경상사고,0,0,1,0,차대사람 - 길가장자리구역통행중,안전운전불이행,건조,맑음,단일로 - 기타,승용,남,75세,상해없음,보행자,남,50세,경상
2023021500100002,2023년 2월 15일 00시,수요일,부산광역시 영도구 대교동2가,중상사고,0,1,0,0,차대사람 - 기타,안전운전불이행,건조,맑음,단일로 - 기타,승용,남,63세,상해없음,보행자,남,72세,중상
2023021500100050,2023년 2월 15일 07시,수요일,부산광역시 사상구 학장동,경상사고,0,0,1,0,차대차 - 측면충돌,안전운전불이행,건조,맑음,교차로 - 교차로부근,승용,남,58세,상해없음,승용,남,47세,경상
2023021500100096,2023년 2월 15일 09시,수요일,부산광역시 부산진구 범천동,경상사고,0,0,1,0,차대차 - 측면충돌,신호위반,건조,맑음,교차로 - 교차로안,원동기,남,17세,경상,승용,남,49세,상해없음
2023021500100097,2023년 2월 15일 09시,수요일,부산광역시 사하구 다대동,경상사고,0,0,1,0,차대사람 - 기타,안전운전불이행,건조,맑음,단일로 - 기타,승용,남,30세,상해없음,보행자,남,51세,경상
2023021500100116,2023년 2월 15일 10시,수요일,부산광역시 수영구 광안동,부상신고사고,0,0,0,1,차대차 - 기타,교차로운행방법위반,건조,맑음,단일로 - 기타,승용,여,58세,상해없음,승합,남,60세,상해없음
2023021500100117,2023년 2월 15일 10시,수요일,부산광역시 동래구 안락동,경상사고,0,0,1,0,차대차 - 기타,기타,건조,맑음,교차로 - 교차로안,화물,남,71세,상해없음,승용,남,67세,상해없음
2023021500100134,2023년 2월 15일 11시,수요일,부산광역시 기장군 기장읍,경상사고,0,0,1,0,차대차 - 추돌,안전거리미확보,건조,맑음,교차로 - 교차로부근,승용,남,55세,상해없음,승용,여,58세,경상
2023021500100167,2023년 2월 15일 12시,수요일,부산광역시 부산진구 개금동,중상사고,0,1,0,0,차대차 - 측면충돌,신호위반,건조,맑음,교차로 - 교차로부근,승용,남,43세,상해없음,이륜,남,48세,중상
2023021500100168,2023년 2월 15일 12시,수요일,부산광역시 기장군 기장읍,중상사고,0,1,0,0,차대차 - 측면충돌,직진우회전진행방해,건조,맑음,교차로 - 교차로안,화물,남,42세,상해없음,자전거,남,53세,중상
2023021500100169,2023년 2월 15일 12시,수요일,부산광역시 금정구 노포동,중상사고,0,4,2,0,차대차 - 측면충돌,안전거리미확보,건조,맑음,단일로 - 기타,승용,남,53세,상해없음,승용,남,65세,경상
2023021500100189,2023년 2월 15일 13시,수요일,부산광역시 부산진구 부암동,경상사고,0,0,1,0,차대차 - 후진중충돌,불법유턴,건조,맑음,교차로 - 교차로부근,승용,남,75세,상해없음,이륜,남,41세,경상
2023021500100190,2023년 2월 15일 13시,수요일,부산광역시 강서구 봉림동,경상사고,0,0,4,0,차대차 - 기타,안전거리미확보,건조,맑음,단일로 - 지하차도(도로)내,승용,남,42세,상해없음,승용,남,34세,경상
2023021500100216,2023년 2월 15일 14시,수요일,부산광역시 부산진구 범천동,경상사고,0,0,2,0,차대차 - 추돌,안전운전불이행,건조,맑음,교차로 - 교차로안,승용,남,55세,상해없음,승용,남,33세,경상
2023021500100217,2023년 2월 15일 14시,수요일,부산광역시 금정구 서동,경상사고,0,0,1,0,차대차 - 측면충돌,직진우회전진행방해,건조,맑음,교차로 - 교차로안,화물,남,33세,상해없음,이륜,남,57세,경상
2023021500100233,2023년 2월 15일 15시,수요일,부산광역시 동구 초량동,경상사고,0,0,1,0,차대차 - 측면충돌,안전운전불이행,건조,맑음,교차로 - 교차로안,특수,남,69세,상해없음,특수,남,42세,경상
2023021500100260,2023년 2월 15일 16시,수요일,부산광역시 기장군 정관읍,중상사고,0,1,0,0,차대사람 - 차도통행중,안전운전불이행,건조,맑음,교차로 - 교차로부근,승합,여,40세,상해없음,보행자,여,76세,중상
2023021500100279,2023년 2월 15일 17시,수요일,부산광역시 사하구 장림동,중상사고,0,1,1,0,차대차 - 측면충돌,중앙선침범,건조,맑음,단일로 - 기타,이륜,남,19세,상해없음,승용,남,31세,중상
2023021500100280,2023년 2월 15일 17시,수요일,부산광역시 기장군 정관읍,중상사고,0,1,0,0,차대차 - 측면충돌,신호위반,건조,맑음,교차로 - 교차로안,이륜,남,33세,중상,승용,여,48세,상해없음
2023021500100315,2023년 2월 15일 18시,수요일,부산광역시 동구 초량동,경상사고,0,0,2,1,차대차 - 측면충돌,안전운전불이행,건조,맑음,교차로 - 교차로부근,승용,여,57세,상해없음,승용,남,70세,부상신고
2023021500100316,2023년 2월 15일 18시,수요일,부산광역시 금정구 부곡동,중상사고,0,1,0,0,차대사람 - 횡단중,안전운전불이행,건조,맑음,단일로 - 기타,승용,여,56세,상해없음,보행자,여,50세,중상
2023021500100317,2023년 2월 15일 18시,수요일,부산광역시 사하구 하단동,경상사고,0,0,1,0,차대사람 - 길가장자리구역통행중,안전운전불이행,건조,맑음,단일로 - 기타,승합,남,63세,상해없음,보행자,남,70세,경상
2023021500100354,2023년 2월 15일 19시,수요일,부산광역시 해운대구 중동,경상사고,0,0,1,0,차대사람 - 기타,안전운전불이행,건조,맑음,교차로 - 교차로부근,승용,여,53세,상해없음,보행자,남,57세,경상
2023021500100355,2023년 2월 15일 19시,수요일,부산광역시 수영구 망미동,중상사고,0,1,0,0,차대사람 - 기타,안전운전불이행,젖음/습기,흐림,교차로 - 교차로안,승용,여,45세,상해없음,보행자,여,69세,중상
2023021500100396,2023년 2월 15일 20시,수요일,부산광역시 북구 화명동,경상사고,0,0,1,0,차대사람 - 기타,보행자보호의무위반,건조,맑음,교차로 - 교차로횡단보도내,승용,남,30세,상해없음,보행자,남,24세,경상
2023021500100397,2023년 2월 15일 20시,수요일,부산광역시 강서구 송정동,경상사고,0,0,3,0,차대차 - 추돌,안전운전불이행,건조,흐림,단일로 - 기타,승용,남,50세,상해없음,승용,남,33세,경상
2023021500100417,2023년 2월 15일 21시,수요일,부산광역시 서구 남부민동,경상사고,0,0,1,0,차대차 - 측면충돌,신호위반,건조,맑음,단일로 - 기타,원동기,남,16세,상해없음,원동기,남,44세,경상
2023021500100418,2023년 2월 15일 21시,수요일,부산광역시 사하구 괴정동,중상사고,0,1,0,0,차대사람 - 기타,안전운전불이행,건조,맑음,단일로 - 기타,승용,남,63세,기타불명,보행자,남,41세,중상
2023021500100441,2023년 2월 15일 22시,수요일,부산광역시 동구 초량동,경상사고,0,0,1,0,차대차 - 추돌,안전운전불이행,건조,맑음,교차로 - 교차로부근,승용,남,38세,상해없음,승용,남,37세,경상
2023021500100442,2023년 2월 15일 22시,수요일,부산광역시 강서구 대저1동,경상사고,0,0,1,0,차대차 - 추돌,안전거리미확보,건조,기타,단일로 - 기타,승용,남,37세,상해없음,승용,남,64세,경상
2023021600100002,2023년 2월 16일 00시,목요일,부산광역시 강서구 신호동,경상사고,0,0,1,0,차대차 - 정면충돌,안전운전불이행,건조,맑음,기타 - 기타,개인형이동수단(PM),남,30세,상해없음,자전거,남,39세,경상
2023021600100030,2023년 2월 16일 03시,목요일,부산광역시 남구 대연동,중상사고,0,2,0,0,차대차 - 기타,교차로운행방법위반,건조,흐림,교차로 - 교차로안,이륜,남,30세,중상,화물,남,50세,상해없음
2023021600100037,2023년 2월 16일 05시,목요일,부산광역시 부산진구 개금동,부상신고사고,0,0,0,1,차량단독 - 기타,안전운전불이행,건조,맑음,교차로 - 교차로횡단보도내,이륜,남,30세,부상신고,,,,
2023021600100045,2023년 2월 16일 06시,목요일,부산광역시 북구 덕천동,중상사고,0,1,0,0,차대사람 - 기타,안전운전불이행,건조,맑음,교차로 - 교차로안,승용,남,68세,상해없음,보행자,여,70세,중상
2023021600100064,2023년 2월 16일 07시,목요일,부산광역시 동구 좌천동,경상사고,0,0,1,0,차대차 - 기타,안전운전불이행,건조,맑음,교차로 - 교차로부근,승용,남,54세,상해없음,이륜,남,59세,경상
2023021600100087,2023년 2월 16일 08시,목요일,부산광역시 동래구 사직동,경상사고,0,0,2,0,차대차 - 기타,신호위반,건조,맑음,단일로 - 기타,승용,남,21세,경상,승용,여,42세,경상
2023021600100113,2023년 2월 16일 09시,목요일,부산광역시 부산진구 부전동,경상사고,0,0,1,0,차대차 - 추돌,안전운전불이행,건조,맑음,교차로 - 교차로안,화물,남,42세,상해없음,승용,여,56세,경상
2023021600100140,2023년 2월 16일 10시,목요일,부산광역시 동구 초량동,중상사고,0,1,0,0,차대차 - 측면충돌,안전거리미확보,건조,맑음,단일로 - 기타,화물,남,51세,상해없음,승용,여,50세,중상
2023021600100141,2023년 2월 16일 10시,목요일,부산광역시 사하구 하단동,경상사고,0,0,1,0,차대차 - 추돌,안전운전불이행,건조,맑음,단일로 - 기타,승합,남,59세,상해없음,화물,남,44세,경상
2023021600100191,2023년 2월 16일 12시,목요일,부산광역시 사상구 감전동,중상사고,0,1,1,0,차대차 - 측면충돌,신호위반,건조,맑음,교차로 - 교차로안,화물,남,71세,상해없음,승합,남,67세,경상
2023021600100205,2023년 2월 16일 13시,목요일,부산광역시 북구 금곡동,경상사고,0,0,1,0,차대차 - 측면충돌,안전거리미확보,건조,맑음,단일로 - 기타,화물,남,59세,상해없음,승용,남,41세,상해없음
2023021600100224,2023년 2월 16일 14시,목요일,부산광역시 부산진구 개금동,경상사고,0,0,1,0,차대사람 - 기타,안전운전불이행,건조,맑음,단일로 - 기타,승용,남,26세,상해없음,보행자,남,49세,경상
2023021600100239,2023년 2월 16일 15시,목요일,부산광역시 해운대구 우동,경상사고,0,0,3,2,차대차 - 정면충돌,직진우회전진행방해,건조,맑음,교차로 - 교차로안,승합,남,38세,경상,승용,여,56세,경상
2023021600100240,2023년 2월 16일 15시,목요일,부산광역시 부산진구 연지동,중상사고,0,1,0,0,차대사람 - 기타,안전운전불이행,건조,맑음,교차로 - 교차로부근,승용,남,57세,상해없음,보행자,여,77세,중상
2023021600100263,2023년 2월 16일 16시,목요일,부산광역시 연제구 연산동,경상사고,0,0,2,0,차대차 - 추돌,안전운전불이행,건조,맑음,단일로 - 기타,승용,남,62세,상해없음,승용,남,60세,경상
2023021600100318,2023년 2월 16일 18시,목요일,부산광역시 서구 부용동1가,경상사고,0,0,2,1,차대차 - 기타,안전운전불이행,건조,맑음,교차로 - 교차로부근,이륜,남,66세,부상신고,승용,남,41세,경상
2023021600100319,2023년 2월 16일 18시,목요일,부산광역시 동래구 수안동,경상사고,0,0,1,0,차대차 - 측면충돌,안전거리미확보,건조,맑음,단일로 - 기타,승용,남,46세,상해없음,승용,남,29세,경상
2023021600100320,2023년 2월 16일 18시,목요일,부산광역시 동래구 안락동,경상사고,0,0,3,0,차대차 - 측면충돌,안전운전불이행,건조,맑음,교차로 - 교차로부근,화물,남,55세,상해없음,승용,여,38세,경상
2023021600100321,2023년 2월 16일 18시,목요일,부산광역시 해운대구 중동,경상사고,0,0,1,0,차대사람 - 횡단중,보행자보호의무위반,건조,맑음,단일로 - 기타,승용,남,69세,상해없음,보행자,여,32세,경상
2023021600100322,2023년 2월 16일 18시,목요일,부산광역시 부산진구 범천동,경상사고,0,0,1,0,차대차 - 기타,안전운전불이행,건조,맑음,단일로 - 기타,자전거,남,58세,상해없음,이륜,남,52세,경상
2023021600100323,2023년 2월 16일 18시,목요일,부산광역시 사하구 장림동,경상사고,0,0,1,0,차대차 - 기타,안전운전불이행,건조,맑음,단일로 - 기타,이륜,남,16세,상해없음,승용,여,70세,경상
2023021600100324,2023년 2월 16일 18시,목요일,부산광역시 기장군 기장읍,중상사고,0,1,0,0,차대사람 - 횡단중,보행자보호의무위반,건조,맑음,교차로 - 교차로부근,승용,여,65세,상해없음,보행자,남,54세,중상
2023021600100325,2023년 2월 16일 18시,목요일,부산광역시 기장군 기장읍,경상사고,0,0,1,0,차대차 - 측면충돌,안전운전불이행,건조,맑음,교차로 - 교차로부근,승용,여,29세,상해없음,이륜,여,50세,경상
2023021600100352,2023년 2월 16일 19시,목요일,부산광역시 사상구 엄궁동,경상사고,0,0,1,0,차대차 - 기타,안전운전불이행,건조,맑음,단일로 - 기타,승용,남,63세,상해없음,이륜,남,25세,경상
2023021600100388,2023년 2월 16일 20시,목요일,부산광역시 부산진구 당감동,경상사고,0,0,2,0,차대차 - 측면충돌,신호위반,건조,맑음,교차로 - 교차로안,승용,남,69세,상해없음,승용,여,40세,경상
2023021700100002,2023년 2월 17일 00시,금요일,부산광역시 강서구 송정동,경상사고,0,0,1,0,차대차 - 정면충돌,중앙선침범,건조,맑음,단일로 - 기타,승용,남,33세,상해없음,화물,남,56세,경상
2023021700100020,2023년 2월 17일 03시,금요일,부산광역시 사상구 엄궁동,중상사고,0,1,0,0,차대차 - 추돌,안전운전불이행,건조,맑음,단일로 - 기타,화물,남,52세,기타불명,화물,남,68세,상해없음
2023021700100075,2023년 2월 17일 08시,금요일,부산광역시 강서구 명지동,경상사고,0,0,1,0,차대차 - 추돌,안전운전불이행,건조,맑음,교차로 - 교차로부근,승용,남,42세,상해없음,승용,여,33세,경상
2023021700100076,2023년 2월 17일 08시,금요일,부산광역시 기장군 기장읍,중상사고,0,1,0,0,차대사람 - 횡단중,보행자보호의무위반,건조,맑음,교차로 - 교차로안,화물,남,41세,상해없음,보행자,남,61세,중상
2023021700100099,2023년 2월 17일 09시,금요일,부산광역시 강서구 대저1동,경상사고,0,0,1,0,차대사람 - 기타,안전운전불이행,건조,맑음,단일로 - 기타,화물,남,65세,상해없음,보행자,남,39세,경상
2023021700100123,2023년 2월 17일 10시,금요일,부산광역시 북구 구포동,경상사고,0,0,1,0,차대차 - 기타,안전운전불이행,건조,맑음,단일로 - 기타,승용,남,58세,상해없음,자전거,여,62세,경상
2023021700100152,2023년 2월 17일 11시,금요일,부산광역시 금정구 남산동,부상신고사고,0,0,0,1,차량단독 - 공작물충돌,안전운전불이행,건조,맑음,단일로 - 기타,승용,여,62세,부상신고,,,,
2023021700100177,2023년 2월 17일 12시,금요일,부산광역시 동래구 명륜동,중상사고,0,1,0,0,차대사람 - 차도통행중,안전운전불이행,건조,맑음,단일로 - 기타,승용,여,66세,상해없음,보행자,여,43세,중상
2023021700100178,2023년 2월 17일 12시,금요일,부산광역시 동래구 안락동,중상사고,0,1,0,0,차대사람 - 횡단중,중앙선침범,건조,맑음,단일로 - 기타,이륜,남,21세,상해없음,보행자,여,48세,중상
2023021700100193,2023년 2월 17일 13시,금요일,부산광역시 해운대구 재송동,경상사고,0,0,1,0,차대차 - 기타,차로위반,건조,맑음,단일로 - 기타,특수,남,70세,상해없음,승용,남,48세,경상
2023021700100194,2023년 2월 17일 13시,금요일,부산광역시 사하구 괴정동,경상사고,0,0,1,0,차대사람 - 차도통행중,안전운전불이행,건조,맑음,단일로 - 기타,화물,남,44세,상해없음,보행자,남,74세,경상
2023021700100243,2023년 2월 17일 15시,금요일,부산광역시 기장군 정관읍,경상사고,0,0,1,0,차대차 - 기타,안전운전불이행,건조,맑음,단일로 - 기타,화물,남,66세,상해없음,승용,남,30세,경상
2023021700100316,2023년 2월 17일 17시,금요일,부산광역시 동구 초량동,경상사고,0,0,1,0,차대차 - 정면충돌,안전운전불이행,건조,맑음,교차로 - 교차로부근,이륜,남,39세,경상,승용,남,44세,상해없음
2023021700100317,2023년 2월 17일 17시,금요일,부산광역시 해운대구 우동,경상사고,0,0,2,0,차대차 - 기타,안전운전불이행,건조,맑음,단일로 - 기타,승용,여,28세,상해없음,승용,여,40세,경상
2023021700100318,2023년 2월 17일 17시,금요일,부산광역시 부산진구 개금동,경상사고,0,0,1,0,차대차 - 측면충돌,안전거리미확보,건조,맑음,단일로 - 기타,승용,남,64세,상해없음,화물,여,56세,상해없음
2023021700100319,2023년 2월 17일 17시,금요일,부산광역시 연제구 연산동,경상사고,0,0,1,0,차대차 - 기타,신호위반,건조,맑음,교차로 - 교차로부근,승용,남,78세,상해없음,이륜,남,29세,경상
2023021700100356,2023년 2월 17일 18시,금요일,부산광역시 수영구 남천동,부상신고사고,0,0,0,1,차대사람 - 횡단중,안전운전불이행,건조,맑음,교차로 - 교차로안,승용,여,39세,상해없음,보행자,남,66세,부상신고
2023021700100357,2023년 2월 17일 18시,금요일,부산광역시 기장군 기장읍,경상사고,0,0,1,0,차대사람 - 차도통행중,안전운전불이행,건조,맑음,단일로 - 기타,승용,여,58세,상해없음,보행자,남,24세,경상
2023021700100392,2023년 2월 17일 19시,금요일,부산광역시 동구 초량동,경상사고,0,0,3,0,차대차 - 측면충돌,기타,건조,맑음,교차로 - 교차로안,승용,남,25세,경상,승용,남,43세,경상
2023021700100393,2023년 2월 17일 19시,금요일,부산광역시 동래구 안락동,중상사고,0,1,0,0,차대사람 - 횡단중,보행자보호의무위반,건조,맑음,교차로 - 교차로부근,승용,남,66세,상해없음,보행자,여,53세,중상
2023021700100394,2023년 2월 17일 19시,금요일,부산광역시 영도구 대교동1가,경상사고,0,0,1,0,차대차 - 기타,안전운전불이행,젖음/습기,비,기타 - 기타,화물,남,67세,상해없음,승용,여,51세,경상
2023021700100395,2023년 2월 17일 19시,금요일,부산광역시 해운대구 중동,경상사고,0,0,3,0,차대차 - 측면충돌,교차로운행방법위반,건조,맑음,교차로 - 교차로안,승용,남,52세,상해없음,승용,남,41세,경상
2023021700100396,2023년 2월 17일 19시,금요일,부산광역시 강서구 녹산동,경상사고,0,0,1,0,차대차 - 측면충돌,신호위반,건조,맑음,단일로 - 기타,승합,남,72세,상해없음,승용,남,59세,경상
2023021700100431,2023년 2월 17일 20시,금요일,부산광역시 영도구 남항동2가,중상사고,0,1,0,0,차대차 - 기타,안전운전불이행,젖음/습기,비,기타 - 기타,승용,여,52세,상해없음,이륜,남,64세,중상
2023021700100432,2023년 2월 17일 20시,금요일,부산광역시 부산진구 당감동,중상사고,0,1,0,0,차대사람 - 횡단중,신호위반,젖음/습기,비,교차로 - 교차로부근,이륜,남,22세,상해없음,보행자,여,63세,중상
2023021700100433,2023년 2월 17일 20시,금요일,부산광역시 금정구 노포동,경상사고,0,0,1,0,차대차 - 추돌,안전운전불이행,건조,맑음,교차로 - 교차로부근,승용,남,26세,상해없음,승용,남,69세,경상
2023021700100434,2023년 2월 17일 20시,금요일,부산광역시 연제구 거제동,경상사고,0,0,1,0,차대차 - 기타,안전거리미확보,건조,맑음,단일로 - 기타,승용,여,53세,기타불명,승용,남,65세,상해없음
2023021700100435,2023년 2월 17일 20시,금요일,부산광역시 강서구 대저2동,경상사고,0,0,4,0,차대차 - 추돌,안전거리미확보,건조,맑음,교차로 - 교차로부근,승용,여,49세,상해없음,승용,남,35세,경상
2023021700100479,2023년 2월 17일 22시,금요일,부산광역시 서구 남부민동,경상사고,0,0,2,0,차대차 - 추돌,안전운전불이행,젖음/습기,비,교차로 - 교차로부근,승용,남,35세,상해없음,승용,여,27세,경상
2023021700100480,2023년 2월 17일 22시,금요일,부산광역시 기장군 일광읍,경상사고,0,0,2,0,차대차 - 추돌,안전거리미확보,젖음/습기,비,교차로 - 교차로부근,승용,남,65세,상해없음,승용,남,28세,경상
2023021700100481,2023년 2월 17일 22시,금요일,부산광역시 강서구 대저1동,중상사고,0,1,1,2,차대차 - 추돌,안전운전불이행,젖음/습기,비,단일로 - 고가도로위,승용,남,53세,경상,승용,남,49세,중상
2023021700100501,2023년 2월 17일 23시,금요일,부산광역시 영도구 대교동2가,경상사고,0,0,5,0,차대차 - 추돌,안전운전불이행,젖음/습기,비,단일로 - 기타,승용,남,52세,상해없음,승합,남,47세,경상
2023021700100502,2023년 2월 17일 23시,금요일,부산광역시 강서구 범방동,부상신고사고,0,0,0,1,차대차 - 측면충돌,안전운전불이행,건조,맑음,교차로 - 교차로부근,승용,남,56세,부상신고,특수,남,52세,상해없음
2023021800100004,2023년 2월 18일 00시,토요일,부산광역시 수영구 광안동,중상사고,0,1,0,0,차대사람 - 차도통행중,안전운전불이행,젖음/습기,비,단일로 - 기타,이륜,남,28세,기타불명,보행자,남,27세,중상
2023021800100016,2023년 2월 18일 01시,토요일,부산광역시 사상구 감전동,경상사고,0,0,1,0,차대사람 - 차도통행중,안전운전불이행,젖음/습기,맑음,단일로 - 기타,화물,남,61세,상해없음,보행자,남,49세,경상
2023021800100025,2023년 2월 18일 02시,토요일,부산광역시 부산진구 부전동,부상신고사고,0,0,0,1,차대사람 - 기타,안전운전불이행,젖음/습기,비,단일로 - 기타,기타불명,기타불명,미분류,기타불명,보행자,남,31세,부상신고
2023021800100026,2023년 2월 18일 02시,토요일,부산광역시 부산진구 전포동,경상사고,0,0,1,1,차대차 - 추돌,안전운전불이행,젖음/습기,비,단일로 - 터널,승용,남,42세,부상신고,화물,남,58세,경상
2023021800100048,2023년 2월 18일 05시,토요일,부산광역시 동래구 온천동,경상사고,0,0,1,0,차대차 - 추돌,안전거리미확보,젖음/습기,맑음,단일로 - 기타,승용,여,36세,상해없음,승용,남,51세,경상
2023021800100049,2023년 2월 18일 05시,토요일,부산광역시 사하구 신평동,경상사고,0,0,2,0,차대차 - 정면충돌,신호위반,건조,맑음,교차로 - 교차로안,승용,여,58세,상해없음,승용,남,40세,경상
2023021800100050,2023년 2월 18일 05시,토요일,부산광역시 강서구 봉림동,경상사고,0,0,1,0,차대차 - 기타,안전운전불이행,젖음/습기,비,단일로 - 기타,특수,남,57세,기타불명,승용,남,59세,경상
2023021800100071,2023년 2월 18일 07시,토요일,부산광역시 강서구 대저2동,경상사고,0,0,1,0,차대사람 - 기타,보행자보호의무위반,건조,맑음,교차로 - 교차로횡단보도내,승용,남,63세,상해없음,보행자,여,62세,경상
2023021800100095,2023년 2월 18일 09시,토요일,부산광역시 북구 덕천동,경상사고,0,0,2,0,차대차 - 정면충돌,중앙선침범,건조,맑음,교차로 - 교차로부근,승용,남,26세,상해없음,승용,남,51세,경상
2023021800100128,2023년 2월 18일 11시,토요일,부산광역시 동래구 온천동,경상사고,0,0,6,0,차대차 - 추돌,안전거리미확보,건조,맑음,단일로 - 기타,화물,남,57세,상해없음,승용,남,41세,경상
2023021800100129,2023년 2월 18일 11시,토요일,부산광역시 해운대구 반여동,중상사고,0,1,0,0,차대사람 - 기타,신호위반,건조,맑음,교차로 - 교차로횡단보도내,승용,남,54세,상해없음,보행자,여,62세,중상
2023021800100130,2023년 2월 18일 11시,토요일,부산광역시 사하구 하단동,중상사고,0,1,0,0,차대사람 - 횡단중,보행자보호의무위반,건조,맑음,교차로 - 교차로부근,승용,여,38세,상해없음,보행자,여,69세,중상
2023021800100131,2023년 2월 18일 11시,토요일,부산광역시 연제구 거제동,경상사고,0,0,2,0,차대차 - 기타,안전운전불이행,건조,맑음,교차로 - 교차로부근,이륜,남,36세,기타불명,승용,남,42세,경상
2023021800100164,2023년 2월 18일 13시,토요일,부산광역시 강서구 대저1동,중상사고,0,1,0,0,차대차 - 추돌,안전운전불이행,건조,맑음,교차로 - 교차로부근,승용,여,47세,상해없음,이륜,남,79세,중상
2023021800100165,2023년 2월 18일 13시,토요일,부산광역시 강서구 명지동,경상사고,0,0,1,0,차대차 - 기타,신호위반,건조,맑음,교차로 - 교차로부근,승용,남,70세,상해없음,승용,여,42세,경상
2023021800100197,2023년 2월 18일 14시,토요일,부산광역시 연제구 거제동,경상사고,0,0,3,0,차대차 - 추돌,안전운전불이행,건조,맑음,단일로 - 기타,승용,여,53세,상해없음,승용,남,61세,경상
2023021800100217,2023년 2월 18일 15시,토요일,부산광역시 동구 초량동,중상사고,0,1,0,0,차대사람 - 횡단중,안전운전불이행,건조,맑음,단일로 - 기타,승합,남,62세,상해없음,보행자,남,68세,중상
2023021800100218,2023년 2월 18일 15시,토요일,부산광역시 부산진구 전포동,경상사고,0,0,2,0,차대차 - 측면충돌,안전거리미확보,건조,맑음,교차로 - 교차로안,승용,남,68세,상해없음,승용,남,30세,경상
2023021800100219,2023년 2월 18일 15시,토요일,부산광역시 연제구 연산동,경상사고,0,0,1,0,차대차 - 추돌,안전운전불이행,건조,맑음,기타 - 기타,승용,남,70세,상해없음,승용,남,30세,상해없음
2023021800100245,2023년 2월 18일 16시,토요일,부산광역시 해운대구 중동,경상사고,0,0,2,0,차대사람 - 보도통행중,신호위반,건조,맑음,교차로 - 교차로부근,화물,남,60세,상해없음,보행자,여,68세,경상
2023021800100316,2023년 2월 18일 19시,토요일,부산광역시 북구 화명동,중상사고,0,1,0,0,차대사람 - 횡단중,보행자보호의무위반,건조,맑음,단일로 - 기타,승용,남,67세,상해없음,보행자,여,24세,중상
2023021800100350,2023년 2월 18일 20시,토요일,부산광역시 수영구 민락동,경상사고,0,0,2,0,차대차 - 측면충돌,안전운전불이행,건조,맑음,교차로 - 교차로안,승용,여,28세,상해없음,승용,남,56세,상해없음
2023021800100371,2023년 2월 18일 21시,토요일,부산광역시 남구 대연동,경상사고,0,0,2,0,차대차 - 측면충돌,교차로운행방법위반,젖음/습기,비,교차로 - 교차로안,승용,남,36세,경상,이륜,남,43세,경상
2023021800100372,2023년 2월 18일 21시,토요일,부산광역시 동래구 온천동,경상사고,0,0,1,0,차대사람 - 기타,안전운전불이행,건조,맑음,단일로 - 기타,승용,남,38세,상해없음,보행자,남,36세,경상
2023021800100391,2023년 2월 18일 22시,토요일,부산광역시 수영구 민락동,경상사고,0,0,1,1,차대차 - 정면충돌,안전운전불이행,건조,흐림,단일로 - 기타,자전거,남,14세,부상신고,자전거,남,54세,경상
2023021800100392,2023년 2월 18일 22시,토요일,부산광역시 수영구 광안동,중상사고,0,1,0,0,차대차 - 기타,안전운전불이행,건조,맑음,단일로 - 기타,화물,남,36세,상해없음,원동기,남,38세,중상
2023021800100410,2023년 2월 18일 23시,토요일,부산광역시 남구 대연동,경상사고,0,0,1,0,차대차 - 측면충돌,안전거리미확보,건조,맑음,단일로 - 기타,승용,남,68세,상해없음,승용,남,25세,경상
2023021900100003,2023년 2월 19일 00시,일요일,부산광역시 동래구 사직동,경상사고,0,0,6,0,차대차 - 정면충돌,신호위반,건조,흐림,교차로 - 교차로안,승용,남,19세,상해없음,승용,남,70세,경상
2023021900100041,2023년 2월 19일 04시,일요일,부산광역시 부산진구 가야동,경상사고,0,0,1,0,차대사람 - 횡단중,안전운전불이행,젖음/습기,흐림,교차로 - 교차로횡단보도내,화물,남,57세,상해없음,보행자,남,59세,경상
2023021900100052,2023년 2월 19일 06시,일요일,부산광역시 연제구 거제동,경상사고,0,0,2,0,차대차 - 추돌,안전운전불이행,건조,맑음,교차로 - 교차로부근,승용,여,35세,상해없음,승용,남,54세,경상
2023021900100067,2023년 2월 19일 09시,일요일,부산광역시 사하구 하단동,중상사고,0,1,0,0,차대사람 - 기타,안전운전불이행,건조,맑음,단일로 - 기타,승용,남,63세,상해없음,보행자,여,73세,중상
2023021900100068,2023년 2월 19일 09시,일요일,부산광역시 사상구 모라동,경상사고,0,0,2,0,차대차 - 기타,안전운전불이행,건조,맑음,기타 - 기타,승용,여,63세,상해없음,승용,여,30세,경상
2023021900100088,2023년 2월 19일 11시,일요일,부산광역시 사하구 감천동,경상사고,0,0,1,0,차대차 - 기타,안전운전불이행,건조,맑음,단일로 - 기타,승용,남,42세,상해없음,승용,남,44세,경상
2023021900100089,2023년 2월 19일 11시,일요일,부산광역시 사하구 당리동,중상사고,0,1,0,0,차대사람 - 기타,안전운전불이행,건조,맑음,단일로 - 기타,승용,남,66세,상해없음,보행자,남,64세,중상