사고번호,사고일시,요일,시군구,사고내용,사망자수,중상자수,경상자수,부상신고자수,사고유형,법규위반,노면상태,기상상태,도로형태,가해운전자 차종,가해운전자 성별,가해운전자 연령,가해운전자 상해정도,피해운전자 차종,피해운전자 성별,피해운전자 연령,피해운전자 상해정도
2023022300100352,2023년 2월 23일 18시,목요일,부산광역시 해운대구 반여동,경상사고,0,0,1,0,차대사람 - 횡단중,보행자보호의무위반,건조,맑음,단일로 - 기타,이륜,남,38세,상해없음,보행자,여,67세,경상
2023022300100353,2023년 2월 23일 18시,목요일,부산광역시 사하구 하단동,중상사고,0,1,0,0,차대차 - 추돌,안전거리미확보,건조,맑음,단일로 - 기타,승용,여,26세,상해없음,화물,남,57세,중상
2023022300100354,2023년 2월 23일 18시,목요일,부산광역시 수영구 망미동,경상사고,0,0,1,0,차대차 - 추돌,안전운전불이행,건조,맑음,교차로 - 교차로부근,승용,남,26세,상해없음,승용,여,33세,경상
2023022300100423,2023년 2월 23일 20시,목요일,부산광역시 수영구 민락동,경상사고,0,0,1,0,차대사람 - 차도통행중,안전운전불이행,건조,맑음,단일로 - 기타,승용,남,61세,상해없음,보행자,여,31세,경상
2023022300100424,2023년 2월 23일 20시,목요일,부산광역시 영도구 봉래동5가,경상사고,0,0,1,0,차대차 - 기타,안전운전불이행,건조,맑음,단일로 - 기타,화물,남,61세,상해없음,이륜,남,61세,경상
2023022300100449,2023년 2월 23일 21시,목요일,부산광역시 북구 화명동,경상사고,0,0,1,0,차량단독 - 기타,안전운전불이행,건조,맑음,단일로 - 기타,승용,남,63세,상해없음,,,,
2023022300100464,2023년 2월 23일 22시,목요일,부산광역시 사하구 하단동,경상사고,0,0,1,0,차대차 - 기타,안전운전불이행,건조,맑음,교차로 - 교차로부근,원동기,남,26세,경상,승용,남,62세,상해없음
2023022400100021,2023년 2월 24일 02시,금요일,부산광역시 수영구 민락동,경상사고,0,0,1,0,차대차 - 기타,안전운전불이행,건조,맑음,단일로 - 기타,승용,남,28세,상해없음,승용,남,63세,경상
2023022400100056,2023년 2월 24일 07시,금요일,부산광역시 해운대구 재송동,경상사고,0,0,1,0,차대차 - 측면충돌,직진우회전진행방해,건조,흐림,교차로 - 교차로안,승용,남,57세,경상,승용,여,32세,상해없음
2023022400100080,2023년 2월 24일 08시,금요일,부산광역시 사상구 감전동,중상사고,0,1,0,0,차대차 - 측면충돌,불법유턴,건조,맑음,단일로 - 기타,화물,남,69세,상해없음,승용,남,34세,중상
2023022400100113,2023년 2월 24일 09시,금요일,부산광역시 해운대구 재송동,중상사고,0,1,0,0,차대차 - 기타,교차로운행방법위반,건조,맑음,교차로 - 교차로안,승용,남,31세,상해없음,이륜,남,32세,중상
2023022400100114,2023년 2월 24일 09시,금요일,부산광역시 사하구 괴정동,중상사고,0,1,0,0,차대사람 - 차도통행중,안전운전불이행,건조,맑음,단일로 - 기타,화물,남,59세,상해없음,보행자,여,68세,중상
2023022400100146,2023년 2월 24일 10시,금요일,부산광역시 남구 문현동,부상신고사고,0,0,0,1,차대사람 - 차도통행중,안전운전불이행,건조,맑음,교차로 - 교차로안,화물,남,24세,상해없음,보행자,남,68세,부상신고
2023022400100147,2023년 2월 24일 10시,금요일,부산광역시 부산진구 당감동,경상사고,0,0,1,0,차량단독 - 기타,안전운전불이행,건조,맑음,단일로 - 기타,승합,남,51세,상해없음,,,,
2023022400100184,2023년 2월 24일 11시,금요일,부산광역시 부산진구 부전동,경상사고,0,0,1,0,차대차 - 추돌,안전운전불이행,건조,맑음,교차로 - 교차로안,승합,남,63세,상해없음,승용,남,48세,경상
2023022400100242,2023년 2월 24일 13시,금요일,부산광역시 해운대구 재송동,부상신고사고,0,0,0,1,차대차 - 측면충돌,중앙선침범,건조,맑음,교차로 - 교차로부근,승용,여,43세,상해없음,이륜,남,67세,부상신고
2023022400100243,2023년 2월 24일 13시,금요일,부산광역시 강서구 송정동,중상사고,0,1,2,0,차대차 - 측면충돌,신호위반,건조,맑음,교차로 - 교차로안,화물,남,61세,경상,승용,여,51세,경상
2023022400100295,2023년 2월 24일 15시,금요일,부산광역시 영도구 영선동1가,중상사고,0,1,0,0,차대차 - 기타,중앙선침범,건조,맑음,교차로 - 교차로부근,승용,남,59세,상해없음,이륜,남,69세,중상
2023022400100296,2023년 2월 24일 15시,금요일,부산광역시 부산진구 부전동,중상사고,0,1,0,1,차대차 - 측면충돌,기타,건조,맑음,교차로 - 교차로안,이륜,남,42세,부상신고,이륜,남,41세,중상
2023022400100297,2023년 2월 24일 15시,금요일,부산광역시 부산진구 개금동,경상사고,0,0,1,0,차대차 - 측면충돌,차로위반,건조,맑음,단일로 - 고가도로위,승용,남,27세,상해없음,승용,남,52세,경상
2023022400100330,2023년 2월 24일 16시,금요일,부산광역시 남구 용당동,경상사고,0,0,1,0,차대차 - 정면충돌,안전거리미확보,건조,맑음,단일로 - 기타,승용,남,62세,상해없음,이륜,여,21세,경상
2023022400100331,2023년 2월 24일 16시,금요일,부산광역시 부산진구 개금동,중상사고,0,1,3,0,차대차 - 측면충돌,기타,건조,맑음,교차로 - 교차로안,승용,남,57세,경상,이륜,남,55세,중상
2023022400100364,2023년 2월 24일 17시,금요일,부산광역시 남구 대연동,경상사고,0,0,1,0,차대차 - 추돌,불법유턴,건조,맑음,교차로 - 교차로안,승용,남,59세,상해없음,승용,남,36세,상해없음
2023022400100366,2023년 2월 24일 17시,금요일,부산광역시 연제구 연산동,중상사고,0,1,0,0,차대사람 - 기타,안전운전불이행,건조,맑음,단일로 - 기타,화물,남,66세,상해없음,보행자,남,13세,중상
2023022400100405,2023년 2월 24일 18시,금요일,부산광역시 중구 남포동1가,중상사고,0,1,1,0,차대차 - 추돌,안전운전불이행,건조,맑음,단일로 - 기타,승용,남,49세,상해없음,승용,남,59세,경상
2023022400100406,2023년 2월 24일 18시,금요일,부산광역시 해운대구 중동,경상사고,0,0,2,0,차대차 - 측면충돌,안전운전불이행,건조,맑음,단일로 - 기타,승합,남,52세,상해없음,승용,남,45세,경상
2023022400100407,2023년 2월 24일 18시,금요일,부산광역시 부산진구 가야동,중상사고,0,1,0,0,차대사람 - 횡단중,안전운전불이행,건조,맑음,교차로 - 교차로부근,승용,남,54세,상해없음,보행자,여,70세,중상
2023022400100446,2023년 2월 24일 19시,금요일,부산광역시 수영구 광안동,경상사고,0,0,2,0,차대차 - 기타,교차로운행방법위반,건조,맑음,교차로 - 교차로부근,승용,남,57세,기타불명,승합,남,39세,상해없음
2023022400100447,2023년 2월 24일 19시,금요일,부산광역시 동래구 사직동,경상사고,0,0,1,0,차대사람 - 차도통행중,안전운전불이행,건조,맑음,단일로 - 기타,승용,남,48세,상해없음,보행자,남,71세,경상
2023022400100448,2023년 2월 24일 19시,금요일,부산광역시 해운대구 중동,경상사고,0,0,2,0,차대차 - 측면충돌,안전운전불이행,건조,맑음,주차장 - 주차장,승용,남,48세,상해없음,승용,남,38세,경상
2023022400100449,2023년 2월 24일 19시,금요일,부산광역시 금정구 남산동,경상사고,0,0,3,0,차대차 - 후진중충돌,안전운전불이행,건조,맑음,단일로 - 기타,승용,남,61세,상해없음,승용,남,41세,경상
2023022400100486,2023년 2월 24일 20시,금요일,부산광역시 수영구 민락동,경상사고,0,0,1,0,차대차 - 측면충돌,신호위반,건조,맑음,교차로 - 교차로안,승용,남,82세,상해없음,승용,남,48세,경상
2023022400100487,2023년 2월 24일 20시,금요일,부산광역시 남구 대연동,경상사고,0,0,1,0,차대차 - 기타,안전운전불이행,건조,맑음,단일로 - 기타,승용,남,29세,상해없음,승용,남,57세,경상
2023022400100488,2023년 2월 24일 20시,금요일,부산광역시 동래구 온천동,경상사고,0,0,2,0,차대차 - 기타,교차로운행방법위반,건조,맑음,단일로 - 기타,승용,여,38세,기타불명,승용,남,25세,경상
2023022400100489,2023년 2월 24일 20시,금요일,부산광역시 동래구 안락동,경상사고,0,0,1,0,차대차 - 추돌,기타,건조,흐림,교차로 - 교차로부근,승용,남,63세,상해없음,승용,여,30세,경상
2023022400100515,2023년 2월 24일 21시,금요일,부산광역시 북구 금곡동,중상사고,0,1,0,0,차대차 - 기타,안전운전불이행,건조,맑음,교차로 - 교차로부근,승용,남,60세,기타불명,원동기,남,36세,중상
2023022400100516,2023년 2월 24일 21시,금요일,부산광역시 해운대구 송정동,부상신고사고,0,0,0,1,차량단독 - 전도전복 - 전도,안전운전불이행,건조,맑음,단일로 - 기타,이륜,여,24세,부상신고,,,,
2023022400100517,2023년 2월 24일 21시,금요일,부산광역시 해운대구 반여동,부상신고사고,0,0,0,1,차대차 - 후진중충돌,신호위반,건조,맑음,교차로 - 교차로안,이륜,남,25세,부상신고,승용,남,64세,상해없음
2023022500100004,2023년 2월 25일 00시,토요일,부산광역시 수영구 광안동,중상사고,0,1,0,0,차대차 - 측면충돌,신호위반,건조,맑음,교차로 - 교차로안,승용,남,58세,상해없음,이륜,남,26세,중상
2023022500100017,2023년 2월 25일 01시,토요일,부산광역시 부산진구 부전동,경상사고,0,0,1,0,차대사람 - 기타,안전운전불이행,건조,맑음,단일로 - 기타,승용,남,71세,상해없음,보행자,남,53세,경상
2023022500100018,2023년 2월 25일 01시,토요일,부산광역시 연제구 연산동,중상사고,0,1,0,0,차대차 - 기타,안전거리미확보,건조,맑음,교차로 - 교차로부근,승용,남,34세,기타불명,승용,남,69세,중상
2023022500100039,2023년 2월 25일 04시,토요일,부산광역시 남구 감만동,부상신고사고,0,0,0,1,차량단독 - 공작물충돌,안전운전불이행,건조,맑음,단일로 - 기타,승용,남,46세,부상신고,,,,
2023022500100086,2023년 2월 25일 08시,토요일,부산광역시 사상구 삼락동,경상사고,0,0,1,0,차대차 - 측면충돌,안전운전불이행,건조,맑음,교차로 - 교차로안,승용,남,71세,상해없음,승용,남,53세,경상
2023022500100103,2023년 2월 25일 09시,토요일,부산광역시 동래구 명장동,중상사고,0,1,0,0,차대차 - 정면충돌,중앙선침범,건조,맑음,교차로 - 교차로안,승합,남,44세,상해없음,이륜,남,43세,중상
2023022500100128,2023년 2월 25일 10시,토요일,부산광역시 중구 부평동4가,경상사고,0,0,2,0,차대차 - 기타,안전운전불이행,건조,맑음,교차로 - 교차로안,승용,남,37세,경상,이륜,남,61세,경상
2023022500100129,2023년 2월 25일 10시,토요일,부산광역시 중구 부평동2가,경상사고,0,0,1,0,차대차 - 측면충돌,안전운전불이행,건조,맑음,교차로 - 교차로부근,이륜,남,61세,상해없음,이륜,남,36세,경상
2023022500100130,2023년 2월 25일 10시,토요일,부산광역시 동구 범일동,중상사고,0,1,0,0,차대차 - 기타,안전거리미확보,건조,맑음,단일로 - 기타,승용,남,30세,상해없음,이륜,남,64세,중상
2023022500100131,2023년 2월 25일 10시,토요일,부산광역시 부산진구 당감동,경상사고,0,0,1,0,차대사람 - 기타,안전운전불이행,건조,맑음,단일로 - 기타,자전거,남,66세,기타불명,보행자,여,86세,경상
2023022500100132,2023년 2월 25일 10시,토요일,부산광역시 강서구 범방동,경상사고,0,0,1,0,차대차 - 추돌,안전운전불이행,건조,맑음,단일로 - 기타,건설기계,남,62세,상해없음,승용,남,28세,경상
2023022500100165,2023년 2월 25일 11시,토요일,부산광역시 연제구 거제동,경상사고,0,0,1,0,차대차 - 기타,신호위반,건조,맑음,교차로 - 교차로횡단보도내,승용,여,43세,상해없음,이륜,남,27세,경상
2023022500100166,2023년 2월 25일 11시,토요일,부산광역시 연제구 연산동,경상사고,0,0,1,0,차대차 - 기타,안전운전불이행,건조,맑음,교차로 - 교차로안,화물,남,75세,상해없음,승용,남,62세,상해없음
2023022500100167,2023년 2월 25일 11시,토요일,부산광역시 강서구 송정동,중상사고,0,1,5,0,차대차 - 추돌,안전운전불이행,건조,맑음,교차로 - 교차로부근,승용,남,64세,상해없음,승용,여,57세,중상
2023022500100238,2023년 2월 25일 13시,토요일,부산광역시 남구 문현동,경상사고,0,0,1,0,차대차 - 정면충돌,안전운전불이행,건조,맑음,교차로 - 교차로안,승용,남,38세,상해없음,승용,남,37세,경상
2023022500100240,2023년 2월 25일 13시,토요일,부산광역시 부산진구 당감동,경상사고,0,0,1,0,차대차 - 추돌,안전거리미확보,건조,맑음,교차로 - 교차로부근,승용,남,80세,상해없음,이륜,남,50세,경상
2023022500100241,2023년 2월 25일 13시,토요일,부산광역시 강서구 명지동,중상사고,0,1,0,0,차대차 - 측면충돌,안전운전불이행,건조,맑음,단일로 - 기타,화물,남,52세,상해없음,이륜,남,26세,중상
2023022500100320,2023년 2월 25일 15시,토요일,부산광역시 영도구 남항동3가,경상사고,0,0,1,0,차대차 - 추돌,안전운전불이행,건조,맑음,기타 - 기타,승용,남,26세,상해없음,자전거,남,82세,경상
2023022500100321,2023년 2월 25일 15시,토요일,부산광역시 부산진구 개금동,경상사고,0,0,1,0,차대차 - 기타,교차로운행방법위반,건조,맑음,교차로 - 교차로안,승용,여,55세,상해없음,이륜,남,55세,경상
2023022500100354,2023년 2월 25일 16시,토요일,부산광역시 동래구 사직동,경상사고,0,0,1,0,차대차 - 후진중충돌,안전운전불이행,건조,맑음,기타 - 기타,화물,남,55세,상해없음,승용,남,60세,상해없음
2023022500100505,2023년 2월 25일 21시,토요일,부산광역시 금정구 부곡동,경상사고,0,0,1,1,차대차 - 측면충돌,안전운전불이행,건조,맑음,교차로 - 교차로안,승용,남,29세,경상,승합,남,48세,상해없음
2023022500100534,2023년 2월 25일 23시,토요일,부산광역시 기장군 일광읍,경상사고,0,0,3,1,차대차 - 추돌,안전운전불이행,건조,맑음,단일로 - 기타,승용,남,40세,상해없음,승용,남,29세,경상
2023022600100009,2023년 2월 26일 01시,일요일,부산광역시 동구 초량동,경상사고,0,0,1,0,차대사람 - 차도통행중,안전운전불이행,건조,맑음,단일로 - 기타,승용,남,65세,상해없음,보행자,남,26세,경상
2023022600100010,2023년 2월 26일 01시,일요일,부산광역시 사하구 감천동,부상신고사고,0,0,0,1,차량단독 - 기타,안전운전불이행,건조,맑음,단일로 - 기타,승용,남,61세,상해없음,,,,
2023022600100043,2023년 2월 26일 06시,일요일,부산광역시 동구 범일동,부상신고사고,0,0,0,1,차량단독 - 공작물충돌,안전운전불이행,건조,맑음,단일로 - 기타,승합,남,44세,부상신고,,,,
2023022600100052,2023년 2월 26일 08시,일요일,부산광역시 동래구 안락동,경상사고,0,0,1,0,차대차 - 기타,안전운전불이행,건조,맑음,단일로 - 기타,자전거,남,76세,상해없음,자전거,남,37세,경상
2023022600100101,2023년 2월 26일 11시,일요일,부산광역시 강서구 명지동,경상사고,0,0,1,0,차대사람 - 차도통행중,안전운전불이행,건조,맑음,단일로 - 지하차도(도로)내,승용,남,37세,상해없음,보행자,남,65세,경상
2023022600100120,2023년 2월 26일 12시,일요일,부산광역시 중구 중앙동6가,중상사고,0,5,16,0,차대차 - 기타,신호위반,건조,맑음,교차로 - 교차로부근,승용,남,59세,상해없음,승합,남,44세,상해없음
2023022600100121,2023년 2월 26일 12시,일요일,부산광역시 해운대구 우동,중상사고,0,1,0,0,차대사람 - 기타,안전운전불이행,건조,맑음,교차로 - 교차로부근,승용,여,40세,상해없음,보행자,여,67세,중상
2023022600100156,2023년 2월 26일 13시,일요일,부산광역시 동래구 안락동,중상사고,0,1,4,0,차대차 - 기타,신호위반,건조,맑음,교차로 - 교차로안,이륜,남,22세,중상,승용,남,43세,경상
2023022600100157,2023년 2월 26일 13시,일요일,부산광역시 영도구 영선동4가,중상사고,0,1,3,0,차대차 - 추돌,안전운전불이행,건조,맑음,교차로 - 교차로안,이륜,남,62세,기타불명,승용,남,66세,중상
2023022600100158,2023년 2월 26일 13시,일요일,부산광역시 강서구 죽동동,경상사고,0,0,1,0,차대차 - 추돌,안전운전불이행,건조,맑음,교차로 - 교차로부근,승용,남,60세,상해없음,승용,남,49세,경상
2023022600100190,2023년 2월 26일 14시,일요일,부산광역시 동구 범일동,경상사고,0,0,1,0,차대사람 - 차도통행중,안전운전불이행,건조,맑음,교차로 - 교차로안,승용,남,71세,상해없음,보행자,남,60세,경상
2023022600100191,2023년 2월 26일 14시,일요일,부산광역시 사상구 감전동,경상사고,0,0,1,0,차대차 - 기타,안전운전불이행,건조,맑음,교차로 - 교차로부근,특수,남,36세,기타불명,승용,여,28세,경상
2023022600100192,2023년 2월 26일 14시,일요일,부산광역시 기장군 기장읍,경상사고,0,0,2,0,차대차 - 정면충돌,교차로운행방법위반,건조,맑음,교차로 - 교차로안,승용,남,23세,상해없음,승용,남,31세,경상
2023022600100193,2023년 2월 26일 14시,일요일,부산광역시 기장군 장안읍,경상사고,0,0,2,0,차대차 - 추돌,안전거리미확보,건조,맑음,교차로 - 교차로부근,승용,남,63세,기타불명,승용,여,31세,경상
2023022600100238,2023년 2월 26일 16시,일요일,부산광역시 해운대구 우동,부상신고사고,0,0,0,2,차대차 - 추돌,안전운전불이행,건조,맑음,교차로 - 교차로부근,이륜,남,27세,상해없음,승용,남,32세,부상신고
2023022600100265,2023년 2월 26일 17시,일요일,부산광역시 금정구 장전동,경상사고,0,0,1,0,차대사람 - 횡단중,안전운전불이행,건조,맑음,단일로 - 지하차도(도로)내,개인형이동수단(PM),남,40세,상해없음,보행자,남,29세,경상
2023022600100298,2023년 2월 26일 18시,일요일,부산광역시 북구 구포동,경상사고,0,0,1,0,차대사람 - 길가장자리구역통행중,안전운전불이행,건조,맑음,단일로 - 기타,승용,남,62세,상해없음,보행자,남,49세,경상
2023022600100299,2023년 2월 26일 18시,일요일,부산광역시 동래구 명장동,경상사고,0,0,2,0,차대사람 - 횡단중,보행자보호의무위반,건조,맑음,단일로 - 기타,기타불명,기타불명,미분류,기타불명,보행자,여,48세,경상
2023022600100300,2023년 2월 26일 18시,일요일,부산광역시 부산진구 개금동,경상사고,0,0,2,0,차대차 - 정면충돌,신호위반,건조,맑음,교차로 - 교차로안,이륜,남,28세,상해없음,승합,남,32세,상해없음
2023022600100301,2023년 2월 26일 18시,일요일,부산광역시 금정구 장전동,경상사고,0,0,1,0,차대사람 - 기타,안전운전불이행,건조,맑음,단일로 - 기타,승용,여,25세,상해없음,보행자,남,47세,경상
2023022600100329,2023년 2월 26일 19시,일요일,부산광역시 북구 화명동,경상사고,0,0,1,0,차대차 - 기타,중앙선침범,건조,맑음,단일로 - 기타,이륜,남,63세,상해없음,이륜,남,35세,경상
2023022600100330,2023년 2월 26일 19시,일요일,부산광역시 부산진구 당감동,경상사고,0,0,1,0,차대사람 - 차도통행중,안전운전불이행,건조,맑음,교차로 - 교차로안,승용,남,69세,상해없음,보행자,여,66세,경상
2023022600100331,2023년 2월 26일 19시,일요일,부산광역시 사하구 신평동,경상사고,0,0,1,0,차대차 - 기타,신호위반,건조,맑음,교차로 - 교차로안,이륜,남,43세,상해없음,승용,남,35세,경상
2023022600100346,2023년 2월 26일 20시,일요일,부산광역시 부산진구 당감동,경상사고,0,0,1,0,차대차 - 기타,안전운전불이행,건조,맑음,교차로 - 교차로안,화물,남,61세,상해없음,이륜,남,19세,경상
2023022600100371,2023년 2월 26일 21시,일요일,부산광역시 해운대구 중동,경상사고,0,0,1,0,차대사람 - 차도통행중,안전운전불이행,건조,맑음,단일로 - 기타,기타불명,기타불명,미분류,기타불명,보행자,여,25세,경상
2023022600100394,2023년 2월 26일 22시,일요일,부산광역시 동래구 안락동,경상사고,0,0,2,0,차대차 - 추돌,안전운전불이행,건조,맑음,교차로 - 교차로부근,승용,여,50세,상해없음,승용,여,36세,경상
2023022600100403,2023년 2월 26일 23시,일요일,부산광역시 수영구 광안동,중상사고,0,2,0,0,차대차 - 측면충돌,안전운전불이행,건조,맑음,단일로 - 기타,승합,남,24세,상해없음,화물,남,54세,중상
2023022700100046,2023년 2월 27일 07시,월요일,부산광역시 부산진구 개금동,부상신고사고,0,0,0,1,차대차 - 측면충돌,불법유턴,건조,맑음,기타 - 기타,이륜,남,43세,상해없음,자전거,남,46세,부상신고
2023022700100068,2023년 2월 27일 08시,월요일,부산광역시 사상구 삼락동,경상사고,0,0,1,0,차대차 - 추돌,안전운전불이행,건조,맑음,단일로 - 기타,승용,여,30세,상해없음,승용,남,44세,경상
2023022700100101,2023년 2월 27일 09시,월요일,부산광역시 부산진구 부암동,경상사고,0,0,1,0,차대차 - 추돌,안전운전불이행,건조,흐림,단일로 - 기타,승용,여,34세,상해없음,승용,남,63세,경상
2023022700100139,2023년 2월 27일 10시,월요일,부산광역시 부산진구 범천동,중상사고,0,1,0,0,차대차 - 측면충돌,안전운전불이행,건조,맑음,단일로 - 기타,이륜,남,42세,중상,승용,남,67세,상해없음
2023022700100158,2023년 2월 27일 11시,월요일,부산광역시 사하구 다대동,중상사고,0,2,0,0,차대차 - 측면충돌,교차로운행방법위반,건조,맑음,교차로 - 교차로부근,승용,남,76세,상해없음,승용,남,66세,중상
2023022700100159,2023년 2월 27일 11시,월요일,부산광역시 연제구 거제동,중상사고,0,1,0,0,차대사람 - 기타,안전운전불이행,건조,맑음,기타 - 기타,승용,여,53세,상해없음,보행자,여,83세,중상
2023022700100189,2023년 2월 27일 12시,월요일,부산광역시 동래구 온천동,경상사고,0,0,2,0,차대차 - 추돌,안전운전불이행,건조,맑음,단일로 - 기타,승용,남,57세,기타불명,승용,남,66세,경상
2023022700100303,2023년 2월 27일 15시,월요일,부산광역시 북구 화명동,부상신고사고,0,0,0,1,차대사람 - 기타,안전운전불이행,건조,맑음,교차로 - 교차로안,원동기,남,41세,상해없음,보행자,여,75세,부상신고
2023022700100304,2023년 2월 27일 15시,월요일,부산광역시 북구 덕천동,경상사고,0,0,3,0,차대차 - 기타,신호위반,건조,맑음,교차로 - 교차로안,승용,남,49세,상해없음,승용,남,73세,경상
2023022700100305,2023년 2월 27일 15시,월요일,부산광역시 강서구 봉림동,중상사고,0,1,0,0,차대차 - 추돌,안전거리미확보,건조,맑음,단일로 - 기타,특수,남,38세,상해없음,승용,여,51세,중상
2023022700100328,2023년 2월 27일 16시,월요일,부산광역시 북구 금곡동,경상사고,0,0,1,0,차대차 - 기타,기타,건조,맑음,단일로 - 기타,승용,남,38세,경상,승합,남,54세,상해없음
2023022700100329,2023년 2월 27일 16시,월요일,부산광역시 부산진구 당감동,경상사고,0,0,1,0,차대차 - 측면충돌,차로위반,건조,맑음,단일로 - 기타,특수,남,54세,상해없음,승용,여,61세,경상
2023022700100363,2023년 2월 27일 17시,월요일,부산광역시 금정구 부곡동,경상사고,0,0,1,0,차대차 - 측면충돌,안전운전불이행,건조,맑음,교차로 - 교차로안,승용,여,37세,상해없음,자전거,남,22세,경상
2023022700100396,2023년 2월 27일 18시,월요일,부산광역시 남구 대연동,경상사고,0,0,1,0,차대차 - 추돌,안전운전불이행,건조,맑음,교차로 - 교차로안,승용,남,58세,상해없음,승합,남,58세,경상
2023022700100397,2023년 2월 27일 18시,월요일,부산광역시 남구 대연동,경상사고,0,0,1,0,차대차 - 기타,안전운전불이행,건조,맑음,기타 - 기타,승합,남,24세,상해없음,자전거,남,72세,경상
2023022700100398,2023년 2월 27일 18시,월요일,부산광역시 수영구 남천동,중상사고,0,1,0,0,차대사람 - 기타,기타,건조,맑음,단일로 - 기타,승용,남,32세,상해없음,보행자,여,48세,중상
2023022700100446,2023년 2월 27일 19시,월요일,부산광역시 동래구 온천동,경상사고,0,0,1,0,차대차 - 측면충돌,직진우회전진행방해,건조,맑음,교차로 - 교차로횡단보도내,이륜,남,26세,상해없음,이륜,남,54세,경상
2023022700100501,2023년 2월 27일 21시,월요일,부산광역시 서구 서대신동2가,경상사고,0,0,1,0,차대사람 - 차도통행중,불법유턴,건조,맑음,단일로 - 기타,승용,남,55세,기타불명,보행자,여,45세,경상
2023022700100515,2023년 2월 27일 22시,월요일,부산광역시 사하구 장림동,중상사고,0,1,0,0,차대사람 - 기타,안전운전불이행,건조,맑음,단일로 - 기타,승용,남,40세,상해없음,보행자,남,53세,중상
2023022700100528,2023년 2월 27일 23시,월요일,부산광역시 중구 영주동,경상사고,0,0,1,0,차대차 - 측면충돌,안전운전불이행,건조,맑음,교차로 - 교차로부근,승용,여,28세,상해없음,이륜,남,38세,경상
2023022800100045,2023년 2월 28일 06시,화요일,부산광역시 사하구 하단동,경상사고,0,0,1,0,차대차 - 기타,안전운전불이행,젖음/습기,맑음,단일로 - 기타,화물,남,38세,상해없음,화물,남,67세,경상
2023022800100069,2023년 2월 28일 08시,화요일,부산광역시 부산진구 개금동,경상사고,0,0,3,0,차대차 - 기타,차로위반,건조,맑음,단일로 - 기타,화물,남,64세,상해없음,승용,남,60세,경상
2023022800100071,2023년 2월 28일 08시,화요일,부산광역시 연제구 연산동,부상신고사고,0,0,0,1,차대사람 - 기타,안전운전불이행,건조,맑음,교차로 - 교차로부근,승용,여,61세,상해없음,보행자,남,60세,부상신고
2023022800100072,2023년 2월 28일 08시,화요일,부산광역시 연제구 연산동,경상사고,0,0,2,0,차대차 - 측면충돌,안전거리미확보,건조,맑음,교차로 - 교차로부근,승용,남,22세,상해없음,승용,여,49세,경상
2023022800100073,2023년 2월 28일 08시,화요일,부산광역시 연제구 연산동,경상사고,0,0,1,0,차대차 - 추돌,안전운전불이행,건조,맑음,단일로 - 기타,화물,남,73세,상해없음,화물,남,65세,경상
2023022800100099,2023년 2월 28일 09시,화요일,부산광역시 사상구 괘법동,경상사고,0,0,1,0,차대차 - 추돌,안전거리미확보,건조,맑음,교차로 - 교차로안,승용,여,52세,상해없음,승용,남,72세,경상
2023022800100145,2023년 2월 28일 11시,화요일,부산광역시 영도구 동삼동,경상사고,0,0,1,0,차대사람 - 기타,안전운전불이행,건조,맑음,단일로 - 기타,승용,여,34세,상해없음,보행자,여,38세,경상
2023022800100146,2023년 2월 28일 11시,화요일,부산광역시 수영구 망미동,중상사고,0,2,0,0,차대차 - 정면충돌,신호위반,건조,맑음,교차로 - 교차로안,이륜,남,18세,중상,승용,남,30세,중상
2023022800100172,2023년 2월 28일 12시,화요일,부산광역시 남구 문현동,중상사고,0,1,2,0,차대차 - 기타,안전거리미확보,건조,맑음,기타 - 기타,승용,여,55세,경상,화물,남,33세,중상
2023022800100173,2023년 2월 28일 12시,화요일,부산광역시 금정구 구서동,경상사고,0,0,2,1,차대차 - 추돌,안전거리미확보,건조,맑음,단일로 - 기타,원동기,남,33세,부상신고,화물,남,32세,경상
2023022800100174,2023년 2월 28일 12시,화요일,부산광역시 사상구 괘법동,경상사고,0,0,1,0,차대사람 - 차도통행중,안전운전불이행,건조,맑음,단일로 - 기타,승용,남,49세,상해없음,보행자,여,44세,경상
2023022800100208,2023년 2월 28일 13시,화요일,부산광역시 수영구 광안동,경상사고,0,0,1,0,차대차 - 기타,신호위반,건조,맑음,교차로 - 교차로안,승용,여,32세,상해없음,이륜,남,30세,경상
2023022800100209,2023년 2월 28일 13시,화요일,부산광역시 동래구 안락동,경상사고,0,0,1,0,차대사람 - 횡단중,보행자보호의무위반,건조,맑음,교차로 - 교차로안,승용,여,52세,상해없음,보행자,남,71세,경상
2023022800100210,2023년 2월 28일 13시,화요일,부산광역시 부산진구 당감동,경상사고,0,0,1,0,차대차 - 추돌,안전운전불이행,건조,맑음,단일로 - 기타,승용,여,29세,기타불명,승용,여,52세,경상
2023022800100211,2023년 2월 28일 13시,화요일,부산광역시 금정구 노포동,중상사고,0,1,0,0,차대사람 - 횡단중,안전운전불이행,건조,맑음,교차로 - 교차로부근,승용,남,65세,상해없음,보행자,남,71세,중상
2023022800100249,2023년 2월 28일 14시,화요일,부산광역시 중구 영주동,경상사고,0,0,1,0,차대사람 - 보도통행중,안전운전불이행,건조,맑음,단일로 - 기타,화물,남,56세,상해없음,보행자,남,59세,경상