사고번호,사고일시,요일,시군구,사고내용,사망자수,중상자수,경상자수,부상신고자수,사고유형,법규위반,노면상태,기상상태,도로형태,가해운전자 차종,가해운전자 성별,가해운전자 연령,가해운전자 상해정도,피해운전자 차종,피해운전자 성별,피해운전자 연령,피해운전자 상해정도
2023022800100250,2023년 2월 28일 14시,화요일,부산광역시 남구 문현동,중상사고,0,1,0,0,차대차 - 기타,신호위반,건조,맑음,단일로 - 기타,화물,남,40세,상해없음,승용,남,64세,상해없음
2023022800100251,2023년 2월 28일 14시,화요일,부산광역시 금정구 금사동,경상사고,0,0,1,0,차대차 - 기타,안전거리미확보,건조,맑음,기타 - 기타,승합,남,66세,상해없음,승용,남,55세,경상
2023022800100252,2023년 2월 28일 14시,화요일,부산광역시 기장군 기장읍,중상사고,0,1,4,0,차대차 - 추돌,안전운전불이행,건조,맑음,단일로 - 기타,승용,여,31세,상해없음,승용,남,28세,경상
2023022800100294,2023년 2월 28일 15시,화요일,부산광역시 사하구 당리동,경상사고,0,0,1,0,차량단독 - 기타,안전운전불이행,건조,맑음,교차로 - 교차로부근,승용,남,73세,상해없음,,,,
2023022800100329,2023년 2월 28일 16시,화요일,부산광역시 서구 충무동1가,경상사고,0,0,1,0,차대사람 - 차도통행중,안전운전불이행,건조,맑음,단일로 - 기타,승용,남,30세,상해없음,보행자,남,63세,경상
2023022800100330,2023년 2월 28일 16시,화요일,부산광역시 동래구 온천동,경상사고,0,0,1,0,차대사람 - 기타,안전운전불이행,건조,맑음,단일로 - 기타,이륜,남,29세,상해없음,보행자,여,29세,경상
2023022800100331,2023년 2월 28일 16시,화요일,부산광역시 사상구 감전동,중상사고,0,1,0,0,차대차 - 측면충돌,중앙선침범,건조,맑음,단일로 - 기타,화물,남,55세,상해없음,이륜,남,27세,중상
2023022800100370,2023년 2월 28일 17시,화요일,부산광역시 중구 중앙동4가,경상사고,0,0,1,0,차대사람 - 길가장자리구역통행중,안전운전불이행,건조,맑음,단일로 - 기타,승용,남,76세,상해없음,보행자,여,33세,경상
2023022800100371,2023년 2월 28일 17시,화요일,부산광역시 영도구 남항동1가,경상사고,0,0,1,0,차대차 - 측면충돌,안전운전불이행,건조,맑음,기타 - 기타,승용,남,75세,상해없음,이륜,남,32세,경상
2023022800100452,2023년 2월 28일 19시,화요일,부산광역시 사상구 모라동,중상사고,0,1,0,0,차대사람 - 횡단중,안전운전불이행,건조,맑음,단일로 - 기타,승용,남,62세,상해없음,보행자,여,57세,중상
2023022800100476,2023년 2월 28일 20시,화요일,부산광역시 동구 초량동,경상사고,0,0,1,0,차대차 - 측면충돌,안전거리미확보,건조,맑음,단일로 - 기타,승용,남,63세,상해없음,승용,남,23세,경상
2023022800100477,2023년 2월 28일 20시,화요일,부산광역시 서구 암남동,경상사고,0,0,1,0,차대차 - 측면충돌,신호위반,건조,맑음,교차로 - 교차로안,이륜,남,66세,상해없음,승용,남,58세,상해없음
2023022800100478,2023년 2월 28일 20시,화요일,부산광역시 사상구 모라동,경상사고,0,0,1,0,차대차 - 추돌,안전운전불이행,건조,맑음,교차로 - 교차로부근,승용,여,72세,상해없음,승용,여,22세,경상
2023022800100506,2023년 2월 28일 21시,화요일,부산광역시 부산진구 양정동,경상사고,0,0,3,0,차대차 - 기타,안전운전불이행,건조,맑음,단일로 - 기타,승용,남,62세,경상,승용,여,34세,경상
2023022800100528,2023년 2월 28일 22시,화요일,부산광역시 부산진구 부전동,경상사고,0,0,1,0,차대사람 - 기타,안전운전불이행,건조,맑음,단일로 - 기타,승용,남,18세,상해없음,보행자,남,26세,경상
2023022800100552,2023년 2월 28일 23시,화요일,부산광역시 동래구 온천동,경상사고,0,0,1,0,차대차 - 측면충돌,신호위반,건조,맑음,교차로 - 교차로안,승용,여,39세,기타불명,승용,남,22세,경상
2023022800100553,2023년 2월 28일 23시,화요일,부산광역시 해운대구 재송동,경상사고,0,0,2,1,차대차 - 추돌,안전운전불이행,건조,맑음,단일로 - 교량,화물,남,48세,상해없음,승용,남,32세,경상
2023022800100554,2023년 2월 28일 23시,화요일,부산광역시 부산진구 범천동,경상사고,0,0,1,0,차대차 - 추돌,안전운전불이행,건조,맑음,교차로 - 교차로부근,승용,여,36세,상해없음,이륜,남,39세,경상
2023030100100003,2023년 3월 1일 00시,수요일,부산광역시 영도구 남항동1가,경상사고,0,0,2,0,차대차 - 측면충돌,안전운전불이행,건조,흐림,교차로 - 교차로안,승합,남,62세,경상,이륜,남,18세,경상
2023030100100004,2023년 3월 1일 00시,수요일,부산광역시 연제구 거제동,경상사고,0,0,2,0,차대차 - 측면충돌,안전운전불이행,건조,맑음,단일로 - 기타,승용,남,75세,상해없음,승용,남,60세,경상
2023030100100030,2023년 3월 1일 03시,수요일,부산광역시 해운대구 석대동,경상사고,0,0,1,0,차량단독 - 전도전복 - 전도,기타,건조,맑음,교차로 - 교차로부근,이륜,여,22세,경상,,,,
2023030100100031,2023년 3월 1일 03시,수요일,부산광역시 연제구 연산동,중상사고,0,1,0,0,차대사람 - 횡단중,안전운전불이행,건조,맑음,교차로 - 교차로횡단보도내,승용,남,66세,상해없음,보행자,남,54세,중상
2023030100100040,2023년 3월 1일 05시,수요일,부산광역시 남구 감만동,부상신고사고,0,0,0,1,차량단독 - 주/정차차량 충돌,안전운전불이행,건조,맑음,교차로 - 교차로부근,특수,남,36세,부상신고,,,,
2023030100100056,2023년 3월 1일 07시,수요일,부산광역시 강서구 녹산동,경상사고,0,0,1,0,차대차 - 측면충돌,안전운전불이행,젖음/습기,비,단일로 - 기타,승용,남,27세,상해없음,승용,남,32세,경상
2023030100100078,2023년 3월 1일 09시,수요일,부산광역시 연제구 연산동,경상사고,0,0,2,0,차대차 - 기타,신호위반,건조,맑음,교차로 - 교차로안,승용,남,67세,상해없음,승용,여,23세,경상
2023030100100089,2023년 3월 1일 10시,수요일,부산광역시 금정구 구서동,중상사고,0,1,0,0,차대차 - 기타,직진우회전진행방해,건조,맑음,교차로 - 교차로안,승용,여,43세,상해없음,승용,여,69세,중상
2023030100100114,2023년 3월 1일 11시,수요일,부산광역시 기장군 기장읍,중상사고,0,1,1,0,차대차 - 측면충돌,안전운전불이행,젖음/습기,비,교차로 - 교차로안,이륜,남,55세,경상,승용,남,54세,중상
2023030100100176,2023년 3월 1일 14시,수요일,부산광역시 금정구 장전동,중상사고,0,1,0,0,차대사람 - 차도통행중,안전운전불이행,건조,맑음,단일로 - 기타,승용,남,56세,상해없음,보행자,여,79세,중상
2023030100100177,2023년 3월 1일 14시,수요일,부산광역시 연제구 연산동,경상사고,0,0,1,0,차대차 - 추돌,안전운전불이행,건조,맑음,교차로 - 교차로안,승용,남,30세,상해없음,이륜,남,43세,경상
2023030100100201,2023년 3월 1일 15시,수요일,부산광역시 기장군 일광읍,경상사고,0,0,1,0,차대차 - 기타,안전운전불이행,건조,맑음,단일로 - 기타,승용,여,44세,기타불명,승용,남,55세,경상
2023030100100273,2023년 3월 1일 18시,수요일,부산광역시 남구 대연동,경상사고,0,0,1,0,차대사람 - 보도통행중,안전운전불이행,건조,맑음,단일로 - 기타,승용,여,73세,상해없음,보행자,남,36세,경상
2023030100100346,2023년 3월 1일 21시,수요일,부산광역시 영도구 신선동3가,경상사고,0,0,1,0,차대차 - 후진중충돌,안전운전불이행,건조,맑음,교차로 - 교차로부근,승용,남,49세,상해없음,이륜,남,60세,경상
2023030100100359,2023년 3월 1일 22시,수요일,부산광역시 부산진구 개금동,경상사고,0,0,2,0,차대차 - 추돌,안전거리미확보,건조,맑음,교차로 - 교차로안,승용,남,65세,기타불명,승용,남,21세,경상
2023030100100360,2023년 3월 1일 22시,수요일,부산광역시 강서구 대저2동,경상사고,0,0,1,0,차대차 - 추돌,안전운전불이행,건조,맑음,단일로 - 기타,승용,남,23세,상해없음,승용,남,25세,경상
2023030100100370,2023년 3월 1일 23시,수요일,부산광역시 해운대구 좌동,경상사고,0,0,2,0,차대차 - 기타,차로위반,건조,맑음,단일로 - 기타,승용,남,71세,상해없음,승합,남,59세,경상
2023030200100004,2023년 3월 2일 00시,목요일,부산광역시 사상구 감전동,경상사고,0,0,2,0,차대차 - 추돌,안전운전불이행,건조,맑음,단일로 - 기타,승용,남,28세,상해없음,승용,남,40세,경상
2023030200100031,2023년 3월 2일 06시,목요일,부산광역시 북구 만덕동,경상사고,0,0,1,0,차대차 - 추돌,안전거리미확보,건조,맑음,단일로 - 기타,승용,남,52세,상해없음,승용,남,63세,경상
2023030200100032,2023년 3월 2일 06시,목요일,부산광역시 영도구 청학동,중상사고,0,1,0,0,차대차 - 측면충돌,신호위반,건조,맑음,단일로 - 기타,승용,남,55세,상해없음,이륜,남,47세,중상
2023030200100033,2023년 3월 2일 06시,목요일,부산광역시 사상구 엄궁동,경상사고,0,0,2,0,차대차 - 추돌,안전운전불이행,건조,맑음,단일로 - 기타,승용,남,30세,상해없음,승용,남,39세,경상
2023030200100054,2023년 3월 2일 07시,목요일,부산광역시 부산진구 부전동,경상사고,0,0,1,0,차대사람 - 기타,안전운전불이행,건조,맑음,단일로 - 기타,승용,남,23세,기타불명,보행자,남,43세,경상
2023030200100077,2023년 3월 2일 08시,목요일,부산광역시 동래구 온천동,경상사고,0,0,1,0,차대사람 - 기타,안전운전불이행,건조,맑음,단일로 - 기타,승용,남,82세,상해없음,보행자,여,65세,경상
2023030200100078,2023년 3월 2일 08시,목요일,부산광역시 강서구 봉림동,중상사고,0,1,1,0,차대차 - 측면충돌,안전거리미확보,건조,맑음,단일로 - 지하차도(도로)내,건설기계,남,53세,상해없음,승용,남,30세,중상
2023030200100126,2023년 3월 2일 09시,목요일,부산광역시 동구 범일동,경상사고,0,0,1,0,차대사람 - 횡단중,보행자보호의무위반,건조,맑음,단일로 - 기타,승용,남,68세,상해없음,보행자,여,53세,경상
2023030200100127,2023년 3월 2일 09시,목요일,부산광역시 수영구 광안동,중상사고,0,1,4,0,차대차 - 추돌,기타,건조,맑음,단일로 - 고가도로위,승용,남,41세,중상,승용,남,39세,경상
2023030200100128,2023년 3월 2일 09시,목요일,부산광역시 연제구 거제동,중상사고,0,1,0,0,차대차 - 기타,안전운전불이행,건조,맑음,교차로 - 교차로부근,승합,남,66세,상해없음,이륜,여,63세,중상
2023030200100129,2023년 3월 2일 09시,목요일,부산광역시 해운대구 반송동,경상사고,0,0,1,0,차대사람 - 기타,안전운전불이행,건조,맑음,교차로 - 교차로부근,승용,남,71세,상해없음,보행자,여,72세,경상
2023030200100131,2023년 3월 2일 09시,목요일,부산광역시 강서구 송정동,경상사고,0,0,1,0,차대차 - 추돌,안전거리미확보,건조,맑음,교차로 - 교차로부근,승용,여,32세,상해없음,승용,남,57세,경상
2023030200100167,2023년 3월 2일 10시,목요일,부산광역시 남구 용호동,경상사고,0,0,1,0,차대차 - 기타,안전운전불이행,건조,맑음,기타 - 기타,승용,여,66세,상해없음,승용,남,66세,상해없음
2023030200100168,2023년 3월 2일 10시,목요일,부산광역시 영도구 동삼동,중상사고,0,1,0,0,차대사람 - 횡단중,보행자보호의무위반,건조,맑음,교차로 - 교차로부근,승용,남,69세,상해없음,보행자,여,64세,중상
2023030200100169,2023년 3월 2일 10시,목요일,부산광역시 강서구 강동동,중상사고,0,1,0,0,차대차 - 기타,중앙선침범,건조,맑음,단일로 - 기타,승용,남,67세,상해없음,화물,남,43세,중상
2023030200100196,2023년 3월 2일 11시,목요일,부산광역시 수영구 민락동,경상사고,0,0,1,0,차대차 - 정면충돌,기타,건조,맑음,교차로 - 교차로안,승용,남,58세,상해없음,승용,남,63세,경상
2023030200100197,2023년 3월 2일 11시,목요일,부산광역시 부산진구 부암동,경상사고,0,0,1,0,차대차 - 측면충돌,안전거리미확보,건조,맑음,단일로 - 기타,승용,남,60세,상해없음,승용,남,27세,경상
2023030200100198,2023년 3월 2일 11시,목요일,부산광역시 강서구 명지동,경상사고,0,0,1,0,차대차 - 정면충돌,안전운전불이행,건조,맑음,기타 - 기타,승용,여,51세,기타불명,승용,여,58세,경상
2023030200100231,2023년 3월 2일 12시,목요일,부산광역시 북구 덕천동,중상사고,0,1,0,0,차대사람 - 횡단중,안전운전불이행,건조,맑음,단일로 - 기타,승용,여,27세,상해없음,보행자,여,93세,중상
2023030200100264,2023년 3월 2일 13시,목요일,부산광역시 수영구 수영동,경상사고,0,0,1,1,차대차 - 기타,중앙선침범,건조,맑음,단일로 - 기타,원동기,남,71세,부상신고,승용,남,47세,경상
2023030200100301,2023년 3월 2일 14시,목요일,부산광역시 연제구 연산동,경상사고,0,0,1,0,차대차 - 기타,안전운전불이행,건조,맑음,교차로 - 교차로안,승용,남,57세,상해없음,건설기계,남,67세,경상
2023030200100302,2023년 3월 2일 14시,목요일,부산광역시 기장군 기장읍,중상사고,0,1,0,0,차대차 - 기타,안전운전불이행,건조,맑음,교차로 - 교차로안,승용,여,35세,상해없음,이륜,남,82세,중상
2023030200100333,2023년 3월 2일 15시,목요일,부산광역시 부산진구 전포동,중상사고,0,1,0,0,차대차 - 기타,안전운전불이행,건조,맑음,교차로 - 교차로안,승용,여,57세,상해없음,승용,남,42세,중상
2023030200100334,2023년 3월 2일 15시,목요일,부산광역시 사하구 괴정동,중상사고,0,1,0,0,차대사람 - 기타,신호위반,건조,맑음,단일로 - 지하차도(도로)내,이륜,남,16세,상해없음,보행자,남,7세,중상
2023030200100357,2023년 3월 2일 16시,목요일,부산광역시 강서구 범방동,경상사고,0,0,1,0,차대차 - 측면충돌,안전운전불이행,건조,맑음,단일로 - 기타,화물,남,55세,상해없음,화물,남,64세,경상
2023030200100399,2023년 3월 2일 17시,목요일,부산광역시 중구 동광동3가,경상사고,0,0,1,0,차대차 - 추돌,안전운전불이행,건조,맑음,단일로 - 기타,화물,남,24세,상해없음,이륜,남,51세,경상
2023030200100400,2023년 3월 2일 17시,목요일,부산광역시 해운대구 반송동,중상사고,0,1,0,0,차대사람 - 횡단중,보행자보호의무위반,건조,맑음,교차로 - 교차로횡단보도내,승용,남,46세,상해없음,보행자,여,75세,중상
2023030200100430,2023년 3월 2일 18시,목요일,부산광역시 중구 보수동1가,경상사고,0,0,1,0,차량단독 - 전도전복 - 전도,안전운전불이행,건조,맑음,교차로 - 교차로안,이륜,남,58세,경상,,,,
2023030200100431,2023년 3월 2일 18시,목요일,부산광역시 부산진구 연지동,경상사고,0,0,1,0,차대차 - 측면충돌,안전거리미확보,건조,맑음,교차로 - 교차로안,승용,여,67세,상해없음,승용,남,42세,경상
2023030200100432,2023년 3월 2일 18시,목요일,부산광역시 강서구 명지동,경상사고,0,0,3,0,차대차 - 추돌,안전운전불이행,건조,맑음,단일로 - 기타,승용,남,61세,경상,승용,남,36세,경상
2023030200100433,2023년 3월 2일 18시,목요일,부산광역시 기장군 정관읍,경상사고,0,0,3,0,차대차 - 추돌,안전운전불이행,건조,맑음,단일로 - 기타,승용,여,58세,상해없음,승용,남,54세,경상
2023030200100461,2023년 3월 2일 19시,목요일,부산광역시 수영구 민락동,중상사고,0,1,0,0,차대사람 - 횡단중,보행자보호의무위반,건조,맑음,교차로 - 교차로부근,승용,여,34세,상해없음,보행자,여,23세,중상
2023030200100462,2023년 3월 2일 19시,목요일,부산광역시 동래구 안락동,경상사고,0,0,1,0,차대사람 - 차도통행중,안전운전불이행,건조,맑음,단일로 - 기타,승용,남,44세,상해없음,보행자,남,26세,경상
2023030200100494,2023년 3월 2일 20시,목요일,부산광역시 금정구 구서동,경상사고,0,0,1,0,차대차 - 기타,안전운전불이행,건조,맑음,교차로 - 교차로안,승용,남,49세,상해없음,이륜,남,39세,경상
2023030200100520,2023년 3월 2일 21시,목요일,부산광역시 연제구 거제동,중상사고,0,1,0,0,차대차 - 기타,안전운전불이행,건조,맑음,교차로 - 교차로안,승합,남,51세,상해없음,이륜,남,48세,중상
2023030200100521,2023년 3월 2일 21시,목요일,부산광역시 기장군 일광읍,중상사고,0,1,0,0,차대차 - 기타,안전운전불이행,건조,맑음,교차로 - 교차로안,승용,남,33세,상해없음,원동기,남,31세,중상
2023030300100023,2023년 3월 3일 03시,금요일,부산광역시 동래구 명륜동,경상사고,0,0,1,0,차대차 - 추돌,안전운전불이행,건조,맑음,교차로 - 교차로부근,승용,남,75세,상해없음,이륜,남,28세,경상
2023030300100031,2023년 3월 3일 04시,금요일,부산광역시 부산진구 범천동,중상사고,0,1,1,0,차대차 - 측면충돌,신호위반,건조,맑음,교차로 - 교차로안,승용,남,55세,상해없음,승용,남,72세,경상
2023030300100059,2023년 3월 3일 07시,금요일,부산광역시 동래구 안락동,중상사고,0,1,0,0,차대사람 - 횡단중,안전운전불이행,건조,맑음,교차로 - 교차로안,승용,남,62세,상해없음,보행자,여,63세,중상
2023030300100060,2023년 3월 3일 07시,금요일,부산광역시 동래구 온천동,경상사고,0,0,1,0,차대차 - 추돌,안전운전불이행,건조,맑음,단일로 - 기타,화물,남,28세,상해없음,승용,남,28세,경상
2023030300100061,2023년 3월 3일 07시,금요일,부산광역시 동래구 안락동,경상사고,0,0,1,0,차대사람 - 횡단중,보행자보호의무위반,건조,맑음,단일로 - 기타,승용,남,44세,상해없음,보행자,여,33세,경상
2023030300100062,2023년 3월 3일 07시,금요일,부산광역시 금정구 회동동,사망사고,1,0,0,0,차대차 - 측면충돌,교차로운행방법위반,건조,맑음,교차로 - 교차로안,화물,남,53세,상해없음,자전거,남,75세,사망
2023030300100082,2023년 3월 3일 08시,금요일,부산광역시 동구 수정동,중상사고,0,1,1,0,차대차 - 추돌,안전운전불이행,건조,맑음,단일로 - 터널,화물,남,57세,상해없음,승용,남,37세,중상
2023030300100160,2023년 3월 3일 10시,금요일,부산광역시 부산진구 가야동,경상사고,0,0,2,0,차대차 - 측면충돌,안전운전불이행,건조,맑음,교차로 - 교차로부근,승합,남,37세,경상,승용,남,35세,경상
2023030300100161,2023년 3월 3일 10시,금요일,부산광역시 사상구 덕포동,경상사고,0,0,1,0,차대사람 - 기타,안전운전불이행,건조,맑음,단일로 - 기타,승합,남,59세,상해없음,보행자,여,27세,경상
2023030300100186,2023년 3월 3일 11시,금요일,부산광역시 강서구 대저1동,경상사고,0,0,2,0,차대차 - 측면충돌,안전거리미확보,건조,맑음,단일로 - 기타,승용,남,73세,상해없음,화물,남,68세,경상
2023030300100209,2023년 3월 3일 12시,금요일,부산광역시 동구 수정동,경상사고,0,0,1,0,차대사람 - 횡단중,보행자보호의무위반,건조,맑음,교차로 - 교차로횡단보도내,화물,남,33세,상해없음,보행자,여,59세,경상
2023030300100210,2023년 3월 3일 12시,금요일,부산광역시 금정구 구서동,경상사고,0,0,1,0,차대차 - 기타,안전운전불이행,건조,맑음,단일로 - 기타,승용,남,50세,상해없음,화물,남,31세,경상
2023030300100243,2023년 3월 3일 13시,금요일,부산광역시 영도구 청학동,중상사고,0,1,1,0,차대차 - 측면충돌,교차로운행방법위반,건조,맑음,교차로 - 교차로안,승용,남,68세,상해없음,승용,남,26세,경상
2023030300100244,2023년 3월 3일 13시,금요일,부산광역시 연제구 연산동,경상사고,0,0,2,0,차대차 - 측면충돌,안전운전불이행,건조,맑음,교차로 - 교차로안,승용,남,29세,상해없음,승용,남,23세,경상
2023030300100276,2023년 3월 3일 14시,금요일,부산광역시 강서구 녹산동,경상사고,0,0,1,0,차대차 - 추돌,교차로운행방법위반,건조,맑음,교차로 - 교차로안,승용,여,54세,상해없음,화물,남,36세,경상
2023030300100311,2023년 3월 3일 15시,금요일,부산광역시 수영구 남천동,중상사고,0,1,1,0,차대차 - 측면충돌,안전거리미확보,건조,맑음,단일로 - 교량,특수,남,68세,상해없음,승용,남,68세,중상
2023030300100312,2023년 3월 3일 15시,금요일,부산광역시 남구 대연동,경상사고,0,0,1,0,차대차 - 측면충돌,교차로운행방법위반,건조,맑음,교차로 - 교차로부근,승용,남,67세,기타불명,승용,여,46세,경상
2023030300100313,2023년 3월 3일 15시,금요일,부산광역시 해운대구 우동,중상사고,0,1,0,0,차대사람 - 횡단중,보행자보호의무위반,건조,맑음,단일로 - 기타,승용,여,28세,상해없음,보행자,여,72세,중상
2023030300100314,2023년 3월 3일 15시,금요일,부산광역시 사하구 하단동,경상사고,0,0,1,0,차대차 - 측면충돌,교차로운행방법위반,건조,맑음,교차로 - 교차로안,화물,남,58세,상해없음,자전거,여,73세,경상
2023030300100315,2023년 3월 3일 15시,금요일,부산광역시 강서구 송정동,경상사고,0,0,1,0,차대차 - 기타,안전운전불이행,건조,맑음,단일로 - 기타,화물,남,63세,상해없음,승용,남,54세,경상
2023030300100345,2023년 3월 3일 16시,금요일,부산광역시 남구 대연동,경상사고,0,0,1,0,차대차 - 측면충돌,안전운전불이행,건조,맑음,단일로 - 기타,특수,남,58세,기타불명,승용,남,24세,경상
2023030300100346,2023년 3월 3일 16시,금요일,부산광역시 강서구 대저1동,경상사고,0,0,2,0,차대차 - 기타,안전운전불이행,건조,맑음,교차로 - 교차로안,승용,남,58세,경상,승용,남,36세,경상
2023030300100379,2023년 3월 3일 17시,금요일,부산광역시 해운대구 우동,경상사고,0,0,2,0,차대차 - 추돌,안전운전불이행,건조,맑음,교차로 - 교차로부근,승용,남,50세,상해없음,승용,남,69세,경상
2023030300100422,2023년 3월 3일 18시,금요일,부산광역시 동구 초량동,경상사고,0,0,1,0,차대차 - 기타,교차로운행방법위반,건조,맑음,교차로 - 교차로부근,승용,남,61세,상해없음,승용,남,52세,경상
2023030300100423,2023년 3월 3일 18시,금요일,부산광역시 동래구 명장동,중상사고,0,1,0,0,차대차 - 측면충돌,안전운전불이행,건조,맑음,단일로 - 기타,이륜,남,65세,상해없음,이륜,남,45세,중상
2023030300100424,2023년 3월 3일 18시,금요일,부산광역시 연제구 연산동,경상사고,0,0,2,0,차대차 - 측면충돌,신호위반,건조,맑음,교차로 - 교차로부근,원동기,남,39세,경상,승합,여,46세,경상
2023030300100425,2023년 3월 3일 18시,금요일,부산광역시 강서구 죽동동,중상사고,0,2,0,0,차대차 - 추돌,안전운전불이행,건조,맑음,단일로 - 고가도로위,승용,남,52세,상해없음,승용,남,29세,중상
2023030300100426,2023년 3월 3일 18시,금요일,부산광역시 사상구 모라동,경상사고,0,0,1,0,차대사람 - 횡단중,보행자보호의무위반,건조,맑음,교차로 - 교차로횡단보도내,승용,남,54세,상해없음,보행자,남,68세,경상
2023030300100427,2023년 3월 3일 18시,금요일,부산광역시 기장군 기장읍,중상사고,0,1,0,0,차대차 - 기타,신호위반,건조,맑음,단일로 - 기타,승용,여,59세,상해없음,이륜,남,40세,중상
2023030300100473,2023년 3월 3일 19시,금요일,부산광역시 금정구 오륜동,경상사고,0,0,2,0,차대차 - 추돌,안전거리미확보,건조,맑음,단일로 - 기타,승용,여,28세,상해없음,승용,여,48세,경상
2023030300100501,2023년 3월 3일 20시,금요일,부산광역시 부산진구 전포동,경상사고,0,0,1,0,차대차 - 측면충돌,안전거리미확보,건조,맑음,단일로 - 기타,승용,여,60세,상해없음,승용,남,25세,경상
2023030300100554,2023년 3월 3일 22시,금요일,부산광역시 북구 금곡동,경상사고,0,0,1,0,차대차 - 기타,안전운전불이행,건조,맑음,단일로 - 기타,승용,여,63세,상해없음,승용,여,61세,경상
2023030300100574,2023년 3월 3일 23시,금요일,부산광역시 금정구 선동,경상사고,0,0,2,0,차량단독 - 공작물충돌,안전운전불이행,건조,맑음,단일로 - 기타,승용,남,20세,상해없음,,,,
2023030300100575,2023년 3월 3일 23시,금요일,부산광역시 사하구 괴정동,경상사고,0,0,2,0,차대차 - 기타,안전운전불이행,건조,맑음,교차로 - 교차로안,승용,여,20세,상해없음,승용,여,26세,경상
2023030300100577,2023년 3월 3일 23시,금요일,부산광역시 사상구 학장동,경상사고,0,0,1,0,차대차 - 정면충돌,신호위반,건조,맑음,교차로 - 교차로안,승용,남,61세,기타불명,승용,남,22세,경상
2023030400100022,2023년 3월 4일 01시,토요일,부산광역시 수영구 민락동,경상사고,0,0,2,0,차대차 - 정면충돌,중앙선침범,건조,맑음,단일로 - 교량,이륜,남,41세,기타불명,승용,남,43세,경상
2023030400100023,2023년 3월 4일 01시,토요일,부산광역시 부산진구 부전동,중상사고,0,1,0,0,차대차 - 측면충돌,신호위반,건조,맑음,단일로 - 기타,승용,남,57세,상해없음,이륜,남,40세,중상
2023030400100044,2023년 3월 4일 03시,토요일,부산광역시 동래구 온천동,사망사고,1,0,0,0,차량단독 - 공작물충돌,안전운전불이행,건조,맑음,단일로 - 지하차도(도로)내,이륜,남,21세,사망,,,,
2023030400100057,2023년 3월 4일 05시,토요일,부산광역시 서구 토성동2가,경상사고,0,0,1,0,차대차 - 측면충돌,기타,건조,맑음,교차로 - 교차로안,승용,여,45세,상해없음,원동기,남,50세,경상
2023030400100058,2023년 3월 4일 05시,토요일,부산광역시 부산진구 양정동,경상사고,0,0,1,0,차대차 - 기타,신호위반,건조,맑음,교차로 - 교차로안,승용,남,68세,기타불명,이륜,남,42세,경상
2023030400100117,2023년 3월 4일 10시,토요일,부산광역시 북구 덕천동,경상사고,0,0,1,0,차대차 - 기타,안전운전불이행,건조,맑음,단일로 - 기타,승용,남,41세,상해없음,승용,여,39세,경상
2023030400100146,2023년 3월 4일 11시,토요일,부산광역시 서구 동대신동3가,경상사고,0,0,1,0,차대차 - 측면충돌,신호위반,건조,맑음,단일로 - 기타,이륜,남,65세,경상,승용,남,49세,상해없음
2023030400100147,2023년 3월 4일 11시,토요일,부산광역시 남구 대연동,경상사고,0,0,1,0,차대사람 - 기타,안전운전불이행,건조,맑음,단일로 - 기타,승용,남,39세,상해없음,보행자,여,49세,경상
2023030400100148,2023년 3월 4일 11시,토요일,부산광역시 영도구 봉래동1가,사망사고,1,0,0,0,차량단독 - 공작물충돌,안전운전불이행,건조,맑음,단일로 - 기타,이륜,남,54세,사망,,,,
2023030400100150,2023년 3월 4일 11시,토요일,부산광역시 연제구 연산동,경상사고,0,0,2,0,차대차 - 기타,안전운전불이행,건조,맑음,교차로 - 교차로안,이륜,남,55세,경상,승용,남,58세,경상
2023030400100151,2023년 3월 4일 11시,토요일,부산광역시 기장군 철마면,중상사고,0,1,0,0,차대차 - 측면충돌,차로위반,건조,맑음,교차로 - 교차로부근,승용,여,56세,상해없음,원동기,남,42세,중상
2023030400100152,2023년 3월 4일 11시,토요일,부산광역시 기장군 기장읍,경상사고,0,0,1,0,차대차 - 후진중충돌,안전운전불이행,건조,맑음,단일로 - 지하차도(도로)내,승용,남,68세,상해없음,이륜,남,28세,경상
2023030400100180,2023년 3월 4일 12시,토요일,부산광역시 사상구 덕포동,경상사고,0,0,2,0,차대차 - 측면충돌,안전운전불이행,건조,맑음,교차로 - 교차로안,승용,남,33세,경상,승용,남,79세,상해없음
2023030400100215,2023년 3월 4일 13시,토요일,부산광역시 강서구 대저2동,중상사고,0,1,0,0,차대차 - 기타,안전운전불이행,건조,맑음,교차로 - 교차로안,승용,남,82세,기타불명,승용,여,62세,중상
2023030400100243,2023년 3월 4일 14시,토요일,부산광역시 남구 문현동,경상사고,0,0,1,0,차대사람 - 차도통행중,안전운전불이행,건조,맑음,단일로 - 기타,승용,남,56세,상해없음,보행자,여,62세,경상
2023030400100244,2023년 3월 4일 14시,토요일,부산광역시 부산진구 연지동,경상사고,0,0,1,0,차대차 - 측면충돌,교차로운행방법위반,건조,맑음,교차로 - 교차로안,승용,남,33세,상해없음,이륜,남,34세,경상
2023030400100280,2023년 3월 4일 15시,토요일,부산광역시 서구 부용동1가,중상사고,0,1,0,0,차대사람 - 차도통행중,안전운전불이행,건조,맑음,단일로 - 기타,승용,남,34세,상해없음,보행자,남,69세,중상