사고번호,사고일시,요일,시군구,사고내용,사망자수,중상자수,경상자수,부상신고자수,사고유형,법규위반,노면상태,기상상태,도로형태,가해운전자 차종,가해운전자 성별,가해운전자 연령,가해운전자 상해정도,피해운전자 차종,피해운전자 성별,피해운전자 연령,피해운전자 상해정도
2023030400100281,2023년 3월 4일 15시,토요일,부산광역시 부산진구 부전동,경상사고,0,0,2,0,차대차 - 기타,안전운전불이행,건조,맑음,교차로 - 교차로부근,이륜,남,33세,경상,승용,남,67세,경상
2023030400100282,2023년 3월 4일 15시,토요일,부산광역시 금정구 서동,중상사고,0,1,0,0,차대사람 - 횡단중,보행자보호의무위반,건조,맑음,교차로 - 교차로횡단보도내,승용,남,83세,상해없음,보행자,여,75세,중상
2023030400100307,2023년 3월 4일 16시,토요일,부산광역시 부산진구 전포동,중상사고,0,1,0,0,차대사람 - 기타,안전운전불이행,건조,맑음,단일로 - 기타,승용,남,64세,상해없음,보행자,여,82세,중상
2023030400100308,2023년 3월 4일 16시,토요일,부산광역시 금정구 장전동,중상사고,0,1,1,3,차대차 - 측면충돌,교차로운행방법위반,건조,맑음,교차로 - 교차로안,승용,여,57세,상해없음,승용,남,40세,부상신고
2023030400100342,2023년 3월 4일 17시,토요일,부산광역시 남구 용호동,경상사고,0,0,1,0,차대차 - 측면충돌,안전운전불이행,건조,맑음,단일로 - 기타,승용,남,41세,상해없음,원동기,남,40세,경상
2023030400100343,2023년 3월 4일 17시,토요일,부산광역시 연제구 연산동,경상사고,0,0,2,0,차대차 - 측면충돌,교차로운행방법위반,건조,맑음,교차로 - 교차로안,승용,여,55세,상해없음,승용,여,57세,경상
2023030400100393,2023년 3월 4일 19시,토요일,부산광역시 해운대구 좌동,경상사고,0,0,3,0,차대차 - 측면충돌,안전거리미확보,건조,맑음,단일로 - 터널,화물,남,46세,상해없음,승용,남,26세,경상
2023030400100394,2023년 3월 4일 19시,토요일,부산광역시 금정구 서동,중상사고,0,1,0,0,차대사람 - 길가장자리구역통행중,안전운전불이행,건조,맑음,교차로 - 교차로안,승합,남,35세,상해없음,보행자,남,39세,중상
2023030400100395,2023년 3월 4일 19시,토요일,부산광역시 연제구 연산동,경상사고,0,0,1,0,차대차 - 추돌,안전거리미확보,건조,맑음,단일로 - 기타,승합,남,75세,상해없음,승용,여,30세,경상
2023030400100427,2023년 3월 4일 20시,토요일,부산광역시 서구 암남동,경상사고,0,0,1,0,차대차 - 측면충돌,안전거리미확보,건조,맑음,단일로 - 기타,이륜,남,46세,상해없음,승용,남,58세,경상
2023030400100428,2023년 3월 4일 20시,토요일,부산광역시 사상구 덕포동,경상사고,0,0,2,0,차대차 - 추돌,안전거리미확보,건조,맑음,단일로 - 기타,승용,남,47세,기타불명,승용,남,41세,경상
2023030400100456,2023년 3월 4일 21시,토요일,부산광역시 동구 초량동,중상사고,0,1,0,0,차대사람 - 횡단중,안전운전불이행,건조,맑음,단일로 - 기타,승용,남,62세,상해없음,보행자,남,42세,중상
2023030400100457,2023년 3월 4일 21시,토요일,부산광역시 금정구 금사동,부상신고사고,0,0,0,1,차대차 - 기타,신호위반,건조,맑음,단일로 - 기타,승용,여,47세,상해없음,승용,여,66세,부상신고
2023030400100458,2023년 3월 4일 21시,토요일,부산광역시 사하구 하단동,경상사고,0,0,1,0,차대차 - 기타,중앙선침범,건조,맑음,단일로 - 기타,승용,남,65세,상해없음,이륜,남,45세,경상
2023030500100002,2023년 3월 5일 00시,일요일,부산광역시 사하구 장림동,경상사고,0,0,1,0,차대사람 - 횡단중,안전운전불이행,건조,맑음,단일로 - 기타,승용,남,58세,상해없음,보행자,여,55세,경상
2023030500100027,2023년 3월 5일 02시,일요일,부산광역시 기장군 기장읍,경상사고,0,0,1,0,차대사람 - 기타,안전운전불이행,건조,흐림,단일로 - 기타,승용,여,44세,상해없음,보행자,남,27세,경상
2023030500100035,2023년 3월 5일 03시,일요일,부산광역시 부산진구 부전동,중상사고,0,1,0,0,차대차 - 기타,불법유턴,건조,맑음,단일로 - 기타,이륜,남,27세,기타불명,이륜,남,18세,중상
2023030500100055,2023년 3월 5일 05시,일요일,부산광역시 동래구 사직동,경상사고,0,0,1,0,차대차 - 정면충돌,신호위반,건조,맑음,교차로 - 교차로안,화물,남,29세,기타불명,승용,남,67세,경상
2023030500100078,2023년 3월 5일 08시,일요일,부산광역시 연제구 거제동,중상사고,0,1,0,0,차대사람 - 횡단중,보행자보호의무위반,건조,맑음,교차로 - 교차로횡단보도내,승용,여,47세,상해없음,보행자,여,13세,중상
2023030500100092,2023년 3월 5일 09시,일요일,부산광역시 연제구 연산동,중상사고,0,1,0,0,차대차 - 추돌,안전운전불이행,건조,맑음,단일로 - 기타,승용,남,75세,상해없음,이륜,남,42세,중상
2023030500100099,2023년 3월 5일 10시,일요일,부산광역시 동구 초량동,경상사고,0,0,1,0,차대차 - 추돌,안전운전불이행,건조,맑음,교차로 - 교차로부근,승용,여,32세,상해없음,승용,남,52세,경상
2023030500100100,2023년 3월 5일 10시,일요일,부산광역시 수영구 남천동,경상사고,0,0,1,0,차대차 - 기타,안전거리미확보,건조,맑음,교차로 - 교차로안,승용,여,72세,상해없음,승용,남,49세,경상
2023030500100102,2023년 3월 5일 10시,일요일,부산광역시 금정구 선동,경상사고,0,0,1,0,차대차 - 측면충돌,신호위반,건조,맑음,단일로 - 교량,승용,남,73세,상해없음,승용,여,54세,경상
2023030500100152,2023년 3월 5일 12시,일요일,부산광역시 기장군 일광읍,경상사고,0,0,2,0,차대차 - 추돌,안전거리미확보,건조,맑음,단일로 - 기타,승용,남,26세,상해없음,승용,남,33세,경상
2023030500100242,2023년 3월 5일 15시,일요일,부산광역시 동구 범일동,중상사고,0,2,0,0,차대차 - 추돌,안전거리미확보,건조,맑음,단일로 - 고가도로위,승용,여,57세,상해없음,승용,남,26세,중상
2023030500100288,2023년 3월 5일 17시,일요일,부산광역시 부산진구 개금동,경상사고,0,0,1,0,차대차 - 측면충돌,안전운전불이행,건조,맑음,단일로 - 기타,이륜,남,21세,상해없음,화물,남,33세,경상
2023030500100289,2023년 3월 5일 17시,일요일,부산광역시 강서구 대저1동,경상사고,0,0,2,0,차대차 - 기타,신호위반,건조,맑음,교차로 - 교차로안,승용,남,57세,상해없음,승용,남,36세,경상
2023030500100349,2023년 3월 5일 19시,일요일,부산광역시 해운대구 재송동,경상사고,0,0,1,0,차대차 - 측면충돌,안전거리미확보,건조,맑음,단일로 - 기타,승용,남,31세,상해없음,승용,남,29세,경상
2023030500100350,2023년 3월 5일 19시,일요일,부산광역시 기장군 일광읍,중상사고,0,1,1,0,차대차 - 측면충돌,안전운전불이행,건조,맑음,교차로 - 교차로안,원동기,남,17세,상해없음,승용,여,29세,중상
2023030500100370,2023년 3월 5일 20시,일요일,부산광역시 동래구 온천동,중상사고,0,1,1,0,차대차 - 측면충돌,기타,건조,맑음,교차로 - 교차로안,원동기,남,32세,경상,자전거,여,25세,중상
2023030500100406,2023년 3월 5일 23시,일요일,부산광역시 동구 수정동,경상사고,0,0,3,0,차대차 - 측면충돌,신호위반,건조,맑음,교차로 - 교차로안,승용,남,77세,상해없음,화물,남,40세,경상
2023030600100017,2023년 3월 6일 05시,월요일,부산광역시 해운대구 재송동,중상사고,0,1,0,0,차량단독 - 공작물충돌,안전운전불이행,건조,맑음,기타 - 기타,승용,남,69세,상해없음,,,,
2023030600100022,2023년 3월 6일 06시,월요일,부산광역시 남구 문현동,경상사고,0,0,1,0,차대차 - 측면충돌,안전거리미확보,건조,맑음,단일로 - 기타,화물,남,28세,상해없음,승용,남,71세,경상
2023030600100041,2023년 3월 6일 07시,월요일,부산광역시 남구 대연동,경상사고,0,0,1,0,차대차 - 추돌,안전운전불이행,건조,맑음,단일로 - 기타,승용,여,48세,상해없음,승용,남,39세,경상
2023030600100063,2023년 3월 6일 08시,월요일,부산광역시 영도구 청학동,중상사고,0,1,0,0,차대사람 - 기타,안전운전불이행,건조,맑음,교차로 - 교차로부근,승용,남,38세,상해없음,보행자,여,78세,중상
2023030600100064,2023년 3월 6일 08시,월요일,부산광역시 연제구 연산동,경상사고,0,0,1,0,차대차 - 측면충돌,안전운전불이행,건조,맑음,교차로 - 교차로안,화물,남,73세,상해없음,승용,여,40세,경상
2023030600100065,2023년 3월 6일 08시,월요일,부산광역시 금정구 구서동,경상사고,0,0,1,0,차대차 - 추돌,안전거리미확보,건조,맑음,단일로 - 기타,승용,남,46세,상해없음,승용,남,43세,경상
2023030600100106,2023년 3월 6일 09시,월요일,부산광역시 중구 보수동1가,경상사고,0,0,1,0,차대사람 - 기타,안전운전불이행,건조,맑음,단일로 - 기타,승합,남,37세,상해없음,보행자,남,47세,경상
2023030600100142,2023년 3월 6일 10시,월요일,부산광역시 중구 남포동3가,경상사고,0,0,1,0,차대사람 - 기타,안전운전불이행,건조,맑음,단일로 - 기타,화물,남,44세,상해없음,보행자,여,51세,경상
2023030600100143,2023년 3월 6일 10시,월요일,부산광역시 동래구 사직동,중상사고,0,1,0,0,차대사람 - 기타,보행자보호의무위반,건조,맑음,단일로 - 기타,건설기계,남,62세,상해없음,보행자,남,76세,중상
2023030600100145,2023년 3월 6일 10시,월요일,부산광역시 사상구 학장동,경상사고,0,0,2,0,차대차 - 측면충돌,교차로운행방법위반,건조,맑음,교차로 - 교차로안,승용,남,38세,경상,승합,남,53세,경상
2023030600100173,2023년 3월 6일 11시,월요일,부산광역시 수영구 광안동,중상사고,0,2,0,0,차대차 - 추돌,안전운전불이행,건조,맑음,단일로 - 기타,승용,남,48세,상해없음,승용,남,52세,중상
2023030600100213,2023년 3월 6일 12시,월요일,부산광역시 동구 좌천동,중상사고,0,1,0,0,차대차 - 추돌,안전운전불이행,건조,맑음,단일로 - 기타,승용,여,55세,상해없음,승용,남,40세,중상
2023030600100214,2023년 3월 6일 12시,월요일,부산광역시 서구 부민동2가,경상사고,0,0,1,0,차대사람 - 차도통행중,안전운전불이행,건조,맑음,교차로 - 교차로부근,승합,남,62세,기타불명,보행자,여,53세,경상
2023030600100261,2023년 3월 6일 14시,월요일,부산광역시 수영구 민락동,경상사고,0,0,2,0,차대차 - 기타,신호위반,건조,맑음,교차로 - 교차로안,이륜,여,29세,경상,이륜,남,24세,경상
2023030600100262,2023년 3월 6일 14시,월요일,부산광역시 금정구 노포동,사망사고,1,0,0,0,차대차 - 기타,중앙선침범,건조,맑음,단일로 - 기타,화물,남,63세,상해없음,이륜,남,26세,사망
2023030600100263,2023년 3월 6일 14시,월요일,부산광역시 사하구 당리동,경상사고,0,0,1,0,차대차 - 추돌,안전운전불이행,건조,맑음,단일로 - 기타,승용,남,79세,상해없음,승용,남,62세,경상
2023030600100292,2023년 3월 6일 15시,월요일,부산광역시 중구 영주동,경상사고,0,0,1,0,차대차 - 측면충돌,교차로운행방법위반,건조,맑음,교차로 - 교차로안,승용,남,27세,상해없음,승용,여,64세,경상
2023030600100293,2023년 3월 6일 15시,월요일,부산광역시 동래구 안락동,경상사고,0,0,2,0,차대차 - 측면충돌,교차로운행방법위반,건조,맑음,교차로 - 교차로안,승용,여,50세,상해없음,승용,남,63세,경상
2023030600100294,2023년 3월 6일 15시,월요일,부산광역시 해운대구 우동,경상사고,0,0,1,0,차대차 - 측면충돌,안전거리미확보,건조,맑음,교차로 - 교차로부근,승용,남,28세,상해없음,승용,여,25세,경상
2023030600100353,2023년 3월 6일 17시,월요일,부산광역시 금정구 오륜동,경상사고,0,0,5,0,차대차 - 추돌,안전운전불이행,건조,맑음,단일로 - 터널,화물,남,28세,상해없음,승용,남,32세,경상
2023030600100386,2023년 3월 6일 18시,월요일,부산광역시 중구 부평동1가,경상사고,0,0,1,0,차대차 - 추돌,안전운전불이행,건조,맑음,단일로 - 기타,승용,남,25세,상해없음,이륜,남,37세,경상
2023030600100387,2023년 3월 6일 18시,월요일,부산광역시 남구 문현동,중상사고,0,1,0,0,차량단독 - 기타,안전운전불이행,건조,맑음,단일로 - 기타,이륜,남,57세,중상,,,,
2023030600100388,2023년 3월 6일 18시,월요일,부산광역시 사하구 괴정동,경상사고,0,0,1,0,차대차 - 측면충돌,안전거리미확보,건조,맑음,단일로 - 기타,이륜,남,36세,상해없음,이륜,남,57세,경상
2023030600100389,2023년 3월 6일 18시,월요일,부산광역시 사상구 주례동,중상사고,0,1,0,0,차대차 - 기타,안전운전불이행,건조,맑음,기타 - 기타,이륜,남,22세,기타불명,자전거,남,48세,중상
2023030600100419,2023년 3월 6일 19시,월요일,부산광역시 북구 구포동,경상사고,0,0,1,0,차대차 - 추돌,안전운전불이행,건조,맑음,교차로 - 교차로부근,승용,남,80세,상해없음,승용,남,32세,경상
2023030600100420,2023년 3월 6일 19시,월요일,부산광역시 북구 화명동,경상사고,0,0,1,0,차대차 - 기타,신호위반,건조,맑음,교차로 - 교차로안,이륜,남,23세,경상,승용,남,39세,상해없음
2023030600100442,2023년 3월 6일 20시,월요일,부산광역시 남구 대연동,중상사고,0,1,0,0,차대차 - 기타,안전거리미확보,건조,맑음,교차로 - 교차로부근,이륜,남,41세,상해없음,이륜,남,31세,중상
2023030600100486,2023년 3월 6일 22시,월요일,부산광역시 기장군 기장읍,경상사고,0,0,1,0,차대사람 - 기타,안전운전불이행,건조,맑음,기타 - 기타,승용,남,26세,상해없음,보행자,여,65세,경상
2023030700100017,2023년 3월 7일 05시,화요일,부산광역시 중구 영주동,중상사고,0,1,0,0,차대사람 - 횡단중,안전운전불이행,건조,맑음,단일로 - 기타,승용,남,68세,상해없음,보행자,여,60세,중상
2023030700100026,2023년 3월 7일 06시,화요일,부산광역시 남구 용당동,경상사고,0,0,1,0,차대차 - 측면충돌,안전거리미확보,건조,맑음,교차로 - 교차로부근,특수,남,48세,상해없음,승용,남,52세,경상
2023030700100027,2023년 3월 7일 06시,화요일,부산광역시 사상구 괘법동,중상사고,0,1,0,0,차대사람 - 기타,안전운전불이행,건조,맑음,교차로 - 교차로횡단보도내,승용,남,69세,상해없음,보행자,여,50세,중상
2023030700100047,2023년 3월 7일 07시,화요일,부산광역시 동래구 사직동,경상사고,0,0,2,0,차대차 - 측면충돌,교차로운행방법위반,건조,맑음,교차로 - 교차로안,승용,남,57세,경상,승용,여,58세,경상
2023030700100048,2023년 3월 7일 07시,화요일,부산광역시 강서구 대저2동,경상사고,0,0,2,0,차대차 - 추돌,안전운전불이행,건조,맑음,단일로 - 기타,화물,남,60세,상해없음,승용,남,38세,경상
2023030700100066,2023년 3월 7일 08시,화요일,부산광역시 해운대구 재송동,경상사고,0,0,1,0,차대차 - 추돌,안전운전불이행,건조,맑음,단일로 - 기타,승용,남,54세,상해없음,승용,여,31세,경상
2023030700100067,2023년 3월 7일 08시,화요일,부산광역시 해운대구 반여동,경상사고,0,0,1,1,차대차 - 측면충돌,교차로운행방법위반,건조,맑음,교차로 - 교차로안,승용,남,74세,부상신고,승용,남,54세,경상
2023030700100068,2023년 3월 7일 08시,화요일,부산광역시 기장군 정관읍,경상사고,0,0,2,0,차대차 - 측면충돌,안전운전불이행,건조,맑음,단일로 - 지하차도(도로)내,승용,남,48세,상해없음,승용,여,42세,경상
2023030700100123,2023년 3월 7일 10시,화요일,부산광역시 남구 문현동,경상사고,0,0,1,0,차대차 - 측면충돌,안전운전불이행,건조,맑음,단일로 - 기타,승용,여,48세,상해없음,승용,남,42세,경상
2023030700100124,2023년 3월 7일 10시,화요일,부산광역시 금정구 선동,경상사고,0,0,1,0,차대차 - 측면충돌,기타,건조,맑음,교차로 - 교차로안,자전거,여,53세,경상,승용,여,42세,상해없음
2023030700100125,2023년 3월 7일 10시,화요일,부산광역시 연제구 거제동,경상사고,0,0,3,0,차대차 - 측면충돌,직진우회전진행방해,건조,맑음,교차로 - 교차로안,화물,남,56세,경상,승용,남,69세,경상
2023030700100150,2023년 3월 7일 11시,화요일,부산광역시 강서구 송정동,중상사고,0,1,0,0,차대차 - 측면충돌,안전운전불이행,건조,맑음,교차로 - 교차로안,승용,남,58세,상해없음,승용,남,41세,중상
2023030700100173,2023년 3월 7일 12시,화요일,부산광역시 연제구 거제동,경상사고,0,0,1,0,차대차 - 기타,안전거리미확보,건조,맑음,단일로 - 기타,승용,여,54세,기타불명,승용,여,57세,경상
2023030700100174,2023년 3월 7일 12시,화요일,부산광역시 사상구 주례동,경상사고,0,0,1,0,차대차 - 정면충돌,신호위반,건조,맑음,교차로 - 교차로안,승용,남,60세,기타불명,승합,남,53세,기타불명
2023030700100205,2023년 3월 7일 13시,화요일,부산광역시 서구 초장동,경상사고,0,0,3,1,차대차 - 측면충돌,신호위반,건조,맑음,교차로 - 교차로부근,승용,여,64세,부상신고,승용,남,36세,경상
2023030700100206,2023년 3월 7일 13시,화요일,부산광역시 동래구 낙민동,경상사고,0,0,1,0,차대차 - 기타,안전운전불이행,건조,맑음,교차로 - 교차로안,이륜,남,21세,상해없음,승용,남,57세,상해없음
2023030700100207,2023년 3월 7일 13시,화요일,부산광역시 부산진구 전포동,경상사고,0,0,1,0,차대차 - 기타,신호위반,건조,맑음,교차로 - 교차로안,승용,남,37세,상해없음,이륜,남,22세,경상
2023030700100230,2023년 3월 7일 14시,화요일,부산광역시 부산진구 가야동,중상사고,0,1,0,0,차대차 - 측면충돌,신호위반,건조,맑음,교차로 - 교차로안,승용,여,30세,상해없음,이륜,남,24세,중상
2023030700100296,2023년 3월 7일 16시,화요일,부산광역시 동구 좌천동,중상사고,0,3,2,0,차대차 - 추돌,안전운전불이행,건조,맑음,단일로 - 교량,특수,남,68세,상해없음,승용,남,72세,중상
2023030700100297,2023년 3월 7일 16시,화요일,부산광역시 부산진구 당감동,부상신고사고,0,0,0,1,차량단독 - 기타,안전운전불이행,건조,맑음,단일로 - 기타,승합,남,31세,상해없음,,,,
2023030700100298,2023년 3월 7일 16시,화요일,부산광역시 사하구 괴정동,부상신고사고,0,0,0,1,차대차 - 기타,중앙선침범,건조,맑음,기타 - 기타,이륜,남,22세,상해없음,승용,남,52세,부상신고
2023030700100299,2023년 3월 7일 16시,화요일,부산광역시 수영구 망미동,경상사고,0,0,1,0,차대사람 - 차도통행중,안전운전불이행,건조,맑음,단일로 - 기타,승용,여,67세,상해없음,보행자,여,61세,경상
2023030700100300,2023년 3월 7일 16시,화요일,부산광역시 수영구 망미동,경상사고,0,0,1,0,차대차 - 추돌,안전운전불이행,건조,맑음,단일로 - 기타,승용,여,39세,상해없음,승용,남,36세,경상
2023030700100301,2023년 3월 7일 16시,화요일,부산광역시 연제구 연산동,경상사고,0,0,1,0,차대차 - 기타,신호위반,건조,맑음,교차로 - 교차로안,화물,남,65세,상해없음,승용,남,35세,경상
2023030700100339,2023년 3월 7일 17시,화요일,부산광역시 북구 화명동,경상사고,0,0,1,0,차대차 - 기타,중앙선침범,건조,맑음,단일로 - 기타,화물,남,44세,상해없음,승용,여,42세,경상
2023030700100340,2023년 3월 7일 17시,화요일,부산광역시 금정구 부곡동,경상사고,0,0,1,0,차대사람 - 횡단중,신호위반,건조,맑음,교차로 - 교차로횡단보도내,승용,남,57세,상해없음,보행자,남,9세,경상
2023030700100407,2023년 3월 7일 19시,화요일,부산광역시 사하구 당리동,중상사고,0,2,0,0,차대차 - 정면충돌,중앙선침범,건조,흐림,교차로 - 교차로부근,자전거,남,21세,중상,원동기,남,40세,중상
2023030700100408,2023년 3월 7일 19시,화요일,부산광역시 연제구 거제동,중상사고,0,1,0,0,차대차 - 기타,불법유턴,건조,맑음,단일로 - 기타,승용,남,53세,상해없음,승용,남,56세,중상
2023030700100442,2023년 3월 7일 20시,화요일,부산광역시 해운대구 재송동,경상사고,0,0,3,0,차대차 - 측면충돌,교차로운행방법위반,건조,맑음,교차로 - 교차로안,승용,여,60세,상해없음,승용,여,39세,경상
2023030700100443,2023년 3월 7일 20시,화요일,부산광역시 강서구 대저1동,경상사고,0,0,1,0,차대차 - 추돌,안전운전불이행,건조,맑음,단일로 - 기타,승용,남,56세,상해없음,승용,남,37세,경상
2023030700100471,2023년 3월 7일 21시,화요일,부산광역시 연제구 거제동,경상사고,0,0,3,0,차대차 - 기타,안전운전불이행,건조,맑음,교차로 - 교차로안,승용,남,64세,경상,승용,남,56세,경상
2023030700100491,2023년 3월 7일 22시,화요일,부산광역시 남구 감만동,중상사고,0,1,0,0,차대사람 - 횡단중,안전운전불이행,건조,맑음,단일로 - 기타,승용,여,52세,상해없음,보행자,여,70세,중상
2023030700100492,2023년 3월 7일 22시,화요일,부산광역시 기장군 정관읍,경상사고,0,0,1,0,차대차 - 측면충돌,안전거리미확보,건조,맑음,단일로 - 기타,승용,남,57세,상해없음,승용,여,39세,경상
2023030800100003,2023년 3월 8일 00시,수요일,부산광역시 남구 용호동,중상사고,0,1,0,0,차대차 - 기타,중앙선침범,건조,맑음,교차로 - 교차로안,승용,남,28세,상해없음,화물,남,58세,중상
2023030800100024,2023년 3월 8일 04시,수요일,부산광역시 부산진구 가야동,중상사고,0,1,0,0,차대차 - 기타,신호위반,건조,맑음,교차로 - 교차로안,이륜,남,28세,중상,화물,남,38세,상해없음
2023030800100062,2023년 3월 8일 07시,수요일,부산광역시 기장군 장안읍,경상사고,0,0,2,0,차대차 - 추돌,안전운전불이행,건조,맑음,교차로 - 교차로안,승합,남,69세,상해없음,승용,남,38세,경상
2023030800100086,2023년 3월 8일 08시,수요일,부산광역시 서구 동대신동3가,경상사고,0,0,1,0,차대차 - 측면충돌,안전운전불이행,건조,맑음,단일로 - 기타,승용,여,55세,상해없음,승용,남,45세,경상
2023030800100087,2023년 3월 8일 08시,수요일,부산광역시 수영구 민락동,경상사고,0,0,1,0,차대차 - 기타,안전운전불이행,건조,맑음,교차로 - 교차로부근,이륜,남,51세,경상,화물,남,22세,상해없음
2023030800100122,2023년 3월 8일 09시,수요일,부산광역시 서구 충무동1가,경상사고,0,0,2,0,차대차 - 기타,안전운전불이행,건조,맑음,교차로 - 교차로부근,기타불명,기타불명,미분류,기타불명,승용,남,77세,경상
2023030800100123,2023년 3월 8일 09시,수요일,부산광역시 남구 대연동,경상사고,0,0,1,0,차대사람 - 기타,안전운전불이행,건조,맑음,단일로 - 기타,승용,남,73세,상해없음,보행자,여,80세,경상
2023030800100124,2023년 3월 8일 09시,수요일,부산광역시 강서구 지사동,경상사고,0,0,1,0,차대차 - 측면충돌,안전운전불이행,건조,맑음,단일로 - 기타,화물,남,55세,상해없음,승용,남,37세,경상
2023030800100159,2023년 3월 8일 10시,수요일,부산광역시 동구 초량동,경상사고,0,0,2,0,차대차 - 측면충돌,안전운전불이행,건조,맑음,교차로 - 교차로부근,특수,남,63세,경상,승용,여,59세,경상
2023030800100190,2023년 3월 8일 11시,수요일,부산광역시 서구 암남동,중상사고,0,1,0,0,차대차 - 기타,안전거리미확보,건조,맑음,단일로 - 기타,화물,남,54세,상해없음,승합,남,46세,상해없음
2023030800100191,2023년 3월 8일 11시,수요일,부산광역시 남구 대연동,경상사고,0,0,1,0,차대차 - 기타,안전운전불이행,건조,맑음,단일로 - 기타,승용,남,78세,상해없음,이륜,남,48세,경상
2023030800100192,2023년 3월 8일 11시,수요일,부산광역시 사상구 괘법동,경상사고,0,0,1,0,차대차 - 추돌,안전운전불이행,건조,맑음,교차로 - 교차로안,승용,남,49세,상해없음,이륜,남,24세,경상
2023030800100213,2023년 3월 8일 12시,수요일,부산광역시 수영구 광안동,경상사고,0,0,1,0,차대차 - 기타,안전운전불이행,건조,맑음,교차로 - 교차로안,이륜,남,27세,상해없음,이륜,남,33세,경상
2023030800100241,2023년 3월 8일 13시,수요일,부산광역시 중구 대창동2가,경상사고,0,0,1,0,차대차 - 추돌,안전운전불이행,건조,맑음,교차로 - 교차로부근,승용,남,38세,상해없음,승용,남,69세,경상
2023030800100242,2023년 3월 8일 13시,수요일,부산광역시 사하구 괴정동,중상사고,0,1,0,0,차대차 - 기타,신호위반,건조,맑음,교차로 - 교차로부근,승용,여,52세,상해없음,승용,남,28세,중상
2023030800100323,2023년 3월 8일 16시,수요일,부산광역시 연제구 연산동,경상사고,0,0,1,0,차대차 - 기타,안전운전불이행,건조,맑음,교차로 - 교차로안,승용,남,66세,상해없음,원동기,남,36세,경상
2023030800100358,2023년 3월 8일 17시,수요일,부산광역시 사하구 감천동,경상사고,0,0,1,0,차대차 - 후진중충돌,안전운전불이행,건조,맑음,단일로 - 기타,승용,남,46세,상해없음,이륜,남,23세,경상
2023030800100391,2023년 3월 8일 18시,수요일,부산광역시 동구 범일동,경상사고,0,0,2,0,차대사람 - 차도통행중,안전운전불이행,건조,맑음,단일로 - 기타,승합,남,48세,상해없음,보행자,여,70세,경상
2023030800100392,2023년 3월 8일 18시,수요일,부산광역시 해운대구 우동,경상사고,0,0,1,0,차대차 - 정면충돌,안전거리미확보,건조,맑음,단일로 - 기타,화물,남,57세,상해없음,승용,여,31세,경상
2023030800100393,2023년 3월 8일 18시,수요일,부산광역시 부산진구 부전동,경상사고,0,0,2,0,차대사람 - 기타,신호위반,건조,맑음,교차로 - 교차로횡단보도내,이륜,남,28세,상해없음,보행자,남,34세,경상
2023030800100441,2023년 3월 8일 19시,수요일,부산광역시 수영구 광안동,경상사고,0,0,1,0,차대차 - 기타,안전운전불이행,건조,맑음,단일로 - 기타,승용,남,57세,상해없음,승합,남,45세,경상
2023030800100531,2023년 3월 8일 23시,수요일,부산광역시 부산진구 부전동,중상사고,0,1,0,0,차대차 - 기타,안전운전불이행,건조,맑음,기타 - 기타,화물,남,34세,상해없음,승용,남,41세,상해없음
2023030900100003,2023년 3월 9일 00시,목요일,부산광역시 동구 범일동,경상사고,0,0,1,0,차량단독 - 기타,안전운전불이행,건조,맑음,교차로 - 교차로부근,승용,남,66세,상해없음,,,,
2023030900100004,2023년 3월 9일 00시,목요일,부산광역시 수영구 수영동,부상신고사고,0,0,0,1,차대사람 - 차도통행중,안전운전불이행,건조,맑음,기타 - 기타,승용,여,48세,상해없음,보행자,남,69세,부상신고
2023030900100027,2023년 3월 9일 03시,목요일,부산광역시 사하구 감천동,경상사고,0,0,1,0,차대차 - 측면충돌,신호위반,건조,기타,교차로 - 교차로안,이륜,남,27세,상해없음,승용,남,61세,경상
2023030900100050,2023년 3월 9일 07시,목요일,부산광역시 부산진구 개금동,경상사고,0,0,1,0,차대사람 - 횡단중,보행자보호의무위반,건조,맑음,단일로 - 기타,승용,남,60세,상해없음,보행자,남,43세,경상
2023030900100077,2023년 3월 9일 08시,목요일,부산광역시 수영구 광안동,경상사고,0,0,1,0,차대사람 - 길가장자리구역통행중,안전운전불이행,건조,맑음,단일로 - 기타,승용,여,46세,상해없음,보행자,남,36세,경상
2023030900100078,2023년 3월 9일 08시,목요일,부산광역시 수영구 광안동,경상사고,0,0,1,0,차대차 - 측면충돌,교차로운행방법위반,건조,맑음,교차로 - 교차로안,승용,남,40세,상해없음,화물,남,33세,경상
2023030900100079,2023년 3월 9일 08시,목요일,부산광역시 금정구 부곡동,경상사고,0,0,1,0,차대차 - 측면충돌,교차로운행방법위반,건조,맑음,단일로 - 기타,기타불명,여,20세,경상,승용,남,67세,기타불명
2023030900100080,2023년 3월 9일 08시,목요일,부산광역시 사하구 구평동,경상사고,0,0,1,0,차대차 - 기타,안전거리미확보,건조,맑음,교차로 - 교차로안,승용,남,35세,상해없음,승용,여,49세,경상
2023030900100081,2023년 3월 9일 08시,목요일,부산광역시 사상구 학장동,경상사고,0,0,1,0,차대차 - 추돌,안전거리미확보,건조,맑음,단일로 - 기타,화물,남,60세,기타불명,승용,남,53세,경상
2023030900100121,2023년 3월 9일 09시,목요일,부산광역시 연제구 연산동,중상사고,0,1,0,0,차대사람 - 횡단중,보행자보호의무위반,건조,맑음,교차로 - 교차로안,승용,여,62세,상해없음,보행자,여,32세,중상