사고번호,사고일시,요일,시군구,사고내용,사망자수,중상자수,경상자수,부상신고자수,사고유형,법규위반,노면상태,기상상태,도로형태,가해운전자 차종,가해운전자 성별,가해운전자 연령,가해운전자 상해정도,피해운전자 차종,피해운전자 성별,피해운전자 연령,피해운전자 상해정도
2023030900100148,2023년 3월 9일 10시,목요일,부산광역시 금정구 장전동,중상사고,0,1,0,0,차대사람 - 차도통행중,안전운전불이행,건조,맑음,단일로 - 기타,승용,여,21세,상해없음,보행자,여,74세,중상
2023030900100149,2023년 3월 9일 10시,목요일,부산광역시 강서구 대저1동,중상사고,0,1,0,0,차대차 - 기타,안전운전불이행,건조,맑음,단일로 - 기타,자전거,여,73세,중상,승용,여,38세,상해없음
2023030900100150,2023년 3월 9일 10시,목요일,부산광역시 강서구 명지동,중상사고,0,1,1,0,차대차 - 기타,교차로운행방법위반,건조,맑음,교차로 - 교차로안,승용,남,67세,경상,이륜,남,48세,중상
2023030900100151,2023년 3월 9일 10시,목요일,부산광역시 사상구 감전동,중상사고,0,1,0,0,차대차 - 측면충돌,안전운전불이행,건조,맑음,교차로 - 교차로안,승용,남,61세,상해없음,화물,남,41세,중상
2023030900100180,2023년 3월 9일 11시,목요일,부산광역시 수영구 남천동,중상사고,0,1,0,0,차대사람 - 횡단중,보행자보호의무위반,건조,맑음,교차로 - 교차로부근,승용,남,70세,상해없음,보행자,여,63세,중상
2023030900100181,2023년 3월 9일 11시,목요일,부산광역시 부산진구 부전동,경상사고,0,0,1,0,차대사람 - 횡단중,보행자보호의무위반,건조,맑음,단일로 - 기타,승합,남,61세,상해없음,보행자,남,31세,경상
2023030900100201,2023년 3월 9일 12시,목요일,부산광역시 남구 용당동,경상사고,0,0,1,0,차대차 - 측면충돌,안전거리미확보,건조,맑음,단일로 - 기타,승용,여,25세,상해없음,승용,남,69세,경상
2023030900100261,2023년 3월 9일 14시,목요일,부산광역시 동구 초량동,경상사고,0,0,1,0,차대차 - 측면충돌,교차로운행방법위반,건조,맑음,교차로 - 교차로안,화물,남,69세,상해없음,승용,여,29세,경상
2023030900100262,2023년 3월 9일 14시,목요일,부산광역시 사하구 다대동,중상사고,0,1,0,0,차대사람 - 길가장자리구역통행중,안전운전불이행,건조,맑음,단일로 - 기타,승용,남,63세,상해없음,보행자,남,91세,중상
2023030900100288,2023년 3월 9일 15시,목요일,부산광역시 동구 범일동,중상사고,0,1,0,0,차대차 - 측면충돌,안전운전불이행,건조,맑음,교차로 - 교차로안,승용,남,70세,상해없음,승용,남,58세,상해없음
2023030900100289,2023년 3월 9일 15시,목요일,부산광역시 동래구 안락동,경상사고,0,0,2,0,차대차 - 기타,안전운전불이행,건조,맑음,단일로 - 기타,승용,여,51세,상해없음,승용,남,47세,경상
2023030900100290,2023년 3월 9일 15시,목요일,부산광역시 부산진구 양정동,부상신고사고,0,0,0,2,차대차 - 기타,직진우회전진행방해,건조,맑음,교차로 - 교차로안,승용,여,45세,상해없음,승용,여,61세,부상신고
2023030900100291,2023년 3월 9일 15시,목요일,부산광역시 연제구 거제동,경상사고,0,0,1,0,차대차 - 기타,교차로운행방법위반,건조,맑음,교차로 - 교차로안,승용,남,51세,상해없음,개인형이동수단(PM),여,28세,경상
2023030900100292,2023년 3월 9일 15시,목요일,부산광역시 사상구 모라동,중상사고,0,1,0,0,차대차 - 기타,안전운전불이행,건조,맑음,단일로 - 기타,승용,남,58세,기타불명,승합,남,45세,기타불명
2023030900100318,2023년 3월 9일 16시,목요일,부산광역시 동구 초량동,경상사고,0,0,2,0,차대차 - 측면충돌,안전운전불이행,건조,맑음,교차로 - 교차로안,승용,남,31세,상해없음,화물,남,31세,경상
2023030900100319,2023년 3월 9일 16시,목요일,부산광역시 강서구 명지동,경상사고,0,0,1,0,차대차 - 정면충돌,중앙선침범,건조,맑음,교차로 - 교차로부근,승용,여,47세,상해없음,승용,여,68세,경상
2023030900100390,2023년 3월 9일 18시,목요일,부산광역시 북구 구포동,경상사고,0,0,1,0,차대차 - 기타,안전거리미확보,건조,맑음,단일로 - 기타,승용,남,59세,상해없음,이륜,남,27세,경상
2023030900100391,2023년 3월 9일 18시,목요일,부산광역시 동래구 수안동,부상신고사고,0,0,0,1,차대차 - 후진중충돌,안전운전불이행,기타,맑음,단일로 - 기타,화물,남,67세,상해없음,승용,남,42세,부상신고
2023030900100392,2023년 3월 9일 18시,목요일,부산광역시 영도구 대교동2가,경상사고,0,0,1,0,차대차 - 측면충돌,교차로운행방법위반,건조,맑음,교차로 - 교차로안,승용,남,77세,상해없음,자전거,남,13세,경상
2023030900100490,2023년 3월 9일 21시,목요일,부산광역시 사상구 모라동,경상사고,0,0,2,0,차대차 - 측면충돌,중앙선침범,건조,맑음,단일로 - 기타,승용,남,35세,상해없음,승용,여,55세,경상
2023030900100511,2023년 3월 9일 22시,목요일,부산광역시 서구 동대신동3가,경상사고,0,0,1,0,차대차 - 측면충돌,신호위반,건조,맑음,교차로 - 교차로부근,승용,남,70세,상해없음,화물,남,34세,경상
2023030900100512,2023년 3월 9일 22시,목요일,부산광역시 수영구 민락동,경상사고,0,0,2,0,차량단독 - 전도전복 - 전도,안전운전불이행,건조,맑음,단일로 - 기타,원동기,남,16세,경상,,,,
2023030900100526,2023년 3월 9일 23시,목요일,부산광역시 사상구 감전동,중상사고,0,1,1,0,차대차 - 측면충돌,신호위반,건조,맑음,교차로 - 교차로안,승용,여,50세,상해없음,승용,남,38세,중상
2023031000100022,2023년 3월 10일 02시,금요일,부산광역시 해운대구 좌동,경상사고,0,0,3,0,차대차 - 추돌,안전운전불이행,건조,맑음,교차로 - 교차로부근,승용,남,64세,상해없음,승용,남,61세,경상
2023031000100023,2023년 3월 10일 02시,금요일,부산광역시 수영구 망미동,경상사고,0,0,1,0,차대사람 - 기타,안전운전불이행,건조,맑음,단일로 - 고가도로위,승용,남,61세,기타불명,보행자,남,46세,경상
2023031000100037,2023년 3월 10일 04시,금요일,부산광역시 연제구 연산동,중상사고,0,1,0,0,차대차 - 기타,신호위반,건조,맑음,교차로 - 교차로부근,승용,여,68세,상해없음,이륜,남,32세,중상
2023031000100038,2023년 3월 10일 04시,금요일,부산광역시 연제구 연산동,경상사고,0,0,2,0,차대차 - 기타,안전운전불이행,건조,맑음,단일로 - 기타,승용,남,38세,상해없음,승용,남,69세,경상
2023031000100041,2023년 3월 10일 05시,금요일,부산광역시 사하구 구평동,경상사고,0,0,2,0,차대차 - 측면충돌,안전거리미확보,건조,맑음,단일로 - 기타,승용,남,61세,상해없음,승용,여,29세,경상
2023031000100072,2023년 3월 10일 07시,금요일,부산광역시 동래구 안락동,경상사고,0,0,1,0,차대차 - 추돌,안전운전불이행,건조,맑음,단일로 - 기타,승용,남,50세,상해없음,승용,남,25세,경상
2023031000100139,2023년 3월 10일 09시,금요일,부산광역시 남구 대연동,경상사고,0,0,1,0,차대사람 - 길가장자리구역통행중,안전운전불이행,건조,맑음,교차로 - 교차로부근,승용,여,57세,상해없음,보행자,여,78세,경상
2023031000100140,2023년 3월 10일 09시,금요일,부산광역시 수영구 광안동,부상신고사고,0,0,0,2,차대차 - 측면충돌,기타,건조,맑음,교차로 - 교차로안,승용,남,23세,부상신고,승용,여,42세,부상신고
2023031000100141,2023년 3월 10일 09시,금요일,부산광역시 사하구 하단동,사망사고,1,0,0,0,차대사람 - 횡단중,보행자보호의무위반,건조,맑음,교차로 - 교차로횡단보도내,건설기계,남,53세,상해없음,보행자,남,19세,사망
2023031000100142,2023년 3월 10일 09시,금요일,부산광역시 사하구 장림동,경상사고,0,0,1,0,차대차 - 기타,안전운전불이행,건조,맑음,교차로 - 교차로부근,화물,남,44세,상해없음,승용,여,39세,경상
2023031000100193,2023년 3월 10일 11시,금요일,부산광역시 서구 부민동3가,경상사고,0,0,1,0,차대차 - 측면충돌,안전운전불이행,건조,맑음,교차로 - 교차로부근,화물,남,40세,상해없음,이륜,남,53세,경상
2023031000100194,2023년 3월 10일 11시,금요일,부산광역시 해운대구 재송동,경상사고,0,0,1,0,차대사람 - 횡단중,보행자보호의무위반,건조,맑음,교차로 - 교차로횡단보도내,화물,남,66세,상해없음,보행자,남,18세,경상
2023031000100217,2023년 3월 10일 12시,금요일,부산광역시 수영구 광안동,부상신고사고,0,0,0,1,차대사람 - 기타,안전운전불이행,건조,맑음,교차로 - 교차로부근,화물,남,27세,상해없음,보행자,남,62세,부상신고
2023031000100218,2023년 3월 10일 12시,금요일,부산광역시 강서구 신호동,경상사고,0,0,1,0,차대차 - 측면충돌,신호위반,건조,맑음,교차로 - 교차로안,화물,남,59세,상해없음,승용,남,32세,상해없음
2023031000100241,2023년 3월 10일 13시,금요일,부산광역시 해운대구 중동,경상사고,0,0,1,0,차대사람 - 기타,안전운전불이행,건조,맑음,단일로 - 기타,승용,여,52세,상해없음,보행자,여,91세,경상
2023031000100242,2023년 3월 10일 13시,금요일,부산광역시 사상구 감전동,경상사고,0,0,2,0,차대차 - 측면충돌,안전거리미확보,건조,맑음,단일로 - 기타,승용,남,46세,상해없음,승용,여,50세,경상
2023031000100273,2023년 3월 10일 14시,금요일,부산광역시 서구 부민동2가,경상사고,0,0,1,0,차대차 - 추돌,안전거리미확보,건조,맑음,교차로 - 교차로부근,승용,여,30세,상해없음,이륜,남,50세,경상
2023031000100274,2023년 3월 10일 14시,금요일,부산광역시 남구 용호동,경상사고,0,0,4,0,차대차 - 기타,신호위반,건조,맑음,교차로 - 교차로안,승용,여,73세,상해없음,승용,남,70세,경상
2023031000100275,2023년 3월 10일 14시,금요일,부산광역시 부산진구 가야동,중상사고,0,1,0,0,차대사람 - 차도통행중,안전운전불이행,건조,맑음,단일로 - 기타,승합,여,56세,상해없음,보행자,남,7세,중상
2023031000100276,2023년 3월 10일 14시,금요일,부산광역시 연제구 연산동,경상사고,0,0,1,0,차대차 - 기타,안전운전불이행,건조,맑음,교차로 - 교차로안,승용,여,63세,기타불명,승용,남,48세,경상
2023031000100305,2023년 3월 10일 15시,금요일,부산광역시 중구 대청동4가,경상사고,0,0,1,0,차대차 - 추돌,안전운전불이행,건조,맑음,교차로 - 교차로부근,이륜,남,55세,경상,승용,남,45세,상해없음
2023031000100306,2023년 3월 10일 15시,금요일,부산광역시 동구 초량동,부상신고사고,0,0,0,1,차대사람 - 기타,안전운전불이행,건조,맑음,단일로 - 기타,승합,남,54세,상해없음,보행자,여,68세,부상신고
2023031000100339,2023년 3월 10일 16시,금요일,부산광역시 동래구 사직동,중상사고,0,1,0,0,차대사람 - 횡단중,안전운전불이행,건조,맑음,교차로 - 교차로안,승용,남,42세,상해없음,보행자,여,62세,중상
2023031000100379,2023년 3월 10일 17시,금요일,부산광역시 동구 초량동,경상사고,0,0,1,0,차대차 - 측면충돌,안전거리미확보,건조,맑음,단일로 - 기타,승용,남,71세,상해없음,이륜,남,30세,경상
2023031000100380,2023년 3월 10일 17시,금요일,부산광역시 남구 문현동,경상사고,0,0,2,0,차대차 - 측면충돌,안전거리미확보,건조,맑음,단일로 - 기타,승용,여,54세,상해없음,승용,남,54세,경상
2023031000100381,2023년 3월 10일 17시,금요일,부산광역시 부산진구 부전동,경상사고,0,0,1,0,차대차 - 기타,안전운전불이행,건조,맑음,단일로 - 기타,승용,남,32세,상해없음,승용,여,48세,경상
2023031000100382,2023년 3월 10일 17시,금요일,부산광역시 기장군 철마면,경상사고,0,0,2,0,차량단독 - 전도전복 - 전도,안전운전불이행,건조,맑음,교차로 - 교차로부근,승용,남,66세,상해없음,,,,
2023031000100418,2023년 3월 10일 18시,금요일,부산광역시 연제구 연산동,경상사고,0,0,1,0,차대차 - 후진중충돌,안전운전불이행,건조,맑음,기타 - 기타,화물,남,54세,상해없음,이륜,남,38세,경상
2023031000100474,2023년 3월 10일 19시,금요일,부산광역시 북구 구포동,경상사고,0,0,1,0,차대차 - 추돌,안전운전불이행,건조,맑음,단일로 - 기타,화물,남,59세,상해없음,승용,남,44세,경상
2023031000100475,2023년 3월 10일 19시,금요일,부산광역시 부산진구 부암동,경상사고,0,0,1,0,차대차 - 추돌,안전운전불이행,건조,맑음,교차로 - 교차로부근,승용,남,56세,상해없음,승용,남,33세,경상
2023031000100476,2023년 3월 10일 19시,금요일,부산광역시 사하구 구평동,중상사고,0,1,0,0,차대차 - 측면충돌,중앙선침범,건조,맑음,단일로 - 기타,승용,여,24세,상해없음,이륜,남,56세,중상
2023031000100477,2023년 3월 10일 19시,금요일,부산광역시 연제구 연산동,경상사고,0,0,1,0,차대사람 - 기타,안전운전불이행,건조,맑음,단일로 - 기타,승용,여,43세,상해없음,보행자,여,80세,경상
2023031000100522,2023년 3월 10일 20시,금요일,부산광역시 동래구 명장동,경상사고,0,0,2,0,차대차 - 측면충돌,안전운전불이행,건조,맑음,단일로 - 지하차도(도로)내,승용,남,62세,상해없음,승용,남,35세,경상
2023031000100523,2023년 3월 10일 20시,금요일,부산광역시 사하구 신평동,경상사고,0,0,1,0,차대차 - 측면충돌,안전운전불이행,건조,맑음,기타 - 기타,승용,남,43세,경상,화물,남,64세,상해없음
2023031000100524,2023년 3월 10일 20시,금요일,부산광역시 연제구 연산동,경상사고,0,0,1,0,차대차 - 기타,교차로운행방법위반,건조,맑음,교차로 - 교차로안,승용,남,67세,상해없음,이륜,남,19세,경상
2023031000100556,2023년 3월 10일 21시,금요일,부산광역시 부산진구 부전동,경상사고,0,0,1,0,차대차 - 추돌,안전운전불이행,건조,맑음,단일로 - 기타,승용,남,29세,상해없음,승용,남,54세,경상
2023031000100557,2023년 3월 10일 21시,금요일,부산광역시 강서구 봉림동,경상사고,0,0,1,0,차대차 - 정면충돌,안전거리미확보,건조,맑음,단일로 - 기타,승용,남,51세,상해없음,승용,남,29세,경상
2023031000100588,2023년 3월 10일 22시,금요일,부산광역시 북구 화명동,중상사고,0,1,0,0,차대사람 - 횡단중,신호위반,건조,맑음,단일로 - 기타,이륜,남,68세,상해없음,보행자,여,63세,중상
2023031000100589,2023년 3월 10일 22시,금요일,부산광역시 금정구 장전동,경상사고,0,0,1,0,차대차 - 추돌,안전운전불이행,건조,기타,단일로 - 기타,승용,남,36세,상해없음,승용,남,74세,경상
2023031100100002,2023년 3월 11일 00시,토요일,부산광역시 부산진구 양정동,경상사고,0,0,1,1,차대차 - 기타,안전운전불이행,건조,맑음,단일로 - 기타,승용,여,40세,상해없음,승용,여,58세,경상
2023031100100045,2023년 3월 11일 05시,토요일,부산광역시 해운대구 재송동,중상사고,0,1,0,0,차대사람 - 횡단중,신호위반,건조,맑음,단일로 - 기타,이륜,남,41세,상해없음,보행자,여,71세,중상
2023031100100079,2023년 3월 11일 08시,토요일,부산광역시 동구 범일동,경상사고,0,0,1,0,차대차 - 기타,안전운전불이행,건조,맑음,단일로 - 기타,자전거,남,74세,상해없음,이륜,남,48세,경상
2023031100100080,2023년 3월 11일 08시,토요일,부산광역시 해운대구 석대동,중상사고,0,1,5,0,차대차 - 측면충돌,차로위반,건조,맑음,교차로 - 교차로부근,승합,남,62세,상해없음,화물,남,30세,경상
2023031100100145,2023년 3월 11일 11시,토요일,부산광역시 동구 좌천동,경상사고,0,0,1,0,차대차 - 측면충돌,안전거리미확보,건조,맑음,단일로 - 기타,승용,여,41세,상해없음,승용,남,70세,경상
2023031100100146,2023년 3월 11일 11시,토요일,부산광역시 사하구 하단동,경상사고,0,0,1,0,차대사람 - 기타,안전운전불이행,건조,맑음,단일로 - 기타,승용,남,35세,상해없음,보행자,남,59세,경상
2023031100100180,2023년 3월 11일 12시,토요일,부산광역시 북구 덕천동,경상사고,0,0,2,0,차대차 - 기타,기타,건조,맑음,단일로 - 기타,이륜,남,38세,상해없음,승용,남,29세,경상
2023031100100181,2023년 3월 11일 12시,토요일,부산광역시 부산진구 부전동,중상사고,0,1,0,0,차대차 - 기타,안전거리미확보,건조,맑음,단일로 - 기타,승용,남,37세,상해없음,이륜,남,49세,중상
2023031100100220,2023년 3월 11일 13시,토요일,부산광역시 동래구 온천동,중상사고,0,1,0,0,차대사람 - 기타,안전운전불이행,건조,맑음,교차로 - 교차로안,승용,여,52세,상해없음,보행자,여,64세,중상
2023031100100221,2023년 3월 11일 13시,토요일,부산광역시 기장군 기장읍,경상사고,0,0,4,0,차대차 - 추돌,안전운전불이행,건조,맑음,기타 - 기타,승용,여,56세,상해없음,승용,여,52세,경상
2023031100100258,2023년 3월 11일 14시,토요일,부산광역시 부산진구 당감동,경상사고,0,0,3,0,차대차 - 추돌,안전운전불이행,건조,맑음,단일로 - 기타,승용,남,54세,기타불명,승용,남,54세,경상
2023031100100303,2023년 3월 11일 15시,토요일,부산광역시 북구 금곡동,경상사고,0,0,1,0,차대차 - 측면충돌,안전운전불이행,건조,맑음,단일로 - 기타,승용,여,42세,상해없음,승용,남,34세,경상
2023031100100342,2023년 3월 11일 16시,토요일,부산광역시 동구 초량동,중상사고,0,1,0,0,차대차 - 측면충돌,교차로운행방법위반,건조,맑음,교차로 - 교차로안,승용,여,29세,상해없음,원동기,남,33세,중상
2023031100100343,2023년 3월 11일 16시,토요일,부산광역시 서구 동대신동3가,경상사고,0,0,1,0,차대차 - 추돌,안전운전불이행,건조,맑음,교차로 - 교차로부근,승용,남,61세,상해없음,승용,남,29세,경상
2023031100100344,2023년 3월 11일 16시,토요일,부산광역시 사하구 장림동,경상사고,0,0,1,0,차대차 - 기타,안전운전불이행,건조,맑음,교차로 - 교차로부근,승용,남,20세,상해없음,승용,남,71세,경상
2023031100100345,2023년 3월 11일 16시,토요일,부산광역시 연제구 연산동,중상사고,0,1,0,0,차대사람 - 기타,안전운전불이행,건조,맑음,단일로 - 기타,승용,여,53세,상해없음,보행자,여,27세,중상
2023031100100368,2023년 3월 11일 17시,토요일,부산광역시 수영구 광안동,경상사고,0,0,1,0,차대사람 - 차도통행중,보행자보호의무위반,건조,맑음,교차로 - 교차로부근,승용,남,32세,상해없음,보행자,남,18세,경상
2023031100100369,2023년 3월 11일 17시,토요일,부산광역시 사상구 감전동,중상사고,0,1,1,0,차대차 - 측면충돌,교차로운행방법위반,건조,맑음,교차로 - 교차로안,이륜,남,73세,상해없음,승용,남,41세,중상
2023031100100399,2023년 3월 11일 18시,토요일,부산광역시 금정구 장전동,경상사고,0,0,1,0,차량단독 - 기타,기타,건조,맑음,단일로 - 기타,승합,남,61세,기타불명,,,,
2023031100100400,2023년 3월 11일 18시,토요일,부산광역시 강서구 대저1동,경상사고,0,0,1,0,차대차 - 측면충돌,안전거리미확보,건조,맑음,단일로 - 기타,승용,남,32세,상해없음,승용,여,43세,경상
2023031100100427,2023년 3월 11일 19시,토요일,부산광역시 동래구 명장동,경상사고,0,0,2,0,차대차 - 측면충돌,안전운전불이행,건조,맑음,교차로 - 교차로안,승용,남,53세,상해없음,화물,남,49세,경상
2023031100100455,2023년 3월 11일 20시,토요일,부산광역시 금정구 장전동,경상사고,0,0,1,0,차대사람 - 횡단중,안전운전불이행,건조,맑음,교차로 - 교차로부근,승용,남,56세,상해없음,보행자,여,22세,경상
2023031100100484,2023년 3월 11일 21시,토요일,부산광역시 금정구 장전동,경상사고,0,0,1,0,차대차 - 후진중충돌,불법유턴,건조,맑음,교차로 - 교차로안,승용,남,67세,상해없음,승용,남,38세,경상
2023031100100526,2023년 3월 11일 23시,토요일,부산광역시 동래구 명장동,중상사고,0,1,0,0,차대차 - 기타,안전운전불이행,건조,맑음,교차로 - 교차로안,승용,남,66세,상해없음,이륜,남,18세,중상
2023031100100528,2023년 3월 11일 23시,토요일,부산광역시 해운대구 우동,경상사고,0,0,1,0,차대차 - 측면충돌,기타,건조,맑음,단일로 - 기타,승용,남,63세,경상,승합,남,51세,상해없음
2023031200100038,2023년 3월 12일 03시,일요일,부산광역시 부산진구 부전동,경상사고,0,0,1,0,차대사람 - 차도통행중,안전운전불이행,건조,맑음,교차로 - 교차로안,승용,남,22세,상해없음,보행자,남,24세,경상
2023031200100039,2023년 3월 12일 03시,일요일,부산광역시 수영구 망미동,경상사고,0,0,1,0,차대차 - 추돌,안전운전불이행,건조,맑음,교차로 - 교차로부근,승용,남,46세,상해없음,승용,남,64세,경상
2023031200100047,2023년 3월 12일 05시,일요일,부산광역시 동래구 명륜동,경상사고,0,0,1,0,차대사람 - 기타,안전운전불이행,건조,맑음,단일로 - 기타,승용,남,68세,상해없음,보행자,남,31세,경상
2023031200100068,2023년 3월 12일 09시,일요일,부산광역시 사상구 감전동,경상사고,0,0,2,0,차대차 - 정면충돌,안전운전불이행,건조,맑음,교차로 - 교차로안,승용,남,28세,상해없음,승용,여,45세,경상
2023031200100083,2023년 3월 12일 10시,일요일,부산광역시 사하구 괴정동,경상사고,0,0,1,0,차대차 - 기타,안전운전불이행,건조,맑음,교차로 - 교차로부근,승용,남,80세,상해없음,승용,남,32세,경상
2023031200100133,2023년 3월 12일 12시,일요일,부산광역시 기장군 일광읍,경상사고,0,0,2,0,차대차 - 기타,안전거리미확보,건조,맑음,교차로 - 교차로부근,승용,남,45세,상해없음,승용,남,66세,경상
2023031200100237,2023년 3월 12일 16시,일요일,부산광역시 서구 동대신동2가,경상사고,0,0,1,1,차대차 - 측면충돌,차로위반,젖음/습기,비,교차로 - 교차로부근,승용,남,49세,부상신고,특수,남,63세,상해없음
2023031200100258,2023년 3월 12일 17시,일요일,부산광역시 북구 구포동,부상신고사고,0,0,0,1,차대차 - 기타,안전거리미확보,젖음/습기,흐림,단일로 - 기타,승용,남,33세,상해없음,원동기,남,45세,부상신고
2023031200100259,2023년 3월 12일 17시,일요일,부산광역시 금정구 서동,경상사고,0,0,1,0,차대사람 - 길가장자리구역통행중,안전운전불이행,젖음/습기,비,기타 - 기타,승용,남,64세,상해없음,보행자,남,64세,경상
2023031200100297,2023년 3월 12일 19시,일요일,부산광역시 수영구 남천동,경상사고,0,0,1,0,차대차 - 후진중충돌,안전운전불이행,건조,맑음,교차로 - 교차로안,승용,남,53세,상해없음,이륜,남,25세,경상
2023031200100298,2023년 3월 12일 19시,일요일,부산광역시 부산진구 연지동,경상사고,0,0,1,0,차대차 - 기타,안전운전불이행,건조,맑음,단일로 - 기타,승용,여,31세,기타불명,승용,남,67세,경상
2023031200100299,2023년 3월 12일 19시,일요일,부산광역시 사하구 장림동,경상사고,0,0,1,0,차대차 - 기타,중앙선침범,젖음/습기,흐림,교차로 - 교차로부근,승합,여,63세,상해없음,이륜,남,21세,경상
2023031200100317,2023년 3월 12일 20시,일요일,부산광역시 중구 남포동5가,중상사고,0,1,0,0,차대사람 - 횡단중,안전운전불이행,건조,맑음,교차로 - 교차로안,승합,남,64세,상해없음,보행자,남,36세,중상
2023031200100362,2023년 3월 12일 23시,일요일,부산광역시 북구 덕천동,경상사고,0,0,1,1,차대차 - 추돌,안전운전불이행,건조,맑음,단일로 - 기타,원동기,남,29세,부상신고,승용,남,60세,경상
2023031300100002,2023년 3월 13일 00시,월요일,부산광역시 기장군 기장읍,부상신고사고,0,0,0,1,차대사람 - 보도통행중,안전운전불이행,건조,맑음,단일로 - 기타,승용,남,49세,상해없음,보행자,남,40세,부상신고
2023031300100018,2023년 3월 13일 05시,월요일,부산광역시 부산진구 개금동,경상사고,0,0,1,0,차대차 - 추돌,안전거리미확보,건조,맑음,단일로 - 고가도로위,승용,남,29세,상해없음,화물,남,58세,경상
2023031300100029,2023년 3월 13일 06시,월요일,부산광역시 수영구 광안동,경상사고,0,0,1,0,차대차 - 기타,안전운전불이행,건조,맑음,교차로 - 교차로안,승용,남,37세,상해없음,자전거,남,21세,경상
2023031300100046,2023년 3월 13일 07시,월요일,부산광역시 기장군 철마면,중상사고,0,1,0,0,차대차 - 측면충돌,안전운전불이행,건조,맑음,교차로 - 교차로부근,승용,남,72세,상해없음,원동기,남,62세,중상
2023031300100077,2023년 3월 13일 08시,월요일,부산광역시 남구 대연동,경상사고,0,0,1,0,차대차 - 측면충돌,중앙선침범,건조,맑음,교차로 - 교차로안,승용,여,42세,상해없음,승용,남,57세,경상
2023031300100078,2023년 3월 13일 08시,월요일,부산광역시 금정구 구서동,중상사고,0,1,1,0,차대차 - 측면충돌,안전운전불이행,건조,맑음,교차로 - 교차로안,승용,여,53세,중상,승용,남,42세,경상
2023031300100079,2023년 3월 13일 08시,월요일,부산광역시 강서구 녹산동,경상사고,0,0,1,0,차대차 - 측면충돌,안전운전불이행,건조,맑음,교차로 - 교차로안,승용,여,40세,상해없음,승용,여,33세,경상
2023031300100126,2023년 3월 13일 09시,월요일,부산광역시 북구 화명동,경상사고,0,0,4,0,차대차 - 추돌,안전운전불이행,건조,맑음,단일로 - 터널,승용,남,33세,기타불명,승용,남,66세,경상
2023031300100127,2023년 3월 13일 09시,월요일,부산광역시 부산진구 개금동,경상사고,0,0,1,0,차대차 - 기타,안전거리미확보,건조,맑음,단일로 - 기타,승용,남,58세,상해없음,화물,남,30세,상해없음
2023031300100128,2023년 3월 13일 09시,월요일,부산광역시 금정구 노포동,경상사고,0,0,3,0,차대차 - 추돌,안전거리미확보,건조,맑음,단일로 - 기타,화물,남,33세,상해없음,화물,남,26세,상해없음
2023031300100163,2023년 3월 13일 10시,월요일,부산광역시 북구 화명동,경상사고,0,0,2,0,차대차 - 추돌,안전운전불이행,건조,맑음,단일로 - 터널,승용,여,36세,상해없음,승용,남,36세,경상
2023031300100197,2023년 3월 13일 11시,월요일,부산광역시 북구 화명동,경상사고,0,0,1,0,차대차 - 측면충돌,안전거리미확보,건조,맑음,단일로 - 기타,승용,남,70세,상해없음,승용,남,36세,경상
2023031300100198,2023년 3월 13일 11시,월요일,부산광역시 기장군 기장읍,경상사고,0,0,1,0,차대차 - 측면충돌,신호위반,건조,맑음,교차로 - 교차로안,화물,남,72세,상해없음,승용,남,59세,경상
2023031300100227,2023년 3월 13일 12시,월요일,부산광역시 금정구 남산동,경상사고,0,0,1,0,차대차 - 측면충돌,안전운전불이행,건조,맑음,단일로 - 기타,승용,남,64세,기타불명,이륜,남,28세,경상
2023031300100246,2023년 3월 13일 13시,월요일,부산광역시 동구 초량동,경상사고,0,0,1,0,차대사람 - 차도통행중,안전운전불이행,건조,맑음,단일로 - 기타,화물,남,68세,상해없음,보행자,여,33세,경상
2023031300100247,2023년 3월 13일 13시,월요일,부산광역시 동래구 온천동,경상사고,0,0,1,0,차대차 - 측면충돌,교차로운행방법위반,건조,맑음,교차로 - 교차로안,승용,남,56세,상해없음,이륜,남,30세,경상
2023031300100288,2023년 3월 13일 14시,월요일,부산광역시 북구 덕천동,경상사고,0,0,1,0,차대차 - 측면충돌,안전운전불이행,건조,맑음,교차로 - 교차로안,승용,남,61세,상해없음,이륜,남,27세,경상
2023031300100289,2023년 3월 13일 14시,월요일,부산광역시 동래구 사직동,경상사고,0,0,1,0,차대사람 - 길가장자리구역통행중,안전운전불이행,건조,맑음,단일로 - 기타,승용,여,48세,상해없음,보행자,여,34세,경상
2023031300100326,2023년 3월 13일 15시,월요일,부산광역시 수영구 광안동,경상사고,0,0,1,0,차대차 - 측면충돌,안전운전불이행,건조,맑음,단일로 - 기타,자전거,남,10세,경상,승용,남,63세,상해없음
2023031300100327,2023년 3월 13일 15시,월요일,부산광역시 영도구 영선동1가,경상사고,0,0,1,0,차대차 - 추돌,안전운전불이행,건조,맑음,교차로 - 교차로안,승용,여,67세,상해없음,승용,여,62세,경상
2023031300100328,2023년 3월 13일 15시,월요일,부산광역시 사하구 다대동,경상사고,0,0,1,0,차대사람 - 기타,안전운전불이행,건조,맑음,기타 - 기타,화물,남,38세,상해없음,보행자,남,68세,경상
2023031300100329,2023년 3월 13일 15시,월요일,부산광역시 강서구 명지동,경상사고,0,0,1,0,차대차 - 기타,안전운전불이행,건조,맑음,기타 - 기타,화물,여,48세,상해없음,자전거,남,10세,경상