사고번호,사고일시,요일,시군구,사고내용,사망자수,중상자수,경상자수,부상신고자수,사고유형,법규위반,노면상태,기상상태,도로형태,가해운전자 차종,가해운전자 성별,가해운전자 연령,가해운전자 상해정도,피해운전자 차종,피해운전자 성별,피해운전자 연령,피해운전자 상해정도
2023031700100208,2023년 3월 17일 12시,금요일,부산광역시 중구 부평동3가,사망사고,1,1,0,0,차대차 - 측면충돌,안전거리미확보,건조,맑음,교차로 - 교차로안,자전거,남,86세,사망,이륜,남,55세,중상
2023031700100209,2023년 3월 17일 12시,금요일,부산광역시 북구 덕천동,경상사고,0,0,1,0,차대차 - 기타,안전운전불이행,건조,맑음,교차로 - 교차로부근,승용,여,57세,상해없음,사륜오토바이(ATV),여,34세,경상
2023031700100265,2023년 3월 17일 14시,금요일,부산광역시 북구 덕천동,경상사고,0,0,1,0,차대차 - 기타,안전운전불이행,건조,맑음,교차로 - 교차로부근,승용,남,75세,상해없음,이륜,남,39세,경상
2023031700100266,2023년 3월 17일 14시,금요일,부산광역시 해운대구 우동,경상사고,0,0,1,0,차량단독 - 기타,안전운전불이행,건조,맑음,단일로 - 기타,승합,남,62세,상해없음,,,,
2023031700100267,2023년 3월 17일 14시,금요일,부산광역시 사하구 하단동,경상사고,0,0,1,0,차대사람 - 횡단중,보행자보호의무위반,건조,맑음,단일로 - 기타,화물,남,71세,상해없음,보행자,남,50세,경상
2023031700100268,2023년 3월 17일 14시,금요일,부산광역시 강서구 명지동,경상사고,0,0,1,0,차대사람 - 보도통행중,기타,건조,맑음,기타 - 기타,승합,남,75세,상해없음,보행자,여,59세,경상
2023031700100298,2023년 3월 17일 15시,금요일,부산광역시 남구 대연동,경상사고,0,0,1,0,차대사람 - 기타,안전운전불이행,건조,맑음,교차로 - 교차로안,승용,여,41세,상해없음,보행자,남,42세,경상
2023031700100299,2023년 3월 17일 15시,금요일,부산광역시 북구 금곡동,경상사고,0,0,1,0,차대차 - 측면충돌,차로위반,건조,맑음,교차로 - 교차로부근,승합,남,46세,상해없음,이륜,남,68세,경상
2023031700100300,2023년 3월 17일 15시,금요일,부산광역시 해운대구 반송동,중상사고,0,1,0,0,차대차 - 측면충돌,신호위반,건조,맑음,교차로 - 교차로안,이륜,남,50세,중상,승용,여,40세,상해없음
2023031700100327,2023년 3월 17일 16시,금요일,부산광역시 부산진구 전포동,경상사고,0,0,1,0,차대사람 - 횡단중,중앙선침범,건조,맑음,교차로 - 교차로부근,이륜,남,33세,상해없음,보행자,남,28세,경상
2023031700100328,2023년 3월 17일 16시,금요일,부산광역시 부산진구 개금동,경상사고,0,0,1,0,차대차 - 측면충돌,안전운전불이행,건조,맑음,교차로 - 교차로안,승용,남,52세,상해없음,승용,여,53세,경상
2023031700100362,2023년 3월 17일 17시,금요일,부산광역시 북구 화명동,경상사고,0,0,1,0,차대차 - 기타,안전운전불이행,건조,맑음,단일로 - 기타,승용,남,25세,상해없음,승합,남,42세,경상
2023031700100363,2023년 3월 17일 17시,금요일,부산광역시 강서구 명지동,경상사고,0,0,1,0,차대차 - 기타,안전운전불이행,건조,맑음,교차로 - 교차로부근,승용,여,55세,상해없음,자전거,남,8세,경상
2023031700100406,2023년 3월 17일 18시,금요일,부산광역시 수영구 광안동,경상사고,0,0,1,0,차대사람 - 길가장자리구역통행중,안전운전불이행,건조,맑음,단일로 - 기타,승용,남,28세,상해없음,보행자,남,9세,경상
2023031700100407,2023년 3월 17일 18시,금요일,부산광역시 금정구 회동동,경상사고,0,0,1,0,차대차 - 측면충돌,차로위반,건조,맑음,교차로 - 교차로부근,화물,남,43세,상해없음,승용,여,38세,경상
2023031700100455,2023년 3월 17일 19시,금요일,부산광역시 강서구 명지동,경상사고,0,0,1,0,차대차 - 측면충돌,안전운전불이행,건조,맑음,교차로 - 교차로횡단보도내,승용,남,68세,상해없음,자전거,남,15세,경상
2023031700100456,2023년 3월 17일 19시,금요일,부산광역시 사상구 감전동,사망사고,1,0,0,0,차대사람 - 차도통행중,기타,건조,맑음,단일로 - 기타,승용,남,55세,상해없음,보행자,남,73세,사망
2023031700100495,2023년 3월 17일 20시,금요일,부산광역시 북구 화명동,경상사고,0,0,1,0,차대차 - 기타,신호위반,건조,맑음,교차로 - 교차로안,승용,남,19세,상해없음,이륜,남,21세,경상
2023031700100496,2023년 3월 17일 20시,금요일,부산광역시 부산진구 부전동,경상사고,0,0,1,0,차대차 - 측면충돌,안전거리미확보,건조,맑음,단일로 - 기타,승용,남,40세,상해없음,승용,남,33세,경상
2023031800100003,2023년 3월 18일 00시,토요일,부산광역시 연제구 거제동,경상사고,0,0,1,0,차대차 - 추돌,안전운전불이행,건조,맑음,교차로 - 교차로부근,승용,남,51세,상해없음,승용,남,53세,경상
2023031800100022,2023년 3월 18일 03시,토요일,부산광역시 부산진구 부전동,경상사고,0,0,1,0,차대차 - 측면충돌,안전운전불이행,건조,맑음,교차로 - 교차로안,승용,남,29세,상해없음,승용,남,34세,상해없음
2023031800100043,2023년 3월 18일 07시,토요일,부산광역시 사하구 하단동,경상사고,0,0,2,0,차대차 - 추돌,안전운전불이행,건조,맑음,교차로 - 교차로안,승용,남,52세,경상,승용,여,32세,경상
2023031800100081,2023년 3월 18일 10시,토요일,부산광역시 수영구 광안동,경상사고,0,0,1,0,차대차 - 기타,안전운전불이행,건조,맑음,단일로 - 기타,승용,남,25세,상해없음,승합,남,43세,상해없음
2023031800100082,2023년 3월 18일 10시,토요일,부산광역시 북구 덕천동,경상사고,0,0,3,0,차대차 - 추돌,안전운전불이행,건조,맑음,단일로 - 기타,승용,남,30세,상해없음,승용,여,30세,경상
2023031800100116,2023년 3월 18일 11시,토요일,부산광역시 중구 보수동2가,중상사고,0,1,0,0,차대차 - 기타,기타,건조,맑음,단일로 - 기타,승용,남,75세,상해없음,자전거,남,35세,중상
2023031800100117,2023년 3월 18일 11시,토요일,부산광역시 남구 용당동,경상사고,0,0,1,0,차대차 - 기타,안전운전불이행,건조,맑음,단일로 - 기타,승용,남,58세,상해없음,이륜,남,45세,경상
2023031800100118,2023년 3월 18일 11시,토요일,부산광역시 사하구 신평동,중상사고,0,1,0,0,차대차 - 측면충돌,중앙선침범,건조,맑음,단일로 - 기타,승용,남,62세,상해없음,이륜,남,49세,중상
2023031800100119,2023년 3월 18일 11시,토요일,부산광역시 사하구 다대동,중상사고,0,1,0,0,차대사람 - 차도통행중,안전운전불이행,건조,맑음,교차로 - 교차로안,이륜,남,73세,상해없음,보행자,남,53세,중상
2023031800100207,2023년 3월 18일 13시,토요일,부산광역시 동래구 온천동,경상사고,0,0,1,0,차대차 - 기타,안전거리미확보,건조,맑음,단일로 - 기타,화물,남,63세,상해없음,승용,남,39세,경상
2023031800100208,2023년 3월 18일 13시,토요일,부산광역시 해운대구 재송동,경상사고,0,0,1,0,차대사람 - 횡단중,보행자보호의무위반,건조,맑음,교차로 - 교차로횡단보도내,승용,남,59세,상해없음,보행자,남,29세,경상
2023031800100209,2023년 3월 18일 13시,토요일,부산광역시 부산진구 가야동,경상사고,0,0,1,0,차대차 - 기타,안전운전불이행,건조,맑음,단일로 - 기타,이륜,남,35세,경상,승용,남,72세,상해없음
2023031800100210,2023년 3월 18일 13시,토요일,부산광역시 사하구 괴정동,경상사고,0,0,3,0,차대차 - 측면충돌,신호위반,건조,맑음,교차로 - 교차로부근,승용,여,49세,기타불명,승용,남,32세,경상
2023031800100249,2023년 3월 18일 14시,토요일,부산광역시 서구 서대신동1가,경상사고,0,0,1,0,차대차 - 측면충돌,안전운전불이행,건조,맑음,교차로 - 교차로안,승용,여,32세,상해없음,승합,남,43세,경상
2023031800100250,2023년 3월 18일 14시,토요일,부산광역시 연제구 연산동,중상사고,0,1,0,0,차대차 - 측면충돌,신호위반,건조,맑음,교차로 - 교차로안,이륜,남,51세,중상,승용,남,54세,상해없음
2023031800100281,2023년 3월 18일 15시,토요일,부산광역시 동구 범일동,경상사고,0,0,1,0,차대사람 - 차도통행중,안전운전불이행,건조,맑음,단일로 - 기타,승용,여,58세,상해없음,보행자,여,3세,경상
2023031800100282,2023년 3월 18일 15시,토요일,부산광역시 동구 수정동,경상사고,0,0,1,0,차량단독 - 기타,안전운전불이행,건조,맑음,단일로 - 기타,승합,남,56세,상해없음,,,,
2023031800100283,2023년 3월 18일 15시,토요일,부산광역시 부산진구 부전동,경상사고,0,0,1,0,차대차 - 기타,안전운전불이행,건조,맑음,단일로 - 기타,이륜,남,26세,상해없음,승용,남,28세,경상
2023031800100284,2023년 3월 18일 15시,토요일,부산광역시 부산진구 부전동,경상사고,0,0,2,0,차대차 - 측면충돌,신호위반,건조,맑음,교차로 - 교차로안,승용,남,42세,상해없음,승용,남,23세,경상
2023031800100285,2023년 3월 18일 15시,토요일,부산광역시 기장군 기장읍,경상사고,0,0,1,0,차대차 - 측면충돌,차로위반,건조,맑음,교차로 - 교차로부근,승용,남,22세,기타불명,승용,여,42세,경상
2023031800100335,2023년 3월 18일 16시,토요일,부산광역시 해운대구 우동,경상사고,0,0,1,0,차대차 - 기타,안전거리미확보,건조,맑음,교차로 - 교차로안,승용,남,68세,상해없음,이륜,남,41세,경상
2023031800100369,2023년 3월 18일 17시,토요일,부산광역시 수영구 광안동,경상사고,0,0,1,0,차대사람 - 횡단중,보행자보호의무위반,건조,맑음,교차로 - 교차로횡단보도내,승용,남,46세,상해없음,보행자,여,53세,경상
2023031800100370,2023년 3월 18일 17시,토요일,부산광역시 금정구 부곡동,경상사고,0,0,1,0,차대사람 - 기타,안전운전불이행,건조,맑음,단일로 - 기타,승용,남,53세,상해없음,보행자,남,68세,경상
2023031800100402,2023년 3월 18일 18시,토요일,부산광역시 부산진구 부전동,중상사고,0,1,0,0,차대사람 - 길가장자리구역통행중,안전운전불이행,건조,맑음,단일로 - 기타,승용,남,56세,상해없음,보행자,여,23세,중상
2023031800100433,2023년 3월 18일 19시,토요일,부산광역시 금정구 장전동,경상사고,0,0,1,0,차대차 - 측면충돌,신호위반,건조,맑음,교차로 - 교차로안,승용,남,22세,상해없음,이륜,남,28세,경상
2023031800100434,2023년 3월 18일 19시,토요일,부산광역시 금정구 장전동,경상사고,0,0,1,0,차대사람 - 기타,안전운전불이행,건조,맑음,기타 - 기타,승용,남,22세,상해없음,보행자,남,24세,경상
2023031800100468,2023년 3월 18일 20시,토요일,부산광역시 중구 남포동6가,경상사고,0,0,2,0,차대차 - 측면충돌,교차로운행방법위반,건조,맑음,교차로 - 교차로안,승용,남,51세,상해없음,승용,여,55세,경상
2023031800100469,2023년 3월 18일 20시,토요일,부산광역시 강서구 명지동,경상사고,0,0,2,0,차대차 - 정면충돌,중앙선침범,건조,맑음,교차로 - 교차로부근,승용,여,42세,상해없음,승용,남,38세,경상
2023031800100496,2023년 3월 18일 21시,토요일,부산광역시 남구 대연동,중상사고,0,2,0,0,차대차 - 기타,안전운전불이행,건조,맑음,교차로 - 교차로부근,승합,남,50세,상해없음,승용,남,60세,중상
2023031800100516,2023년 3월 18일 22시,토요일,부산광역시 사하구 다대동,중상사고,0,1,1,0,차대차 - 측면충돌,신호위반,건조,맑음,교차로 - 교차로안,이륜,남,57세,중상,승용,남,59세,경상
2023031800100517,2023년 3월 18일 22시,토요일,부산광역시 사상구 괘법동,경상사고,0,0,1,0,차대사람 - 차도통행중,안전운전불이행,건조,맑음,단일로 - 기타,승용,남,43세,상해없음,보행자,남,45세,경상
2023031800100532,2023년 3월 18일 23시,토요일,부산광역시 연제구 연산동,중상사고,0,1,0,0,차대차 - 추돌,안전운전불이행,건조,맑음,단일로 - 기타,승용,남,75세,상해없음,승용,남,59세,중상
2023031800100533,2023년 3월 18일 23시,토요일,부산광역시 기장군 기장읍,경상사고,0,0,1,0,차대차 - 측면충돌,차로위반,건조,맑음,단일로 - 기타,승용,남,22세,상해없음,승합,남,35세,경상
2023031900100002,2023년 3월 19일 00시,일요일,부산광역시 해운대구 우동,부상신고사고,0,0,0,1,차량단독 - 기타,안전운전불이행,건조,맑음,단일로 - 기타,이륜,여,28세,부상신고,,,,
2023031900100003,2023년 3월 19일 00시,일요일,부산광역시 부산진구 양정동,중상사고,0,1,0,1,차대차 - 기타,안전운전불이행,건조,맑음,단일로 - 기타,이륜,남,17세,중상,승용,남,37세,기타불명
2023031900100014,2023년 3월 19일 01시,일요일,부산광역시 부산진구 부전동,경상사고,0,0,1,0,차대사람 - 길가장자리구역통행중,안전운전불이행,건조,맑음,단일로 - 기타,승용,남,29세,상해없음,보행자,남,20세,경상
2023031900100050,2023년 3월 19일 08시,일요일,부산광역시 기장군 기장읍,중상사고,0,1,0,0,차대차 - 측면충돌,안전운전불이행,건조,맑음,단일로 - 기타,화물,남,65세,상해없음,자전거,남,36세,중상
2023031900100072,2023년 3월 19일 10시,일요일,부산광역시 해운대구 좌동,중상사고,0,3,1,0,차대차 - 측면충돌,신호위반,건조,맑음,단일로 - 교량,승용,남,62세,상해없음,승용,여,40세,중상
2023031900100091,2023년 3월 19일 11시,일요일,부산광역시 서구 동대신동3가,경상사고,0,0,3,0,차대차 - 측면충돌,안전운전불이행,건조,맑음,단일로 - 기타,승용,남,74세,상해없음,승용,남,52세,상해없음
2023031900100141,2023년 3월 19일 13시,일요일,부산광역시 수영구 광안동,중상사고,0,1,0,0,차대차 - 기타,안전운전불이행,건조,맑음,교차로 - 교차로부근,승용,여,53세,상해없음,승용,남,23세,중상
2023031900100142,2023년 3월 19일 13시,일요일,부산광역시 부산진구 개금동,중상사고,0,1,0,0,차대차 - 측면충돌,신호위반,건조,맑음,교차로 - 교차로안,승용,여,54세,상해없음,이륜,남,27세,중상
2023031900100143,2023년 3월 19일 13시,일요일,부산광역시 사상구 괘법동,중상사고,0,1,0,0,차대사람 - 횡단중,안전운전불이행,건조,맑음,단일로 - 기타,승용,여,75세,기타불명,보행자,여,22세,중상
2023031900100168,2023년 3월 19일 14시,일요일,부산광역시 중구 중앙동2가,경상사고,0,0,2,0,차대차 - 측면충돌,안전운전불이행,건조,맑음,단일로 - 기타,승용,남,60세,상해없음,승용,남,29세,경상
2023031900100169,2023년 3월 19일 14시,일요일,부산광역시 수영구 민락동,경상사고,0,0,1,0,차대차 - 추돌,안전운전불이행,건조,맑음,단일로 - 교량,승용,여,47세,상해없음,승용,여,44세,경상
2023031900100195,2023년 3월 19일 15시,일요일,부산광역시 기장군 철마면,경상사고,0,0,2,0,차대차 - 추돌,안전거리미확보,건조,맑음,단일로 - 기타,승용,여,59세,상해없음,승용,남,43세,상해없음
2023031900100236,2023년 3월 19일 16시,일요일,부산광역시 금정구 서동,경상사고,0,0,1,0,차대사람 - 차도통행중,안전운전불이행,건조,맑음,교차로 - 교차로안,화물,남,55세,상해없음,보행자,남,60세,경상
2023031900100266,2023년 3월 19일 17시,일요일,부산광역시 남구 문현동,부상신고사고,0,0,0,1,차량단독 - 공작물충돌,안전운전불이행,건조,맑음,교차로 - 교차로부근,이륜,남,77세,부상신고,,,,
2023031900100267,2023년 3월 19일 17시,일요일,부산광역시 금정구 장전동,경상사고,0,0,1,0,차대차 - 측면충돌,안전운전불이행,건조,맑음,교차로 - 교차로부근,승용,남,63세,상해없음,승용,남,69세,경상
2023031900100288,2023년 3월 19일 18시,일요일,부산광역시 남구 용호동,중상사고,0,1,0,0,차대사람 - 길가장자리구역통행중,안전운전불이행,건조,맑음,교차로 - 교차로부근,승용,여,63세,상해없음,보행자,남,69세,중상
2023031900100306,2023년 3월 19일 19시,일요일,부산광역시 연제구 연산동,경상사고,0,0,1,0,차대차 - 기타,차로위반,건조,맑음,기타 - 기타,승용,남,20세,상해없음,승용,남,55세,경상
2023031900100307,2023년 3월 19일 19시,일요일,부산광역시 사상구 덕포동,경상사고,0,0,1,0,차대차 - 후진중충돌,안전운전불이행,건조,맑음,단일로 - 기타,화물,남,54세,상해없음,이륜,남,38세,경상
2023031900100349,2023년 3월 19일 21시,일요일,부산광역시 동래구 낙민동,경상사고,0,0,1,0,차대차 - 측면충돌,안전거리미확보,건조,맑음,단일로 - 기타,승용,남,35세,상해없음,승용,남,56세,경상
2023032000100004,2023년 3월 20일 00시,월요일,부산광역시 연제구 연산동,경상사고,0,0,1,0,차대차 - 추돌,신호위반,건조,맑음,교차로 - 교차로안,기타불명,기타불명,미분류,기타불명,승용,남,48세,상해없음
2023032000100016,2023년 3월 20일 03시,월요일,부산광역시 부산진구 부전동,중상사고,0,1,0,0,차량단독 - 전도전복 - 전도,안전운전불이행,건조,맑음,단일로 - 기타,이륜,남,24세,중상,,,,
2023032000100017,2023년 3월 20일 03시,월요일,부산광역시 금정구 금사동,경상사고,0,0,2,0,차대차 - 기타,직진우회전진행방해,건조,맑음,교차로 - 교차로안,화물,남,33세,상해없음,승용,남,56세,경상
2023032000100034,2023년 3월 20일 06시,월요일,부산광역시 동래구 안락동,부상신고사고,0,0,0,1,차대차 - 기타,신호위반,건조,맑음,교차로 - 교차로안,이륜,남,43세,부상신고,승용,여,63세,상해없음
2023032000100047,2023년 3월 20일 07시,월요일,부산광역시 부산진구 부전동,중상사고,0,1,0,0,차대차 - 측면충돌,교차로운행방법위반,건조,맑음,교차로 - 교차로안,승용,여,45세,중상,건설기계,남,51세,상해없음
2023032000100080,2023년 3월 20일 08시,월요일,부산광역시 남구 대연동,경상사고,0,0,1,0,차대차 - 추돌,안전운전불이행,건조,맑음,교차로 - 교차로안,승용,여,53세,기타불명,승용,남,37세,경상
2023032000100081,2023년 3월 20일 08시,월요일,부산광역시 강서구 강동동,경상사고,0,0,2,0,차대차 - 추돌,안전운전불이행,건조,맑음,단일로 - 기타,승용,남,30세,상해없음,화물,남,42세,경상
2023032000100131,2023년 3월 20일 09시,월요일,부산광역시 수영구 민락동,중상사고,0,2,0,0,차대차 - 추돌,신호위반,건조,맑음,교차로 - 교차로안,승용,여,52세,상해없음,승용,남,41세,중상
2023032000100165,2023년 3월 20일 10시,월요일,부산광역시 금정구 장전동,경상사고,0,0,1,0,차대차 - 기타,안전운전불이행,건조,맑음,교차로 - 교차로안,승용,남,66세,상해없음,이륜,남,19세,경상
2023032000100191,2023년 3월 20일 11시,월요일,부산광역시 연제구 연산동,경상사고,0,0,1,0,차대차 - 추돌,교차로운행방법위반,건조,맑음,교차로 - 교차로안,승용,남,60세,상해없음,이륜,남,58세,상해없음
2023032000100192,2023년 3월 20일 11시,월요일,부산광역시 금정구 두구동,경상사고,0,0,1,0,차대차 - 기타,안전운전불이행,건조,맑음,단일로 - 기타,승용,남,68세,경상,특수,남,56세,상해없음
2023032000100220,2023년 3월 20일 12시,월요일,부산광역시 동래구 명륜동,경상사고,0,0,1,0,차대사람 - 길가장자리구역통행중,안전운전불이행,건조,맑음,단일로 - 지하차도(도로)내,승용,여,43세,상해없음,보행자,남,60세,경상
2023032000100221,2023년 3월 20일 12시,월요일,부산광역시 부산진구 부전동,중상사고,0,5,2,0,차대사람 - 기타,안전운전불이행,건조,맑음,교차로 - 교차로부근,승용,남,79세,상해없음,보행자,남,63세,중상
2023032000100293,2023년 3월 20일 14시,월요일,부산광역시 해운대구 반송동,경상사고,0,0,1,0,차대차 - 기타,중앙선침범,건조,맑음,단일로 - 기타,화물,남,49세,상해없음,이륜,남,44세,경상
2023032000100321,2023년 3월 20일 15시,월요일,부산광역시 남구 대연동,경상사고,0,0,1,0,차대차 - 측면충돌,안전거리미확보,건조,맑음,교차로 - 교차로부근,승합,남,45세,기타불명,승용,남,40세,경상
2023032000100354,2023년 3월 20일 16시,월요일,부산광역시 해운대구 좌동,경상사고,0,0,1,0,차대차 - 정면충돌,교차로운행방법위반,건조,맑음,교차로 - 교차로안,승용,여,28세,상해없음,승용,남,19세,경상
2023032000100355,2023년 3월 20일 16시,월요일,부산광역시 사상구 감전동,경상사고,0,0,1,0,차대차 - 추돌,안전운전불이행,건조,맑음,단일로 - 기타,승용,남,65세,상해없음,승용,남,57세,경상
2023032000100440,2023년 3월 20일 18시,월요일,부산광역시 북구 화명동,경상사고,0,0,1,0,차대차 - 기타,안전운전불이행,건조,맑음,단일로 - 기타,승용,남,67세,상해없음,승합,남,46세,상해없음
2023032000100441,2023년 3월 20일 18시,월요일,부산광역시 영도구 대교동1가,중상사고,0,1,0,0,차대차 - 기타,안전운전불이행,건조,맑음,교차로 - 교차로부근,승용,남,77세,상해없음,이륜,남,25세,중상
2023032000100442,2023년 3월 20일 18시,월요일,부산광역시 기장군 정관읍,중상사고,0,1,0,0,차대차 - 기타,신호위반,건조,맑음,교차로 - 교차로부근,이륜,여,41세,중상,승용,여,50세,상해없음
2023032000100473,2023년 3월 20일 19시,월요일,부산광역시 금정구 서동,경상사고,0,0,1,0,차대사람 - 횡단중,보행자보호의무위반,건조,맑음,단일로 - 기타,화물,남,41세,상해없음,보행자,여,32세,경상
2023032000100507,2023년 3월 20일 20시,월요일,부산광역시 북구 화명동,중상사고,0,1,0,0,차대차 - 기타,중앙선침범,건조,맑음,교차로 - 교차로안,승용,남,63세,상해없음,원동기,남,37세,중상
2023032000100508,2023년 3월 20일 20시,월요일,부산광역시 부산진구 부전동,경상사고,0,0,1,1,차대차 - 정면충돌,신호위반,건조,맑음,교차로 - 교차로안,이륜,남,47세,부상신고,승용,남,72세,경상
2023032000100532,2023년 3월 20일 21시,월요일,부산광역시 동래구 온천동,경상사고,0,0,1,0,차대차 - 측면충돌,직진우회전진행방해,건조,맑음,단일로 - 기타,승용,남,52세,상해없음,이륜,남,52세,경상
2023032000100550,2023년 3월 20일 22시,월요일,부산광역시 부산진구 당감동,중상사고,0,1,3,0,차대차 - 정면충돌,신호위반,건조,맑음,단일로 - 기타,이륜,남,27세,상해없음,승합,남,53세,경상
2023032000100551,2023년 3월 20일 22시,월요일,부산광역시 부산진구 양정동,경상사고,0,0,1,0,차량단독 - 기타,안전운전불이행,건조,맑음,단일로 - 기타,승합,남,44세,상해없음,,,,
2023032100100008,2023년 3월 21일 00시,화요일,부산광역시 부산진구 개금동,중상사고,0,1,1,0,차대차 - 측면충돌,안전운전불이행,건조,맑음,단일로 - 기타,승용,남,22세,상해없음,화물,남,42세,경상
2023032100100009,2023년 3월 21일 00시,화요일,부산광역시 연제구 거제동,경상사고,0,0,1,0,차대차 - 추돌,교차로운행방법위반,건조,맑음,교차로 - 교차로부근,승용,남,72세,상해없음,승용,남,67세,상해없음
2023032100100016,2023년 3월 21일 02시,화요일,부산광역시 부산진구 부전동,경상사고,0,0,3,0,차대차 - 기타,안전운전불이행,건조,맑음,교차로 - 교차로안,승용,남,57세,상해없음,승용,남,63세,경상
2023032100100024,2023년 3월 21일 05시,화요일,부산광역시 금정구 부곡동,중상사고,0,1,0,0,차대차 - 측면충돌,안전거리미확보,건조,맑음,단일로 - 기타,승용,여,49세,상해없음,이륜,남,57세,중상
2023032100100031,2023년 3월 21일 06시,화요일,부산광역시 서구 동대신동1가,경상사고,0,0,2,0,차대차 - 추돌,안전거리미확보,건조,맑음,교차로 - 교차로안,승용,남,43세,기타불명,승용,남,61세,경상
2023032100100080,2023년 3월 21일 08시,화요일,부산광역시 영도구 영선동2가,중상사고,0,2,0,0,차대차 - 추돌,안전거리미확보,건조,맑음,단일로 - 기타,승용,여,39세,상해없음,승용,여,55세,중상
2023032100100156,2023년 3월 21일 10시,화요일,부산광역시 남구 문현동,경상사고,0,0,1,0,차대차 - 측면충돌,안전운전불이행,건조,맑음,단일로 - 기타,특수,남,62세,상해없음,승용,여,34세,경상
2023032100100157,2023년 3월 21일 10시,화요일,부산광역시 기장군 정관읍,경상사고,0,0,2,0,차대사람 - 횡단중,안전운전불이행,건조,맑음,기타 - 기타,승용,남,47세,경상,보행자,여,57세,경상
2023032100100184,2023년 3월 21일 11시,화요일,부산광역시 수영구 민락동,경상사고,0,0,1,0,차대차 - 기타,안전운전불이행,건조,맑음,교차로 - 교차로부근,승용,남,62세,상해없음,이륜,남,40세,경상
2023032100100185,2023년 3월 21일 11시,화요일,부산광역시 연제구 거제동,경상사고,0,0,1,0,차대차 - 기타,안전거리미확보,건조,맑음,기타 - 기타,승용,남,65세,상해없음,승용,여,63세,경상
2023032100100231,2023년 3월 21일 13시,화요일,부산광역시 연제구 연산동,중상사고,0,1,0,0,차대사람 - 횡단중,보행자보호의무위반,건조,맑음,교차로 - 교차로부근,승용,남,49세,상해없음,보행자,여,61세,중상
2023032100100232,2023년 3월 21일 13시,화요일,부산광역시 강서구 대저2동,경상사고,0,0,2,0,차대차 - 측면충돌,신호위반,건조,맑음,교차로 - 교차로안,승용,여,32세,상해없음,승용,남,68세,경상
2023032100100263,2023년 3월 21일 14시,화요일,부산광역시 동구 범일동,중상사고,0,1,4,0,차대차 - 기타,안전운전불이행,건조,맑음,교차로 - 교차로부근,승용,남,87세,상해없음,이륜,남,18세,경상
2023032100100264,2023년 3월 21일 14시,화요일,부산광역시 남구 감만동,경상사고,0,0,2,0,차대차 - 측면충돌,안전운전불이행,건조,맑음,교차로 - 교차로안,특수,남,66세,상해없음,승용,남,34세,경상
2023032100100265,2023년 3월 21일 14시,화요일,부산광역시 동래구 안락동,경상사고,0,0,2,0,차대차 - 측면충돌,안전운전불이행,건조,맑음,단일로 - 기타,이륜,남,35세,경상,승용,여,29세,경상
2023032100100266,2023년 3월 21일 14시,화요일,부산광역시 수영구 망미동,경상사고,0,0,1,0,차대차 - 후진중충돌,안전운전불이행,건조,맑음,기타 - 기타,승용,남,68세,상해없음,원동기,남,32세,경상
2023032100100306,2023년 3월 21일 15시,화요일,부산광역시 동구 범일동,경상사고,0,0,1,0,차대차 - 기타,안전운전불이행,건조,맑음,교차로 - 교차로부근,화물,남,62세,상해없음,승합,남,48세,상해없음
2023032100100307,2023년 3월 21일 15시,화요일,부산광역시 금정구 서동,경상사고,0,0,1,0,차대차 - 추돌,안전운전불이행,건조,맑음,교차로 - 교차로부근,승용,남,53세,상해없음,승용,남,32세,경상
2023032100100308,2023년 3월 21일 15시,화요일,부산광역시 강서구 대저1동,경상사고,0,0,1,0,차량단독 - 공작물충돌,안전운전불이행,건조,맑음,단일로 - 기타,승용,남,27세,경상,,,,
2023032100100309,2023년 3월 21일 15시,화요일,부산광역시 강서구 대저2동,중상사고,0,1,0,0,차대차 - 측면충돌,안전운전불이행,건조,맑음,교차로 - 교차로안,승용,남,44세,상해없음,자전거,남,61세,중상
2023032100100339,2023년 3월 21일 16시,화요일,부산광역시 서구 부용동2가,중상사고,0,1,0,0,차대차 - 측면충돌,안전운전불이행,건조,맑음,교차로 - 교차로안,승용,여,30세,상해없음,이륜,남,21세,중상
2023032100100340,2023년 3월 21일 16시,화요일,부산광역시 수영구 광안동,중상사고,0,1,0,0,차대사람 - 기타,보행자보호의무위반,건조,맑음,단일로 - 기타,승용,여,44세,상해없음,보행자,여,26세,중상
2023032100100341,2023년 3월 21일 16시,화요일,부산광역시 해운대구 반송동,경상사고,0,0,2,0,차대차 - 추돌,안전운전불이행,건조,맑음,단일로 - 기타,승용,남,59세,상해없음,승용,여,49세,경상
2023032100100342,2023년 3월 21일 16시,화요일,부산광역시 부산진구 개금동,경상사고,0,0,1,0,차대차 - 추돌,안전운전불이행,건조,맑음,단일로 - 고가도로위,승용,여,62세,상해없음,승용,남,63세,경상
2023032100100382,2023년 3월 21일 17시,화요일,부산광역시 영도구 대교동2가,경상사고,0,0,1,0,차대사람 - 기타,안전운전불이행,건조,맑음,단일로 - 기타,승용,남,76세,상해없음,보행자,여,51세,경상