사고번호,사고일시,요일,시군구,사고내용,사망자수,중상자수,경상자수,부상신고자수,사고유형,법규위반,노면상태,기상상태,도로형태,가해운전자 차종,가해운전자 성별,가해운전자 연령,가해운전자 상해정도,피해운전자 차종,피해운전자 성별,피해운전자 연령,피해운전자 상해정도
2023040200100291,2023년 4월 2일 16시,일요일,부산광역시 사상구 괘법동,경상사고,0,0,1,0,차대차 - 추돌,안전거리미확보,건조,맑음,단일로 - 기타,이륜,남,38세,상해없음,승용,남,26세,경상
2023040200100318,2023년 4월 2일 17시,일요일,부산광역시 서구 서대신동2가,경상사고,0,0,1,2,차대차 - 측면충돌,신호위반,건조,맑음,교차로 - 교차로안,승용,남,67세,상해없음,승용,남,43세,경상
2023040200100319,2023년 4월 2일 17시,일요일,부산광역시 강서구 명지동,경상사고,0,0,1,0,차대차 - 측면충돌,안전운전불이행,건조,맑음,단일로 - 지하차도(도로)내,승용,남,47세,상해없음,자전거,남,57세,경상
2023040200100320,2023년 4월 2일 17시,일요일,부산광역시 강서구 명지동,경상사고,0,0,1,0,차대차 - 기타,안전운전불이행,건조,맑음,교차로 - 교차로안,승용,남,70세,상해없음,이륜,남,54세,경상
2023040200100375,2023년 4월 2일 19시,일요일,부산광역시 해운대구 우동,경상사고,0,0,1,0,차대차 - 기타,신호위반,건조,맑음,교차로 - 교차로안,이륜,남,47세,상해없음,승용,남,29세,경상
2023040200100376,2023년 4월 2일 19시,일요일,부산광역시 금정구 부곡동,경상사고,0,0,1,1,차대사람 - 횡단중,안전운전불이행,건조,맑음,교차로 - 교차로안,화물,남,39세,상해없음,보행자,여,43세,경상
2023040200100430,2023년 4월 2일 21시,일요일,부산광역시 부산진구 전포동,경상사고,0,0,2,0,차대차 - 기타,안전운전불이행,건조,맑음,단일로 - 기타,이륜,남,26세,경상,이륜,남,31세,경상
2023040200100431,2023년 4월 2일 21시,일요일,부산광역시 수영구 광안동,경상사고,0,0,2,0,차대차 - 기타,안전거리미확보,건조,맑음,단일로 - 기타,승용,남,21세,상해없음,승용,남,25세,경상
2023040200100468,2023년 4월 2일 23시,일요일,부산광역시 동래구 명륜동,경상사고,0,0,1,0,차대사람 - 기타,안전운전불이행,건조,맑음,교차로 - 교차로안,승용,남,24세,상해없음,보행자,여,52세,경상
2023040300100005,2023년 4월 3일 00시,월요일,부산광역시 부산진구 범천동,부상신고사고,0,0,0,1,차대차 - 기타,안전운전불이행,건조,맑음,교차로 - 교차로부근,승용,남,27세,상해없음,승용,남,65세,상해없음
2023040300100013,2023년 4월 3일 03시,월요일,부산광역시 부산진구 당감동,부상신고사고,0,0,0,1,차대차 - 기타,교차로운행방법위반,건조,맑음,교차로 - 교차로안,승용,남,59세,기타불명,승용,남,61세,상해없음
2023040300100041,2023년 4월 3일 07시,월요일,부산광역시 북구 덕천동,경상사고,0,0,2,0,차대차 - 추돌,안전운전불이행,건조,맑음,단일로 - 기타,승용,남,36세,기타불명,승용,남,63세,경상
2023040300100042,2023년 4월 3일 07시,월요일,부산광역시 부산진구 범천동,경상사고,0,0,2,0,차대차 - 정면충돌,중앙선침범,건조,맑음,단일로 - 기타,승용,남,79세,상해없음,화물,남,51세,상해없음
2023040300100043,2023년 4월 3일 07시,월요일,부산광역시 금정구 부곡동,경상사고,0,0,2,0,차대차 - 측면충돌,안전운전불이행,건조,맑음,교차로 - 교차로부근,승용,남,60세,상해없음,승용,여,43세,경상
2023040300100044,2023년 4월 3일 07시,월요일,부산광역시 사하구 괴정동,경상사고,0,0,1,0,차량단독 - 기타,안전운전불이행,건조,맑음,단일로 - 기타,승용,남,69세,상해없음,,,,
2023040300100060,2023년 4월 3일 08시,월요일,부산광역시 수영구 광안동,중상사고,0,1,0,0,차대사람 - 길가장자리구역통행중,안전운전불이행,건조,맑음,교차로 - 교차로안,개인형이동수단(PM),여,23세,상해없음,보행자,여,55세,중상
2023040300100061,2023년 4월 3일 08시,월요일,부산광역시 동래구 명장동,경상사고,0,0,2,0,차대차 - 측면충돌,안전거리미확보,건조,맑음,단일로 - 지하차도(도로)내,승용,남,40세,상해없음,승용,남,67세,경상
2023040300100062,2023년 4월 3일 08시,월요일,부산광역시 연제구 연산동,경상사고,0,0,2,0,차대차 - 추돌,안전운전불이행,건조,맑음,단일로 - 기타,이륜,남,20세,기타불명,승용,여,35세,경상
2023040300100063,2023년 4월 3일 08시,월요일,부산광역시 사상구 학장동,중상사고,0,1,0,0,차대사람 - 횡단중,보행자보호의무위반,건조,맑음,교차로 - 교차로부근,승용,남,73세,상해없음,보행자,여,47세,중상
2023040300100111,2023년 4월 3일 09시,월요일,부산광역시 해운대구 중동,경상사고,0,0,1,0,차대차 - 기타,교차로운행방법위반,건조,맑음,교차로 - 교차로안,승용,여,51세,상해없음,승용,남,55세,경상
2023040300100112,2023년 4월 3일 09시,월요일,부산광역시 사하구 신평동,경상사고,0,0,1,0,차대차 - 기타,안전거리미확보,건조,맑음,단일로 - 기타,승용,여,52세,상해없음,승용,남,27세,경상
2023040300100113,2023년 4월 3일 09시,월요일,부산광역시 강서구 죽림동,경상사고,0,0,2,0,차대차 - 측면충돌,안전운전불이행,건조,맑음,교차로 - 교차로안,승용,여,58세,경상,승용,남,29세,경상
2023040300100143,2023년 4월 3일 10시,월요일,부산광역시 동래구 낙민동,중상사고,0,1,0,0,차대사람 - 기타,안전운전불이행,건조,맑음,교차로 - 교차로횡단보도내,승합,남,66세,상해없음,보행자,남,56세,중상
2023040300100179,2023년 4월 3일 11시,월요일,부산광역시 강서구 명지동,부상신고사고,0,0,0,1,차대차 - 기타,안전운전불이행,건조,맑음,단일로 - 기타,승용,남,60세,상해없음,승합,남,41세,부상신고
2023040300100204,2023년 4월 3일 12시,월요일,부산광역시 사상구 모라동,경상사고,0,0,4,0,차대차 - 기타,안전운전불이행,건조,맑음,교차로 - 교차로안,화물,남,60세,기타불명,승용,남,69세,경상
2023040300100234,2023년 4월 3일 13시,월요일,부산광역시 동구 좌천동,중상사고,0,1,0,0,차대차 - 기타,안전운전불이행,건조,맑음,단일로 - 기타,승용,남,28세,상해없음,이륜,남,48세,중상
2023040300100235,2023년 4월 3일 13시,월요일,부산광역시 수영구 남천동,경상사고,0,0,3,0,차대차 - 기타,신호위반,건조,맑음,교차로 - 교차로안,승용,남,65세,상해없음,승용,남,40세,경상
2023040300100236,2023년 4월 3일 13시,월요일,부산광역시 해운대구 송정동,경상사고,0,0,1,0,차대차 - 추돌,안전운전불이행,건조,맑음,단일로 - 기타,승용,남,57세,상해없음,승용,여,33세,경상
2023040300100275,2023년 4월 3일 14시,월요일,부산광역시 연제구 연산동,경상사고,0,0,1,0,차대사람 - 횡단중,기타,건조,맑음,단일로 - 기타,승용,여,48세,상해없음,보행자,남,7세,경상
2023040300100307,2023년 4월 3일 15시,월요일,부산광역시 남구 대연동,경상사고,0,0,1,0,차대사람 - 기타,안전운전불이행,건조,맑음,단일로 - 기타,승용,남,42세,상해없음,보행자,남,9세,경상
2023040300100309,2023년 4월 3일 15시,월요일,부산광역시 사상구 괘법동,경상사고,0,0,1,0,차대차 - 측면충돌,중앙선침범,건조,맑음,교차로 - 교차로부근,건설기계,여,48세,상해없음,승용,여,41세,경상
2023040300100380,2023년 4월 3일 17시,월요일,부산광역시 중구 대청동2가,경상사고,0,0,1,0,차대사람 - 횡단중,보행자보호의무위반,건조,맑음,단일로 - 기타,이륜,남,41세,상해없음,보행자,남,30세,경상
2023040300100381,2023년 4월 3일 17시,월요일,부산광역시 남구 문현동,경상사고,0,0,2,0,차대차 - 측면충돌,안전운전불이행,건조,맑음,단일로 - 기타,승용,남,66세,기타불명,승용,남,46세,경상
2023040300100382,2023년 4월 3일 17시,월요일,부산광역시 동래구 온천동,중상사고,0,1,0,0,차대차 - 측면충돌,안전거리미확보,건조,맑음,교차로 - 교차로안,승합,남,76세,상해없음,승용,남,46세,중상
2023040300100383,2023년 4월 3일 17시,월요일,부산광역시 동래구 안락동,경상사고,0,0,1,0,차대차 - 기타,안전운전불이행,건조,맑음,단일로 - 기타,승용,여,43세,상해없음,승용,여,36세,경상
2023040300100384,2023년 4월 3일 17시,월요일,부산광역시 연제구 연산동,중상사고,0,1,0,0,차대사람 - 횡단중,안전운전불이행,건조,맑음,교차로 - 교차로부근,이륜,남,72세,상해없음,보행자,여,9세,중상
2023040300100385,2023년 4월 3일 17시,월요일,부산광역시 기장군 정관읍,경상사고,0,0,1,0,차대차 - 측면충돌,교차로운행방법위반,건조,맑음,교차로 - 교차로횡단보도내,승용,여,37세,상해없음,이륜,남,58세,경상
2023040300100443,2023년 4월 3일 18시,월요일,부산광역시 남구 대연동,경상사고,0,0,1,0,차대사람 - 기타,안전운전불이행,건조,맑음,교차로 - 교차로안,승용,여,61세,상해없음,보행자,남,34세,경상
2023040300100444,2023년 4월 3일 18시,월요일,부산광역시 동래구 온천동,부상신고사고,0,0,0,1,차대사람 - 기타,안전운전불이행,건조,맑음,단일로 - 기타,자전거,남,72세,상해없음,보행자,남,60세,부상신고
2023040300100445,2023년 4월 3일 18시,월요일,부산광역시 금정구 구서동,경상사고,0,0,1,0,차대차 - 추돌,안전운전불이행,기타,맑음,교차로 - 교차로부근,승용,남,59세,상해없음,승용,남,51세,경상
2023040300100486,2023년 4월 3일 19시,월요일,부산광역시 북구 덕천동,경상사고,0,0,1,0,차대사람 - 보도통행중,기타,건조,맑음,기타 - 기타,자전거,남,27세,상해없음,보행자,여,32세,경상
2023040400100005,2023년 4월 4일 01시,화요일,부산광역시 동구 좌천동,경상사고,0,0,4,0,차대차 - 측면충돌,안전거리미확보,건조,맑음,단일로 - 기타,승용,남,29세,경상,승용,남,27세,경상
2023040400100012,2023년 4월 4일 02시,화요일,부산광역시 사상구 학장동,경상사고,0,0,1,0,차대차 - 측면충돌,안전운전불이행,건조,맑음,단일로 - 기타,승용,남,29세,상해없음,승용,남,62세,경상
2023040400100025,2023년 4월 4일 05시,화요일,부산광역시 기장군 기장읍,중상사고,0,1,1,0,차대차 - 측면충돌,신호위반,건조,맑음,교차로 - 교차로안,승용,여,52세,경상,화물,남,64세,중상
2023040400100084,2023년 4월 4일 08시,화요일,부산광역시 연제구 거제동,경상사고,0,0,1,0,차대차 - 기타,차로위반,건조,맑음,단일로 - 기타,승용,남,56세,상해없음,승용,여,35세,경상
2023040400100119,2023년 4월 4일 09시,화요일,부산광역시 서구 토성동5가,중상사고,0,1,0,0,차대차 - 기타,안전운전불이행,건조,맑음,교차로 - 교차로부근,승용,남,68세,상해없음,승용,남,68세,상해없음
2023040400100120,2023년 4월 4일 09시,화요일,부산광역시 해운대구 재송동,경상사고,0,0,1,0,차대차 - 추돌,안전운전불이행,건조,맑음,단일로 - 기타,승용,남,31세,상해없음,승용,남,71세,경상
2023040400100121,2023년 4월 4일 09시,화요일,부산광역시 강서구 명지동,경상사고,0,0,2,0,차대차 - 기타,안전운전불이행,건조,맑음,단일로 - 기타,화물,남,53세,상해없음,승용,여,60세,경상
2023040400100122,2023년 4월 4일 09시,화요일,부산광역시 사상구 주례동,경상사고,0,0,1,0,차대차 - 측면충돌,안전운전불이행,건조,맑음,교차로 - 교차로부근,승용,남,68세,기타불명,승용,여,45세,경상
2023040400100149,2023년 4월 4일 10시,화요일,부산광역시 해운대구 좌동,중상사고,0,2,0,0,차대차 - 기타,안전운전불이행,건조,맑음,단일로 - 고가도로위,특수,남,56세,상해없음,승용,남,30세,상해없음
2023040400100174,2023년 4월 4일 11시,화요일,부산광역시 동구 수정동,경상사고,0,0,1,0,차대차 - 측면충돌,직진우회전진행방해,건조,맑음,교차로 - 교차로안,승용,여,26세,기타불명,승용,남,53세,경상
2023040400100175,2023년 4월 4일 11시,화요일,부산광역시 동래구 온천동,경상사고,0,0,1,0,차대사람 - 기타,보행자보호의무위반,건조,맑음,교차로 - 교차로안,이륜,남,26세,상해없음,보행자,여,57세,경상
2023040400100176,2023년 4월 4일 11시,화요일,부산광역시 강서구 봉림동,경상사고,0,0,3,0,차대차 - 측면충돌,안전운전불이행,건조,맑음,단일로 - 교량,화물,남,57세,기타불명,승용,여,45세,경상
2023040400100198,2023년 4월 4일 12시,화요일,부산광역시 사상구 모라동,경상사고,0,0,1,0,차대차 - 측면충돌,안전운전불이행,건조,맑음,단일로 - 기타,승용,남,66세,상해없음,승용,여,41세,경상
2023040400100221,2023년 4월 4일 13시,화요일,부산광역시 부산진구 양정동,중상사고,0,1,0,0,차대사람 - 차도통행중,안전운전불이행,건조,맑음,단일로 - 기타,승용,남,72세,상해없음,보행자,여,62세,중상
2023040400100222,2023년 4월 4일 13시,화요일,부산광역시 부산진구 전포동,경상사고,0,0,1,0,차대차 - 추돌,안전거리미확보,건조,맑음,단일로 - 기타,승용,남,20세,상해없음,승용,남,47세,경상
2023040400100256,2023년 4월 4일 14시,화요일,부산광역시 금정구 구서동,경상사고,0,0,1,0,차대사람 - 횡단중,보행자보호의무위반,건조,맑음,교차로 - 교차로횡단보도내,승용,여,56세,상해없음,보행자,여,27세,경상
2023040400100257,2023년 4월 4일 14시,화요일,부산광역시 금정구 구서동,경상사고,0,0,1,1,차대차 - 측면충돌,안전운전불이행,건조,맑음,교차로 - 교차로안,승용,여,40세,부상신고,승용,남,44세,경상
2023040400100258,2023년 4월 4일 14시,화요일,부산광역시 기장군 정관읍,경상사고,0,0,1,0,차대차 - 정면충돌,안전거리미확보,건조,맑음,교차로 - 교차로부근,승용,여,38세,상해없음,승용,여,27세,경상
2023040400100313,2023년 4월 4일 16시,화요일,부산광역시 해운대구 재송동,부상신고사고,0,0,0,1,차량단독 - 기타,안전운전불이행,건조,맑음,교차로 - 교차로부근,승합,남,30세,상해없음,,,,
2023040400100314,2023년 4월 4일 16시,화요일,부산광역시 사하구 감천동,부상신고사고,0,0,0,1,차대사람 - 기타,안전운전불이행,건조,맑음,단일로 - 기타,승용,여,46세,상해없음,보행자,여,12세,부상신고
2023040400100347,2023년 4월 4일 17시,화요일,부산광역시 남구 대연동,경상사고,0,0,1,0,차대차 - 추돌,안전운전불이행,건조,맑음,단일로 - 지하차도(도로)내,승용,남,30세,상해없음,승용,남,73세,상해없음
2023040400100348,2023년 4월 4일 17시,화요일,부산광역시 수영구 망미동,중상사고,0,1,0,0,차대사람 - 기타,안전운전불이행,건조,맑음,교차로 - 교차로부근,화물,남,28세,상해없음,보행자,남,8세,중상
2023040400100386,2023년 4월 4일 18시,화요일,부산광역시 남구 대연동,경상사고,0,0,1,0,차대차 - 측면충돌,신호위반,건조,맑음,단일로 - 터널,승용,남,66세,상해없음,승용,남,25세,경상
2023040400100387,2023년 4월 4일 18시,화요일,부산광역시 기장군 철마면,경상사고,0,0,1,0,차대사람 - 기타,안전거리미확보,젖음/습기,맑음,미분류 - 미분류,승합,남,45세,상해없음,보행자,남,57세,경상
2023040400100428,2023년 4월 4일 19시,화요일,부산광역시 북구 덕천동,경상사고,0,0,1,0,차대사람 - 기타,안전운전불이행,건조,맑음,단일로 - 기타,승용,남,38세,상해없음,보행자,남,57세,경상
2023040400100429,2023년 4월 4일 19시,화요일,부산광역시 부산진구 개금동,경상사고,0,0,1,0,차량단독 - 기타,기타,건조,맑음,단일로 - 기타,승합,남,36세,상해없음,,,,
2023040400100431,2023년 4월 4일 19시,화요일,부산광역시 연제구 연산동,경상사고,0,0,1,0,차대차 - 측면충돌,차로위반,건조,맑음,교차로 - 교차로안,승용,남,28세,상해없음,승용,남,28세,경상
2023040400100485,2023년 4월 4일 20시,화요일,부산광역시 사상구 학장동,경상사고,0,0,1,0,차대차 - 기타,안전운전불이행,건조,맑음,교차로 - 교차로부근,승용,여,47세,기타불명,이륜,남,15세,경상
2023040400100545,2023년 4월 4일 21시,화요일,부산광역시 서구 부용동2가,경상사고,0,0,1,0,차대차 - 추돌,안전운전불이행,건조,맑음,교차로 - 교차로부근,승용,여,29세,상해없음,승용,남,57세,상해없음
2023040400100597,2023년 4월 4일 22시,화요일,부산광역시 동구 범일동,경상사고,0,0,1,0,차대차 - 측면충돌,신호위반,건조,맑음,단일로 - 기타,이륜,남,27세,상해없음,승용,남,57세,상해없음
2023040400100598,2023년 4월 4일 22시,화요일,부산광역시 해운대구 좌동,경상사고,0,0,1,0,차대사람 - 기타,안전운전불이행,건조,맑음,교차로 - 교차로부근,개인형이동수단(PM),남,26세,상해없음,보행자,남,32세,경상
2023040400100636,2023년 4월 4일 23시,화요일,부산광역시 남구 대연동,중상사고,0,1,0,0,차대사람 - 횡단중,신호위반,젖음/습기,비,단일로 - 기타,승합,남,60세,상해없음,보행자,남,69세,중상
2023040400100637,2023년 4월 4일 23시,화요일,부산광역시 강서구 명지동,경상사고,0,0,1,0,차대차 - 측면충돌,신호위반,젖음/습기,맑음,단일로 - 기타,이륜,남,17세,상해없음,승용,남,41세,상해없음
2023040500100027,2023년 4월 5일 01시,수요일,부산광역시 남구 대연동,부상신고사고,0,0,0,1,차대차 - 기타,안전운전불이행,젖음/습기,비,교차로 - 교차로안,승용,남,57세,상해없음,이륜,남,38세,부상신고
2023040500100036,2023년 4월 5일 02시,수요일,부산광역시 해운대구 우동,경상사고,0,0,1,0,차대차 - 측면충돌,기타,젖음/습기,비,교차로 - 교차로안,승용,남,25세,상해없음,승용,남,61세,상해없음
2023040500100101,2023년 4월 5일 07시,수요일,부산광역시 부산진구 당감동,경상사고,0,0,1,0,차대차 - 측면충돌,안전거리미확보,건조,맑음,단일로 - 기타,화물,남,50세,상해없음,승용,남,36세,경상
2023040500100102,2023년 4월 5일 07시,수요일,부산광역시 사하구 당리동,중상사고,0,1,1,0,차대사람 - 횡단중,보행자보호의무위반,젖음/습기,비,교차로 - 교차로안,승용,남,40세,상해없음,보행자,여,46세,중상
2023040500100103,2023년 4월 5일 07시,수요일,부산광역시 기장군 정관읍,경상사고,0,0,1,0,차대차 - 추돌,안전운전불이행,건조,맑음,기타 - 기타,승용,남,49세,상해없음,승용,여,56세,경상
2023040500100126,2023년 4월 5일 08시,수요일,부산광역시 사하구 신평동,중상사고,0,2,0,0,차대차 - 기타,신호위반,건조,맑음,교차로 - 교차로안,특수,남,61세,상해없음,승용,여,47세,중상
2023040500100155,2023년 4월 5일 09시,수요일,부산광역시 서구 동대신동2가,경상사고,0,0,1,0,차대사람 - 기타,안전운전불이행,젖음/습기,비,단일로 - 기타,승합,남,44세,상해없음,보행자,여,69세,경상
2023040500100156,2023년 4월 5일 09시,수요일,부산광역시 사하구 신평동,경상사고,0,0,1,0,차대차 - 측면충돌,안전거리미확보,젖음/습기,비,교차로 - 교차로부근,화물,남,56세,상해없음,승용,남,62세,경상
2023040500100207,2023년 4월 5일 11시,수요일,부산광역시 동구 초량동,경상사고,0,0,2,1,차대차 - 추돌,안전운전불이행,젖음/습기,비,단일로 - 기타,승용,남,54세,상해없음,승용,남,66세,부상신고
2023040500100208,2023년 4월 5일 11시,수요일,부산광역시 해운대구 중동,사망사고,1,0,0,0,차대차 - 기타,신호위반,기타,비,교차로 - 교차로안,이륜,남,41세,사망,승용,남,74세,상해없음
2023040500100209,2023년 4월 5일 11시,수요일,부산광역시 해운대구 우동,경상사고,0,0,1,0,차대사람 - 횡단중,신호위반,젖음/습기,비,교차로 - 교차로횡단보도내,기타불명,기타불명,미분류,기타불명,보행자,여,26세,경상
2023040500100210,2023년 4월 5일 11시,수요일,부산광역시 해운대구 좌동,경상사고,0,0,1,0,차대차 - 기타,안전운전불이행,건조,맑음,단일로 - 기타,승용,남,45세,상해없음,승용,남,63세,경상
2023040500100211,2023년 4월 5일 11시,수요일,부산광역시 연제구 연산동,경상사고,0,0,1,0,차대사람 - 길가장자리구역통행중,안전운전불이행,젖음/습기,비,단일로 - 기타,승용,여,48세,상해없음,보행자,남,60세,경상
2023040500100242,2023년 4월 5일 12시,수요일,부산광역시 동래구 명장동,경상사고,0,0,1,0,차대사람 - 횡단중,안전운전불이행,젖음/습기,흐림,교차로 - 교차로횡단보도내,승용,여,25세,상해없음,보행자,여,61세,경상
2023040500100243,2023년 4월 5일 12시,수요일,부산광역시 부산진구 전포동,중상사고,0,1,0,0,차대차 - 측면충돌,신호위반,젖음/습기,비,교차로 - 교차로안,승용,남,70세,상해없음,이륜,남,54세,중상
2023040500100244,2023년 4월 5일 12시,수요일,부산광역시 부산진구 당감동,경상사고,0,0,1,0,차대차 - 기타,안전운전불이행,젖음/습기,비,기타 - 기타,화물,남,41세,상해없음,승용,남,32세,경상
2023040500100274,2023년 4월 5일 13시,수요일,부산광역시 수영구 광안동,중상사고,0,1,0,0,차대차 - 측면충돌,안전거리미확보,젖음/습기,비,교차로 - 교차로부근,승용,여,48세,상해없음,승용,남,60세,중상
2023040500100275,2023년 4월 5일 13시,수요일,부산광역시 해운대구 반여동,중상사고,0,1,0,0,차대사람 - 차도통행중,안전운전불이행,젖음/습기,비,교차로 - 교차로안,이륜,남,20세,상해없음,보행자,여,39세,중상
2023040500100301,2023년 4월 5일 14시,수요일,부산광역시 사하구 하단동,경상사고,0,0,1,0,차대사람 - 횡단중,보행자보호의무위반,건조,맑음,교차로 - 교차로횡단보도내,승용,남,54세,상해없음,보행자,여,46세,경상
2023040500100338,2023년 4월 5일 15시,수요일,부산광역시 강서구 생곡동,경상사고,0,0,1,0,차대차 - 추돌,안전운전불이행,젖음/습기,비,교차로 - 교차로부근,화물,남,37세,상해없음,승용,여,57세,경상
2023040500100390,2023년 4월 5일 17시,수요일,부산광역시 북구 화명동,경상사고,0,0,2,0,차대차 - 기타,안전운전불이행,젖음/습기,비,단일로 - 기타,승용,여,53세,상해없음,승용,남,37세,경상
2023040500100391,2023년 4월 5일 17시,수요일,부산광역시 동래구 안락동,경상사고,0,0,1,0,차대차 - 추돌,안전운전불이행,젖음/습기,비,단일로 - 교량,화물,남,54세,상해없음,승용,남,67세,경상
2023040500100392,2023년 4월 5일 17시,수요일,부산광역시 연제구 거제동,경상사고,0,0,1,0,차대차 - 기타,차로위반,젖음/습기,비,단일로 - 기타,화물,남,59세,상해없음,승용,여,56세,경상
2023040500100393,2023년 4월 5일 17시,수요일,부산광역시 기장군 일광읍,경상사고,0,0,1,0,차대차 - 측면충돌,차로위반,젖음/습기,비,교차로 - 교차로부근,승용,남,50세,기타불명,승용,남,33세,경상
2023040500100424,2023년 4월 5일 18시,수요일,부산광역시 북구 구포동,경상사고,0,0,1,0,차대사람 - 기타,안전운전불이행,젖음/습기,비,단일로 - 기타,이륜,남,41세,상해없음,보행자,남,63세,경상
2023040500100425,2023년 4월 5일 18시,수요일,부산광역시 북구 만덕동,경상사고,0,0,2,0,차대차 - 추돌,안전거리미확보,젖음/습기,비,단일로 - 터널,승용,남,35세,상해없음,승용,여,67세,경상
2023040500100426,2023년 4월 5일 18시,수요일,부산광역시 연제구 거제동,경상사고,0,0,3,0,차대차 - 측면충돌,안전운전불이행,젖음/습기,비,교차로 - 교차로부근,승용,남,69세,기타불명,승용,남,40세,경상
2023040500100427,2023년 4월 5일 18시,수요일,부산광역시 사상구 주례동,경상사고,0,0,1,0,차대차 - 후진중충돌,안전운전불이행,젖음/습기,비,단일로 - 기타,승합,남,57세,상해없음,승용,여,33세,경상
2023040500100468,2023년 4월 5일 19시,수요일,부산광역시 중구 광복동1가,중상사고,0,1,0,0,차대사람 - 차도통행중,안전운전불이행,젖음/습기,비,단일로 - 기타,이륜,남,48세,상해없음,보행자,여,49세,중상
2023040500100469,2023년 4월 5일 19시,수요일,부산광역시 중구 중앙동4가,경상사고,0,0,1,0,차대차 - 측면충돌,안전운전불이행,젖음/습기,비,교차로 - 교차로부근,승용,여,53세,상해없음,승용,남,35세,경상
2023040500100470,2023년 4월 5일 19시,수요일,부산광역시 수영구 광안동,경상사고,0,0,1,0,차대사람 - 차도통행중,보행자보호의무위반,젖음/습기,비,단일로 - 기타,이륜,여,32세,상해없음,보행자,여,26세,경상
2023040500100471,2023년 4월 5일 19시,수요일,부산광역시 연제구 연산동,경상사고,0,0,1,0,차대차 - 추돌,안전운전불이행,젖음/습기,비,단일로 - 기타,승용,여,51세,상해없음,승용,여,51세,경상
2023040500100516,2023년 4월 5일 20시,수요일,부산광역시 동구 초량동,중상사고,0,1,0,0,차대사람 - 기타,안전운전불이행,젖음/습기,비,단일로 - 기타,승용,여,40세,상해없음,보행자,남,51세,중상
2023040500100517,2023년 4월 5일 20시,수요일,부산광역시 동구 초량동,중상사고,0,1,0,0,차대사람 - 차도통행중,안전운전불이행,젖음/습기,비,단일로 - 기타,이륜,남,41세,상해없음,보행자,여,68세,중상
2023040500100518,2023년 4월 5일 20시,수요일,부산광역시 사상구 주례동,중상사고,0,1,0,0,차대차 - 기타,안전거리미확보,건조,맑음,교차로 - 교차로부근,승용,남,23세,상해없음,이륜,남,61세,중상
2023040500100555,2023년 4월 5일 21시,수요일,부산광역시 남구 용호동,경상사고,0,0,3,0,차대차 - 추돌,안전운전불이행,젖음/습기,비,교차로 - 교차로부근,승용,여,32세,상해없음,승용,여,57세,경상
2023040500100556,2023년 4월 5일 21시,수요일,부산광역시 금정구 금사동,중상사고,0,1,0,0,차대차 - 측면충돌,신호위반,젖음/습기,흐림,교차로 - 교차로안,승용,여,64세,상해없음,승용,남,43세,중상
2023040500100557,2023년 4월 5일 21시,수요일,부산광역시 강서구 대저1동,경상사고,0,0,1,0,차대차 - 추돌,안전거리미확보,건조,맑음,단일로 - 기타,화물,남,65세,상해없음,승용,남,74세,경상
2023040500100588,2023년 4월 5일 22시,수요일,부산광역시 기장군 장안읍,경상사고,0,0,2,0,차대차 - 정면충돌,중앙선침범,건조,맑음,교차로 - 교차로안,승용,남,49세,상해없음,승용,남,44세,경상
2023040500100613,2023년 4월 5일 23시,수요일,부산광역시 동구 초량동,경상사고,0,0,4,0,차대차 - 추돌,안전운전불이행,젖음/습기,비,단일로 - 기타,승용,여,36세,기타불명,승용,남,33세,경상
2023040500100614,2023년 4월 5일 23시,수요일,부산광역시 서구 토성동1가,경상사고,0,0,1,0,차대차 - 측면충돌,직진우회전진행방해,젖음/습기,흐림,교차로 - 교차로안,승용,남,70세,상해없음,승용,남,65세,경상
2023040500100615,2023년 4월 5일 23시,수요일,부산광역시 동래구 칠산동,경상사고,0,0,1,0,차대차 - 측면충돌,안전운전불이행,건조,맑음,단일로 - 기타,승용,남,70세,상해없음,승용,남,29세,경상
2023040500100616,2023년 4월 5일 23시,수요일,부산광역시 영도구 동삼동,경상사고,0,0,2,0,차대사람 - 횡단중,보행자보호의무위반,젖음/습기,비,단일로 - 기타,이륜,남,20세,상해없음,보행자,여,19세,경상
2023040600100002,2023년 4월 6일 00시,목요일,부산광역시 동래구 안락동,경상사고,0,0,1,0,차대차 - 측면충돌,교차로운행방법위반,건조,맑음,교차로 - 교차로안,이륜,남,37세,경상,승용,남,41세,상해없음
2023040600100017,2023년 4월 6일 01시,목요일,부산광역시 서구 서대신동2가,중상사고,0,1,0,0,차대차 - 측면충돌,안전거리미확보,젖음/습기,흐림,단일로 - 기타,승용,남,26세,상해없음,승용,남,65세,중상
2023040600100034,2023년 4월 6일 05시,목요일,부산광역시 해운대구 우동,중상사고,0,1,0,0,차대사람 - 횡단중,신호위반,건조,맑음,교차로 - 교차로안,승용,남,25세,상해없음,보행자,남,78세,중상
2023040600100045,2023년 4월 6일 06시,목요일,부산광역시 동래구 온천동,경상사고,0,0,1,0,차대차 - 추돌,안전거리미확보,건조,맑음,단일로 - 기타,승용,남,45세,상해없음,승용,남,70세,경상
2023040600100046,2023년 4월 6일 06시,목요일,부산광역시 부산진구 초읍동,경상사고,0,0,3,0,차대차 - 측면충돌,안전운전불이행,건조,맑음,교차로 - 교차로안,승용,남,77세,상해없음,승용,남,21세,경상