사고번호,사고일시,요일,시군구,사고내용,사망자수,중상자수,경상자수,부상신고자수,사고유형,법규위반,노면상태,기상상태,도로형태,가해운전자 차종,가해운전자 성별,가해운전자 연령,가해운전자 상해정도,피해운전자 차종,피해운전자 성별,피해운전자 연령,피해운전자 상해정도
2023040600100057,2023년 4월 6일 07시,목요일,부산광역시 수영구 광안동,부상신고사고,0,0,0,1,차대차 - 측면충돌,안전운전불이행,건조,맑음,교차로 - 교차로횡단보도내,자전거,남,24세,부상신고,승용,여,47세,상해없음
2023040600100079,2023년 4월 6일 08시,목요일,부산광역시 영도구 청학동,중상사고,0,1,1,0,차대차 - 측면충돌,안전운전불이행,건조,맑음,단일로 - 기타,승용,남,78세,기타불명,승용,남,37세,중상
2023040600100080,2023년 4월 6일 08시,목요일,부산광역시 금정구 구서동,경상사고,0,0,1,0,차대사람 - 기타,안전운전불이행,건조,맑음,단일로 - 기타,승용,여,49세,상해없음,보행자,남,36세,경상
2023040600100117,2023년 4월 6일 09시,목요일,부산광역시 동래구 수안동,경상사고,0,0,1,0,차대차 - 측면충돌,안전운전불이행,건조,맑음,단일로 - 교량,이륜,남,24세,상해없음,승용,남,55세,경상
2023040600100118,2023년 4월 6일 09시,목요일,부산광역시 동래구 온천동,경상사고,0,0,1,0,차대사람 - 차도통행중,안전운전불이행,건조,맑음,단일로 - 기타,승용,남,76세,상해없음,보행자,여,28세,경상
2023040600100119,2023년 4월 6일 09시,목요일,부산광역시 부산진구 개금동,경상사고,0,0,1,0,차대사람 - 횡단중,보행자보호의무위반,건조,맑음,교차로 - 교차로횡단보도내,승용,여,51세,상해없음,보행자,여,62세,경상
2023040600100120,2023년 4월 6일 09시,목요일,부산광역시 사상구 삼락동,경상사고,0,0,1,0,차대차 - 기타,안전운전불이행,건조,맑음,단일로 - 지하차도(도로)내,화물,남,42세,기타불명,승용,남,54세,경상
2023040600100136,2023년 4월 6일 10시,목요일,부산광역시 북구 금곡동,경상사고,0,0,1,0,차대차 - 측면충돌,안전운전불이행,건조,맑음,교차로 - 교차로부근,화물,남,46세,상해없음,승용,남,32세,경상
2023040600100154,2023년 4월 6일 11시,목요일,부산광역시 부산진구 당감동,중상사고,0,1,0,0,차대차 - 기타,안전거리미확보,건조,맑음,단일로 - 기타,승용,여,66세,상해없음,승합,남,43세,상해없음
2023040600100155,2023년 4월 6일 11시,목요일,부산광역시 사하구 다대동,경상사고,0,0,1,0,차대차 - 후진중충돌,안전운전불이행,건조,맑음,기타 - 기타,승용,여,74세,기타불명,승용,남,33세,경상
2023040600100179,2023년 4월 6일 12시,목요일,부산광역시 사상구 모라동,부상신고사고,0,0,0,1,차대차 - 기타,안전운전불이행,건조,맑음,교차로 - 교차로안,자전거,남,52세,부상신고,승용,남,33세,상해없음
2023040600100199,2023년 4월 6일 13시,목요일,부산광역시 동구 범일동,중상사고,0,1,2,0,차대차 - 추돌,안전운전불이행,건조,맑음,교차로 - 교차로부근,화물,남,74세,기타불명,화물,남,55세,경상
2023040600100200,2023년 4월 6일 13시,목요일,부산광역시 동구 범일동,경상사고,0,0,1,0,차대차 - 측면충돌,차로위반,건조,맑음,단일로 - 기타,승용,남,66세,상해없음,화물,남,33세,경상
2023040600100201,2023년 4월 6일 13시,목요일,부산광역시 서구 동대신동3가,경상사고,0,0,8,0,차대차 - 추돌,안전운전불이행,건조,맑음,단일로 - 기타,화물,남,59세,상해없음,승합,남,41세,경상
2023040600100226,2023년 4월 6일 14시,목요일,부산광역시 남구 우암동,부상신고사고,0,0,0,1,차대차 - 후진중충돌,안전운전불이행,건조,맑음,교차로 - 교차로부근,승용,남,54세,상해없음,승합,남,31세,부상신고
2023040600100227,2023년 4월 6일 14시,목요일,부산광역시 남구 용호동,중상사고,0,1,0,0,차대사람 - 횡단중,보행자보호의무위반,건조,맑음,교차로 - 교차로횡단보도내,화물,남,61세,상해없음,보행자,여,53세,중상
2023040600100228,2023년 4월 6일 14시,목요일,부산광역시 금정구 장전동,경상사고,0,0,2,0,차대차 - 정면충돌,중앙선침범,건조,맑음,단일로 - 지하차도(도로)내,이륜,남,51세,경상,이륜,남,32세,경상
2023040600100266,2023년 4월 6일 15시,목요일,부산광역시 중구 보수동3가,경상사고,0,0,2,0,차대차 - 추돌,안전거리미확보,건조,맑음,단일로 - 기타,승용,여,54세,상해없음,승용,남,38세,경상
2023040600100267,2023년 4월 6일 15시,목요일,부산광역시 동래구 사직동,중상사고,0,1,0,0,차대사람 - 보도통행중,기타,건조,맑음,기타 - 기타,자전거,여,23세,상해없음,보행자,여,75세,중상
2023040600100268,2023년 4월 6일 15시,목요일,부산광역시 연제구 연산동,경상사고,0,0,1,0,차대차 - 측면충돌,신호위반,건조,맑음,교차로 - 교차로안,승용,남,51세,상해없음,화물,남,30세,경상
2023040600100326,2023년 4월 6일 17시,목요일,부산광역시 남구 대연동,경상사고,0,0,1,0,차대차 - 기타,신호위반,건조,맑음,기타 - 기타,승용,여,49세,상해없음,승용,남,26세,경상
2023040600100327,2023년 4월 6일 17시,목요일,부산광역시 동래구 사직동,경상사고,0,0,1,0,차대차 - 측면충돌,안전운전불이행,건조,맑음,교차로 - 교차로안,승용,남,66세,상해없음,승용,남,53세,경상
2023040600100328,2023년 4월 6일 17시,목요일,부산광역시 부산진구 양정동,부상신고사고,0,0,0,1,차대차 - 기타,안전운전불이행,건조,맑음,교차로 - 교차로안,기타불명,기타불명,미분류,기타불명,개인형이동수단(PM),여,18세,부상신고
2023040600100365,2023년 4월 6일 18시,목요일,부산광역시 수영구 광안동,중상사고,0,1,0,0,차대차 - 기타,기타,건조,흐림,단일로 - 기타,승용,남,60세,상해없음,이륜,남,69세,중상
2023040600100366,2023년 4월 6일 18시,목요일,부산광역시 북구 덕천동,경상사고,0,0,2,0,차대차 - 추돌,안전운전불이행,건조,맑음,단일로 - 기타,승용,남,50세,상해없음,승용,남,28세,경상
2023040600100367,2023년 4월 6일 18시,목요일,부산광역시 사하구 하단동,경상사고,0,0,2,0,차대차 - 측면충돌,안전거리미확보,건조,맑음,교차로 - 교차로부근,승합,남,53세,상해없음,화물,남,38세,경상
2023040600100368,2023년 4월 6일 18시,목요일,부산광역시 연제구 거제동,부상신고사고,0,0,0,1,차대차 - 기타,신호위반,건조,기타,단일로 - 기타,승용,여,60세,상해없음,승용,남,71세,부상신고
2023040600100412,2023년 4월 6일 19시,목요일,부산광역시 남구 문현동,경상사고,0,0,2,0,차대차 - 기타,안전운전불이행,건조,맑음,단일로 - 기타,승용,여,35세,상해없음,승용,남,36세,경상
2023040600100413,2023년 4월 6일 19시,목요일,부산광역시 해운대구 우동,경상사고,0,0,1,0,차대차 - 측면충돌,안전거리미확보,건조,맑음,단일로 - 기타,승용,남,54세,상해없음,승용,남,67세,경상
2023040600100414,2023년 4월 6일 19시,목요일,부산광역시 금정구 청룡동,경상사고,0,0,1,0,차대사람 - 보도통행중,기타,건조,맑음,기타 - 기타,승용,남,43세,상해없음,보행자,남,60세,경상
2023040600100463,2023년 4월 6일 20시,목요일,부산광역시 남구 대연동,경상사고,0,0,3,0,차대차 - 측면충돌,안전거리미확보,건조,맑음,단일로 - 기타,승용,여,62세,경상,승합,남,54세,경상
2023040600100464,2023년 4월 6일 20시,목요일,부산광역시 금정구 남산동,중상사고,0,1,0,0,차대사람 - 횡단중,안전운전불이행,건조,맑음,단일로 - 기타,이륜,남,32세,상해없음,보행자,여,60세,중상
2023040600100535,2023년 4월 6일 23시,목요일,부산광역시 연제구 연산동,경상사고,0,0,1,0,차대사람 - 기타,안전운전불이행,젖음/습기,비,교차로 - 교차로횡단보도내,승용,남,67세,상해없음,보행자,남,70세,경상
2023040600100536,2023년 4월 6일 23시,목요일,부산광역시 사상구 모라동,경상사고,0,0,1,0,차대사람 - 기타,안전운전불이행,젖음/습기,비,단일로 - 기타,이륜,남,29세,상해없음,보행자,남,14세,경상
2023040700100006,2023년 4월 7일 00시,금요일,부산광역시 사하구 다대동,경상사고,0,0,1,0,차대차 - 기타,신호위반,젖음/습기,비,교차로 - 교차로안,승용,남,47세,상해없음,승용,남,59세,경상
2023040700100014,2023년 4월 7일 01시,금요일,부산광역시 북구 만덕동,경상사고,0,0,2,0,차대차 - 추돌,안전운전불이행,젖음/습기,비,단일로 - 기타,승용,여,36세,상해없음,승용,남,59세,경상
2023040700100097,2023년 4월 7일 08시,금요일,부산광역시 수영구 광안동,중상사고,0,1,0,0,차대사람 - 기타,안전운전불이행,건조,맑음,기타 - 기타,승합,남,66세,상해없음,보행자,남,57세,중상
2023040700100098,2023년 4월 7일 08시,금요일,부산광역시 동래구 온천동,경상사고,0,0,1,0,차대사람 - 기타,안전운전불이행,건조,맑음,단일로 - 기타,승용,여,39세,상해없음,보행자,남,32세,경상
2023040700100099,2023년 4월 7일 08시,금요일,부산광역시 해운대구 석대동,경상사고,0,0,1,0,차대차 - 후진중충돌,안전운전불이행,기타,맑음,교차로 - 교차로부근,승용,남,74세,상해없음,승용,남,41세,경상
2023040700100100,2023년 4월 7일 08시,금요일,부산광역시 연제구 거제동,중상사고,0,1,0,0,차대차 - 측면충돌,안전운전불이행,건조,맑음,교차로 - 교차로안,개인형이동수단(PM),여,68세,중상,승용,남,40세,상해없음
2023040700100142,2023년 4월 7일 09시,금요일,부산광역시 중구 영주동,중상사고,0,1,0,0,차대사람 - 차도통행중,안전운전불이행,건조,맑음,교차로 - 교차로부근,승용,남,74세,상해없음,보행자,여,37세,중상
2023040700100143,2023년 4월 7일 09시,금요일,부산광역시 동래구 안락동,경상사고,0,0,2,0,차대차 - 측면충돌,안전거리미확보,건조,맑음,단일로 - 기타,승용,여,47세,경상,승용,남,36세,경상
2023040700100144,2023년 4월 7일 09시,금요일,부산광역시 부산진구 당감동,경상사고,0,0,1,0,차대차 - 추돌,안전운전불이행,건조,맑음,단일로 - 기타,승용,남,49세,상해없음,승용,남,40세,경상
2023040700100145,2023년 4월 7일 09시,금요일,부산광역시 사하구 장림동,경상사고,0,0,1,0,차대사람 - 기타,안전운전불이행,건조,맑음,단일로 - 기타,승합,남,50세,상해없음,보행자,여,63세,경상
2023040700100146,2023년 4월 7일 09시,금요일,부산광역시 강서구 녹산동,경상사고,0,0,1,0,차대차 - 추돌,안전운전불이행,건조,맑음,단일로 - 기타,승용,여,24세,상해없음,화물,남,40세,경상
2023040700100147,2023년 4월 7일 09시,금요일,부산광역시 사상구 엄궁동,경상사고,0,0,1,0,차대차 - 측면충돌,교차로운행방법위반,건조,맑음,교차로 - 교차로안,화물,남,72세,상해없음,이륜,남,66세,경상
2023040700100148,2023년 4월 7일 09시,금요일,부산광역시 기장군 정관읍,경상사고,0,0,3,0,차대차 - 기타,안전운전불이행,건조,맑음,교차로 - 교차로안,승용,남,69세,경상,승용,남,63세,경상
2023040700100183,2023년 4월 7일 10시,금요일,부산광역시 서구 동대신동2가,경상사고,0,0,1,0,차대사람 - 기타,안전운전불이행,건조,맑음,단일로 - 기타,승용,남,62세,상해없음,보행자,여,53세,경상
2023040700100184,2023년 4월 7일 10시,금요일,부산광역시 연제구 거제동,중상사고,0,1,0,0,차대차 - 추돌,안전거리미확보,건조,맑음,단일로 - 기타,승용,여,72세,상해없음,이륜,남,30세,중상
2023040700100230,2023년 4월 7일 12시,금요일,부산광역시 영도구 남항동2가,중상사고,0,1,0,0,차대사람 - 기타,안전운전불이행,건조,맑음,단일로 - 기타,승용,남,38세,상해없음,보행자,남,55세,중상
2023040700100259,2023년 4월 7일 13시,금요일,부산광역시 동래구 온천동,경상사고,0,0,2,0,차대차 - 측면충돌,안전운전불이행,건조,맑음,교차로 - 교차로안,이륜,남,43세,경상,승용,남,51세,경상
2023040700100260,2023년 4월 7일 13시,금요일,부산광역시 영도구 남항동1가,중상사고,0,1,0,0,차대사람 - 보도통행중,안전운전불이행,건조,맑음,단일로 - 기타,승용,남,71세,상해없음,보행자,남,53세,중상
2023040700100261,2023년 4월 7일 13시,금요일,부산광역시 연제구 연산동,경상사고,0,0,2,0,차대차 - 추돌,안전운전불이행,건조,맑음,교차로 - 교차로부근,승용,남,65세,상해없음,승용,남,31세,경상
2023040700100292,2023년 4월 7일 14시,금요일,부산광역시 강서구 강동동,중상사고,0,1,0,0,차대차 - 기타,안전운전불이행,건조,맑음,교차로 - 교차로안,승용,남,70세,기타불명,이륜,남,76세,중상
2023040700100381,2023년 4월 7일 16시,금요일,부산광역시 동래구 안락동,경상사고,0,0,1,0,차대차 - 기타,안전운전불이행,건조,맑음,단일로 - 기타,이륜,남,31세,상해없음,자전거,여,10세,경상
2023040700100382,2023년 4월 7일 16시,금요일,부산광역시 사하구 하단동,중상사고,0,1,0,0,차대사람 - 차도통행중,안전운전불이행,건조,맑음,단일로 - 기타,승용,여,46세,상해없음,보행자,여,17세,중상
2023040700100383,2023년 4월 7일 16시,금요일,부산광역시 기장군 기장읍,경상사고,0,0,1,0,차대사람 - 횡단중,안전운전불이행,건조,맑음,단일로 - 기타,승용,남,72세,상해없음,보행자,여,16세,경상
2023040700100495,2023년 4월 7일 18시,금요일,부산광역시 수영구 남천동,경상사고,0,0,1,0,차대사람 - 차도통행중,안전운전불이행,건조,맑음,교차로 - 교차로부근,승용,여,61세,기타불명,보행자,여,58세,경상
2023040700100496,2023년 4월 7일 18시,금요일,부산광역시 북구 만덕동,경상사고,0,0,1,0,차대차 - 기타,안전운전불이행,건조,맑음,단일로 - 기타,이륜,남,29세,상해없음,승용,남,59세,경상
2023040700100497,2023년 4월 7일 18시,금요일,부산광역시 영도구 청학동,경상사고,0,0,1,0,차대사람 - 횡단중,신호위반,건조,맑음,기타 - 기타,승용,여,30세,상해없음,보행자,여,9세,경상
2023040700100498,2023년 4월 7일 18시,금요일,부산광역시 부산진구 양정동,경상사고,0,0,1,0,차대차 - 기타,안전운전불이행,건조,맑음,단일로 - 기타,승용,남,62세,상해없음,이륜,남,35세,경상
2023040700100499,2023년 4월 7일 18시,금요일,부산광역시 금정구 구서동,부상신고사고,0,0,0,1,차대차 - 기타,안전운전불이행,건조,맑음,기타 - 기타,승용,여,55세,상해없음,이륜,남,39세,부상신고
2023040700100500,2023년 4월 7일 18시,금요일,부산광역시 수영구 수영동,경상사고,0,0,1,0,차대차 - 기타,안전운전불이행,건조,맑음,단일로 - 기타,승용,남,56세,상해없음,자전거,남,45세,경상
2023040700100533,2023년 4월 7일 19시,금요일,부산광역시 남구 대연동,중상사고,0,1,0,0,차대사람 - 기타,안전운전불이행,건조,맑음,교차로 - 교차로부근,승합,남,45세,상해없음,보행자,여,79세,중상
2023040700100534,2023년 4월 7일 19시,금요일,부산광역시 수영구 남천동,경상사고,0,0,1,0,차대차 - 정면충돌,안전운전불이행,건조,맑음,단일로 - 기타,승용,여,52세,상해없음,승합,남,37세,경상
2023040700100535,2023년 4월 7일 19시,금요일,부산광역시 사하구 하단동,경상사고,0,0,1,0,차대차 - 측면충돌,신호위반,건조,맑음,단일로 - 기타,승용,남,43세,상해없음,이륜,남,43세,경상
2023040700100582,2023년 4월 7일 20시,금요일,부산광역시 영도구 청학동,경상사고,0,0,1,0,차대차 - 추돌,안전운전불이행,건조,맑음,단일로 - 기타,승용,남,28세,기타불명,승용,남,62세,경상
2023040700100615,2023년 4월 7일 21시,금요일,부산광역시 수영구 남천동,경상사고,0,0,1,0,차대사람 - 기타,안전운전불이행,건조,맑음,단일로 - 기타,승용,여,31세,상해없음,보행자,남,21세,경상
2023040700100616,2023년 4월 7일 21시,금요일,부산광역시 부산진구 부전동,경상사고,0,0,1,0,차대차 - 추돌,안전운전불이행,건조,맑음,기타 - 기타,승용,남,49세,상해없음,승용,남,52세,상해없음
2023040700100617,2023년 4월 7일 21시,금요일,부산광역시 강서구 송정동,경상사고,0,0,2,0,차대차 - 기타,신호위반,건조,맑음,교차로 - 교차로안,승용,남,30세,상해없음,승용,여,31세,경상
2023040700100618,2023년 4월 7일 21시,금요일,부산광역시 사상구 학장동,경상사고,0,0,1,0,차대사람 - 보도통행중,기타,건조,맑음,교차로 - 교차로안,승용,여,50세,상해없음,보행자,남,60세,경상
2023040800100038,2023년 4월 8일 04시,토요일,부산광역시 사하구 다대동,경상사고,0,0,1,0,차대차 - 측면충돌,안전거리미확보,건조,맑음,단일로 - 기타,승용,남,67세,상해없음,승용,남,60세,경상
2023040800100049,2023년 4월 8일 05시,토요일,부산광역시 부산진구 부전동,경상사고,0,0,1,0,차대사람 - 횡단중,안전운전불이행,건조,맑음,단일로 - 기타,승용,남,60세,상해없음,보행자,여,64세,경상
2023040800100078,2023년 4월 8일 08시,토요일,부산광역시 서구 남부민동,경상사고,0,0,1,1,차대차 - 추돌,안전거리미확보,건조,맑음,단일로 - 지하차도(도로)내,승용,남,57세,경상,승용,남,73세,상해없음
2023040800100079,2023년 4월 8일 08시,토요일,부산광역시 부산진구 가야동,경상사고,0,0,2,0,차대사람 - 횡단중,신호위반,건조,맑음,교차로 - 교차로부근,화물,남,36세,상해없음,보행자,여,59세,경상
2023040800100081,2023년 4월 8일 08시,토요일,부산광역시 사상구 학장동,중상사고,0,1,0,0,차대차 - 측면충돌,신호위반,건조,맑음,교차로 - 교차로안,승용,남,39세,기타불명,승용,남,67세,중상
2023040800100127,2023년 4월 8일 10시,토요일,부산광역시 수영구 남천동,경상사고,0,0,1,0,차대차 - 측면충돌,안전운전불이행,건조,맑음,교차로 - 교차로부근,승용,남,72세,상해없음,자전거,여,25세,경상
2023040800100128,2023년 4월 8일 10시,토요일,부산광역시 부산진구 당감동,경상사고,0,0,1,0,차대차 - 추돌,안전운전불이행,건조,맑음,단일로 - 기타,화물,남,49세,상해없음,승용,여,27세,경상
2023040800100129,2023년 4월 8일 10시,토요일,부산광역시 사상구 삼락동,경상사고,0,0,3,0,차대차 - 추돌,안전거리미확보,건조,맑음,단일로 - 기타,승합,남,67세,상해없음,승용,여,28세,경상
2023040800100163,2023년 4월 8일 11시,토요일,부산광역시 서구 토성동2가,경상사고,0,0,1,0,차대사람 - 차도통행중,안전운전불이행,건조,맑음,교차로 - 교차로부근,승용,여,25세,상해없음,보행자,남,43세,경상
2023040800100164,2023년 4월 8일 11시,토요일,부산광역시 부산진구 범천동,중상사고,0,3,4,0,차대차 - 추돌,안전운전불이행,건조,맑음,단일로 - 고가도로위,승용,여,33세,중상,승용,남,19세,상해없음
2023040800100165,2023년 4월 8일 11시,토요일,부산광역시 금정구 장전동,중상사고,0,1,0,0,차대차 - 기타,안전거리미확보,건조,맑음,교차로 - 교차로부근,승용,남,58세,상해없음,승합,남,53세,상해없음
2023040800100208,2023년 4월 8일 12시,토요일,부산광역시 해운대구 우동,경상사고,0,0,1,0,차대사람 - 차도통행중,안전운전불이행,건조,맑음,단일로 - 기타,이륜,남,34세,상해없음,보행자,여,64세,경상
2023040800100209,2023년 4월 8일 12시,토요일,부산광역시 연제구 거제동,경상사고,0,0,1,0,차대차 - 기타,신호위반,건조,맑음,교차로 - 교차로안,승용,여,31세,상해없음,이륜,남,36세,경상
2023040800100210,2023년 4월 8일 12시,토요일,부산광역시 강서구 신호동,경상사고,0,0,1,0,차대차 - 정면충돌,신호위반,건조,맑음,교차로 - 교차로안,승용,남,77세,상해없음,승용,남,53세,경상
2023040800100211,2023년 4월 8일 12시,토요일,부산광역시 강서구 명지동,경상사고,0,0,2,0,차대차 - 기타,안전운전불이행,건조,맑음,단일로 - 기타,승용,여,44세,상해없음,승용,남,43세,경상
2023040800100260,2023년 4월 8일 13시,토요일,부산광역시 동래구 명장동,경상사고,0,0,1,0,차대차 - 기타,교차로운행방법위반,건조,맑음,교차로 - 교차로안,승용,여,71세,상해없음,승용,남,81세,경상
2023040800100290,2023년 4월 8일 14시,토요일,부산광역시 북구 만덕동,경상사고,0,0,1,0,차대차 - 기타,안전운전불이행,건조,맑음,단일로 - 기타,승용,여,44세,상해없음,승용,남,34세,상해없음
2023040800100291,2023년 4월 8일 14시,토요일,부산광역시 사하구 괴정동,경상사고,0,0,1,0,차대차 - 정면충돌,신호위반,건조,맑음,교차로 - 교차로안,이륜,남,54세,상해없음,승용,남,41세,경상
2023040800100292,2023년 4월 8일 14시,토요일,부산광역시 연제구 연산동,경상사고,0,0,2,0,차대차 - 기타,신호위반,건조,맑음,교차로 - 교차로안,승용,남,21세,상해없음,승용,남,43세,경상
2023040800100293,2023년 4월 8일 14시,토요일,부산광역시 기장군 일광읍,경상사고,0,0,1,1,차대차 - 기타,안전운전불이행,건조,맑음,교차로 - 교차로안,승용,여,64세,기타불명,승용,여,30세,부상신고
2023040800100338,2023년 4월 8일 15시,토요일,부산광역시 남구 용당동,경상사고,0,0,1,0,차대사람 - 보도통행중,보행자보호의무위반,건조,맑음,교차로 - 교차로부근,승합,남,67세,기타불명,보행자,여,71세,경상
2023040800100339,2023년 4월 8일 15시,토요일,부산광역시 북구 구포동,경상사고,0,0,1,0,차대차 - 측면충돌,교차로운행방법위반,건조,맑음,교차로 - 교차로안,승용,남,57세,상해없음,승용,남,36세,경상
2023040800100363,2023년 4월 8일 16시,토요일,부산광역시 중구 부평동1가,경상사고,0,0,1,0,차대차 - 추돌,안전운전불이행,건조,맑음,단일로 - 기타,승용,여,38세,상해없음,이륜,남,54세,경상
2023040800100364,2023년 4월 8일 16시,토요일,부산광역시 동구 초량동,중상사고,0,1,0,0,차대사람 - 차도통행중,안전운전불이행,건조,맑음,단일로 - 기타,승용,남,78세,상해없음,보행자,여,30세,중상
2023040800100365,2023년 4월 8일 16시,토요일,부산광역시 동래구 온천동,경상사고,0,0,2,0,차대차 - 측면충돌,안전거리미확보,건조,맑음,기타 - 기타,승합,남,43세,상해없음,승용,남,31세,경상
2023040800100366,2023년 4월 8일 16시,토요일,부산광역시 사하구 하단동,경상사고,0,0,1,0,차대사람 - 기타,보행자보호의무위반,건조,맑음,단일로 - 기타,승용,여,62세,상해없음,보행자,남,40세,경상
2023040800100411,2023년 4월 8일 17시,토요일,부산광역시 북구 덕천동,중상사고,0,1,0,0,차대차 - 기타,안전운전불이행,건조,맑음,단일로 - 기타,승용,남,30세,기타불명,승용,남,36세,중상
2023040800100412,2023년 4월 8일 17시,토요일,부산광역시 동래구 안락동,경상사고,0,0,2,0,차대차 - 기타,안전운전불이행,건조,맑음,교차로 - 교차로안,이륜,남,27세,상해없음,승합,남,56세,경상
2023040800100413,2023년 4월 8일 17시,토요일,부산광역시 부산진구 부암동,경상사고,0,0,1,0,차대차 - 측면충돌,안전거리미확보,건조,맑음,교차로 - 교차로부근,화물,남,64세,상해없음,승합,남,45세,경상
2023040800100453,2023년 4월 8일 18시,토요일,부산광역시 동래구 안락동,경상사고,0,0,2,0,차대차 - 정면충돌,중앙선침범,건조,맑음,단일로 - 기타,승용,남,41세,상해없음,화물,남,44세,경상
2023040800100454,2023년 4월 8일 18시,토요일,부산광역시 기장군 일광읍,중상사고,0,1,0,0,차대사람 - 횡단중,안전운전불이행,건조,맑음,단일로 - 기타,승용,남,55세,상해없음,보행자,남,59세,중상
2023040800100484,2023년 4월 8일 19시,토요일,부산광역시 동래구 안락동,경상사고,0,0,1,0,차대차 - 정면충돌,안전운전불이행,건조,맑음,기타 - 기타,이륜,남,46세,상해없음,승용,여,49세,경상
2023040800100485,2023년 4월 8일 19시,토요일,부산광역시 해운대구 재송동,경상사고,0,0,4,0,차대차 - 측면충돌,안전운전불이행,건조,맑음,단일로 - 기타,승용,여,30세,상해없음,승용,남,37세,경상
2023040800100486,2023년 4월 8일 19시,토요일,부산광역시 연제구 연산동,중상사고,0,1,0,0,차대사람 - 횡단중,보행자보호의무위반,건조,맑음,교차로 - 교차로안,이륜,남,24세,상해없음,보행자,여,41세,중상
2023040800100522,2023년 4월 8일 20시,토요일,부산광역시 사하구 괴정동,경상사고,0,0,1,0,차대차 - 기타,안전운전불이행,건조,맑음,교차로 - 교차로부근,승용,남,71세,상해없음,이륜,남,21세,경상
2023040800100548,2023년 4월 8일 21시,토요일,부산광역시 수영구 광안동,중상사고,0,1,0,0,차대차 - 기타,신호위반,건조,맑음,단일로 - 기타,승용,여,56세,상해없음,이륜,남,52세,중상
2023040800100597,2023년 4월 8일 23시,토요일,부산광역시 동래구 수안동,경상사고,0,0,1,0,차대차 - 추돌,안전거리미확보,건조,맑음,단일로 - 기타,승용,남,21세,상해없음,승용,남,20세,상해없음
2023040900100039,2023년 4월 9일 05시,일요일,부산광역시 남구 문현동,사망사고,1,0,0,0,차대차 - 기타,안전운전불이행,건조,맑음,단일로 - 기타,승용,남,82세,상해없음,이륜,남,68세,사망
2023040900100072,2023년 4월 9일 09시,일요일,부산광역시 서구 동대신동2가,중상사고,0,1,0,0,차대차 - 측면충돌,직진우회전진행방해,건조,맑음,교차로 - 교차로안,이륜,남,66세,중상,승용,여,47세,상해없음
2023040900100094,2023년 4월 9일 10시,일요일,부산광역시 남구 용호동,경상사고,0,0,1,0,차대사람 - 기타,안전운전불이행,건조,맑음,단일로 - 기타,승용,남,70세,상해없음,보행자,남,84세,경상
2023040900100112,2023년 4월 9일 11시,일요일,부산광역시 기장군 기장읍,경상사고,0,0,1,0,차대차 - 추돌,안전거리미확보,건조,맑음,교차로 - 교차로부근,이륜,남,45세,상해없음,승용,남,66세,경상
2023040900100142,2023년 4월 9일 12시,일요일,부산광역시 사하구 하단동,경상사고,0,0,1,0,차대차 - 기타,신호위반,건조,맑음,교차로 - 교차로횡단보도내,승용,남,76세,상해없음,자전거,남,12세,경상
2023040900100205,2023년 4월 9일 14시,일요일,부산광역시 해운대구 우동,경상사고,0,0,2,0,차대차 - 기타,안전운전불이행,건조,맑음,교차로 - 교차로부근,승용,남,56세,상해없음,승용,여,49세,경상
2023040900100206,2023년 4월 9일 14시,일요일,부산광역시 사하구 괴정동,경상사고,0,0,1,0,차대차 - 측면충돌,안전운전불이행,건조,맑음,교차로 - 교차로안,승용,남,26세,상해없음,승용,여,40세,경상
2023040900100207,2023년 4월 9일 14시,일요일,부산광역시 강서구 성북동,경상사고,0,0,1,0,차대차 - 측면충돌,안전운전불이행,건조,맑음,교차로 - 교차로안,특수,남,70세,상해없음,승용,남,53세,경상
2023040900100208,2023년 4월 9일 14시,일요일,부산광역시 강서구 봉림동,경상사고,0,0,1,0,차대차 - 측면충돌,안전거리미확보,건조,맑음,단일로 - 기타,승용,남,59세,상해없음,승용,여,56세,경상
2023040900100243,2023년 4월 9일 15시,일요일,부산광역시 수영구 광안동,경상사고,0,0,1,0,차대차 - 기타,안전운전불이행,건조,맑음,단일로 - 기타,승용,여,40세,상해없음,승용,남,65세,경상
2023040900100282,2023년 4월 9일 16시,일요일,부산광역시 부산진구 개금동,경상사고,0,0,1,0,차대차 - 기타,신호위반,건조,맑음,교차로 - 교차로안,승용,남,27세,상해없음,원동기,남,44세,경상
2023040900100283,2023년 4월 9일 16시,일요일,부산광역시 사하구 다대동,경상사고,0,0,1,0,차대사람 - 보도통행중,안전운전불이행,건조,맑음,단일로 - 기타,승용,남,63세,상해없음,보행자,여,50세,경상
2023040900100343,2023년 4월 9일 18시,일요일,부산광역시 북구 금곡동,경상사고,0,0,1,0,차대차 - 측면충돌,안전운전불이행,건조,맑음,단일로 - 기타,승용,남,62세,상해없음,승용,남,39세,경상
2023040900100365,2023년 4월 9일 19시,일요일,부산광역시 서구 동대신동1가,경상사고,0,0,3,0,차대차 - 추돌,안전운전불이행,건조,흐림,교차로 - 교차로안,이륜,남,54세,상해없음,승용,남,41세,경상
2023040900100385,2023년 4월 9일 20시,일요일,부산광역시 북구 구포동,경상사고,0,0,1,0,차대사람 - 기타,보행자보호의무위반,건조,맑음,교차로 - 교차로안,승용,남,56세,상해없음,보행자,남,71세,경상