사고번호,사고일시,요일,시군구,사고내용,사망자수,중상자수,경상자수,부상신고자수,사고유형,법규위반,노면상태,기상상태,도로형태,가해운전자 차종,가해운전자 성별,가해운전자 연령,가해운전자 상해정도,피해운전자 차종,피해운전자 성별,피해운전자 연령,피해운전자 상해정도
2023040900100410,2023년 4월 9일 21시,일요일,부산광역시 동래구 명륜동,중상사고,0,1,1,0,차대차 - 측면충돌,안전거리미확보,건조,맑음,교차로 - 교차로부근,승용,남,46세,상해없음,승용,남,31세,중상
2023040900100411,2023년 4월 9일 21시,일요일,부산광역시 영도구 대교동1가,경상사고,0,0,1,0,차대사람 - 길가장자리구역통행중,안전운전불이행,건조,맑음,단일로 - 기타,승용,여,21세,상해없음,보행자,여,41세,경상
2023040900100425,2023년 4월 9일 22시,일요일,부산광역시 서구 동대신동2가,경상사고,0,0,1,0,차대차 - 측면충돌,안전운전불이행,건조,맑음,단일로 - 기타,이륜,남,21세,상해없음,이륜,여,55세,경상
2023040900100433,2023년 4월 9일 23시,일요일,부산광역시 동래구 온천동,경상사고,0,0,1,0,차대사람 - 횡단중,보행자보호의무위반,건조,맑음,교차로 - 교차로안,승용,여,61세,상해없음,보행자,여,17세,경상
2023041000100015,2023년 4월 10일 01시,월요일,부산광역시 해운대구 반여동,경상사고,0,0,1,0,차대차 - 측면충돌,안전거리미확보,건조,맑음,교차로 - 교차로횡단보도내,승용,남,75세,상해없음,이륜,남,48세,경상
2023041000100018,2023년 4월 10일 03시,월요일,부산광역시 동구 초량동,중상사고,0,1,0,0,차대차 - 측면충돌,신호위반,건조,흐림,교차로 - 교차로안,승용,남,79세,상해없음,화물,남,40세,중상
2023041000100042,2023년 4월 10일 07시,월요일,부산광역시 부산진구 당감동,경상사고,0,0,1,0,차대차 - 기타,교차로운행방법위반,건조,맑음,교차로 - 교차로부근,승용,여,52세,기타불명,승용,남,52세,경상
2023041000100066,2023년 4월 10일 08시,월요일,부산광역시 부산진구 범천동,부상신고사고,0,0,0,1,차대차 - 측면충돌,신호위반,젖음/습기,맑음,교차로 - 교차로안,이륜,남,51세,부상신고,승용,남,36세,상해없음
2023041000100067,2023년 4월 10일 08시,월요일,부산광역시 강서구 구랑동,경상사고,0,0,1,0,차대차 - 기타,신호위반,건조,맑음,교차로 - 교차로안,승용,남,30세,상해없음,승용,남,51세,경상
2023041000100130,2023년 4월 10일 10시,월요일,부산광역시 사하구 감천동,경상사고,0,0,1,0,차대차 - 추돌,안전운전불이행,건조,맑음,단일로 - 기타,이륜,남,54세,상해없음,이륜,남,63세,경상
2023041000100157,2023년 4월 10일 11시,월요일,부산광역시 북구 덕천동,경상사고,0,0,2,0,차대차 - 측면충돌,안전운전불이행,건조,맑음,단일로 - 기타,승용,여,60세,상해없음,승용,남,30세,경상
2023041000100158,2023년 4월 10일 11시,월요일,부산광역시 강서구 대저2동,경상사고,0,0,1,0,차대차 - 기타,안전운전불이행,건조,맑음,단일로 - 기타,화물,남,64세,상해없음,승용,남,46세,경상
2023041000100183,2023년 4월 10일 12시,월요일,부산광역시 남구 우암동,경상사고,0,0,1,0,차대차 - 기타,안전운전불이행,건조,맑음,단일로 - 기타,건설기계,남,42세,상해없음,화물,남,35세,경상
2023041000100184,2023년 4월 10일 12시,월요일,부산광역시 연제구 연산동,경상사고,0,0,1,0,차대차 - 기타,안전운전불이행,건조,맑음,단일로 - 기타,화물,남,60세,상해없음,승용,여,50세,경상
2023041000100185,2023년 4월 10일 12시,월요일,부산광역시 사상구 학장동,경상사고,0,0,1,0,차대차 - 기타,신호위반,건조,맑음,교차로 - 교차로부근,화물,남,63세,상해없음,승용,남,62세,경상
2023041000100218,2023년 4월 10일 13시,월요일,부산광역시 부산진구 전포동,경상사고,0,0,3,0,차대차 - 추돌,안전운전불이행,건조,맑음,단일로 - 기타,화물,남,47세,상해없음,승용,남,67세,경상
2023041000100219,2023년 4월 10일 13시,월요일,부산광역시 기장군 기장읍,부상신고사고,0,0,0,1,차대차 - 측면충돌,안전운전불이행,건조,맑음,단일로 - 기타,화물,남,57세,상해없음,이륜,남,85세,부상신고
2023041000100247,2023년 4월 10일 14시,월요일,부산광역시 동구 좌천동,경상사고,0,0,2,0,차대차 - 추돌,안전운전불이행,건조,맑음,단일로 - 기타,승용,남,75세,상해없음,승용,남,31세,경상
2023041000100248,2023년 4월 10일 14시,월요일,부산광역시 서구 암남동,경상사고,0,0,3,0,차대차 - 측면충돌,안전운전불이행,건조,맑음,단일로 - 지하차도(도로)내,화물,남,64세,상해없음,승용,남,34세,경상
2023041000100249,2023년 4월 10일 14시,월요일,부산광역시 금정구 노포동,경상사고,0,0,1,0,차대차 - 추돌,안전운전불이행,건조,맑음,교차로 - 교차로부근,화물,남,72세,상해없음,이륜,남,32세,경상
2023041000100286,2023년 4월 10일 15시,월요일,부산광역시 수영구 수영동,경상사고,0,0,2,0,차대차 - 측면충돌,안전거리미확보,건조,맑음,단일로 - 기타,승용,남,51세,상해없음,승용,남,30세,상해없음
2023041000100323,2023년 4월 10일 16시,월요일,부산광역시 기장군 정관읍,중상사고,0,1,0,0,차대차 - 추돌,안전거리미확보,건조,맑음,단일로 - 기타,화물,남,66세,상해없음,승용,남,85세,중상
2023041000100368,2023년 4월 10일 17시,월요일,부산광역시 남구 대연동,경상사고,0,0,1,0,차대차 - 기타,안전운전불이행,건조,맑음,단일로 - 기타,자전거,남,22세,경상,승용,남,42세,상해없음
2023041000100369,2023년 4월 10일 17시,월요일,부산광역시 남구 대연동,경상사고,0,0,1,0,차대차 - 측면충돌,안전운전불이행,건조,맑음,단일로 - 기타,승용,남,68세,상해없음,승용,남,42세,경상
2023041000100414,2023년 4월 10일 18시,월요일,부산광역시 부산진구 가야동,경상사고,0,0,1,0,차대차 - 기타,안전운전불이행,건조,맑음,기타 - 기타,화물,남,71세,상해없음,승용,남,59세,경상
2023041000100415,2023년 4월 10일 18시,월요일,부산광역시 금정구 서동,경상사고,0,0,1,0,차대사람 - 길가장자리구역통행중,안전운전불이행,건조,맑음,단일로 - 기타,승용,여,60세,상해없음,보행자,여,54세,경상
2023041000100416,2023년 4월 10일 18시,월요일,부산광역시 사상구 괘법동,경상사고,0,0,2,0,차대차 - 측면충돌,안전거리미확보,건조,맑음,단일로 - 기타,승용,남,24세,기타불명,승용,여,28세,경상
2023041000100460,2023년 4월 10일 19시,월요일,부산광역시 수영구 망미동,경상사고,0,0,3,0,차대차 - 추돌,안전운전불이행,건조,맑음,단일로 - 기타,승합,남,71세,상해없음,승용,남,34세,경상
2023041000100478,2023년 4월 10일 20시,월요일,부산광역시 수영구 광안동,경상사고,0,0,1,3,차대차 - 추돌,안전거리미확보,건조,맑음,단일로 - 기타,승용,남,22세,상해없음,승용,여,31세,경상
2023041000100479,2023년 4월 10일 20시,월요일,부산광역시 부산진구 개금동,경상사고,0,0,1,0,차대차 - 기타,교차로운행방법위반,건조,맑음,교차로 - 교차로안,승용,여,42세,상해없음,이륜,남,30세,경상
2023041000100532,2023년 4월 10일 23시,월요일,부산광역시 중구 남포동6가,중상사고,0,1,1,2,차대차 - 측면충돌,신호위반,건조,맑음,교차로 - 교차로부근,승용,남,66세,상해없음,승합,남,54세,상해없음
2023041000100533,2023년 4월 10일 23시,월요일,부산광역시 서구 동대신동2가,경상사고,0,0,1,0,차대차 - 추돌,안전운전불이행,건조,맑음,단일로 - 터널,이륜,남,19세,경상,승용,남,41세,상해없음
2023041000100534,2023년 4월 10일 23시,월요일,부산광역시 동래구 온천동,경상사고,0,0,1,0,차대사람 - 기타,안전운전불이행,건조,맑음,교차로 - 교차로부근,화물,남,31세,상해없음,보행자,남,30세,경상
2023041100100015,2023년 4월 11일 02시,화요일,부산광역시 부산진구 연지동,경상사고,0,0,1,0,차량단독 - 기타,안전운전불이행,건조,맑음,단일로 - 기타,승용,남,82세,상해없음,,,,
2023041100100024,2023년 4월 11일 05시,화요일,부산광역시 사상구 모라동,경상사고,0,0,1,0,차량단독 - 공작물충돌,안전운전불이행,건조,맑음,단일로 - 기타,승용,남,38세,경상,,,,
2023041100100031,2023년 4월 11일 06시,화요일,부산광역시 북구 구포동,중상사고,0,1,0,0,차대차 - 기타,안전운전불이행,건조,맑음,단일로 - 기타,승합,남,61세,상해없음,승합,남,53세,상해없음
2023041100100045,2023년 4월 11일 07시,화요일,부산광역시 사하구 신평동,중상사고,0,1,0,0,차대사람 - 횡단중,보행자보호의무위반,건조,맑음,기타 - 기타,승합,남,76세,상해없음,보행자,남,13세,중상
2023041100100066,2023년 4월 11일 08시,화요일,부산광역시 서구 부민동2가,중상사고,0,1,1,1,차대차 - 추돌,안전운전불이행,건조,맑음,단일로 - 기타,승용,여,60세,중상,승용,여,47세,경상
2023041100100067,2023년 4월 11일 08시,화요일,부산광역시 금정구 청룡동,중상사고,0,1,0,0,차대사람 - 길가장자리구역통행중,안전운전불이행,건조,맑음,기타 - 기타,승용,남,71세,상해없음,보행자,남,70세,중상
2023041100100127,2023년 4월 11일 10시,화요일,부산광역시 서구 동대신동2가,중상사고,0,1,0,0,차대사람 - 횡단중,신호위반,건조,맑음,단일로 - 기타,승용,남,54세,상해없음,보행자,여,64세,중상
2023041100100128,2023년 4월 11일 10시,화요일,부산광역시 수영구 수영동,경상사고,0,0,1,0,차대사람 - 기타,안전운전불이행,건조,맑음,단일로 - 기타,승용,남,74세,상해없음,보행자,남,46세,경상
2023041100100153,2023년 4월 11일 11시,화요일,부산광역시 금정구 부곡동,중상사고,0,1,0,0,차대사람 - 차도통행중,안전운전불이행,건조,맑음,단일로 - 기타,승용,여,60세,상해없음,보행자,여,75세,중상
2023041100100154,2023년 4월 11일 11시,화요일,부산광역시 강서구 명지동,경상사고,0,0,5,0,차대차 - 추돌,안전운전불이행,건조,맑음,단일로 - 교량,화물,남,70세,상해없음,승용,여,49세,경상
2023041100100180,2023년 4월 11일 12시,화요일,부산광역시 부산진구 당감동,중상사고,0,1,0,0,차대차 - 기타,교차로운행방법위반,건조,맑음,교차로 - 교차로안,승용,여,58세,상해없음,이륜,남,41세,중상
2023041100100181,2023년 4월 11일 12시,화요일,부산광역시 사상구 학장동,경상사고,0,0,1,0,차대차 - 측면충돌,안전운전불이행,건조,맑음,단일로 - 기타,이륜,남,51세,경상,승용,여,54세,상해없음
2023041100100182,2023년 4월 11일 12시,화요일,부산광역시 기장군 기장읍,중상사고,0,1,1,0,차대차 - 추돌,신호위반,건조,맑음,교차로 - 교차로안,화물,남,49세,기타불명,승합,남,67세,중상
2023041100100239,2023년 4월 11일 14시,화요일,부산광역시 남구 용당동,중상사고,0,1,0,0,차대차 - 추돌,안전거리미확보,건조,맑음,교차로 - 교차로부근,이륜,남,32세,상해없음,이륜,남,61세,중상
2023041100100240,2023년 4월 11일 14시,화요일,부산광역시 동래구 안락동,경상사고,0,0,1,0,차대사람 - 기타,안전운전불이행,건조,맑음,교차로 - 교차로부근,승용,남,53세,상해없음,보행자,남,55세,경상
2023041100100273,2023년 4월 11일 15시,화요일,부산광역시 연제구 거제동,경상사고,0,0,3,0,차대차 - 측면충돌,신호위반,건조,맑음,교차로 - 교차로안,승용,여,49세,기타불명,승용,남,73세,경상
2023041100100297,2023년 4월 11일 16시,화요일,부산광역시 동래구 명장동,중상사고,0,2,0,0,차대차 - 기타,중앙선침범,건조,흐림,단일로 - 기타,승용,남,69세,상해없음,승합,여,49세,중상
2023041100100298,2023년 4월 11일 16시,화요일,부산광역시 금정구 부곡동,경상사고,0,0,1,0,차대사람 - 길가장자리구역통행중,기타,건조,맑음,교차로 - 교차로안,승합,남,64세,상해없음,보행자,여,13세,경상
2023041100100299,2023년 4월 11일 16시,화요일,부산광역시 사상구 학장동,경상사고,0,0,1,0,차대차 - 추돌,안전운전불이행,건조,맑음,교차로 - 교차로부근,승용,남,63세,기타불명,승용,여,63세,경상
2023041100100300,2023년 4월 11일 16시,화요일,부산광역시 기장군 장안읍,경상사고,0,0,1,0,차대차 - 측면충돌,안전운전불이행,건조,흐림,교차로 - 교차로안,승용,여,31세,기타불명,승용,남,44세,경상
2023041100100323,2023년 4월 11일 17시,화요일,부산광역시 금정구 구서동,경상사고,0,0,1,0,차대차 - 측면충돌,안전운전불이행,건조,맑음,단일로 - 기타,승용,여,32세,기타불명,화물,남,73세,경상
2023041100100324,2023년 4월 11일 17시,화요일,부산광역시 기장군 기장읍,경상사고,0,0,1,0,차대차 - 측면충돌,안전운전불이행,건조,맑음,교차로 - 교차로부근,승용,남,32세,상해없음,승합,남,56세,경상
2023041100100360,2023년 4월 11일 18시,화요일,부산광역시 중구 중앙동3가,중상사고,0,1,0,0,차대차 - 측면충돌,신호위반,건조,맑음,교차로 - 교차로안,화물,남,45세,상해없음,이륜,남,61세,중상
2023041100100361,2023년 4월 11일 18시,화요일,부산광역시 강서구 대저1동,경상사고,0,0,1,0,차대차 - 정면충돌,안전운전불이행,건조,맑음,교차로 - 교차로부근,승용,남,82세,상해없음,승용,남,35세,경상
2023041100100398,2023년 4월 11일 19시,화요일,부산광역시 서구 동대신동2가,경상사고,0,0,1,0,차대사람 - 차도통행중,안전운전불이행,건조,맑음,단일로 - 기타,이륜,남,21세,상해없음,보행자,남,63세,경상
2023041100100399,2023년 4월 11일 19시,화요일,부산광역시 동래구 명륜동,경상사고,0,0,1,0,차대사람 - 횡단중,보행자보호의무위반,젖음/습기,비,교차로 - 교차로횡단보도내,승용,여,67세,상해없음,보행자,남,57세,경상
2023041100100400,2023년 4월 11일 19시,화요일,부산광역시 부산진구 가야동,경상사고,0,0,1,0,차대사람 - 기타,기타,건조,맑음,단일로 - 기타,원동기,남,30세,상해없음,보행자,남,23세,경상
2023041100100401,2023년 4월 11일 19시,화요일,부산광역시 사하구 괴정동,경상사고,0,0,1,0,차대사람 - 기타,안전운전불이행,젖음/습기,비,기타 - 기타,승용,여,39세,상해없음,보행자,남,54세,경상
2023041100100402,2023년 4월 11일 19시,화요일,부산광역시 강서구 명지동,경상사고,0,0,1,0,차대사람 - 차도통행중,안전운전불이행,건조,맑음,단일로 - 지하차도(도로)내,승용,여,60세,상해없음,보행자,여,39세,경상
2023041100100434,2023년 4월 11일 20시,화요일,부산광역시 남구 대연동,경상사고,0,0,2,0,차대차 - 측면충돌,안전운전불이행,젖음/습기,비,교차로 - 교차로안,승용,남,54세,경상,승용,여,31세,경상
2023041100100435,2023년 4월 11일 20시,화요일,부산광역시 북구 구포동,중상사고,0,1,0,0,차대사람 - 횡단중,보행자보호의무위반,건조,맑음,단일로 - 기타,이륜,남,35세,상해없음,보행자,여,60세,중상
2023041100100436,2023년 4월 11일 20시,화요일,부산광역시 동래구 명장동,중상사고,0,1,0,0,차대차 - 기타,안전운전불이행,젖음/습기,비,교차로 - 교차로부근,이륜,남,31세,중상,승용,남,43세,상해없음
2023041100100460,2023년 4월 11일 21시,화요일,부산광역시 부산진구 부전동,경상사고,0,0,1,0,차대사람 - 길가장자리구역통행중,안전운전불이행,건조,맑음,단일로 - 기타,승용,남,29세,상해없음,보행자,여,18세,경상
2023041100100483,2023년 4월 11일 22시,화요일,부산광역시 사하구 다대동,경상사고,0,0,1,0,차대차 - 추돌,안전운전불이행,건조,맑음,단일로 - 기타,승용,남,26세,상해없음,승용,남,29세,경상
2023041100100498,2023년 4월 11일 23시,화요일,부산광역시 기장군 철마면,중상사고,0,1,1,0,차대차 - 추돌,안전운전불이행,건조,맑음,단일로 - 기타,승용,남,55세,상해없음,화물,남,58세,중상
2023041200100003,2023년 4월 12일 00시,수요일,부산광역시 동래구 온천동,경상사고,0,0,2,0,차대차 - 기타,신호위반,젖음/습기,흐림,교차로 - 교차로안,승용,남,69세,상해없음,승용,남,46세,경상
2023041200100004,2023년 4월 12일 00시,수요일,부산광역시 동래구 수안동,경상사고,0,0,1,0,차대차 - 기타,안전거리미확보,건조,맑음,단일로 - 기타,승용,남,60세,상해없음,승용,남,52세,상해없음
2023041200100042,2023년 4월 12일 07시,수요일,부산광역시 영도구 봉래동5가,경상사고,0,0,1,0,차대차 - 기타,안전운전불이행,건조,맑음,단일로 - 기타,승용,남,51세,상해없음,승용,여,52세,경상
2023041200100043,2023년 4월 12일 07시,수요일,부산광역시 강서구 화전동,경상사고,0,0,1,0,차대차 - 기타,안전운전불이행,건조,맑음,교차로 - 교차로부근,이륜,남,27세,경상,승용,남,73세,상해없음
2023041200100081,2023년 4월 12일 08시,수요일,부산광역시 동구 범일동,경상사고,0,0,2,0,차대차 - 측면충돌,안전거리미확보,건조,맑음,교차로 - 교차로부근,승용,남,52세,상해없음,승용,남,41세,경상
2023041200100082,2023년 4월 12일 08시,수요일,부산광역시 부산진구 전포동,경상사고,0,0,1,0,차대차 - 측면충돌,신호위반,건조,맑음,단일로 - 기타,승용,남,73세,상해없음,승용,남,47세,경상
2023041200100126,2023년 4월 12일 09시,수요일,부산광역시 수영구 민락동,경상사고,0,0,1,0,차대차 - 측면충돌,안전운전불이행,건조,맑음,교차로 - 교차로부근,화물,남,28세,상해없음,승용,여,47세,경상
2023041200100127,2023년 4월 12일 09시,수요일,부산광역시 해운대구 반여동,경상사고,0,0,1,0,차대차 - 측면충돌,안전운전불이행,건조,맑음,교차로 - 교차로안,승용,남,40세,상해없음,이륜,여,21세,경상
2023041200100128,2023년 4월 12일 09시,수요일,부산광역시 금정구 회동동,경상사고,0,0,2,0,차대차 - 추돌,안전거리미확보,건조,맑음,단일로 - 고가도로위,특수,남,62세,상해없음,승용,남,72세,경상
2023041200100154,2023년 4월 12일 10시,수요일,부산광역시 사상구 모라동,경상사고,0,0,1,0,차대차 - 측면충돌,안전거리미확보,건조,맑음,교차로 - 교차로부근,승용,남,67세,상해없음,승용,남,55세,경상
2023041200100187,2023년 4월 12일 11시,수요일,부산광역시 북구 덕천동,경상사고,0,0,1,0,차대차 - 기타,안전운전불이행,건조,맑음,단일로 - 기타,건설기계,남,36세,상해없음,화물,남,61세,경상
2023041200100188,2023년 4월 12일 11시,수요일,부산광역시 부산진구 초읍동,경상사고,0,0,1,0,차대사람 - 횡단중,신호위반,건조,맑음,교차로 - 교차로횡단보도내,승용,남,67세,상해없음,보행자,여,18세,경상
2023041200100226,2023년 4월 12일 12시,수요일,부산광역시 금정구 구서동,경상사고,0,0,1,0,차대차 - 측면충돌,교차로운행방법위반,건조,맑음,교차로 - 교차로안,승용,여,58세,상해없음,이륜,남,22세,경상
2023041200100253,2023년 4월 12일 13시,수요일,부산광역시 부산진구 범천동,경상사고,0,0,1,0,차대사람 - 횡단중,안전운전불이행,건조,맑음,교차로 - 교차로안,승용,여,40세,상해없음,보행자,여,72세,경상
2023041200100318,2023년 4월 12일 15시,수요일,부산광역시 북구 만덕동,경상사고,0,0,1,0,차대차 - 기타,안전운전불이행,건조,맑음,교차로 - 교차로안,승용,여,54세,상해없음,승용,여,44세,경상
2023041200100319,2023년 4월 12일 15시,수요일,부산광역시 영도구 청학동,경상사고,0,0,1,0,차대차 - 측면충돌,직진우회전진행방해,건조,맑음,교차로 - 교차로안,승용,남,54세,상해없음,화물,남,62세,경상
2023041200100355,2023년 4월 12일 16시,수요일,부산광역시 동래구 온천동,경상사고,0,0,1,0,차대차 - 기타,안전운전불이행,건조,맑음,교차로 - 교차로안,승용,남,37세,상해없음,원동기,남,28세,경상
2023041200100356,2023년 4월 12일 16시,수요일,부산광역시 부산진구 부암동,중상사고,0,1,0,0,차대차 - 측면충돌,안전운전불이행,건조,맑음,교차로 - 교차로안,이륜,남,72세,중상,승용,여,59세,상해없음
2023041200100357,2023년 4월 12일 16시,수요일,부산광역시 금정구 부곡동,경상사고,0,0,1,0,차대차 - 추돌,안전거리미확보,건조,맑음,단일로 - 기타,승합,남,70세,기타불명,화물,남,55세,경상
2023041200100402,2023년 4월 12일 17시,수요일,부산광역시 서구 동대신동2가,경상사고,0,0,1,0,차대사람 - 차도통행중,기타,건조,맑음,단일로 - 기타,승용,남,47세,상해없음,보행자,남,38세,경상
2023041200100403,2023년 4월 12일 17시,수요일,부산광역시 동래구 안락동,경상사고,0,0,1,0,차대사람 - 기타,안전운전불이행,건조,맑음,단일로 - 기타,자전거,여,70세,상해없음,보행자,남,62세,경상
2023041200100442,2023년 4월 12일 18시,수요일,부산광역시 남구 대연동,경상사고,0,0,2,0,차대차 - 기타,안전운전불이행,건조,맑음,단일로 - 기타,승용,여,48세,경상,기타불명,남,81세,상해없음
2023041200100443,2023년 4월 12일 18시,수요일,부산광역시 부산진구 전포동,경상사고,0,0,1,0,차대사람 - 횡단중,안전운전불이행,건조,맑음,단일로 - 기타,이륜,남,22세,상해없음,보행자,여,23세,경상
2023041200100473,2023년 4월 12일 19시,수요일,부산광역시 강서구 성북동,경상사고,0,0,1,0,차대차 - 측면충돌,안전운전불이행,건조,맑음,교차로 - 교차로안,화물,남,53세,상해없음,승용,남,34세,경상
2023041200100498,2023년 4월 12일 20시,수요일,부산광역시 남구 대연동,중상사고,0,1,0,0,차대사람 - 횡단중,안전운전불이행,건조,맑음,단일로 - 기타,자전거,남,23세,상해없음,보행자,여,18세,중상
2023041200100499,2023년 4월 12일 20시,수요일,부산광역시 동래구 온천동,경상사고,0,0,1,0,차대사람 - 횡단중,보행자보호의무위반,젖음/습기,흐림,교차로 - 교차로횡단보도내,승용,남,66세,상해없음,보행자,남,60세,경상
2023041200100523,2023년 4월 12일 21시,수요일,부산광역시 연제구 연산동,부상신고사고,0,0,0,1,차대차 - 기타,안전운전불이행,건조,맑음,단일로 - 기타,원동기,남,55세,상해없음,자전거,남,68세,부상신고
2023041200100524,2023년 4월 12일 21시,수요일,부산광역시 강서구 신호동,경상사고,0,0,1,0,차대차 - 추돌,안전운전불이행,건조,맑음,교차로 - 교차로부근,승용,남,52세,상해없음,승용,남,24세,경상
2023041200100571,2023년 4월 12일 23시,수요일,부산광역시 부산진구 범천동,경상사고,0,0,2,0,차대차 - 측면충돌,기타,건조,맑음,교차로 - 교차로안,승용,남,59세,경상,승용,남,58세,경상
2023041300100034,2023년 4월 13일 06시,목요일,부산광역시 부산진구 부암동,경상사고,0,0,1,0,차대사람 - 기타,안전운전불이행,건조,맑음,단일로 - 기타,기타불명,기타불명,미분류,기타불명,보행자,여,22세,경상
2023041300100035,2023년 4월 13일 06시,목요일,부산광역시 사상구 감전동,중상사고,0,2,0,0,차대차 - 측면충돌,차로위반,건조,맑음,단일로 - 기타,건설기계,남,51세,상해없음,승용,남,66세,중상
2023041300100055,2023년 4월 13일 07시,목요일,부산광역시 동구 초량동,경상사고,0,0,1,0,차대차 - 측면충돌,안전운전불이행,건조,맑음,교차로 - 교차로안,화물,남,49세,상해없음,승용,남,68세,경상
2023041300100056,2023년 4월 13일 07시,목요일,부산광역시 강서구 송정동,경상사고,0,0,1,0,차대차 - 측면충돌,신호위반,건조,맑음,교차로 - 교차로안,승용,남,63세,상해없음,승용,남,41세,경상
2023041300100085,2023년 4월 13일 08시,목요일,부산광역시 동래구 사직동,경상사고,0,0,1,0,차대사람 - 횡단중,보행자보호의무위반,건조,맑음,단일로 - 기타,승용,남,56세,상해없음,보행자,여,19세,경상
2023041300100160,2023년 4월 13일 10시,목요일,부산광역시 부산진구 부전동,중상사고,0,1,0,0,차량단독 - 기타,안전운전불이행,건조,맑음,단일로 - 기타,승합,남,58세,상해없음,,,,
2023041300100184,2023년 4월 13일 11시,목요일,부산광역시 중구 보수동1가,중상사고,0,1,0,0,차량단독 - 기타,기타,건조,맑음,주차장 - 주차장,승용,여,51세,중상,,,,
2023041300100185,2023년 4월 13일 11시,목요일,부산광역시 동구 좌천동,중상사고,0,1,0,0,차대차 - 측면충돌,안전운전불이행,건조,맑음,단일로 - 기타,자전거,남,60세,중상,승용,남,56세,상해없음
2023041300100186,2023년 4월 13일 11시,목요일,부산광역시 동래구 명륜동,경상사고,0,0,1,0,차대차 - 측면충돌,교차로운행방법위반,건조,맑음,교차로 - 교차로안,승용,여,43세,상해없음,승용,여,63세,경상
2023041300100187,2023년 4월 13일 11시,목요일,부산광역시 부산진구 부암동,경상사고,0,0,2,0,차대차 - 측면충돌,안전거리미확보,건조,맑음,교차로 - 교차로부근,승용,남,76세,상해없음,이륜,남,33세,경상
2023041300100188,2023년 4월 13일 11시,목요일,부산광역시 기장군 기장읍,경상사고,0,0,1,0,차대차 - 추돌,안전운전불이행,건조,맑음,교차로 - 교차로부근,화물,남,52세,상해없음,승용,남,38세,경상
2023041300100247,2023년 4월 13일 13시,목요일,부산광역시 동구 초량동,경상사고,0,0,1,0,차대사람 - 횡단중,보행자보호의무위반,건조,맑음,교차로 - 교차로횡단보도내,승용,여,44세,상해없음,보행자,여,72세,경상
2023041300100248,2023년 4월 13일 13시,목요일,부산광역시 사상구 감전동,경상사고,0,0,1,0,차대차 - 측면충돌,안전운전불이행,건조,맑음,단일로 - 기타,화물,남,64세,상해없음,화물,남,65세,경상
2023041300100278,2023년 4월 13일 14시,목요일,부산광역시 동래구 낙민동,중상사고,0,1,0,0,차량단독 - 기타,안전운전불이행,건조,맑음,단일로 - 기타,승합,남,61세,상해없음,,,,
2023041300100279,2023년 4월 13일 14시,목요일,부산광역시 기장군 정관읍,중상사고,0,1,0,0,차대사람 - 횡단중,보행자보호의무위반,건조,맑음,교차로 - 교차로횡단보도내,승용,남,21세,상해없음,보행자,여,40세,중상
2023041300100340,2023년 4월 13일 16시,목요일,부산광역시 서구 서대신동3가,경상사고,0,0,1,0,차대사람 - 횡단중,보행자보호의무위반,건조,맑음,교차로 - 교차로횡단보도내,승용,여,63세,상해없음,보행자,남,12세,경상
2023041300100418,2023년 4월 13일 18시,목요일,부산광역시 수영구 남천동,부상신고사고,0,0,0,1,차대차 - 측면충돌,안전운전불이행,건조,맑음,단일로 - 기타,승용,여,27세,상해없음,승용,남,55세,부상신고
2023041300100419,2023년 4월 13일 18시,목요일,부산광역시 부산진구 부전동,중상사고,0,2,2,0,차대차 - 추돌,안전운전불이행,건조,흐림,단일로 - 기타,승용,여,53세,상해없음,승용,여,45세,경상
2023041300100420,2023년 4월 13일 18시,목요일,부산광역시 강서구 대저2동,경상사고,0,0,1,0,차대차 - 기타,안전운전불이행,건조,맑음,단일로 - 기타,화물,남,63세,상해없음,승용,남,76세,경상
2023041300100524,2023년 4월 13일 21시,목요일,부산광역시 수영구 민락동,경상사고,0,0,1,0,차대차 - 측면충돌,안전운전불이행,건조,맑음,교차로 - 교차로부근,승용,남,62세,상해없음,승용,남,46세,경상
2023041300100525,2023년 4월 13일 21시,목요일,부산광역시 영도구 봉래동4가,경상사고,0,0,1,0,차대차 - 정면충돌,중앙선침범,건조,맑음,단일로 - 기타,이륜,남,44세,상해없음,승용,남,60세,경상
2023041300100542,2023년 4월 13일 22시,목요일,부산광역시 동래구 명장동,중상사고,0,1,0,0,차대차 - 후진중충돌,안전운전불이행,건조,맑음,단일로 - 기타,화물,남,43세,상해없음,이륜,남,43세,중상
2023041300100543,2023년 4월 13일 22시,목요일,부산광역시 사하구 신평동,경상사고,0,0,1,0,차량단독 - 기타,안전운전불이행,건조,맑음,기타 - 기타,승용,남,51세,상해없음,,,,
2023041400100004,2023년 4월 14일 00시,금요일,부산광역시 남구 대연동,사망사고,1,1,0,0,차대차 - 측면충돌,신호위반,건조,맑음,교차로 - 교차로안,이륜,남,18세,사망,승용,남,36세,중상
2023041400100005,2023년 4월 14일 00시,금요일,부산광역시 남구 문현동,경상사고,0,0,2,0,차대차 - 추돌,안전거리미확보,건조,맑음,단일로 - 터널,승용,남,56세,상해없음,승용,남,73세,경상
2023041400100017,2023년 4월 14일 01시,금요일,부산광역시 동래구 안락동,중상사고,0,1,0,0,차량단독 - 기타,안전운전불이행,건조,맑음,기타 - 기타,이륜,남,19세,상해없음,,,,