사고번호,사고일시,요일,시군구,사고내용,사망자수,중상자수,경상자수,부상신고자수,사고유형,법규위반,노면상태,기상상태,도로형태,가해운전자 차종,가해운전자 성별,가해운전자 연령,가해운전자 상해정도,피해운전자 차종,피해운전자 성별,피해운전자 연령,피해운전자 상해정도
2023041400100029,2023년 4월 14일 04시,금요일,부산광역시 수영구 남천동,경상사고,0,0,1,0,차대차 - 측면충돌,안전운전불이행,건조,맑음,교차로 - 교차로횡단보도내,승용,남,20세,상해없음,개인형이동수단(PM),여,24세,경상
2023041400100030,2023년 4월 14일 04시,금요일,부산광역시 북구 화명동,사망사고,1,0,0,0,차대사람 - 기타,안전운전불이행,건조,맑음,단일로 - 기타,화물,남,58세,상해없음,보행자,남,36세,사망
2023041400100033,2023년 4월 14일 05시,금요일,부산광역시 해운대구 좌동,경상사고,0,0,1,0,차대차 - 측면충돌,안전운전불이행,건조,맑음,기타 - 기타,승용,남,81세,기타불명,승용,남,59세,경상
2023041400100054,2023년 4월 14일 07시,금요일,부산광역시 사하구 다대동,부상신고사고,0,0,0,1,차대차 - 추돌,안전운전불이행,건조,맑음,교차로 - 교차로부근,승용,남,55세,상해없음,승용,남,56세,부상신고
2023041400100078,2023년 4월 14일 08시,금요일,부산광역시 북구 금곡동,중상사고,0,1,0,0,차대사람 - 횡단중,보행자보호의무위반,건조,맑음,단일로 - 기타,승용,여,59세,상해없음,보행자,남,67세,중상
2023041400100079,2023년 4월 14일 08시,금요일,부산광역시 동래구 명장동,경상사고,0,0,1,0,차대사람 - 차도통행중,안전운전불이행,건조,맑음,교차로 - 교차로안,승용,남,30세,상해없음,보행자,남,14세,경상
2023041400100080,2023년 4월 14일 08시,금요일,부산광역시 연제구 거제동,경상사고,0,0,1,0,차대차 - 기타,신호위반,건조,맑음,교차로 - 교차로안,승용,여,49세,상해없음,승용,남,52세,경상
2023041400100081,2023년 4월 14일 08시,금요일,부산광역시 사상구 감전동,중상사고,0,1,0,0,차대차 - 정면충돌,신호위반,건조,맑음,교차로 - 교차로안,승용,남,78세,상해없음,이륜,남,60세,중상
2023041400100112,2023년 4월 14일 09시,금요일,부산광역시 동래구 명륜동,중상사고,0,1,0,0,차대사람 - 보도통행중,보행자보호의무위반,건조,맑음,교차로 - 교차로부근,승용,여,55세,기타불명,보행자,여,30세,중상
2023041400100159,2023년 4월 14일 11시,금요일,부산광역시 동구 초량동,부상신고사고,0,0,0,1,차대차 - 측면충돌,신호위반,건조,맑음,단일로 - 지하차도(도로)내,특수,남,58세,상해없음,화물,남,64세,부상신고
2023041400100160,2023년 4월 14일 11시,금요일,부산광역시 금정구 부곡동,경상사고,0,0,1,0,차대사람 - 기타,안전운전불이행,건조,맑음,교차로 - 교차로부근,승용,남,75세,상해없음,보행자,남,26세,경상
2023041400100181,2023년 4월 14일 12시,금요일,부산광역시 남구 용호동,중상사고,0,1,0,0,차대차 - 기타,안전운전불이행,건조,맑음,교차로 - 교차로안,승용,여,71세,상해없음,이륜,남,43세,중상
2023041400100182,2023년 4월 14일 12시,금요일,부산광역시 남구 대연동,경상사고,0,0,1,0,차대사람 - 기타,안전운전불이행,젖음/습기,비,기타 - 기타,승용,여,55세,상해없음,보행자,남,37세,경상
2023041400100183,2023년 4월 14일 12시,금요일,부산광역시 수영구 남천동,경상사고,0,0,1,0,차대차 - 측면충돌,신호위반,젖음/습기,비,단일로 - 기타,승용,여,41세,상해없음,이륜,남,51세,경상
2023041400100184,2023년 4월 14일 12시,금요일,부산광역시 동래구 온천동,경상사고,0,0,2,0,차대차 - 추돌,안전운전불이행,건조,맑음,단일로 - 지하차도(도로)내,승용,여,49세,경상,승용,남,41세,상해없음
2023041400100185,2023년 4월 14일 12시,금요일,부산광역시 동래구 안락동,경상사고,0,0,1,0,차량단독 - 공작물충돌,안전운전불이행,젖음/습기,비,단일로 - 기타,승용,여,66세,경상,,,,
2023041400100186,2023년 4월 14일 12시,금요일,부산광역시 동래구 복천동,부상신고사고,0,0,0,1,차대사람 - 기타,안전운전불이행,건조,맑음,기타 - 기타,승합,남,67세,상해없음,보행자,여,83세,부상신고
2023041400100187,2023년 4월 14일 12시,금요일,부산광역시 부산진구 전포동,경상사고,0,0,1,0,차대사람 - 차도통행중,안전운전불이행,젖음/습기,비,단일로 - 기타,이륜,남,47세,상해없음,보행자,여,31세,경상
2023041400100225,2023년 4월 14일 13시,금요일,부산광역시 영도구 봉래동3가,경상사고,0,0,1,0,차대차 - 측면충돌,안전운전불이행,젖음/습기,비,단일로 - 기타,승용,남,73세,경상,화물,남,49세,상해없음
2023041400100248,2023년 4월 14일 14시,금요일,부산광역시 사상구 덕포동,중상사고,0,1,1,0,차대차 - 기타,안전운전불이행,건조,맑음,교차로 - 교차로부근,화물,남,55세,기타불명,화물,남,72세,중상
2023041400100292,2023년 4월 14일 15시,금요일,부산광역시 동구 범일동,경상사고,0,0,1,0,차대차 - 측면충돌,안전운전불이행,건조,맑음,교차로 - 교차로부근,승용,남,62세,상해없음,자전거,남,48세,경상
2023041400100293,2023년 4월 14일 15시,금요일,부산광역시 서구 암남동,경상사고,0,0,1,0,차대차 - 측면충돌,안전운전불이행,젖음/습기,흐림,단일로 - 기타,화물,남,52세,상해없음,승용,남,67세,경상
2023041400100294,2023년 4월 14일 15시,금요일,부산광역시 남구 용호동,경상사고,0,0,1,0,차대차 - 추돌,안전운전불이행,젖음/습기,흐림,교차로 - 교차로부근,승합,남,55세,상해없음,승용,남,44세,경상
2023041400100295,2023년 4월 14일 15시,금요일,부산광역시 동래구 온천동,경상사고,0,0,2,0,차대차 - 측면충돌,교차로운행방법위반,건조,맑음,교차로 - 교차로안,승용,여,53세,기타불명,승용,남,61세,경상
2023041400100296,2023년 4월 14일 15시,금요일,부산광역시 사상구 덕포동,경상사고,0,0,1,0,차대차 - 기타,안전운전불이행,젖음/습기,비,교차로 - 교차로안,승용,남,46세,상해없음,개인형이동수단(PM),여,24세,경상
2023041400100331,2023년 4월 14일 16시,금요일,부산광역시 동구 초량동,경상사고,0,0,1,0,차대차 - 추돌,안전운전불이행,건조,맑음,교차로 - 교차로부근,승용,남,45세,상해없음,화물,남,64세,경상
2023041400100332,2023년 4월 14일 16시,금요일,부산광역시 북구 만덕동,경상사고,0,0,1,0,차대차 - 기타,안전운전불이행,건조,맑음,단일로 - 기타,승용,남,75세,상해없음,승용,남,31세,경상
2023041400100333,2023년 4월 14일 16시,금요일,부산광역시 해운대구 반여동,경상사고,0,0,1,1,차대사람 - 횡단중,보행자보호의무위반,젖음/습기,비,교차로 - 교차로횡단보도내,승용,여,49세,상해없음,보행자,여,34세,경상
2023041400100334,2023년 4월 14일 16시,금요일,부산광역시 해운대구 반여동,경상사고,0,0,1,0,차대사람 - 차도통행중,안전운전불이행,건조,맑음,단일로 - 기타,화물,남,52세,상해없음,보행자,여,3세,경상
2023041400100376,2023년 4월 14일 17시,금요일,부산광역시 사상구 학장동,중상사고,0,1,0,0,차대차 - 기타,중앙선침범,젖음/습기,기타,기타 - 기타,승용,남,51세,상해없음,이륜,남,69세,중상
2023041400100424,2023년 4월 14일 18시,금요일,부산광역시 부산진구 초읍동,경상사고,0,0,1,0,차대차 - 기타,안전운전불이행,젖음/습기,비,단일로 - 기타,승용,남,48세,상해없음,승합,남,37세,상해없음
2023041400100425,2023년 4월 14일 18시,금요일,부산광역시 금정구 장전동,경상사고,0,0,1,0,차대차 - 정면충돌,안전운전불이행,젖음/습기,비,교차로 - 교차로안,화물,남,66세,상해없음,이륜,남,34세,경상
2023041400100426,2023년 4월 14일 18시,금요일,부산광역시 강서구 명지동,경상사고,0,0,1,0,차대차 - 측면충돌,안전운전불이행,건조,맑음,단일로 - 기타,승합,남,69세,상해없음,화물,남,31세,경상
2023041400100464,2023년 4월 14일 19시,금요일,부산광역시 동구 범일동,경상사고,0,0,2,0,차대차 - 기타,안전거리미확보,젖음/습기,비,단일로 - 기타,승용,여,54세,상해없음,승용,남,39세,경상
2023041400100465,2023년 4월 14일 19시,금요일,부산광역시 동래구 안락동,경상사고,0,0,2,0,차대차 - 추돌,안전운전불이행,적설,비,교차로 - 교차로안,기타불명,기타불명,미분류,기타불명,건설기계,남,52세,경상
2023041400100466,2023년 4월 14일 19시,금요일,부산광역시 해운대구 우동,중상사고,0,1,0,0,차대사람 - 횡단중,보행자보호의무위반,젖음/습기,비,교차로 - 교차로횡단보도내,승용,남,48세,상해없음,보행자,남,81세,중상
2023041400100467,2023년 4월 14일 19시,금요일,부산광역시 부산진구 초읍동,경상사고,0,0,1,0,차대사람 - 횡단중,신호위반,젖음/습기,맑음,단일로 - 기타,승용,여,53세,상해없음,보행자,남,51세,경상
2023041400100468,2023년 4월 14일 19시,금요일,부산광역시 사하구 다대동,중상사고,0,1,0,0,차대차 - 기타,안전운전불이행,젖음/습기,비,단일로 - 기타,승용,여,21세,상해없음,이륜,남,26세,중상
2023041400100520,2023년 4월 14일 20시,금요일,부산광역시 중구 영주동,경상사고,0,0,1,0,차대차 - 기타,안전거리미확보,건조,맑음,단일로 - 기타,승용,남,21세,상해없음,승용,남,28세,경상
2023041400100521,2023년 4월 14일 20시,금요일,부산광역시 서구 아미동2가,부상신고사고,0,0,0,1,차대사람 - 횡단중,안전운전불이행,젖음/습기,비,단일로 - 기타,승용,남,62세,상해없음,보행자,남,71세,부상신고
2023041400100522,2023년 4월 14일 20시,금요일,부산광역시 동래구 온천동,경상사고,0,0,1,0,차대사람 - 횡단중,안전운전불이행,젖음/습기,비,교차로 - 교차로부근,기타불명,기타불명,미분류,기타불명,보행자,남,13세,경상
2023041400100523,2023년 4월 14일 20시,금요일,부산광역시 사상구 괘법동,중상사고,0,1,0,0,차대차 - 측면충돌,신호위반,젖음/습기,비,교차로 - 교차로안,승용,남,59세,상해없음,승용,남,52세,중상
2023041400100558,2023년 4월 14일 21시,금요일,부산광역시 동래구 명륜동,경상사고,0,0,1,0,차대사람 - 기타,안전운전불이행,젖음/습기,비,교차로 - 교차로안,화물,남,63세,상해없음,보행자,남,60세,경상
2023041400100559,2023년 4월 14일 21시,금요일,부산광역시 부산진구 범천동,중상사고,0,1,0,0,차대차 - 기타,안전운전불이행,젖음/습기,비,단일로 - 기타,승용,남,60세,상해없음,이륜,남,56세,중상
2023041400100583,2023년 4월 14일 22시,금요일,부산광역시 동구 좌천동,중상사고,0,1,0,0,차대차 - 측면충돌,안전거리미확보,젖음/습기,흐림,교차로 - 교차로부근,이륜,남,16세,상해없음,이륜,남,47세,중상
2023041400100584,2023년 4월 14일 22시,금요일,부산광역시 사상구 모라동,중상사고,0,1,0,0,차대차 - 측면충돌,안전운전불이행,젖음/습기,비,교차로 - 교차로안,승용,남,60세,상해없음,이륜,남,41세,중상
2023041400100612,2023년 4월 14일 23시,금요일,부산광역시 동래구 사직동,경상사고,0,0,2,0,차대차 - 정면충돌,중앙선침범,젖음/습기,흐림,교차로 - 교차로안,승용,남,48세,상해없음,승용,여,53세,경상
2023041500100006,2023년 4월 15일 00시,토요일,부산광역시 중구 부평동2가,경상사고,0,0,1,0,차대사람 - 횡단중,안전운전불이행,젖음/습기,비,교차로 - 교차로횡단보도내,승용,남,24세,상해없음,보행자,남,43세,경상
2023041500100029,2023년 4월 15일 01시,토요일,부산광역시 부산진구 연지동,경상사고,0,0,2,0,차대차 - 추돌,안전운전불이행,젖음/습기,비,교차로 - 교차로부근,승용,남,38세,상해없음,승용,남,66세,경상
2023041500100056,2023년 4월 15일 05시,토요일,부산광역시 북구 만덕동,경상사고,0,0,1,0,차대사람 - 횡단중,신호위반,젖음/습기,비,교차로 - 교차로안,승용,남,72세,상해없음,보행자,여,73세,경상
2023041500100057,2023년 4월 15일 05시,토요일,부산광역시 강서구 송정동,중상사고,0,1,0,0,차대차 - 추돌,안전운전불이행,젖음/습기,비,단일로 - 기타,승용,남,30세,상해없음,승용,여,56세,중상
2023041500100072,2023년 4월 15일 07시,토요일,부산광역시 수영구 망미동,중상사고,0,1,1,0,차대차 - 추돌,안전운전불이행,젖음/습기,비,단일로 - 기타,승용,남,27세,상해없음,승용,여,42세,중상
2023041500100109,2023년 4월 15일 09시,토요일,부산광역시 수영구 광안동,경상사고,0,0,1,0,차대사람 - 기타,안전운전불이행,젖음/습기,비,교차로 - 교차로안,승용,여,50세,상해없음,보행자,여,64세,경상
2023041500100110,2023년 4월 15일 09시,토요일,부산광역시 사하구 괴정동,경상사고,0,0,1,0,차대차 - 측면충돌,교차로운행방법위반,건조,맑음,교차로 - 교차로안,승용,여,47세,상해없음,화물,남,35세,경상
2023041500100139,2023년 4월 15일 10시,토요일,부산광역시 동래구 안락동,경상사고,0,0,1,0,차대차 - 기타,신호위반,건조,맑음,교차로 - 교차로안,승합,남,25세,상해없음,이륜,남,37세,경상
2023041500100140,2023년 4월 15일 10시,토요일,부산광역시 사하구 당리동,경상사고,0,0,1,0,차대차 - 측면충돌,직진우회전진행방해,젖음/습기,비,교차로 - 교차로안,화물,남,54세,상해없음,이륜,여,39세,경상
2023041500100141,2023년 4월 15일 10시,토요일,부산광역시 연제구 연산동,중상사고,0,2,1,0,차대차 - 측면충돌,안전운전불이행,젖음/습기,비,단일로 - 기타,승용,남,22세,기타불명,승합,남,53세,상해없음
2023041500100142,2023년 4월 15일 10시,토요일,부산광역시 강서구 범방동,경상사고,0,0,5,0,차대차 - 측면충돌,안전거리미확보,건조,맑음,단일로 - 기타,승용,여,20세,상해없음,승용,남,36세,경상
2023041500100167,2023년 4월 15일 11시,토요일,부산광역시 금정구 구서동,중상사고,0,1,2,0,차대차 - 기타,안전운전불이행,젖음/습기,비,단일로 - 기타,승용,남,57세,상해없음,승용,남,36세,경상
2023041500100168,2023년 4월 15일 11시,토요일,부산광역시 사하구 괴정동,경상사고,0,0,1,0,차대사람 - 기타,안전운전불이행,건조,맑음,기타 - 기타,이륜,남,22세,상해없음,보행자,여,65세,경상
2023041500100215,2023년 4월 15일 12시,토요일,부산광역시 서구 서대신동3가,경상사고,0,0,1,0,차대차 - 측면충돌,신호위반,건조,맑음,교차로 - 교차로부근,승용,남,50세,상해없음,승합,남,49세,경상
2023041500100216,2023년 4월 15일 12시,토요일,부산광역시 연제구 거제동,중상사고,0,1,0,0,차대차 - 기타,안전거리미확보,젖음/습기,비,단일로 - 기타,승용,여,31세,상해없음,원동기,남,48세,중상
2023041500100242,2023년 4월 15일 13시,토요일,부산광역시 사상구 모라동,경상사고,0,0,1,0,차대차 - 측면충돌,안전운전불이행,건조,흐림,단일로 - 기타,기타불명,기타불명,미분류,기타불명,이륜,남,41세,경상
2023041500100284,2023년 4월 15일 14시,토요일,부산광역시 사하구 당리동,경상사고,0,0,1,2,차대차 - 기타,중앙선침범,건조,맑음,교차로 - 교차로부근,승용,남,63세,상해없음,승용,남,72세,경상
2023041500100320,2023년 4월 15일 15시,토요일,부산광역시 사상구 감전동,중상사고,0,1,0,0,차대차 - 측면충돌,안전운전불이행,건조,맑음,교차로 - 교차로안,승용,남,67세,상해없음,승용,남,29세,중상
2023041500100374,2023년 4월 15일 17시,토요일,부산광역시 부산진구 연지동,경상사고,0,0,1,0,차대차 - 기타,중앙선침범,건조,맑음,교차로 - 교차로부근,승용,남,66세,상해없음,이륜,남,41세,경상
2023041500100444,2023년 4월 15일 20시,토요일,부산광역시 중구 영주동,경상사고,0,0,2,0,차대차 - 측면충돌,안전거리미확보,건조,맑음,단일로 - 기타,승용,여,66세,상해없음,승용,남,30세,경상
2023041500100445,2023년 4월 15일 20시,토요일,부산광역시 강서구 신호동,경상사고,0,0,2,0,차대차 - 추돌,안전운전불이행,젖음/습기,흐림,교차로 - 교차로부근,승용,남,22세,경상,승용,여,41세,경상
2023041500100446,2023년 4월 15일 20시,토요일,부산광역시 강서구 명지동,경상사고,0,0,1,0,차대차 - 측면충돌,교차로운행방법위반,건조,맑음,교차로 - 교차로부근,승용,남,43세,상해없음,이륜,남,60세,경상
2023041500100498,2023년 4월 15일 22시,토요일,부산광역시 남구 대연동,경상사고,0,0,1,0,차대차 - 기타,안전운전불이행,건조,맑음,단일로 - 기타,승용,남,48세,상해없음,승용,남,69세,경상
2023041500100499,2023년 4월 15일 22시,토요일,부산광역시 해운대구 반송동,경상사고,0,0,2,0,차대차 - 측면충돌,중앙선침범,젖음/습기,흐림,단일로 - 기타,승용,여,33세,상해없음,승용,남,64세,경상
2023041600100003,2023년 4월 16일 00시,일요일,부산광역시 남구 대연동,경상사고,0,0,1,0,차대차 - 추돌,안전운전불이행,젖음/습기,흐림,단일로 - 기타,승용,남,43세,상해없음,화물,남,39세,경상
2023041600100004,2023년 4월 16일 00시,일요일,부산광역시 동래구 사직동,경상사고,0,0,2,0,차대차 - 기타,안전운전불이행,건조,맑음,단일로 - 기타,화물,남,26세,상해없음,승용,남,22세,경상
2023041600100005,2023년 4월 16일 00시,일요일,부산광역시 사하구 괴정동,중상사고,0,1,0,0,차대차 - 기타,신호위반,건조,맑음,교차로 - 교차로부근,승용,남,49세,상해없음,이륜,남,19세,중상
2023041600100053,2023년 4월 16일 06시,일요일,부산광역시 북구 덕천동,경상사고,0,0,2,0,차대차 - 측면충돌,신호위반,건조,맑음,교차로 - 교차로안,승합,여,63세,상해없음,승용,여,66세,경상
2023041600100064,2023년 4월 16일 08시,일요일,부산광역시 남구 용호동,경상사고,0,0,1,0,차대사람 - 기타,안전운전불이행,건조,맑음,교차로 - 교차로안,화물,남,65세,상해없음,보행자,남,67세,경상
2023041600100065,2023년 4월 16일 08시,일요일,부산광역시 사하구 감천동,중상사고,0,1,0,0,차대차 - 측면충돌,안전운전불이행,건조,맑음,기타 - 기타,승용,남,52세,상해없음,자전거,남,56세,중상
2023041600100119,2023년 4월 16일 11시,일요일,부산광역시 사하구 괴정동,경상사고,0,0,1,0,차대차 - 추돌,안전운전불이행,건조,맑음,단일로 - 기타,승용,여,65세,상해없음,승용,남,42세,경상
2023041600100120,2023년 4월 16일 11시,일요일,부산광역시 기장군 기장읍,경상사고,0,0,1,0,차대차 - 측면충돌,안전운전불이행,건조,맑음,단일로 - 기타,원동기,남,35세,상해없음,자전거,남,32세,경상
2023041600100144,2023년 4월 16일 12시,일요일,부산광역시 북구 덕천동,경상사고,0,0,1,0,차대차 - 기타,안전운전불이행,건조,맑음,교차로 - 교차로안,승용,여,63세,상해없음,원동기,남,40세,경상
2023041600100145,2023년 4월 16일 12시,일요일,부산광역시 동래구 사직동,중상사고,0,1,0,0,차대사람 - 횡단중,안전운전불이행,건조,맑음,교차로 - 교차로부근,이륜,남,27세,상해없음,보행자,남,77세,중상
2023041600100146,2023년 4월 16일 12시,일요일,부산광역시 해운대구 송정동,경상사고,0,0,1,0,차대차 - 측면충돌,교차로운행방법위반,건조,맑음,교차로 - 교차로안,승용,여,56세,상해없음,승용,남,70세,경상
2023041600100168,2023년 4월 16일 13시,일요일,부산광역시 연제구 연산동,경상사고,0,0,1,0,차대차 - 측면충돌,신호위반,건조,흐림,교차로 - 교차로안,승용,남,52세,상해없음,승용,남,26세,경상
2023041600100198,2023년 4월 16일 14시,일요일,부산광역시 수영구 민락동,경상사고,0,0,1,0,차대차 - 측면충돌,안전운전불이행,건조,맑음,단일로 - 기타,승합,남,43세,상해없음,승용,남,56세,경상
2023041600100199,2023년 4월 16일 14시,일요일,부산광역시 북구 금곡동,부상신고사고,0,0,0,1,차대사람 - 차도통행중,안전운전불이행,젖음/습기,비,교차로 - 교차로부근,승용,남,67세,상해없음,보행자,여,67세,부상신고
2023041600100224,2023년 4월 16일 15시,일요일,부산광역시 동래구 온천동,경상사고,0,0,1,0,차대차 - 측면충돌,신호위반,젖음/습기,비,단일로 - 기타,승용,여,59세,상해없음,승용,남,40세,상해없음
2023041600100225,2023년 4월 16일 15시,일요일,부산광역시 해운대구 재송동,부상신고사고,0,0,0,1,차대차 - 기타,안전운전불이행,젖음/습기,비,단일로 - 기타,승용,남,53세,상해없음,승용,남,51세,부상신고
2023041600100226,2023년 4월 16일 15시,일요일,부산광역시 부산진구 가야동,부상신고사고,0,0,0,1,차대차 - 측면충돌,신호위반,건조,맑음,교차로 - 교차로안,승용,여,55세,기타불명,특수,남,46세,부상신고
2023041600100227,2023년 4월 16일 15시,일요일,부산광역시 금정구 부곡동,경상사고,0,0,2,1,차대차 - 추돌,안전거리미확보,젖음/습기,비,교차로 - 교차로안,승용,남,31세,상해없음,승용,남,27세,경상
2023041600100228,2023년 4월 16일 15시,일요일,부산광역시 금정구 노포동,경상사고,0,0,2,0,차대차 - 측면충돌,안전거리미확보,건조,맑음,단일로 - 기타,승용,여,42세,상해없음,승용,남,56세,경상
2023041600100258,2023년 4월 16일 16시,일요일,부산광역시 동래구 안락동,부상신고사고,0,0,0,3,차대차 - 기타,안전거리미확보,건조,맑음,단일로 - 기타,기타불명,기타불명,미분류,기타불명,승용,여,42세,부상신고
2023041600100259,2023년 4월 16일 16시,일요일,부산광역시 부산진구 초읍동,중상사고,0,1,0,0,차대사람 - 횡단중,신호위반,건조,맑음,교차로 - 교차로횡단보도내,화물,남,43세,상해없음,보행자,여,11세,중상
2023041600100260,2023년 4월 16일 16시,일요일,부산광역시 금정구 장전동,경상사고,0,0,1,0,차대차 - 기타,안전운전불이행,젖음/습기,비,교차로 - 교차로안,기타불명,기타불명,미분류,기타불명,원동기,남,37세,경상
2023041600100295,2023년 4월 16일 17시,일요일,부산광역시 북구 덕천동,중상사고,0,1,0,0,차대차 - 측면충돌,안전거리미확보,건조,맑음,단일로 - 기타,승용,여,57세,기타불명,이륜,남,32세,중상
2023041600100296,2023년 4월 16일 17시,일요일,부산광역시 부산진구 부전동,경상사고,0,0,1,0,차대차 - 후진중충돌,안전운전불이행,건조,맑음,교차로 - 교차로안,승용,남,42세,상해없음,이륜,남,26세,경상
2023041600100341,2023년 4월 16일 19시,일요일,부산광역시 부산진구 전포동,경상사고,0,0,1,0,차대사람 - 횡단중,보행자보호의무위반,건조,맑음,단일로 - 기타,승용,남,60세,상해없음,보행자,여,71세,경상
2023041600100342,2023년 4월 16일 19시,일요일,부산광역시 부산진구 부암동,경상사고,0,0,4,0,차대차 - 측면충돌,안전거리미확보,건조,맑음,단일로 - 교량,승용,남,36세,경상,승용,여,30세,경상
2023041600100343,2023년 4월 16일 19시,일요일,부산광역시 부산진구 개금동,경상사고,0,0,1,1,차대차 - 기타,안전운전불이행,건조,맑음,단일로 - 기타,승용,남,55세,상해없음,승용,남,39세,부상신고
2023041600100344,2023년 4월 16일 19시,일요일,부산광역시 사상구 감전동,경상사고,0,0,2,0,차대차 - 정면충돌,중앙선침범,건조,맑음,단일로 - 기타,승용,남,56세,상해없음,승용,남,63세,경상
2023041600100392,2023년 4월 16일 21시,일요일,부산광역시 해운대구 반여동,중상사고,0,2,2,0,차대차 - 추돌,안전운전불이행,건조,맑음,기타 - 기타,승용,남,23세,상해없음,승용,남,51세,경상
2023041600100393,2023년 4월 16일 21시,일요일,부산광역시 사하구 하단동,경상사고,0,0,1,0,차대사람 - 길가장자리구역통행중,안전운전불이행,건조,맑음,단일로 - 기타,승용,남,23세,상해없음,보행자,남,50세,경상
2023041600100410,2023년 4월 16일 22시,일요일,부산광역시 동구 수정동,경상사고,0,0,1,0,차대차 - 추돌,안전운전불이행,건조,맑음,교차로 - 교차로부근,이륜,남,34세,경상,승용,남,60세,상해없음
2023041600100411,2023년 4월 16일 22시,일요일,부산광역시 서구 암남동,경상사고,0,0,2,0,차대차 - 측면충돌,안전운전불이행,건조,맑음,교차로 - 교차로부근,승용,남,73세,상해없음,승용,남,18세,경상
2023041700100011,2023년 4월 17일 01시,월요일,부산광역시 동구 초량동,경상사고,0,0,2,0,차대차 - 정면충돌,신호위반,젖음/습기,흐림,교차로 - 교차로부근,승용,남,34세,상해없음,승용,남,33세,경상
2023041700100029,2023년 4월 17일 05시,월요일,부산광역시 북구 구포동,중상사고,0,1,0,0,차대차 - 기타,기타,건조,맑음,단일로 - 기타,승용,남,65세,상해없음,승용,남,44세,중상
2023041700100046,2023년 4월 17일 06시,월요일,부산광역시 서구 암남동,경상사고,0,0,1,0,차대차 - 측면충돌,안전운전불이행,건조,맑음,교차로 - 교차로안,승용,남,48세,상해없음,화물,남,40세,경상
2023041700100047,2023년 4월 17일 06시,월요일,부산광역시 연제구 거제동,중상사고,0,1,0,0,차대차 - 측면충돌,교차로운행방법위반,건조,맑음,교차로 - 교차로안,승합,남,71세,상해없음,승용,남,76세,중상
2023041700100048,2023년 4월 17일 06시,월요일,부산광역시 사상구 엄궁동,중상사고,0,1,0,0,차량단독 - 기타,기타,건조,맑음,단일로 - 기타,승합,남,44세,상해없음,,,,
2023041700100059,2023년 4월 17일 07시,월요일,부산광역시 강서구 송정동,경상사고,0,0,4,0,차대차 - 추돌,안전운전불이행,건조,맑음,단일로 - 기타,승용,남,56세,경상,승용,남,30세,경상
2023041700100060,2023년 4월 17일 07시,월요일,부산광역시 강서구 송정동,중상사고,0,1,1,0,차대차 - 기타,안전운전불이행,건조,맑음,교차로 - 교차로안,승용,남,28세,중상,승용,남,61세,경상
2023041700100090,2023년 4월 17일 08시,월요일,부산광역시 남구 대연동,경상사고,0,0,1,0,차대차 - 측면충돌,안전운전불이행,건조,맑음,단일로 - 기타,승용,여,44세,상해없음,승용,남,23세,경상
2023041700100091,2023년 4월 17일 08시,월요일,부산광역시 연제구 연산동,중상사고,0,1,0,0,차대사람 - 횡단중,안전운전불이행,건조,맑음,교차로 - 교차로안,화물,남,77세,상해없음,보행자,여,75세,중상
2023041700100092,2023년 4월 17일 08시,월요일,부산광역시 금정구 두구동,경상사고,0,0,1,0,차대차 - 추돌,안전운전불이행,건조,맑음,단일로 - 기타,승용,여,39세,상해없음,승용,여,38세,경상
2023041700100165,2023년 4월 17일 10시,월요일,부산광역시 북구 구포동,경상사고,0,0,1,0,차대사람 - 기타,안전운전불이행,건조,맑음,단일로 - 기타,승용,여,36세,상해없음,보행자,남,34세,경상
2023041700100166,2023년 4월 17일 10시,월요일,부산광역시 부산진구 전포동,중상사고,0,1,0,0,차대차 - 기타,신호위반,건조,맑음,교차로 - 교차로안,승용,남,61세,상해없음,이륜,남,48세,중상
2023041700100200,2023년 4월 17일 11시,월요일,부산광역시 서구 충무동1가,부상신고사고,0,0,0,1,차대사람 - 길가장자리구역통행중,안전운전불이행,건조,맑음,단일로 - 기타,화물,남,60세,상해없음,보행자,남,63세,부상신고
2023041700100201,2023년 4월 17일 11시,월요일,부산광역시 남구 대연동,중상사고,0,1,0,0,차대차 - 측면충돌,안전운전불이행,건조,맑음,단일로 - 기타,승용,남,52세,상해없음,승용,남,65세,중상
2023041700100236,2023년 4월 17일 12시,월요일,부산광역시 남구 대연동,부상신고사고,0,0,0,1,차대사람 - 보도통행중,안전운전불이행,건조,맑음,단일로 - 기타,승용,남,63세,상해없음,보행자,남,64세,부상신고
2023041700100237,2023년 4월 17일 12시,월요일,부산광역시 해운대구 반송동,중상사고,0,1,0,0,차대사람 - 기타,안전운전불이행,건조,맑음,교차로 - 교차로안,화물,남,38세,상해없음,보행자,여,62세,중상
2023041700100238,2023년 4월 17일 12시,월요일,부산광역시 해운대구 우동,경상사고,0,0,1,0,차대사람 - 횡단중,신호위반,건조,맑음,교차로 - 교차로횡단보도내,화물,남,31세,상해없음,보행자,남,66세,경상
2023041700100239,2023년 4월 17일 12시,월요일,부산광역시 부산진구 부전동,경상사고,0,0,1,0,차대차 - 기타,안전운전불이행,건조,맑음,단일로 - 기타,승용,여,56세,상해없음,이륜,남,39세,경상