사고번호,사고일시,요일,시군구,사고내용,사망자수,중상자수,경상자수,부상신고자수,사고유형,법규위반,노면상태,기상상태,도로형태,가해운전자 차종,가해운전자 성별,가해운전자 연령,가해운전자 상해정도,피해운전자 차종,피해운전자 성별,피해운전자 연령,피해운전자 상해정도
2023042600100034,2023년 4월 26일 06시,수요일,부산광역시 해운대구 우동,경상사고,0,0,1,0,차대차 - 측면충돌,안전운전불이행,건조,맑음,교차로 - 교차로안,승용,남,37세,상해없음,승용,여,57세,경상
2023042600100048,2023년 4월 26일 07시,수요일,부산광역시 부산진구 전포동,경상사고,0,0,1,0,차대차 - 기타,안전거리미확보,건조,맑음,단일로 - 기타,승합,남,44세,상해없음,승용,여,32세,경상
2023042600100049,2023년 4월 26일 07시,수요일,부산광역시 강서구 명지동,경상사고,0,0,1,0,차대차 - 측면충돌,신호위반,건조,맑음,교차로 - 교차로안,화물,남,46세,상해없음,승용,남,40세,경상
2023042600100075,2023년 4월 26일 08시,수요일,부산광역시 동구 범일동,경상사고,0,0,1,0,차대사람 - 기타,안전운전불이행,건조,맑음,단일로 - 기타,승용,남,54세,상해없음,보행자,남,48세,경상
2023042600100076,2023년 4월 26일 08시,수요일,부산광역시 부산진구 개금동,경상사고,0,0,1,0,차대차 - 기타,안전거리미확보,건조,맑음,단일로 - 기타,승합,남,62세,상해없음,승합,남,58세,상해없음
2023042600100077,2023년 4월 26일 08시,수요일,부산광역시 강서구 죽동동,중상사고,0,1,0,0,차량단독 - 기타,안전운전불이행,건조,맑음,교차로 - 교차로부근,승용,남,54세,상해없음,,,,
2023042600100078,2023년 4월 26일 08시,수요일,부산광역시 사상구 모라동,경상사고,0,0,2,0,차대차 - 기타,안전운전불이행,건조,맑음,단일로 - 기타,승용,남,65세,경상,특수,남,75세,경상
2023042600100124,2023년 4월 26일 09시,수요일,부산광역시 사하구 하단동,경상사고,0,0,1,1,차대차 - 측면충돌,교차로운행방법위반,건조,맑음,교차로 - 교차로안,화물,남,58세,상해없음,승용,남,78세,경상
2023042600100149,2023년 4월 26일 10시,수요일,부산광역시 동래구 사직동,경상사고,0,0,1,0,차대차 - 추돌,안전운전불이행,건조,맑음,단일로 - 기타,승용,남,44세,상해없음,승용,여,33세,경상
2023042600100150,2023년 4월 26일 10시,수요일,부산광역시 부산진구 부암동,중상사고,0,1,0,0,차대사람 - 기타,안전운전불이행,건조,맑음,단일로 - 기타,화물,남,49세,상해없음,보행자,남,80세,중상
2023042600100183,2023년 4월 26일 11시,수요일,부산광역시 해운대구 재송동,경상사고,0,0,1,0,차대차 - 측면충돌,안전거리미확보,건조,맑음,단일로 - 기타,승용,남,65세,상해없음,승용,여,30세,경상
2023042600100184,2023년 4월 26일 11시,수요일,부산광역시 부산진구 양정동,중상사고,0,1,0,0,차대사람 - 기타,기타,건조,맑음,단일로 - 기타,화물,남,60세,상해없음,보행자,남,82세,중상
2023042600100186,2023년 4월 26일 11시,수요일,부산광역시 연제구 연산동,경상사고,0,0,2,0,차대차 - 추돌,안전운전불이행,건조,맑음,단일로 - 기타,승합,남,59세,상해없음,승용,여,64세,경상
2023042600100187,2023년 4월 26일 11시,수요일,부산광역시 사상구 모라동,중상사고,0,1,0,0,차대차 - 추돌,안전운전불이행,건조,맑음,단일로 - 고가도로위,화물,남,66세,중상,화물,남,47세,상해없음
2023042600100246,2023년 4월 26일 13시,수요일,부산광역시 남구 대연동,경상사고,0,0,1,0,차대차 - 기타,기타,건조,맑음,단일로 - 기타,화물,남,32세,상해없음,승용,남,59세,상해없음
2023042600100247,2023년 4월 26일 13시,수요일,부산광역시 부산진구 부전동,경상사고,0,0,1,0,차대차 - 기타,안전운전불이행,건조,맑음,단일로 - 기타,승용,여,57세,상해없음,이륜,남,39세,경상
2023042600100248,2023년 4월 26일 13시,수요일,부산광역시 연제구 거제동,경상사고,0,0,1,0,차대차 - 기타,차로위반,건조,맑음,단일로 - 기타,승용,남,68세,상해없음,승합,남,45세,경상
2023042600100309,2023년 4월 26일 15시,수요일,부산광역시 북구 화명동,경상사고,0,0,1,0,차대차 - 기타,중앙선침범,건조,맑음,단일로 - 기타,승용,남,60세,상해없음,승용,남,51세,경상
2023042600100310,2023년 4월 26일 15시,수요일,부산광역시 부산진구 가야동,경상사고,0,0,1,0,차대사람 - 횡단중,안전운전불이행,건조,맑음,단일로 - 기타,승용,여,55세,상해없음,보행자,남,12세,경상
2023042600100338,2023년 4월 26일 16시,수요일,부산광역시 금정구 구서동,경상사고,0,0,1,0,차대사람 - 횡단중,신호위반,건조,맑음,단일로 - 기타,승용,남,55세,상해없음,보행자,여,11세,경상
2023042600100339,2023년 4월 26일 16시,수요일,부산광역시 금정구 장전동,중상사고,0,1,0,0,차대사람 - 횡단중,안전운전불이행,건조,맑음,단일로 - 기타,승용,여,21세,상해없음,보행자,여,48세,중상
2023042600100340,2023년 4월 26일 16시,수요일,부산광역시 강서구 강동동,경상사고,0,0,1,0,차대차 - 기타,안전운전불이행,건조,맑음,단일로 - 기타,화물,남,63세,상해없음,승용,남,58세,경상
2023042600100382,2023년 4월 26일 17시,수요일,부산광역시 서구 서대신동3가,경상사고,0,0,2,0,차대차 - 추돌,안전거리미확보,건조,맑음,단일로 - 기타,승용,남,31세,상해없음,승용,여,36세,경상
2023042600100383,2023년 4월 26일 17시,수요일,부산광역시 영도구 청학동,경상사고,0,0,1,0,차대사람 - 횡단중,안전운전불이행,건조,맑음,교차로 - 교차로부근,승용,여,54세,상해없음,보행자,남,54세,경상
2023042600100443,2023년 4월 26일 18시,수요일,부산광역시 기장군 장안읍,경상사고,0,0,2,0,차대차 - 기타,안전운전불이행,건조,맑음,단일로 - 기타,승용,남,42세,경상,승용,남,58세,경상
2023042600100487,2023년 4월 26일 19시,수요일,부산광역시 금정구 부곡동,경상사고,0,0,2,0,차대차 - 측면충돌,신호위반,건조,맑음,교차로 - 교차로안,승용,남,28세,상해없음,승용,여,42세,경상
2023042600100489,2023년 4월 26일 19시,수요일,부산광역시 금정구 서동,중상사고,0,1,0,0,차대사람 - 횡단중,안전운전불이행,건조,맑음,교차로 - 교차로안,화물,남,58세,상해없음,보행자,여,70세,중상
2023042600100490,2023년 4월 26일 19시,수요일,부산광역시 사하구 감천동,경상사고,0,0,1,0,차대차 - 기타,안전거리미확보,건조,맑음,단일로 - 기타,승용,여,52세,상해없음,승용,여,42세,경상
2023042600100491,2023년 4월 26일 19시,수요일,부산광역시 사상구 감전동,사망사고,1,0,0,0,차대차 - 추돌,안전운전불이행,건조,맑음,단일로 - 기타,화물,남,39세,상해없음,기타불명,남,75세,사망
2023042600100525,2023년 4월 26일 20시,수요일,부산광역시 서구 서대신동2가,중상사고,0,1,0,0,차대사람 - 보도통행중,보행자보호의무위반,건조,맑음,단일로 - 기타,승합,남,59세,상해없음,보행자,남,54세,중상
2023042600100526,2023년 4월 26일 20시,수요일,부산광역시 수영구 남천동,중상사고,0,1,0,0,차대차 - 측면충돌,안전운전불이행,건조,맑음,교차로 - 교차로안,승용,여,43세,상해없음,승용,남,41세,중상
2023042700100013,2023년 4월 27일 02시,목요일,부산광역시 금정구 부곡동,중상사고,0,1,0,0,차대사람 - 기타,안전운전불이행,건조,맑음,단일로 - 기타,승용,남,19세,상해없음,보행자,남,71세,중상
2023042700100052,2023년 4월 27일 07시,목요일,부산광역시 중구 영주동,경상사고,0,0,2,0,차대차 - 기타,중앙선침범,건조,맑음,교차로 - 교차로부근,승용,남,31세,상해없음,승용,남,45세,경상
2023042700100053,2023년 4월 27일 07시,목요일,부산광역시 서구 암남동,경상사고,0,0,1,0,차대차 - 추돌,안전운전불이행,건조,맑음,단일로 - 기타,원동기,남,17세,상해없음,승합,남,43세,경상
2023042700100054,2023년 4월 27일 07시,목요일,부산광역시 사하구 구평동,중상사고,0,1,0,0,차대차 - 기타,차로위반,건조,맑음,단일로 - 기타,승용,남,66세,상해없음,승용,남,33세,중상
2023042700100076,2023년 4월 27일 08시,목요일,부산광역시 사상구 주례동,경상사고,0,0,1,0,차대사람 - 차도통행중,안전운전불이행,건조,맑음,단일로 - 기타,승용,여,49세,상해없음,보행자,여,14세,경상
2023042700100110,2023년 4월 27일 09시,목요일,부산광역시 동구 초량동,경상사고,0,0,1,0,차대차 - 측면충돌,교차로운행방법위반,건조,맑음,단일로 - 지하차도(도로)내,승용,남,73세,상해없음,이륜,남,53세,경상
2023042700100143,2023년 4월 27일 10시,목요일,부산광역시 강서구 천성동,중상사고,0,1,2,0,차대차 - 기타,안전운전불이행,건조,맑음,단일로 - 고가도로위,화물,남,39세,기타불명,승용,여,70세,중상
2023042700100188,2023년 4월 27일 12시,목요일,부산광역시 해운대구 중동,경상사고,0,0,1,0,차대차 - 측면충돌,안전운전불이행,건조,맑음,단일로 - 기타,승용,여,74세,상해없음,승용,남,44세,경상
2023042700100189,2023년 4월 27일 12시,목요일,부산광역시 부산진구 부암동,경상사고,0,0,1,0,차대차 - 기타,안전운전불이행,건조,맑음,교차로 - 교차로부근,화물,남,64세,상해없음,이륜,남,41세,경상
2023042700100190,2023년 4월 27일 12시,목요일,부산광역시 부산진구 전포동,경상사고,0,0,1,0,차대사람 - 기타,보행자보호의무위반,건조,맑음,단일로 - 기타,승합,남,41세,상해없음,보행자,여,16세,경상
2023042700100219,2023년 4월 27일 13시,목요일,부산광역시 남구 대연동,경상사고,0,0,1,0,차대차 - 추돌,안전운전불이행,건조,맑음,교차로 - 교차로안,승합,남,53세,상해없음,승용,여,41세,상해없음
2023042700100220,2023년 4월 27일 13시,목요일,부산광역시 영도구 영선동2가,경상사고,0,0,2,0,차대사람 - 횡단중,보행자보호의무위반,건조,맑음,기타 - 기타,승합,남,67세,상해없음,보행자,여,61세,경상
2023042700100221,2023년 4월 27일 13시,목요일,부산광역시 사하구 신평동,경상사고,0,0,2,0,차대차 - 기타,안전운전불이행,건조,맑음,교차로 - 교차로안,승용,남,59세,상해없음,승용,여,78세,경상
2023042700100260,2023년 4월 27일 14시,목요일,부산광역시 동래구 온천동,경상사고,0,0,1,0,차대차 - 추돌,안전거리미확보,건조,맑음,교차로 - 교차로부근,승용,남,45세,상해없음,화물,남,64세,경상
2023042700100261,2023년 4월 27일 14시,목요일,부산광역시 동래구 사직동,경상사고,0,0,2,0,차대차 - 측면충돌,안전거리미확보,건조,맑음,단일로 - 기타,화물,남,49세,상해없음,승용,남,38세,경상
2023042700100262,2023년 4월 27일 14시,목요일,부산광역시 해운대구 재송동,중상사고,0,1,0,0,차대사람 - 보도통행중,보행자보호의무위반,건조,맑음,교차로 - 교차로횡단보도내,승용,남,71세,상해없음,보행자,여,62세,중상
2023042700100293,2023년 4월 27일 15시,목요일,부산광역시 금정구 부곡동,경상사고,0,0,1,0,차대사람 - 횡단중,보행자보호의무위반,건조,맑음,교차로 - 교차로안,승용,남,48세,상해없음,보행자,여,72세,경상
2023042700100339,2023년 4월 27일 16시,목요일,부산광역시 수영구 광안동,경상사고,0,0,2,0,차대차 - 측면충돌,안전운전불이행,건조,맑음,교차로 - 교차로안,승용,남,72세,기타불명,승용,남,42세,경상
2023042700100340,2023년 4월 27일 16시,목요일,부산광역시 동래구 온천동,중상사고,0,1,0,0,차대차 - 기타,직진우회전진행방해,건조,맑음,교차로 - 교차로안,승용,여,35세,상해없음,승용,남,68세,중상
2023042700100341,2023년 4월 27일 16시,목요일,부산광역시 부산진구 부암동,부상신고사고,0,0,0,1,차대사람 - 차도통행중,안전운전불이행,건조,맑음,단일로 - 기타,승용,남,64세,상해없음,보행자,남,40세,부상신고
2023042700100389,2023년 4월 27일 17시,목요일,부산광역시 금정구 구서동,경상사고,0,0,1,0,차대차 - 측면충돌,직진우회전진행방해,건조,맑음,교차로 - 교차로안,승용,여,65세,상해없음,승용,여,64세,경상
2023042700100429,2023년 4월 27일 18시,목요일,부산광역시 부산진구 부전동,부상신고사고,0,0,0,2,차대차 - 측면충돌,기타,건조,맑음,단일로 - 기타,승용,여,48세,상해없음,이륜,남,50세,부상신고
2023042700100480,2023년 4월 27일 19시,목요일,부산광역시 부산진구 연지동,경상사고,0,0,2,0,차대차 - 기타,안전운전불이행,건조,맑음,단일로 - 기타,승용,여,47세,기타불명,승용,남,28세,경상
2023042700100517,2023년 4월 27일 20시,목요일,부산광역시 수영구 광안동,부상신고사고,0,0,0,2,차대차 - 측면충돌,안전거리미확보,건조,맑음,교차로 - 교차로부근,승용,남,27세,기타불명,승합,남,51세,부상신고
2023042700100518,2023년 4월 27일 20시,목요일,부산광역시 기장군 정관읍,중상사고,0,1,0,0,차대차 - 추돌,안전운전불이행,건조,맑음,단일로 - 기타,승용,남,43세,상해없음,승용,여,49세,중상
2023042700100542,2023년 4월 27일 21시,목요일,부산광역시 동래구 안락동,경상사고,0,0,2,0,차대사람 - 횡단중,보행자보호의무위반,건조,맑음,교차로 - 교차로부근,승용,남,63세,상해없음,보행자,여,49세,경상
2023042700100543,2023년 4월 27일 21시,목요일,부산광역시 부산진구 당감동,중상사고,0,1,0,0,차대차 - 추돌,안전운전불이행,건조,맑음,단일로 - 기타,이륜,남,24세,중상,화물,기타불명,미분류,기타불명
2023042700100568,2023년 4월 27일 22시,목요일,부산광역시 영도구 봉래동5가,중상사고,0,1,1,0,차대사람 - 차도통행중,교차로운행방법위반,건조,맑음,교차로 - 교차로안,승용,남,60세,상해없음,보행자,남,48세,중상
2023042700100588,2023년 4월 27일 23시,목요일,부산광역시 북구 만덕동,경상사고,0,0,1,0,차대차 - 기타,안전운전불이행,건조,맑음,단일로 - 기타,승용,남,62세,상해없음,승용,남,30세,경상
2023042700100589,2023년 4월 27일 23시,목요일,부산광역시 부산진구 양정동,중상사고,0,2,1,0,차대차 - 측면충돌,안전거리미확보,건조,맑음,교차로 - 교차로부근,승용,남,66세,상해없음,이륜,남,26세,중상
2023042700100590,2023년 4월 27일 23시,목요일,부산광역시 사하구 신평동,경상사고,0,0,1,0,차량단독 - 공작물충돌,안전운전불이행,건조,맑음,교차로 - 교차로부근,승용,남,75세,상해없음,,,,
2023042800100013,2023년 4월 28일 01시,금요일,부산광역시 중구 중앙동6가,경상사고,0,0,6,0,차대차 - 측면충돌,신호위반,건조,맑음,교차로 - 교차로안,승용,남,64세,상해없음,승합,남,62세,상해없음
2023042800100024,2023년 4월 28일 04시,금요일,부산광역시 해운대구 재송동,중상사고,0,1,0,0,차대사람 - 기타,안전운전불이행,건조,맑음,단일로 - 기타,승용,여,60세,상해없음,보행자,남,54세,중상
2023042800100030,2023년 4월 28일 05시,금요일,부산광역시 사상구 모라동,경상사고,0,0,1,0,차대차 - 추돌,안전운전불이행,건조,맑음,기타 - 기타,이륜,남,22세,상해없음,이륜,남,22세,상해없음
2023042800100038,2023년 4월 28일 06시,금요일,부산광역시 중구 남포동2가,경상사고,0,0,1,0,차대차 - 측면충돌,교차로운행방법위반,건조,맑음,교차로 - 교차로안,승용,남,69세,상해없음,개인형이동수단(PM),남,18세,경상
2023042800100058,2023년 4월 28일 07시,금요일,부산광역시 북구 덕천동,중상사고,0,1,0,0,차대차 - 기타,안전운전불이행,건조,맑음,교차로 - 교차로부근,건설기계,남,51세,상해없음,승용,남,34세,중상
2023042800100059,2023년 4월 28일 07시,금요일,부산광역시 연제구 연산동,경상사고,0,0,1,0,차대사람 - 횡단중,안전운전불이행,건조,맑음,단일로 - 기타,승용,남,60세,상해없음,보행자,여,36세,경상
2023042800100101,2023년 4월 28일 08시,금요일,부산광역시 수영구 광안동,경상사고,0,0,1,0,차대사람 - 길가장자리구역통행중,안전운전불이행,건조,맑음,교차로 - 교차로안,승용,남,76세,상해없음,보행자,여,27세,경상
2023042800100102,2023년 4월 28일 08시,금요일,부산광역시 남구 감만동,경상사고,0,0,1,0,차대차 - 측면충돌,차로위반,건조,맑음,교차로 - 교차로안,화물,남,62세,기타불명,승용,여,27세,경상
2023042800100103,2023년 4월 28일 08시,금요일,부산광역시 해운대구 우동,부상신고사고,0,0,0,1,차대사람 - 기타,안전운전불이행,건조,맑음,단일로 - 기타,기타불명,기타불명,미분류,기타불명,보행자,남,10세,부상신고
2023042800100104,2023년 4월 28일 08시,금요일,부산광역시 부산진구 가야동,중상사고,0,1,0,0,차대차 - 기타,안전운전불이행,건조,맑음,단일로 - 기타,특수,남,66세,기타불명,승용,여,32세,중상
2023042800100105,2023년 4월 28일 08시,금요일,부산광역시 사하구 하단동,경상사고,0,0,1,0,차대차 - 기타,안전운전불이행,건조,맑음,교차로 - 교차로안,이륜,남,43세,경상,화물,남,43세,상해없음
2023042800100191,2023년 4월 28일 10시,금요일,부산광역시 사상구 엄궁동,경상사고,0,0,1,0,차대차 - 추돌,안전운전불이행,건조,맑음,단일로 - 기타,승합,남,59세,상해없음,승용,여,36세,경상
2023042800100217,2023년 4월 28일 11시,금요일,부산광역시 동래구 온천동,경상사고,0,0,1,0,차대차 - 기타,안전운전불이행,건조,맑음,교차로 - 교차로안,승용,남,61세,상해없음,승용,여,59세,경상
2023042800100218,2023년 4월 28일 11시,금요일,부산광역시 금정구 서동,중상사고,0,1,0,0,차대차 - 측면충돌,안전운전불이행,건조,맑음,교차로 - 교차로안,승용,남,57세,상해없음,원동기,남,59세,중상
2023042800100256,2023년 4월 28일 12시,금요일,부산광역시 연제구 연산동,경상사고,0,0,1,0,차대차 - 측면충돌,중앙선침범,건조,맑음,단일로 - 기타,이륜,남,38세,상해없음,승용,남,64세,경상
2023042800100285,2023년 4월 28일 13시,금요일,부산광역시 서구 아미동2가,중상사고,0,1,0,0,차대사람 - 횡단중,안전운전불이행,건조,맑음,단일로 - 기타,승합,남,63세,상해없음,보행자,여,61세,중상
2023042800100286,2023년 4월 28일 13시,금요일,부산광역시 남구 대연동,중상사고,0,1,0,1,차대차 - 측면충돌,안전운전불이행,건조,맑음,교차로 - 교차로안,이륜,남,20세,부상신고,원동기,남,29세,중상
2023042800100287,2023년 4월 28일 13시,금요일,부산광역시 해운대구 중동,경상사고,0,0,2,1,차대차 - 측면충돌,신호위반,건조,맑음,교차로 - 교차로부근,승용,남,57세,부상신고,승용,여,55세,경상
2023042800100317,2023년 4월 28일 14시,금요일,부산광역시 연제구 연산동,경상사고,0,0,1,0,차대차 - 측면충돌,안전운전불이행,건조,맑음,단일로 - 기타,승용,남,63세,상해없음,승용,여,52세,경상
2023042800100350,2023년 4월 28일 15시,금요일,부산광역시 동구 초량동,경상사고,0,0,1,0,차대사람 - 기타,안전운전불이행,건조,맑음,단일로 - 기타,승용,남,59세,상해없음,보행자,여,52세,경상
2023042800100351,2023년 4월 28일 15시,금요일,부산광역시 남구 문현동,경상사고,0,0,1,0,차대차 - 측면충돌,안전운전불이행,건조,맑음,교차로 - 교차로부근,승용,남,68세,상해없음,승용,남,34세,경상
2023042800100352,2023년 4월 28일 15시,금요일,부산광역시 강서구 명지동,중상사고,0,1,0,0,차대차 - 추돌,안전운전불이행,건조,맑음,교차로 - 교차로부근,승용,남,63세,상해없음,화물,남,32세,기타불명
2023042800100393,2023년 4월 28일 16시,금요일,부산광역시 수영구 광안동,경상사고,0,0,2,0,차대차 - 추돌,안전운전불이행,건조,맑음,교차로 - 교차로안,승용,여,31세,상해없음,승용,여,34세,경상
2023042800100394,2023년 4월 28일 16시,금요일,부산광역시 사하구 하단동,경상사고,0,0,1,0,차대사람 - 기타,안전운전불이행,건조,맑음,기타 - 기타,승용,남,48세,상해없음,보행자,여,20세,경상
2023042800100495,2023년 4월 28일 18시,금요일,부산광역시 금정구 남산동,중상사고,0,1,0,0,차대사람 - 기타,안전운전불이행,건조,맑음,교차로 - 교차로횡단보도내,승용,여,47세,상해없음,보행자,여,26세,중상
2023042800100537,2023년 4월 28일 19시,금요일,부산광역시 남구 대연동,중상사고,0,1,1,0,차량단독 - 기타,안전운전불이행,건조,맑음,단일로 - 기타,승합,남,46세,상해없음,,,,
2023042800100538,2023년 4월 28일 19시,금요일,부산광역시 금정구 부곡동,경상사고,0,0,1,0,차량단독 - 기타,기타,건조,맑음,단일로 - 기타,자전거,남,49세,경상,,,,
2023042800100539,2023년 4월 28일 19시,금요일,부산광역시 연제구 연산동,경상사고,0,0,1,0,차대사람 - 횡단중,안전운전불이행,건조,맑음,교차로 - 교차로부근,승용,남,48세,상해없음,보행자,남,67세,경상
2023042800100540,2023년 4월 28일 19시,금요일,부산광역시 연제구 거제동,경상사고,0,0,1,0,차대사람 - 횡단중,보행자보호의무위반,건조,맑음,교차로 - 교차로횡단보도내,승용,남,62세,상해없음,보행자,여,61세,경상
2023042800100573,2023년 4월 28일 20시,금요일,부산광역시 동구 수정동,중상사고,0,2,0,0,차대사람 - 차도통행중,보행자보호의무위반,건조,맑음,교차로 - 교차로안,승용,여,48세,상해없음,보행자,남,78세,중상
2023042800100574,2023년 4월 28일 20시,금요일,부산광역시 남구 대연동,경상사고,0,0,1,0,차대차 - 기타,안전운전불이행,건조,맑음,교차로 - 교차로안,승용,여,43세,상해없음,이륜,남,23세,경상
2023042800100575,2023년 4월 28일 20시,금요일,부산광역시 수영구 광안동,경상사고,0,0,2,0,차대차 - 추돌,안전운전불이행,건조,맑음,교차로 - 교차로부근,승용,여,36세,상해없음,승용,남,64세,경상
2023042800100610,2023년 4월 28일 21시,금요일,부산광역시 부산진구 부전동,부상신고사고,0,0,0,1,차대차 - 추돌,안전거리미확보,건조,맑음,단일로 - 기타,이륜,남,23세,부상신고,승용,여,48세,상해없음
2023042800100611,2023년 4월 28일 21시,금요일,부산광역시 금정구 구서동,중상사고,0,1,0,0,차대사람 - 보도통행중,보행자보호의무위반,건조,맑음,교차로 - 교차로횡단보도내,승용,여,55세,상해없음,보행자,남,55세,중상
2023042800100653,2023년 4월 28일 22시,금요일,부산광역시 부산진구 부암동,경상사고,0,0,3,0,차대차 - 기타,안전운전불이행,건조,맑음,교차로 - 교차로부근,승용,남,76세,기타불명,승용,남,19세,경상
2023042800100681,2023년 4월 28일 23시,금요일,부산광역시 부산진구 초읍동,경상사고,0,0,1,0,차대사람 - 기타,신호위반,건조,맑음,교차로 - 교차로횡단보도내,승용,남,68세,상해없음,보행자,남,13세,경상
2023042900100036,2023년 4월 29일 02시,토요일,부산광역시 부산진구 범천동,중상사고,0,1,1,0,차대차 - 정면충돌,안전운전불이행,젖음/습기,비,교차로 - 교차로안,이륜,남,24세,경상,이륜,남,25세,중상
2023042900100066,2023년 4월 29일 05시,토요일,부산광역시 남구 문현동,중상사고,0,1,0,0,차대차 - 추돌,안전운전불이행,젖음/습기,비,교차로 - 교차로부근,승용,여,25세,상해없음,승용,남,62세,중상
2023042900100084,2023년 4월 29일 07시,토요일,부산광역시 강서구 범방동,경상사고,0,0,1,0,차대차 - 추돌,안전운전불이행,건조,맑음,교차로 - 교차로부근,승용,여,62세,상해없음,화물,남,61세,경상
2023042900100093,2023년 4월 29일 08시,토요일,부산광역시 서구 동대신동3가,중상사고,0,1,0,0,차대차 - 추돌,안전운전불이행,젖음/습기,비,교차로 - 교차로부근,화물,남,62세,상해없음,승용,남,42세,중상
2023042900100094,2023년 4월 29일 08시,토요일,부산광역시 남구 대연동,중상사고,0,2,0,0,차대차 - 측면충돌,신호위반,젖음/습기,흐림,단일로 - 기타,승용,남,67세,상해없음,화물,남,59세,중상
2023042900100095,2023년 4월 29일 08시,토요일,부산광역시 사하구 당리동,경상사고,0,0,1,0,차대차 - 기타,차로위반,건조,맑음,기타 - 기타,승용,남,49세,상해없음,이륜,남,33세,경상
2023042900100096,2023년 4월 29일 08시,토요일,부산광역시 강서구 대저1동,부상신고사고,0,0,0,1,차량단독 - 공작물충돌,안전운전불이행,젖음/습기,비,단일로 - 기타,승합,남,67세,부상신고,,,,
2023042900100097,2023년 4월 29일 08시,토요일,부산광역시 기장군 일광읍,경상사고,0,0,4,0,차대차 - 측면충돌,직진우회전진행방해,젖음/습기,비,교차로 - 교차로안,승용,여,47세,상해없음,승용,남,38세,경상
2023042900100126,2023년 4월 29일 09시,토요일,부산광역시 사하구 장림동,경상사고,0,0,1,0,차량단독 - 기타,안전운전불이행,건조,맑음,단일로 - 기타,승합,남,36세,상해없음,,,,
2023042900100177,2023년 4월 29일 11시,토요일,부산광역시 금정구 구서동,경상사고,0,0,1,0,차대차 - 측면충돌,안전운전불이행,건조,맑음,단일로 - 기타,승용,남,58세,상해없음,승용,여,55세,경상
2023042900100178,2023년 4월 29일 11시,토요일,부산광역시 사상구 주례동,경상사고,0,0,1,0,차대차 - 기타,안전운전불이행,건조,맑음,교차로 - 교차로부근,이륜,남,50세,경상,승용,남,56세,기타불명
2023042900100205,2023년 4월 29일 12시,토요일,부산광역시 서구 동대신동1가,중상사고,0,1,0,0,차대사람 - 횡단중,보행자보호의무위반,젖음/습기,흐림,단일로 - 기타,승용,남,47세,상해없음,보행자,남,53세,중상
2023042900100206,2023년 4월 29일 12시,토요일,부산광역시 남구 대연동,경상사고,0,0,1,0,차대사람 - 횡단중,보행자보호의무위반,건조,맑음,교차로 - 교차로횡단보도내,승용,여,78세,상해없음,보행자,남,85세,경상
2023042900100208,2023년 4월 29일 12시,토요일,부산광역시 부산진구 부전동,경상사고,0,0,1,1,차대차 - 기타,안전운전불이행,건조,맑음,교차로 - 교차로부근,승용,여,21세,부상신고,승용,남,33세,경상
2023042900100209,2023년 4월 29일 12시,토요일,부산광역시 수영구 망미동,경상사고,0,0,1,0,차대차 - 측면충돌,교차로운행방법위반,건조,맑음,교차로 - 교차로안,승용,남,58세,기타불명,승용,남,35세,경상
2023042900100253,2023년 4월 29일 13시,토요일,부산광역시 사상구 학장동,경상사고,0,0,1,0,차대차 - 기타,안전운전불이행,건조,맑음,단일로 - 기타,승용,여,31세,상해없음,이륜,남,39세,경상
2023042900100254,2023년 4월 29일 13시,토요일,부산광역시 기장군 기장읍,경상사고,0,0,1,0,차대차 - 추돌,안전운전불이행,건조,맑음,교차로 - 교차로안,승용,여,53세,상해없음,승용,남,27세,경상
2023042900100287,2023년 4월 29일 14시,토요일,부산광역시 사하구 다대동,중상사고,0,1,0,0,차대차 - 기타,신호위반,젖음/습기,흐림,교차로 - 교차로안,승용,남,65세,상해없음,승용,여,56세,중상
2023042900100320,2023년 4월 29일 15시,토요일,부산광역시 동구 초량동,경상사고,0,0,1,0,차대사람 - 횡단중,보행자보호의무위반,젖음/습기,비,교차로 - 교차로횡단보도내,승용,남,61세,상해없음,보행자,여,25세,경상
2023042900100321,2023년 4월 29일 15시,토요일,부산광역시 남구 대연동,경상사고,0,0,1,0,차대차 - 측면충돌,안전거리미확보,젖음/습기,비,단일로 - 기타,승용,여,62세,상해없음,승용,여,51세,경상
2023042900100322,2023년 4월 29일 15시,토요일,부산광역시 동래구 온천동,경상사고,0,0,2,0,차대차 - 추돌,안전운전불이행,젖음/습기,비,단일로 - 기타,승용,남,55세,상해없음,승용,남,67세,상해없음
2023042900100354,2023년 4월 29일 16시,토요일,부산광역시 부산진구 연지동,경상사고,0,0,1,0,차대사람 - 기타,보행자보호의무위반,건조,맑음,교차로 - 교차로횡단보도내,승용,남,74세,상해없음,보행자,여,76세,경상
2023042900100355,2023년 4월 29일 16시,토요일,부산광역시 금정구 장전동,경상사고,0,0,1,0,차대차 - 측면충돌,안전운전불이행,젖음/습기,비,교차로 - 교차로안,승용,여,31세,상해없음,승용,남,35세,경상
2023042900100389,2023년 4월 29일 17시,토요일,부산광역시 부산진구 범천동,경상사고,0,0,1,0,차대차 - 측면충돌,차로위반,젖음/습기,비,단일로 - 기타,승용,남,53세,상해없음,승용,여,73세,경상