사고번호,사고일시,요일,시군구,사고내용,사망자수,중상자수,경상자수,부상신고자수,사고유형,법규위반,노면상태,기상상태,도로형태,가해운전자 차종,가해운전자 성별,가해운전자 연령,가해운전자 상해정도,피해운전자 차종,피해운전자 성별,피해운전자 연령,피해운전자 상해정도
2023042900100422,2023년 4월 29일 18시,토요일,부산광역시 금정구 장전동,경상사고,0,0,1,0,차대차 - 측면충돌,직진우회전진행방해,젖음/습기,비,교차로 - 교차로안,승용,남,54세,상해없음,이륜,남,47세,경상
2023042900100448,2023년 4월 29일 19시,토요일,부산광역시 해운대구 좌동,경상사고,0,0,1,0,차대차 - 측면충돌,안전운전불이행,건조,맑음,교차로 - 교차로안,승용,여,60세,상해없음,승용,여,59세,경상
2023042900100471,2023년 4월 29일 20시,토요일,부산광역시 동래구 안락동,경상사고,0,0,1,0,차대사람 - 기타,안전운전불이행,건조,맑음,단일로 - 기타,승용,남,70세,상해없음,보행자,여,45세,경상
2023042900100488,2023년 4월 29일 21시,토요일,부산광역시 해운대구 중동,경상사고,0,0,1,0,차대차 - 추돌,안전운전불이행,젖음/습기,비,단일로 - 기타,승용,여,71세,상해없음,승용,여,51세,경상
2023042900100512,2023년 4월 29일 22시,토요일,부산광역시 남구 문현동,경상사고,0,0,1,0,차대차 - 측면충돌,안전거리미확보,건조,맑음,교차로 - 교차로안,화물,남,53세,기타불명,승용,남,29세,경상
2023042900100513,2023년 4월 29일 22시,토요일,부산광역시 해운대구 반여동,경상사고,0,0,3,0,차대차 - 추돌,안전운전불이행,건조,맑음,단일로 - 기타,승용,남,34세,상해없음,승용,남,62세,경상
2023043000100005,2023년 4월 30일 00시,일요일,부산광역시 영도구 신선동1가,중상사고,0,1,3,0,차대차 - 측면충돌,중앙선침범,건조,맑음,단일로 - 기타,승용,남,65세,상해없음,승용,여,38세,경상
2023043000100035,2023년 4월 30일 03시,일요일,부산광역시 남구 대연동,중상사고,0,1,2,0,차대차 - 측면충돌,안전운전불이행,건조,흐림,교차로 - 교차로안,승용,남,64세,상해없음,승용,남,45세,경상
2023043000100046,2023년 4월 30일 05시,일요일,부산광역시 동래구 안락동,경상사고,0,0,1,0,차대차 - 기타,안전운전불이행,건조,맑음,단일로 - 기타,승용,남,66세,상해없음,승용,남,49세,상해없음
2023043000100047,2023년 4월 30일 05시,일요일,부산광역시 해운대구 우동,경상사고,0,0,1,0,차대차 - 측면충돌,안전거리미확보,건조,맑음,단일로 - 기타,승합,남,67세,상해없음,승용,남,58세,경상
2023043000100048,2023년 4월 30일 05시,일요일,부산광역시 사하구 하단동,중상사고,0,1,0,0,차대사람 - 횡단중,보행자보호의무위반,건조,맑음,교차로 - 교차로횡단보도내,승합,남,51세,상해없음,보행자,여,80세,중상
2023043000100054,2023년 4월 30일 06시,일요일,부산광역시 금정구 서동,중상사고,0,2,0,0,차대사람 - 기타,기타,건조,맑음,교차로 - 교차로안,승용,여,65세,상해없음,보행자,여,58세,중상
2023043000100055,2023년 4월 30일 06시,일요일,부산광역시 연제구 연산동,부상신고사고,0,0,0,1,차대차 - 측면충돌,신호위반,건조,맑음,교차로 - 교차로안,승용,여,69세,상해없음,승용,남,72세,부상신고
2023043000100088,2023년 4월 30일 09시,일요일,부산광역시 강서구 생곡동,중상사고,0,1,0,0,차대차 - 추돌,안전운전불이행,건조,맑음,단일로 - 기타,승용,여,67세,상해없음,승용,남,61세,중상
2023043000100106,2023년 4월 30일 10시,일요일,부산광역시 부산진구 부전동,중상사고,0,3,8,0,차대차 - 측면충돌,신호위반,건조,맑음,교차로 - 교차로안,승합,남,59세,중상,승용,남,66세,경상
2023043000100107,2023년 4월 30일 10시,일요일,부산광역시 연제구 연산동,경상사고,0,0,2,0,차대차 - 추돌,안전운전불이행,건조,맑음,단일로 - 기타,승용,남,65세,상해없음,승용,남,79세,경상
2023043000100133,2023년 4월 30일 11시,일요일,부산광역시 동래구 온천동,경상사고,0,0,3,0,차대차 - 측면충돌,교차로운행방법위반,건조,맑음,교차로 - 교차로부근,이륜,남,24세,상해없음,승용,남,46세,경상
2023043000100134,2023년 4월 30일 11시,일요일,부산광역시 동래구 수안동,경상사고,0,0,1,0,차대차 - 기타,안전거리미확보,건조,맑음,단일로 - 기타,승용,여,32세,상해없음,승용,여,57세,경상
2023043000100135,2023년 4월 30일 11시,일요일,부산광역시 해운대구 재송동,부상신고사고,0,0,0,2,차대차 - 후진중충돌,안전운전불이행,건조,맑음,단일로 - 기타,승용,남,70세,상해없음,승용,남,32세,부상신고
2023043000100164,2023년 4월 30일 12시,일요일,부산광역시 사상구 모라동,경상사고,0,0,4,0,차대차 - 측면충돌,안전거리미확보,건조,맑음,단일로 - 기타,화물,남,70세,상해없음,승용,남,39세,경상
2023043000100227,2023년 4월 30일 14시,일요일,부산광역시 중구 중앙동4가,경상사고,0,0,5,0,차대차 - 측면충돌,교차로운행방법위반,건조,맑음,교차로 - 교차로안,승용,여,30세,상해없음,승용,남,52세,경상
2023043000100228,2023년 4월 30일 14시,일요일,부산광역시 해운대구 석대동,경상사고,0,0,1,0,차대사람 - 기타,안전운전불이행,건조,맑음,단일로 - 기타,승용,남,48세,상해없음,보행자,여,46세,경상
2023043000100229,2023년 4월 30일 14시,일요일,부산광역시 사하구 하단동,중상사고,0,1,0,0,차대사람 - 횡단중,보행자보호의무위반,건조,맑음,교차로 - 교차로횡단보도내,승용,남,48세,상해없음,보행자,여,64세,중상
2023043000100261,2023년 4월 30일 15시,일요일,부산광역시 사하구 구평동,경상사고,0,0,1,0,차대차 - 기타,차로위반,건조,맑음,기타 - 기타,승용,남,67세,상해없음,승용,남,48세,경상
2023043000100296,2023년 4월 30일 16시,일요일,부산광역시 북구 만덕동,경상사고,0,0,1,0,차대차 - 측면충돌,차로위반,건조,맑음,단일로 - 기타,승용,남,61세,상해없음,이륜,남,36세,경상
2023043000100297,2023년 4월 30일 16시,일요일,부산광역시 금정구 회동동,경상사고,0,0,1,0,차대사람 - 차도통행중,안전운전불이행,건조,맑음,교차로 - 교차로안,승용,여,48세,상해없음,보행자,남,76세,경상
2023043000100330,2023년 4월 30일 17시,일요일,부산광역시 금정구 장전동,경상사고,0,0,1,0,차대사람 - 차도통행중,안전운전불이행,건조,맑음,단일로 - 기타,이륜,남,28세,상해없음,보행자,남,29세,경상
2023043000100331,2023년 4월 30일 17시,일요일,부산광역시 사하구 장림동,경상사고,0,0,1,0,차대차 - 기타,안전운전불이행,건조,맑음,단일로 - 기타,승용,남,64세,상해없음,승용,남,71세,경상
2023043000100364,2023년 4월 30일 18시,일요일,부산광역시 해운대구 중동,경상사고,0,0,1,0,차대차 - 추돌,신호위반,건조,맑음,교차로 - 교차로안,승용,남,28세,상해없음,이륜,남,37세,경상
2023043000100365,2023년 4월 30일 18시,일요일,부산광역시 금정구 구서동,경상사고,0,0,1,2,차대차 - 추돌,안전운전불이행,건조,맑음,단일로 - 기타,승용,남,68세,상해없음,승용,여,41세,부상신고
2023043000100366,2023년 4월 30일 18시,일요일,부산광역시 기장군 기장읍,경상사고,0,0,1,0,차대차 - 기타,안전운전불이행,건조,맑음,주차장 - 주차장,승용,남,53세,상해없음,승용,남,41세,경상
2023043000100386,2023년 4월 30일 19시,일요일,부산광역시 남구 대연동,경상사고,0,0,1,1,차대차 - 측면충돌,안전운전불이행,건조,맑음,교차로 - 교차로안,승용,남,40세,상해없음,승용,남,56세,경상
2023043000100433,2023년 4월 30일 21시,일요일,부산광역시 수영구 광안동,경상사고,0,0,1,0,차대사람 - 보도통행중,안전운전불이행,건조,맑음,단일로 - 기타,이륜,남,25세,기타불명,보행자,여,63세,경상
2023043000100453,2023년 4월 30일 22시,일요일,부산광역시 수영구 민락동,경상사고,0,0,1,0,차대사람 - 기타,보행자보호의무위반,건조,맑음,교차로 - 교차로횡단보도내,승용,여,27세,상해없음,보행자,여,64세,경상
2023043000100454,2023년 4월 30일 22시,일요일,부산광역시 북구 화명동,경상사고,0,0,1,0,차대사람 - 기타,보행자보호의무위반,건조,맑음,단일로 - 기타,승용,여,59세,상해없음,보행자,여,22세,경상
2023043000100455,2023년 4월 30일 22시,일요일,부산광역시 수영구 망미동,중상사고,0,1,0,0,차대사람 - 기타,기타,건조,흐림,기타 - 기타,개인형이동수단(PM),남,44세,상해없음,보행자,여,57세,중상
2023050100100003,2023년 5월 1일 00시,월요일,부산광역시 중구 남포동6가,중상사고,0,1,0,0,차대차 - 정면충돌,신호위반,건조,맑음,교차로 - 교차로안,승용,남,68세,상해없음,이륜,남,34세,중상
2023050100100004,2023년 5월 1일 00시,월요일,부산광역시 남구 대연동,경상사고,0,0,1,0,차대차 - 기타,안전운전불이행,건조,맑음,단일로 - 기타,승용,남,72세,상해없음,승용,남,29세,경상
2023050100100005,2023년 5월 1일 00시,월요일,부산광역시 사상구 모라동,경상사고,0,0,2,0,차대차 - 추돌,안전운전불이행,건조,맑음,단일로 - 기타,승용,남,58세,상해없음,승용,남,61세,경상
2023050100100012,2023년 5월 1일 01시,월요일,부산광역시 부산진구 당감동,경상사고,0,0,1,0,차량단독 - 전도전복 - 전도,안전운전불이행,건조,맑음,단일로 - 기타,이륜,남,40세,경상,,,,
2023050100100018,2023년 5월 1일 02시,월요일,부산광역시 부산진구 부전동,경상사고,0,0,3,0,차대차 - 추돌,안전운전불이행,건조,맑음,교차로 - 교차로부근,승용,남,25세,상해없음,승용,남,32세,경상
2023050100100023,2023년 5월 1일 03시,월요일,부산광역시 부산진구 범천동,경상사고,0,0,1,1,차대차 - 추돌,안전운전불이행,건조,맑음,단일로 - 기타,이륜,남,19세,부상신고,화물,여,24세,경상
2023050100100024,2023년 5월 1일 03시,월요일,부산광역시 사하구 하단동,중상사고,0,1,0,0,차대차 - 기타,안전운전불이행,건조,맑음,단일로 - 기타,원동기,남,23세,중상,승용,여,32세,상해없음
2023050100100027,2023년 5월 1일 04시,월요일,부산광역시 동구 수정동,경상사고,0,0,1,0,차대차 - 측면충돌,신호위반,건조,맑음,교차로 - 교차로안,승용,남,64세,상해없음,승용,남,67세,상해없음
2023050100100028,2023년 5월 1일 04시,월요일,부산광역시 해운대구 반여동,중상사고,0,1,1,0,차대차 - 기타,교차로운행방법위반,건조,맑음,교차로 - 교차로안,승용,남,70세,상해없음,원동기,남,60세,중상
2023050100100041,2023년 5월 1일 07시,월요일,부산광역시 부산진구 부전동,중상사고,0,1,0,0,차대사람 - 횡단중,안전운전불이행,건조,맑음,교차로 - 교차로안,승용,남,74세,상해없음,보행자,남,67세,중상
2023050100100042,2023년 5월 1일 07시,월요일,부산광역시 사하구 당리동,경상사고,0,0,1,0,차대차 - 기타,안전거리미확보,건조,맑음,단일로 - 기타,승용,남,30세,상해없음,승용,남,62세,경상
2023050100100062,2023년 5월 1일 08시,월요일,부산광역시 중구 영주동,중상사고,0,1,0,0,차대차 - 측면충돌,중앙선침범,건조,맑음,교차로 - 교차로부근,자전거,남,86세,중상,승용,남,73세,상해없음
2023050100100063,2023년 5월 1일 08시,월요일,부산광역시 연제구 연산동,중상사고,0,1,0,0,차대차 - 측면충돌,신호위반,건조,맑음,교차로 - 교차로안,이륜,남,45세,중상,승용,남,49세,상해없음
2023050100100064,2023년 5월 1일 08시,월요일,부산광역시 연제구 거제동,경상사고,0,0,1,0,차대차 - 추돌,안전운전불이행,건조,맑음,교차로 - 교차로부근,승용,남,70세,상해없음,승용,여,30세,경상
2023050100100113,2023년 5월 1일 10시,월요일,부산광역시 중구 대창동2가,경상사고,0,0,1,0,차대차 - 측면충돌,안전운전불이행,건조,맑음,단일로 - 기타,이륜,남,65세,경상,승용,남,33세,상해없음
2023050100100143,2023년 5월 1일 11시,월요일,부산광역시 남구 대연동,중상사고,0,1,0,0,차대사람 - 기타,안전운전불이행,건조,맑음,교차로 - 교차로안,승용,남,59세,상해없음,보행자,여,85세,중상
2023050100100144,2023년 5월 1일 11시,월요일,부산광역시 북구 금곡동,경상사고,0,0,1,0,차대사람 - 기타,안전운전불이행,건조,맑음,교차로 - 교차로부근,승용,남,72세,상해없음,보행자,남,55세,경상
2023050100100145,2023년 5월 1일 11시,월요일,부산광역시 해운대구 우동,중상사고,0,1,1,0,차대차 - 추돌,안전운전불이행,건조,맑음,단일로 - 고가도로위,화물,남,70세,상해없음,화물,남,63세,경상
2023050100100188,2023년 5월 1일 12시,월요일,부산광역시 서구 동대신동3가,경상사고,0,0,2,0,차대차 - 추돌,안전운전불이행,건조,맑음,교차로 - 교차로부근,승용,남,37세,상해없음,승용,남,29세,경상
2023050100100189,2023년 5월 1일 12시,월요일,부산광역시 영도구 남항동1가,경상사고,0,0,1,0,차대차 - 기타,직진우회전진행방해,건조,맑음,교차로 - 교차로안,화물,남,50세,상해없음,자전거,남,74세,경상
2023050100100190,2023년 5월 1일 12시,월요일,부산광역시 영도구 동삼동,경상사고,0,0,2,0,차대차 - 추돌,안전운전불이행,건조,맑음,단일로 - 기타,승용,남,68세,기타불명,승용,남,39세,경상
2023050100100191,2023년 5월 1일 12시,월요일,부산광역시 영도구 신선동3가,경상사고,0,0,3,0,차대차 - 측면충돌,안전운전불이행,건조,맑음,단일로 - 기타,승용,남,62세,상해없음,승용,남,54세,경상
2023050100100192,2023년 5월 1일 12시,월요일,부산광역시 사하구 감천동,경상사고,0,0,1,0,차대차 - 기타,안전운전불이행,건조,맑음,교차로 - 교차로안,승용,남,63세,상해없음,이륜,남,24세,경상
2023050100100193,2023년 5월 1일 12시,월요일,부산광역시 사하구 괴정동,경상사고,0,0,1,0,차대차 - 추돌,안전운전불이행,건조,맑음,단일로 - 기타,승용,남,27세,상해없음,이륜,남,55세,경상
2023050100100194,2023년 5월 1일 12시,월요일,부산광역시 사하구 장림동,경상사고,0,0,2,0,차대차 - 기타,안전거리미확보,건조,맑음,단일로 - 기타,승용,남,46세,상해없음,승용,남,34세,경상
2023050100100226,2023년 5월 1일 13시,월요일,부산광역시 서구 남부민동,경상사고,0,0,1,0,차대차 - 후진중충돌,안전운전불이행,건조,맑음,단일로 - 지하차도(도로)내,승용,여,33세,상해없음,승용,여,64세,경상
2023050100100227,2023년 5월 1일 13시,월요일,부산광역시 사하구 하단동,경상사고,0,0,1,0,차대차 - 기타,안전운전불이행,건조,맑음,교차로 - 교차로부근,승용,남,84세,상해없음,승용,남,56세,경상
2023050100100260,2023년 5월 1일 14시,월요일,부산광역시 동구 초량동,경상사고,0,0,1,0,차대사람 - 차도통행중,신호위반,건조,맑음,교차로 - 교차로부근,승용,남,74세,상해없음,보행자,남,61세,경상
2023050100100261,2023년 5월 1일 14시,월요일,부산광역시 북구 덕천동,경상사고,0,0,1,0,차대사람 - 횡단중,보행자보호의무위반,건조,맑음,교차로 - 교차로횡단보도내,승용,남,27세,상해없음,보행자,여,56세,경상
2023050100100262,2023년 5월 1일 14시,월요일,부산광역시 해운대구 반송동,사망사고,1,1,0,0,차대사람 - 보도통행중,안전운전불이행,건조,맑음,교차로 - 교차로안,화물,남,44세,상해없음,보행자,여,70세,사망
2023050100100263,2023년 5월 1일 14시,월요일,부산광역시 사상구 괘법동,경상사고,0,0,1,0,차대사람 - 차도통행중,중앙선침범,건조,맑음,기타 - 기타,이륜,남,30세,기타불명,보행자,남,22세,경상
2023050100100302,2023년 5월 1일 15시,월요일,부산광역시 북구 만덕동,중상사고,0,1,0,0,차대차 - 측면충돌,교차로운행방법위반,건조,맑음,교차로 - 교차로안,승용,남,70세,상해없음,이륜,남,23세,중상
2023050100100303,2023년 5월 1일 15시,월요일,부산광역시 동래구 온천동,경상사고,0,0,1,0,차대차 - 측면충돌,안전운전불이행,건조,맑음,교차로 - 교차로안,승용,여,52세,상해없음,승용,남,29세,경상
2023050100100304,2023년 5월 1일 15시,월요일,부산광역시 해운대구 중동,경상사고,0,0,1,0,차대사람 - 횡단중,보행자보호의무위반,건조,맑음,교차로 - 교차로횡단보도내,승용,여,54세,상해없음,보행자,남,62세,경상
2023050100100357,2023년 5월 1일 16시,월요일,부산광역시 기장군 기장읍,중상사고,0,1,0,0,차대사람 - 횡단중,안전운전불이행,건조,맑음,교차로 - 교차로안,이륜,남,51세,중상,보행자,남,50세,상해없음
2023050100100405,2023년 5월 1일 17시,월요일,부산광역시 동구 수정동,경상사고,0,0,1,0,차대차 - 추돌,안전운전불이행,건조,맑음,단일로 - 기타,승용,남,67세,상해없음,이륜,남,33세,경상
2023050100100446,2023년 5월 1일 18시,월요일,부산광역시 동래구 온천동,중상사고,0,1,2,0,차대차 - 측면충돌,신호위반,건조,맑음,단일로 - 기타,이륜,남,26세,상해없음,승용,남,54세,경상
2023050100100447,2023년 5월 1일 18시,월요일,부산광역시 부산진구 부전동,중상사고,0,1,0,0,차대사람 - 기타,신호위반,건조,맑음,단일로 - 기타,승합,남,57세,상해없음,보행자,여,69세,중상
2023050100100480,2023년 5월 1일 19시,월요일,부산광역시 북구 구포동,경상사고,0,0,1,0,차대차 - 기타,교차로운행방법위반,건조,맑음,교차로 - 교차로안,승용,남,65세,상해없음,승용,여,27세,경상
2023050100100481,2023년 5월 1일 19시,월요일,부산광역시 부산진구 양정동,경상사고,0,0,1,0,차대차 - 측면충돌,교차로운행방법위반,건조,맑음,교차로 - 교차로안,승용,남,66세,상해없음,승용,남,46세,상해없음
2023050100100508,2023년 5월 1일 20시,월요일,부산광역시 중구 중앙동4가,경상사고,0,0,2,0,차대차 - 측면충돌,교차로운행방법위반,건조,맑음,단일로 - 기타,승용,여,51세,상해없음,승합,남,26세,경상
2023050100100531,2023년 5월 1일 21시,월요일,부산광역시 사하구 당리동,경상사고,0,0,1,0,차대차 - 기타,차로위반,건조,맑음,단일로 - 기타,승용,남,58세,상해없음,승용,남,75세,경상
2023050100100550,2023년 5월 1일 22시,월요일,부산광역시 사하구 괴정동,경상사고,0,0,1,0,차대차 - 측면충돌,신호위반,건조,기타,교차로 - 교차로안,자전거,남,17세,경상,이륜,남,20세,기타불명
2023050100100563,2023년 5월 1일 23시,월요일,부산광역시 해운대구 우동,경상사고,0,0,1,0,차대차 - 측면충돌,안전운전불이행,건조,맑음,교차로 - 교차로안,승용,남,42세,상해없음,승용,남,51세,경상
2023050200100001,2023년 5월 2일 00시,화요일,부산광역시 동구 범일동,경상사고,0,0,4,0,차대차 - 측면충돌,신호위반,건조,맑음,교차로 - 교차로안,승용,남,60세,상해없음,승용,남,38세,경상
2023050200100011,2023년 5월 2일 02시,화요일,부산광역시 영도구 영선동4가,중상사고,0,1,0,0,차량단독 - 기타,안전운전불이행,건조,맑음,단일로 - 기타,이륜,남,31세,상해없음,,,,
2023050200100019,2023년 5월 2일 04시,화요일,부산광역시 해운대구 우동,사망사고,1,0,0,0,차대사람 - 차도통행중,안전운전불이행,건조,맑음,단일로 - 기타,화물,남,58세,상해없음,보행자,여,83세,사망
2023050200100045,2023년 5월 2일 07시,화요일,부산광역시 남구 문현동,중상사고,0,1,0,0,차대차 - 측면충돌,기타,건조,맑음,교차로 - 교차로안,화물,남,59세,상해없음,자전거,남,25세,중상
2023050200100046,2023년 5월 2일 07시,화요일,부산광역시 강서구 송정동,경상사고,0,0,1,0,차대차 - 기타,안전운전불이행,건조,맑음,단일로 - 기타,승용,남,60세,상해없음,승용,남,46세,경상
2023050200100127,2023년 5월 2일 09시,화요일,부산광역시 사상구 감전동,경상사고,0,0,1,0,차대차 - 측면충돌,신호위반,건조,맑음,교차로 - 교차로부근,화물,남,62세,상해없음,화물,남,67세,경상
2023050200100128,2023년 5월 2일 09시,화요일,부산광역시 기장군 장안읍,경상사고,0,0,1,0,차대차 - 정면충돌,중앙선침범,건조,맑음,단일로 - 지하차도(도로)내,화물,남,61세,상해없음,화물,남,49세,경상
2023050200100163,2023년 5월 2일 10시,화요일,부산광역시 동래구 안락동,경상사고,0,0,1,0,차대차 - 측면충돌,안전운전불이행,건조,맑음,교차로 - 교차로부근,승용,남,59세,상해없음,승용,남,45세,경상
2023050200100164,2023년 5월 2일 10시,화요일,부산광역시 사하구 하단동,사망사고,1,0,0,0,차대사람 - 기타,안전운전불이행,건조,맑음,단일로 - 기타,승용,남,75세,상해없음,보행자,여,77세,사망
2023050200100165,2023년 5월 2일 10시,화요일,부산광역시 연제구 연산동,경상사고,0,0,1,0,차대차 - 추돌,안전운전불이행,건조,기타,단일로 - 기타,승용,남,69세,상해없음,승용,여,49세,경상
2023050200100199,2023년 5월 2일 11시,화요일,부산광역시 부산진구 부전동,경상사고,0,0,2,0,차대차 - 기타,안전운전불이행,건조,맑음,교차로 - 교차로부근,화물,남,34세,상해없음,화물,남,31세,경상
2023050200100234,2023년 5월 2일 12시,화요일,부산광역시 부산진구 초읍동,중상사고,0,1,0,0,차대사람 - 기타,안전운전불이행,건조,맑음,교차로 - 교차로안,승용,여,59세,상해없음,보행자,여,66세,중상
2023050200100305,2023년 5월 2일 14시,화요일,부산광역시 서구 아미동2가,경상사고,0,0,1,0,차대차 - 측면충돌,차로위반,건조,맑음,교차로 - 교차로부근,승용,남,68세,상해없음,승합,남,49세,경상
2023050200100306,2023년 5월 2일 14시,화요일,부산광역시 해운대구 중동,중상사고,0,1,1,0,차대차 - 측면충돌,신호위반,건조,맑음,교차로 - 교차로안,승용,여,65세,경상,승용,남,45세,중상
2023050200100307,2023년 5월 2일 14시,화요일,부산광역시 사하구 신평동,경상사고,0,0,1,0,차대사람 - 횡단중,안전운전불이행,건조,맑음,단일로 - 기타,화물,남,31세,상해없음,보행자,여,71세,경상
2023050200100308,2023년 5월 2일 14시,화요일,부산광역시 기장군 기장읍,경상사고,0,0,1,0,차대사람 - 횡단중,보행자보호의무위반,건조,맑음,교차로 - 교차로안,승용,남,75세,상해없음,보행자,여,56세,경상
2023050200100309,2023년 5월 2일 14시,화요일,부산광역시 기장군 정관읍,경상사고,0,0,2,0,차대차 - 측면충돌,신호위반,건조,맑음,교차로 - 교차로안,승용,남,64세,상해없음,승용,여,70세,경상
2023050200100346,2023년 5월 2일 15시,화요일,부산광역시 동구 수정동,경상사고,0,0,1,0,차대사람 - 차도통행중,안전운전불이행,건조,맑음,단일로 - 기타,승용,여,61세,상해없음,보행자,여,68세,경상
2023050200100347,2023년 5월 2일 15시,화요일,부산광역시 수영구 수영동,경상사고,0,0,1,0,차대차 - 측면충돌,신호위반,건조,맑음,교차로 - 교차로안,승용,여,54세,상해없음,이륜,남,27세,경상
2023050200100389,2023년 5월 2일 16시,화요일,부산광역시 수영구 민락동,중상사고,0,1,0,0,차대차 - 측면충돌,안전운전불이행,건조,맑음,교차로 - 교차로부근,승용,여,45세,상해없음,승용,여,43세,중상
2023050200100390,2023년 5월 2일 16시,화요일,부산광역시 부산진구 개금동,경상사고,0,0,1,0,차대차 - 측면충돌,안전운전불이행,건조,맑음,교차로 - 교차로부근,승용,남,61세,상해없음,승용,남,39세,경상
2023050200100391,2023년 5월 2일 16시,화요일,부산광역시 금정구 장전동,경상사고,0,0,2,0,차대차 - 기타,안전운전불이행,기타,맑음,기타 - 기타,건설기계,남,64세,상해없음,승용,남,64세,경상
2023050200100435,2023년 5월 2일 17시,화요일,부산광역시 수영구 남천동,경상사고,0,0,1,0,차대차 - 측면충돌,안전거리미확보,건조,맑음,단일로 - 기타,승용,여,55세,상해없음,화물,남,51세,경상
2023050200100436,2023년 5월 2일 17시,화요일,부산광역시 동래구 온천동,경상사고,0,0,1,0,차대차 - 측면충돌,안전거리미확보,건조,맑음,단일로 - 기타,승합,남,58세,상해없음,승용,남,48세,경상
2023050200100437,2023년 5월 2일 17시,화요일,부산광역시 사하구 하단동,중상사고,0,1,0,0,차대사람 - 기타,안전운전불이행,건조,맑음,단일로 - 기타,화물,남,58세,상해없음,보행자,여,87세,중상
2023050200100482,2023년 5월 2일 18시,화요일,부산광역시 남구 대연동,경상사고,0,0,1,0,차대차 - 측면충돌,안전거리미확보,건조,맑음,교차로 - 교차로안,승용,남,26세,상해없음,화물,남,60세,경상
2023050200100483,2023년 5월 2일 18시,화요일,부산광역시 강서구 대저1동,경상사고,0,0,1,0,차대차 - 기타,신호위반,건조,맑음,교차로 - 교차로안,승용,남,28세,상해없음,승용,여,36세,경상
2023050200100526,2023년 5월 2일 19시,화요일,부산광역시 동구 수정동,경상사고,0,0,1,0,차대차 - 측면충돌,안전운전불이행,건조,맑음,단일로 - 기타,승용,여,27세,상해없음,승용,남,53세,기타불명
2023050200100527,2023년 5월 2일 19시,화요일,부산광역시 수영구 광안동,경상사고,0,0,1,0,차대차 - 기타,신호위반,건조,맑음,단일로 - 기타,승용,여,64세,상해없음,이륜,남,35세,경상
2023050200100528,2023년 5월 2일 19시,화요일,부산광역시 동래구 명륜동,경상사고,0,0,2,0,차대차 - 측면충돌,안전운전불이행,건조,맑음,교차로 - 교차로안,승용,남,30세,상해없음,화물,남,58세,경상
2023050200100529,2023년 5월 2일 19시,화요일,부산광역시 사하구 괴정동,경상사고,0,0,1,0,차대차 - 측면충돌,신호위반,건조,맑음,단일로 - 기타,승용,여,70세,상해없음,승용,여,54세,경상
2023050200100552,2023년 5월 2일 20시,화요일,부산광역시 수영구 남천동,경상사고,0,0,1,0,차대사람 - 보도통행중,안전운전불이행,건조,맑음,기타 - 기타,자전거,남,56세,상해없음,보행자,여,29세,경상
2023050200100622,2023년 5월 2일 23시,화요일,부산광역시 사상구 모라동,경상사고,0,0,1,0,차대차 - 기타,안전운전불이행,건조,맑음,기타 - 기타,특수,남,56세,상해없음,승용,남,31세,경상
2023050300100001,2023년 5월 3일 00시,수요일,부산광역시 부산진구 개금동,경상사고,0,0,1,0,차대차 - 기타,기타,건조,맑음,교차로 - 교차로안,승용,남,47세,기타불명,승용,남,64세,상해없음
2023050300100002,2023년 5월 3일 00시,수요일,부산광역시 강서구 봉림동,중상사고,0,1,0,0,차량단독 - 기타,안전운전불이행,건조,맑음,단일로 - 교량,승용,남,70세,상해없음,,,,
2023050300100011,2023년 5월 3일 01시,수요일,부산광역시 사상구 괘법동,경상사고,0,0,1,0,차량단독 - 기타,안전운전불이행,건조,맑음,단일로 - 기타,승용,남,65세,상해없음,,,,
2023050300100020,2023년 5월 3일 04시,수요일,부산광역시 영도구 동삼동,중상사고,0,1,0,0,차대사람 - 기타,안전운전불이행,건조,맑음,기타 - 기타,승합,남,68세,상해없음,보행자,남,78세,중상
2023050300100021,2023년 5월 3일 04시,수요일,부산광역시 부산진구 전포동,경상사고,0,0,1,0,차대차 - 측면충돌,안전거리미확보,건조,맑음,단일로 - 기타,건설기계,남,74세,기타불명,승용,여,39세,경상
2023050300100024,2023년 5월 3일 05시,수요일,부산광역시 부산진구 양정동,경상사고,0,0,1,0,차대사람 - 기타,안전운전불이행,건조,맑음,기타 - 기타,승용,남,19세,상해없음,보행자,여,65세,경상
2023050300100031,2023년 5월 3일 06시,수요일,부산광역시 중구 중앙동6가,경상사고,0,0,1,0,차대차 - 측면충돌,안전운전불이행,건조,맑음,단일로 - 기타,승용,남,53세,상해없음,화물,남,52세,경상
2023050300100044,2023년 5월 3일 07시,수요일,부산광역시 강서구 구랑동,경상사고,0,0,1,0,차대차 - 기타,안전운전불이행,건조,맑음,교차로 - 교차로부근,화물,남,59세,상해없음,특수,남,71세,경상
2023050300100045,2023년 5월 3일 07시,수요일,부산광역시 사상구 덕포동,중상사고,0,1,1,0,차대차 - 측면충돌,신호위반,건조,맑음,교차로 - 교차로안,화물,남,49세,상해없음,승용,남,49세,중상
2023050300100080,2023년 5월 3일 08시,수요일,부산광역시 사하구 당리동,경상사고,0,0,1,0,차대차 - 기타,안전운전불이행,건조,맑음,단일로 - 지하차도(도로)내,승용,남,33세,상해없음,승합,남,30세,경상