사고번호,사고일시,요일,시군구,사고내용,사망자수,중상자수,경상자수,부상신고자수,사고유형,법규위반,노면상태,기상상태,도로형태,가해운전자 차종,가해운전자 성별,가해운전자 연령,가해운전자 상해정도,피해운전자 차종,피해운전자 성별,피해운전자 연령,피해운전자 상해정도
2023050300100124,2023년 5월 3일 09시,수요일,부산광역시 사하구 하단동,경상사고,0,0,1,0,차대차 - 기타,안전운전불이행,건조,맑음,기타 - 기타,승용,남,43세,상해없음,이륜,남,44세,경상
2023050300100125,2023년 5월 3일 09시,수요일,부산광역시 사상구 엄궁동,중상사고,0,1,1,0,차대차 - 추돌,안전운전불이행,건조,맑음,교차로 - 교차로안,화물,남,55세,상해없음,승용,여,43세,중상
2023050300100153,2023년 5월 3일 10시,수요일,부산광역시 해운대구 우동,경상사고,0,0,3,0,차대차 - 추돌,안전운전불이행,건조,맑음,교차로 - 교차로안,승용,남,60세,기타불명,승용,여,55세,경상
2023050300100154,2023년 5월 3일 10시,수요일,부산광역시 부산진구 부암동,경상사고,0,0,1,0,차대차 - 추돌,신호위반,건조,맑음,교차로 - 교차로안,승용,여,55세,상해없음,이륜,남,58세,경상
2023050300100156,2023년 5월 3일 10시,수요일,부산광역시 수영구 망미동,경상사고,0,0,2,0,차대차 - 측면충돌,직진우회전진행방해,건조,맑음,교차로 - 교차로안,화물,남,66세,상해없음,승용,남,68세,경상
2023050300100180,2023년 5월 3일 11시,수요일,부산광역시 동래구 명륜동,경상사고,0,0,1,0,차대차 - 측면충돌,안전운전불이행,건조,맑음,교차로 - 교차로안,승용,남,28세,상해없음,승용,여,50세,경상
2023050300100206,2023년 5월 3일 12시,수요일,부산광역시 동래구 낙민동,중상사고,0,1,0,0,차대차 - 기타,안전운전불이행,건조,맑음,교차로 - 교차로안,승용,남,63세,상해없음,승합,남,61세,상해없음
2023050300100207,2023년 5월 3일 12시,수요일,부산광역시 연제구 연산동,경상사고,0,0,2,0,차대차 - 기타,교차로운행방법위반,건조,맑음,교차로 - 교차로부근,승용,여,64세,경상,건설기계,남,62세,경상
2023050300100208,2023년 5월 3일 12시,수요일,부산광역시 사상구 괘법동,경상사고,0,0,1,0,차대사람 - 차도통행중,보행자보호의무위반,건조,맑음,단일로 - 기타,승용,남,46세,상해없음,보행자,여,80세,경상
2023050300100239,2023년 5월 3일 13시,수요일,부산광역시 중구 중앙동4가,경상사고,0,0,1,0,차대차 - 측면충돌,안전운전불이행,건조,맑음,교차로 - 교차로안,승용,남,60세,상해없음,승용,남,45세,경상
2023050300100240,2023년 5월 3일 13시,수요일,부산광역시 남구 대연동,경상사고,0,0,1,0,차대사람 - 차도통행중,불법유턴,건조,맑음,교차로 - 교차로부근,승용,남,30세,상해없음,보행자,여,48세,경상
2023050300100241,2023년 5월 3일 13시,수요일,부산광역시 사상구 학장동,경상사고,0,0,1,0,차대차 - 측면충돌,안전운전불이행,건조,맑음,교차로 - 교차로안,승합,남,35세,상해없음,승용,남,58세,경상
2023050300100277,2023년 5월 3일 14시,수요일,부산광역시 중구 창선동2가,경상사고,0,0,1,0,차대사람 - 횡단중,안전운전불이행,건조,맑음,교차로 - 교차로안,승용,남,27세,상해없음,보행자,남,58세,경상
2023050300100278,2023년 5월 3일 14시,수요일,부산광역시 수영구 광안동,경상사고,0,0,2,0,차대차 - 추돌,안전운전불이행,건조,맑음,단일로 - 기타,승용,여,80세,상해없음,승용,여,36세,경상
2023050300100279,2023년 5월 3일 14시,수요일,부산광역시 수영구 광안동,경상사고,0,0,2,0,차대차 - 추돌,교차로운행방법위반,건조,맑음,단일로 - 기타,승용,남,69세,상해없음,승용,남,27세,경상
2023050300100280,2023년 5월 3일 14시,수요일,부산광역시 부산진구 양정동,경상사고,0,0,1,0,차대차 - 측면충돌,안전운전불이행,건조,맑음,단일로 - 기타,승용,여,71세,상해없음,자전거,남,69세,경상
2023050300100281,2023년 5월 3일 14시,수요일,부산광역시 사상구 학장동,경상사고,0,0,1,0,차대차 - 추돌,안전운전불이행,건조,맑음,단일로 - 기타,화물,남,69세,상해없음,승용,남,70세,경상
2023050300100344,2023년 5월 3일 16시,수요일,부산광역시 수영구 남천동,경상사고,0,0,4,0,차대차 - 측면충돌,안전운전불이행,건조,맑음,단일로 - 기타,승용,여,27세,기타불명,승용,남,26세,경상
2023050300100345,2023년 5월 3일 16시,수요일,부산광역시 동래구 온천동,경상사고,0,0,1,0,차대차 - 측면충돌,중앙선침범,건조,맑음,단일로 - 기타,승용,여,26세,상해없음,승용,남,56세,경상
2023050300100391,2023년 5월 3일 17시,수요일,부산광역시 동래구 명장동,경상사고,0,0,3,0,차대차 - 추돌,기타,건조,맑음,교차로 - 교차로부근,승용,여,43세,경상,승합,남,29세,경상
2023050300100392,2023년 5월 3일 17시,수요일,부산광역시 기장군 기장읍,경상사고,0,0,3,0,차대차 - 측면충돌,안전거리미확보,건조,맑음,단일로 - 지하차도(도로)내,승용,여,55세,기타불명,승용,남,31세,경상
2023050300100460,2023년 5월 3일 19시,수요일,부산광역시 동구 초량동,경상사고,0,0,1,0,차대차 - 기타,안전거리미확보,건조,맑음,단일로 - 기타,승용,여,25세,상해없음,승용,남,53세,경상
2023050300100461,2023년 5월 3일 19시,수요일,부산광역시 수영구 광안동,중상사고,0,3,0,0,차대차 - 측면충돌,안전운전불이행,건조,맑음,교차로 - 교차로안,승용,남,19세,상해없음,승용,남,39세,중상
2023050300100462,2023년 5월 3일 19시,수요일,부산광역시 남구 대연동,경상사고,0,0,1,0,차대차 - 추돌,안전운전불이행,건조,맑음,교차로 - 교차로안,승용,남,58세,상해없음,이륜,남,25세,경상
2023050300100463,2023년 5월 3일 19시,수요일,부산광역시 해운대구 반송동,중상사고,0,1,0,0,차대사람 - 횡단중,보행자보호의무위반,건조,맑음,교차로 - 교차로안,승용,남,63세,상해없음,보행자,남,73세,중상
2023050300100464,2023년 5월 3일 19시,수요일,부산광역시 사상구 주례동,경상사고,0,0,2,0,차대차 - 추돌,안전운전불이행,건조,맑음,단일로 - 기타,승용,남,63세,상해없음,이륜,남,18세,상해없음
2023050300100513,2023년 5월 3일 21시,수요일,부산광역시 영도구 대교동1가,경상사고,0,0,1,0,차대사람 - 기타,교차로운행방법위반,건조,맑음,교차로 - 교차로안,승합,남,56세,상해없음,보행자,남,56세,경상
2023050300100533,2023년 5월 3일 22시,수요일,부산광역시 사하구 신평동,경상사고,0,0,1,0,차대차 - 추돌,안전운전불이행,건조,맑음,교차로 - 교차로부근,승용,여,42세,상해없음,승용,남,38세,경상
2023050400100001,2023년 5월 4일 00시,목요일,부산광역시 부산진구 전포동,경상사고,0,0,1,0,차대차 - 측면충돌,안전운전불이행,건조,맑음,교차로 - 교차로부근,승용,남,52세,상해없음,승용,남,66세,경상
2023050400100002,2023년 5월 4일 00시,목요일,부산광역시 사상구 학장동,중상사고,0,1,0,0,차대사람 - 기타,안전운전불이행,건조,맑음,교차로 - 교차로안,승용,남,72세,기타불명,보행자,남,52세,중상
2023050400100011,2023년 5월 4일 01시,목요일,부산광역시 남구 문현동,경상사고,0,0,2,0,차대차 - 측면충돌,안전운전불이행,건조,맑음,단일로 - 기타,승용,남,57세,상해없음,이륜,남,24세,경상
2023050400100048,2023년 5월 4일 07시,목요일,부산광역시 사하구 하단동,경상사고,0,0,1,0,차대차 - 추돌,안전거리미확보,건조,맑음,단일로 - 기타,승합,남,30세,상해없음,승용,여,35세,경상
2023050400100078,2023년 5월 4일 08시,목요일,부산광역시 해운대구 중동,경상사고,0,0,2,0,차대사람 - 길가장자리구역통행중,안전운전불이행,건조,맑음,단일로 - 기타,원동기,여,69세,상해없음,보행자,여,28세,경상
2023050400100079,2023년 5월 4일 08시,목요일,부산광역시 해운대구 송정동,경상사고,0,0,2,0,차대차 - 측면충돌,안전거리미확보,건조,맑음,단일로 - 기타,승용,여,31세,상해없음,승용,여,50세,경상
2023050400100080,2023년 5월 4일 08시,목요일,부산광역시 사상구 엄궁동,경상사고,0,0,2,0,차대차 - 측면충돌,안전운전불이행,건조,맑음,단일로 - 기타,승용,남,47세,기타불명,승용,남,26세,경상
2023050400100081,2023년 5월 4일 08시,목요일,부산광역시 기장군 정관읍,경상사고,0,0,1,0,차대차 - 기타,안전운전불이행,건조,맑음,교차로 - 교차로안,자전거,남,14세,경상,승용,여,64세,상해없음
2023050400100082,2023년 5월 4일 08시,목요일,부산광역시 기장군 기장읍,경상사고,0,0,1,0,차대차 - 기타,안전운전불이행,건조,맑음,교차로 - 교차로부근,화물,남,28세,상해없음,승용,남,36세,경상
2023050400100121,2023년 5월 4일 09시,목요일,부산광역시 서구 동대신동1가,경상사고,0,0,1,0,차대차 - 추돌,안전거리미확보,건조,맑음,단일로 - 지하차도(도로)내,승용,여,46세,상해없음,승용,여,35세,경상
2023050400100122,2023년 5월 4일 09시,목요일,부산광역시 북구 구포동,중상사고,0,1,0,0,차대차 - 기타,안전운전불이행,건조,맑음,단일로 - 기타,이륜,남,26세,상해없음,이륜,남,69세,중상
2023050400100123,2023년 5월 4일 09시,목요일,부산광역시 해운대구 재송동,경상사고,0,0,1,0,차대사람 - 차도통행중,안전운전불이행,건조,맑음,교차로 - 교차로부근,승용,남,55세,상해없음,보행자,여,47세,경상
2023050400100124,2023년 5월 4일 09시,목요일,부산광역시 사상구 주례동,중상사고,0,1,0,0,차대사람 - 기타,안전운전불이행,건조,맑음,단일로 - 기타,승용,남,18세,상해없음,보행자,여,23세,중상
2023050400100153,2023년 5월 4일 10시,목요일,부산광역시 연제구 연산동,경상사고,0,0,1,0,차대차 - 기타,안전운전불이행,건조,맑음,단일로 - 기타,승용,남,44세,상해없음,이륜,남,63세,기타불명
2023050400100185,2023년 5월 4일 11시,목요일,부산광역시 중구 남포동5가,경상사고,0,0,1,0,차대차 - 추돌,안전운전불이행,건조,맑음,단일로 - 기타,승용,남,65세,상해없음,승용,여,39세,경상
2023050400100186,2023년 5월 4일 11시,목요일,부산광역시 사하구 하단동,경상사고,0,0,1,0,차대차 - 기타,안전운전불이행,건조,맑음,교차로 - 교차로안,승용,남,35세,상해없음,승용,여,32세,경상
2023050400100224,2023년 5월 4일 12시,목요일,부산광역시 동래구 온천동,경상사고,0,0,1,0,차대차 - 측면충돌,안전거리미확보,건조,맑음,단일로 - 기타,승용,남,20세,상해없음,승합,남,62세,상해없음
2023050400100225,2023년 5월 4일 12시,목요일,부산광역시 금정구 구서동,경상사고,0,0,1,0,차대사람 - 기타,안전운전불이행,건조,맑음,단일로 - 기타,화물,남,57세,상해없음,보행자,남,64세,경상
2023050400100259,2023년 5월 4일 13시,목요일,부산광역시 해운대구 석대동,경상사고,0,0,3,0,차대차 - 기타,교차로운행방법위반,건조,맑음,교차로 - 교차로안,승합,남,71세,상해없음,승용,남,54세,경상
2023050400100260,2023년 5월 4일 13시,목요일,부산광역시 강서구 봉림동,경상사고,0,0,1,0,차대차 - 측면충돌,안전운전불이행,건조,맑음,단일로 - 기타,승합,남,57세,상해없음,승용,남,32세,경상
2023050400100293,2023년 5월 4일 14시,목요일,부산광역시 중구 대청동4가,경상사고,0,0,1,0,차대차 - 기타,안전운전불이행,건조,맑음,교차로 - 교차로안,승용,남,59세,상해없음,승합,남,52세,상해없음
2023050400100294,2023년 5월 4일 14시,목요일,부산광역시 동구 초량동,경상사고,0,0,1,0,차대차 - 측면충돌,신호위반,건조,맑음,교차로 - 교차로안,승용,남,45세,상해없음,승용,여,38세,경상
2023050400100295,2023년 5월 4일 14시,목요일,부산광역시 남구 문현동,중상사고,0,1,0,0,차대차 - 측면충돌,안전운전불이행,건조,맑음,단일로 - 기타,승용,남,49세,상해없음,이륜,남,24세,중상
2023050400100296,2023년 5월 4일 14시,목요일,부산광역시 동래구 온천동,경상사고,0,0,1,0,차대사람 - 기타,안전운전불이행,건조,맑음,단일로 - 지하차도(도로)내,승용,남,23세,상해없음,보행자,여,75세,경상
2023050400100297,2023년 5월 4일 14시,목요일,부산광역시 연제구 연산동,경상사고,0,0,1,0,차대차 - 측면충돌,교차로운행방법위반,건조,맑음,교차로 - 교차로안,승용,남,54세,상해없음,화물,남,64세,경상
2023050400100369,2023년 5월 4일 16시,목요일,부산광역시 연제구 연산동,중상사고,0,1,0,0,차대사람 - 보도통행중,기타,건조,맑음,기타 - 기타,기타불명,여,80세,상해없음,보행자,남,43세,중상
2023050400100370,2023년 5월 4일 16시,목요일,부산광역시 사상구 주례동,중상사고,0,1,0,0,차대사람 - 횡단중,안전운전불이행,젖음/습기,흐림,교차로 - 교차로부근,승용,남,61세,상해없음,보행자,남,16세,중상
2023050400100413,2023년 5월 4일 17시,목요일,부산광역시 영도구 남항동1가,중상사고,0,1,0,0,차대사람 - 횡단중,중앙선침범,건조,맑음,교차로 - 교차로부근,화물,남,63세,상해없음,보행자,여,85세,중상
2023050400100414,2023년 5월 4일 17시,목요일,부산광역시 강서구 송정동,중상사고,0,1,2,0,차대차 - 기타,안전운전불이행,건조,맑음,교차로 - 교차로안,승용,여,66세,중상,승용,남,29세,경상
2023050400100463,2023년 5월 4일 18시,목요일,부산광역시 강서구 대저2동,경상사고,0,0,2,0,차대차 - 기타,신호위반,젖음/습기,비,단일로 - 지하차도(도로)내,승용,남,63세,상해없음,승용,여,33세,경상
2023050400100464,2023년 5월 4일 18시,목요일,부산광역시 사상구 주례동,경상사고,0,0,2,0,차대차 - 측면충돌,안전운전불이행,건조,맑음,단일로 - 기타,승용,여,61세,상해없음,화물,남,33세,상해없음
2023050400100465,2023년 5월 4일 18시,목요일,부산광역시 사상구 학장동,경상사고,0,0,1,0,차대차 - 측면충돌,신호위반,젖음/습기,비,교차로 - 교차로안,화물,남,68세,상해없음,이륜,남,27세,경상
2023050400100501,2023년 5월 4일 19시,목요일,부산광역시 동구 범일동,경상사고,0,0,1,0,차대차 - 기타,안전운전불이행,건조,맑음,단일로 - 기타,승용,여,51세,상해없음,승용,여,40세,경상
2023050400100502,2023년 5월 4일 19시,목요일,부산광역시 부산진구 전포동,경상사고,0,0,1,0,차대차 - 기타,신호위반,건조,맑음,교차로 - 교차로부근,승용,남,72세,상해없음,승용,여,26세,경상
2023050400100503,2023년 5월 4일 19시,목요일,부산광역시 부산진구 부전동,경상사고,0,0,1,0,차대사람 - 횡단중,보행자보호의무위반,젖음/습기,비,단일로 - 기타,승합,남,57세,상해없음,보행자,남,60세,경상
2023050400100540,2023년 5월 4일 20시,목요일,부산광역시 동구 초량동,중상사고,0,1,0,0,차량단독 - 공작물충돌,기타,젖음/습기,비,단일로 - 기타,화물,남,48세,상해없음,,,,
2023050400100541,2023년 5월 4일 20시,목요일,부산광역시 부산진구 양정동,경상사고,0,0,3,0,차대차 - 기타,안전운전불이행,건조,맑음,기타 - 기타,승용,여,53세,상해없음,승용,남,36세,경상
2023050400100542,2023년 5월 4일 20시,목요일,부산광역시 금정구 부곡동,중상사고,0,1,0,1,차대사람 - 기타,안전운전불이행,젖음/습기,비,단일로 - 기타,자전거,남,27세,부상신고,보행자,여,23세,중상
2023050400100570,2023년 5월 4일 21시,목요일,부산광역시 중구 중앙동4가,경상사고,0,0,2,0,차대차 - 추돌,안전운전불이행,젖음/습기,맑음,단일로 - 고가도로위,승용,남,44세,상해없음,승용,남,20세,경상
2023050400100571,2023년 5월 4일 21시,목요일,부산광역시 북구 화명동,경상사고,0,0,1,0,차대차 - 기타,안전운전불이행,젖음/습기,비,교차로 - 교차로부근,승용,여,45세,경상,승용,남,68세,상해없음
2023050500100005,2023년 5월 5일 00시,금요일,부산광역시 동래구 명륜동,경상사고,0,0,1,0,차대차 - 측면충돌,직진우회전진행방해,젖음/습기,비,교차로 - 교차로안,승용,남,25세,상해없음,승용,남,29세,경상
2023050500100006,2023년 5월 5일 00시,금요일,부산광역시 해운대구 석대동,중상사고,0,1,0,0,차대차 - 추돌,안전운전불이행,젖음/습기,비,단일로 - 기타,승용,여,49세,기타불명,승용,여,57세,중상
2023050500100022,2023년 5월 5일 01시,금요일,부산광역시 강서구 봉림동,경상사고,0,0,1,0,차대차 - 측면충돌,안전운전불이행,젖음/습기,비,단일로 - 기타,승용,남,43세,기타불명,승용,남,30세,경상
2023050500100036,2023년 5월 5일 02시,금요일,부산광역시 북구 덕천동,사망사고,1,0,0,0,차대사람 - 기타,안전운전불이행,젖음/습기,비,단일로 - 기타,승용,남,55세,상해없음,보행자,여,58세,사망
2023050500100037,2023년 5월 5일 02시,금요일,부산광역시 연제구 거제동,경상사고,0,0,1,0,차대차 - 추돌,안전운전불이행,젖음/습기,비,교차로 - 교차로부근,승용,남,24세,상해없음,승용,여,30세,경상
2023050500100043,2023년 5월 5일 03시,금요일,부산광역시 부산진구 부전동,경상사고,0,0,2,0,차대차 - 추돌,안전운전불이행,젖음/습기,비,교차로 - 교차로부근,승용,남,31세,상해없음,승용,남,57세,경상
2023050500100082,2023년 5월 5일 08시,금요일,부산광역시 금정구 노포동,경상사고,0,0,1,0,차량단독 - 기타,안전운전불이행,젖음/습기,맑음,교차로 - 교차로안,승합,남,58세,상해없음,,,,
2023050500100090,2023년 5월 5일 09시,금요일,부산광역시 동구 초량동,경상사고,0,0,3,1,차대차 - 측면충돌,신호위반,젖음/습기,비,교차로 - 교차로부근,승용,여,28세,기타불명,승합,남,58세,상해없음
2023050500100091,2023년 5월 5일 09시,금요일,부산광역시 동구 초량동,경상사고,0,0,2,0,차대차 - 측면충돌,안전운전불이행,젖음/습기,비,단일로 - 지하차도(도로)내,화물,남,33세,기타불명,승용,남,64세,경상
2023050500100172,2023년 5월 5일 13시,금요일,부산광역시 부산진구 양정동,중상사고,0,1,0,0,차대사람 - 기타,안전운전불이행,젖음/습기,비,교차로 - 교차로부근,승용,여,46세,상해없음,보행자,여,21세,중상
2023050500100249,2023년 5월 5일 16시,금요일,부산광역시 중구 대청동4가,경상사고,0,0,1,0,차대차 - 측면충돌,안전운전불이행,젖음/습기,비,단일로 - 기타,승용,남,70세,상해없음,이륜,남,52세,경상
2023050500100250,2023년 5월 5일 16시,금요일,부산광역시 영도구 청학동,경상사고,0,0,1,0,차대차 - 기타,안전운전불이행,젖음/습기,비,단일로 - 기타,승용,남,68세,상해없음,이륜,남,66세,경상
2023050500100251,2023년 5월 5일 16시,금요일,부산광역시 해운대구 좌동,경상사고,0,0,1,0,차대차 - 측면충돌,차로위반,젖음/습기,비,교차로 - 교차로안,화물,남,55세,기타불명,승용,남,49세,경상
2023050500100252,2023년 5월 5일 16시,금요일,부산광역시 강서구 명지동,경상사고,0,0,2,0,차대차 - 측면충돌,교차로운행방법위반,젖음/습기,비,교차로 - 교차로안,승용,남,33세,상해없음,승용,남,56세,경상
2023050500100274,2023년 5월 5일 17시,금요일,부산광역시 수영구 광안동,중상사고,0,3,2,0,차대차 - 측면충돌,안전운전불이행,젖음/습기,비,교차로 - 교차로안,승용,남,25세,경상,승용,남,70세,중상
2023050500100275,2023년 5월 5일 17시,금요일,부산광역시 사하구 신평동,중상사고,0,1,0,0,차대사람 - 길가장자리구역통행중,안전운전불이행,젖음/습기,비,단일로 - 기타,승용,남,52세,상해없음,보행자,여,66세,중상
2023050500100299,2023년 5월 5일 18시,금요일,부산광역시 중구 보수동3가,중상사고,0,1,0,0,차대차 - 측면충돌,신호위반,젖음/습기,비,교차로 - 교차로안,승용,남,23세,상해없음,승합,여,45세,중상
2023050500100300,2023년 5월 5일 18시,금요일,부산광역시 해운대구 좌동,중상사고,0,1,0,0,차대차 - 기타,중앙선침범,젖음/습기,흐림,단일로 - 기타,승용,남,38세,상해없음,이륜,남,42세,중상
2023050500100301,2023년 5월 5일 18시,금요일,부산광역시 부산진구 양정동,경상사고,0,0,3,0,차대차 - 측면충돌,안전거리미확보,젖음/습기,비,교차로 - 교차로안,승용,여,56세,상해없음,승용,남,38세,경상
2023050500100302,2023년 5월 5일 18시,금요일,부산광역시 사하구 다대동,경상사고,0,0,1,0,차대차 - 후진중충돌,안전운전불이행,젖음/습기,비,기타 - 기타,승용,남,67세,상해없음,이륜,남,17세,경상
2023050500100331,2023년 5월 5일 19시,금요일,부산광역시 부산진구 부전동,중상사고,0,1,0,0,차대차 - 기타,중앙선침범,젖음/습기,비,교차로 - 교차로부근,승용,남,43세,상해없음,이륜,여,41세,중상
2023050500100332,2023년 5월 5일 19시,금요일,부산광역시 사상구 주례동,경상사고,0,0,2,0,차대차 - 측면충돌,안전거리미확보,건조,맑음,교차로 - 교차로부근,화물,여,58세,상해없음,승용,남,42세,경상
2023050500100399,2023년 5월 5일 21시,금요일,부산광역시 기장군 일광읍,경상사고,0,0,1,0,차대사람 - 횡단중,보행자보호의무위반,젖음/습기,비,단일로 - 기타,화물,남,24세,상해없음,보행자,남,20세,경상
2023050500100430,2023년 5월 5일 22시,금요일,부산광역시 금정구 남산동,경상사고,0,0,2,0,차대차 - 정면충돌,안전운전불이행,젖음/습기,비,교차로 - 교차로안,승용,남,25세,경상,승용,남,53세,경상
2023050600100014,2023년 5월 6일 01시,토요일,부산광역시 동래구 온천동,경상사고,0,0,2,0,차대차 - 정면충돌,중앙선침범,젖음/습기,비,교차로 - 교차로부근,승용,남,61세,상해없음,승용,남,52세,경상
2023050600100059,2023년 5월 6일 06시,토요일,부산광역시 사상구 엄궁동,중상사고,0,4,4,1,차대차 - 기타,안전운전불이행,젖음/습기,비,단일로 - 기타,승합,남,72세,중상,화물,남,62세,기타불명
2023050600100129,2023년 5월 6일 11시,토요일,부산광역시 서구 서대신동3가,경상사고,0,0,1,0,차대차 - 측면충돌,안전운전불이행,건조,맑음,단일로 - 지하차도(도로)내,승용,남,57세,상해없음,승용,남,40세,경상
2023050600100161,2023년 5월 6일 12시,토요일,부산광역시 부산진구 범천동,경상사고,0,0,2,0,차대차 - 기타,신호위반,젖음/습기,비,교차로 - 교차로안,승용,남,31세,상해없음,승용,남,50세,경상
2023050600100162,2023년 5월 6일 12시,토요일,부산광역시 연제구 연산동,경상사고,0,0,1,0,차대차 - 추돌,안전거리미확보,건조,맑음,교차로 - 교차로부근,이륜,남,63세,경상,승용,남,50세,상해없음
2023050600100194,2023년 5월 6일 13시,토요일,부산광역시 해운대구 반여동,중상사고,0,1,0,0,차대사람 - 차도통행중,안전운전불이행,젖음/습기,비,기타 - 기타,승용,여,27세,상해없음,보행자,여,67세,중상
2023050600100195,2023년 5월 6일 13시,토요일,부산광역시 강서구 명지동,경상사고,0,0,1,0,차대차 - 추돌,안전운전불이행,젖음/습기,비,단일로 - 기타,승용,남,29세,상해없음,이륜,남,33세,경상
2023050600100260,2023년 5월 6일 15시,토요일,부산광역시 동래구 안락동,경상사고,0,0,3,0,차대차 - 기타,안전운전불이행,젖음/습기,비,교차로 - 교차로안,승용,남,56세,상해없음,승용,남,40세,경상
2023050600100316,2023년 5월 6일 17시,토요일,부산광역시 수영구 광안동,경상사고,0,0,1,0,차대차 - 측면충돌,신호위반,건조,맑음,교차로 - 교차로안,화물,남,57세,상해없음,승용,남,36세,경상
2023050600100317,2023년 5월 6일 17시,토요일,부산광역시 해운대구 좌동,경상사고,0,0,1,0,차대사람 - 횡단중,안전운전불이행,건조,맑음,교차로 - 교차로부근,승용,여,42세,상해없음,보행자,여,29세,경상
2023050600100348,2023년 5월 6일 18시,토요일,부산광역시 기장군 철마면,중상사고,0,1,1,1,차대차 - 기타,신호위반,건조,맑음,단일로 - 기타,화물,남,27세,부상신고,승용,남,60세,중상
2023050600100366,2023년 5월 6일 19시,토요일,부산광역시 북구 만덕동,경상사고,0,0,1,0,차대사람 - 횡단중,보행자보호의무위반,건조,맑음,교차로 - 교차로횡단보도내,승용,남,62세,상해없음,보행자,여,27세,경상
2023050600100367,2023년 5월 6일 19시,토요일,부산광역시 금정구 부곡동,경상사고,0,0,1,0,차대차 - 기타,중앙선침범,건조,맑음,단일로 - 기타,승용,남,56세,상해없음,이륜,남,42세,경상
2023050600100368,2023년 5월 6일 19시,토요일,부산광역시 연제구 연산동,중상사고,0,1,0,0,차대사람 - 기타,안전운전불이행,건조,맑음,단일로 - 기타,승용,여,27세,상해없음,보행자,남,62세,중상
2023050600100394,2023년 5월 6일 20시,토요일,부산광역시 중구 보수동3가,중상사고,0,1,1,0,차대차 - 측면충돌,신호위반,건조,맑음,단일로 - 기타,이륜,남,54세,중상,승용,남,44세,경상
2023050600100395,2023년 5월 6일 20시,토요일,부산광역시 동래구 명륜동,중상사고,0,1,0,0,차대차 - 측면충돌,안전운전불이행,건조,맑음,교차로 - 교차로부근,승용,남,75세,상해없음,승용,남,50세,중상
2023050600100461,2023년 5월 6일 22시,토요일,부산광역시 사하구 괴정동,중상사고,0,1,1,0,차대차 - 추돌,안전운전불이행,건조,맑음,교차로 - 교차로안,승용,남,69세,상해없음,원동기,남,51세,중상
2023050600100479,2023년 5월 6일 23시,토요일,부산광역시 해운대구 우동,경상사고,0,0,2,0,차대차 - 추돌,안전운전불이행,건조,맑음,교차로 - 교차로부근,승용,남,27세,상해없음,승용,남,58세,경상
2023050700100018,2023년 5월 7일 01시,일요일,부산광역시 연제구 연산동,중상사고,0,2,1,0,차대차 - 추돌,안전거리미확보,건조,흐림,단일로 - 기타,원동기,남,22세,중상,승용,남,56세,경상
2023050700100025,2023년 5월 7일 02시,일요일,부산광역시 남구 대연동,경상사고,0,0,1,0,차대차 - 후진중충돌,안전운전불이행,건조,맑음,교차로 - 교차로안,승용,남,44세,상해없음,승용,남,67세,경상
2023050700100120,2023년 5월 7일 11시,일요일,부산광역시 수영구 민락동,경상사고,0,0,2,0,차대차 - 측면충돌,신호위반,젖음/습기,비,교차로 - 교차로안,승용,남,70세,기타불명,승용,남,46세,경상
2023050700100121,2023년 5월 7일 11시,일요일,부산광역시 해운대구 좌동,경상사고,0,0,1,0,차대사람 - 횡단중,보행자보호의무위반,젖음/습기,비,교차로 - 교차로횡단보도내,승용,남,41세,상해없음,보행자,남,53세,경상
2023050700100146,2023년 5월 7일 12시,일요일,부산광역시 해운대구 우동,경상사고,0,0,2,0,차대차 - 추돌,안전운전불이행,젖음/습기,비,단일로 - 기타,승용,남,69세,상해없음,승용,남,41세,경상
2023050700100147,2023년 5월 7일 12시,일요일,부산광역시 부산진구 부전동,경상사고,0,0,1,0,차대차 - 측면충돌,안전거리미확보,젖음/습기,비,단일로 - 기타,승용,남,43세,상해없음,이륜,남,46세,경상
2023050700100183,2023년 5월 7일 13시,일요일,부산광역시 북구 화명동,경상사고,0,0,2,0,차대차 - 기타,안전운전불이행,건조,맑음,단일로 - 기타,승용,남,80세,상해없음,승용,남,34세,경상
2023050700100184,2023년 5월 7일 13시,일요일,부산광역시 영도구 동삼동,경상사고,0,0,1,0,차대차 - 후진중충돌,안전운전불이행,건조,맑음,교차로 - 교차로안,승용,남,72세,기타불명,승합,남,28세,경상
2023050700100185,2023년 5월 7일 13시,일요일,부산광역시 기장군 장안읍,경상사고,0,0,3,0,차대차 - 추돌,안전운전불이행,젖음/습기,비,단일로 - 기타,승용,남,64세,상해없음,승용,남,44세,경상
2023050700100215,2023년 5월 7일 14시,일요일,부산광역시 해운대구 우동,경상사고,0,0,2,0,차대차 - 기타,차로위반,젖음/습기,비,단일로 - 기타,승용,남,27세,상해없음,승용,남,31세,경상
2023050700100246,2023년 5월 7일 15시,일요일,부산광역시 부산진구 전포동,경상사고,0,0,1,0,차대사람 - 차도통행중,안전운전불이행,젖음/습기,비,단일로 - 기타,승용,남,66세,상해없음,보행자,남,21세,경상
2023050700100247,2023년 5월 7일 15시,일요일,부산광역시 금정구 장전동,경상사고,0,0,1,0,차대사람 - 길가장자리구역통행중,안전운전불이행,젖음/습기,비,단일로 - 기타,승용,남,56세,상해없음,보행자,남,24세,경상
2023050700100248,2023년 5월 7일 15시,일요일,부산광역시 기장군 일광읍,경상사고,0,0,1,0,차대차 - 추돌,안전운전불이행,젖음/습기,비,단일로 - 기타,승용,남,70세,상해없음,승용,남,40세,상해없음