사고번호,사고일시,요일,시군구,사고내용,사망자수,중상자수,경상자수,부상신고자수,사고유형,법규위반,노면상태,기상상태,도로형태,가해운전자 차종,가해운전자 성별,가해운전자 연령,가해운전자 상해정도,피해운전자 차종,피해운전자 성별,피해운전자 연령,피해운전자 상해정도
2023050700100267,2023년 5월 7일 16시,일요일,부산광역시 부산진구 초읍동,경상사고,0,0,1,0,차대차 - 기타,신호위반,젖음/습기,비,교차로 - 교차로안,승용,여,31세,상해없음,승용,남,37세,경상
2023050700100317,2023년 5월 7일 18시,일요일,부산광역시 금정구 장전동,경상사고,0,0,1,0,차대차 - 기타,안전운전불이행,젖음/습기,흐림,교차로 - 교차로안,승용,남,62세,상해없음,원동기,남,25세,경상
2023050700100318,2023년 5월 7일 18시,일요일,부산광역시 강서구 대저2동,중상사고,0,3,0,0,차대차 - 기타,안전운전불이행,젖음/습기,비,단일로 - 기타,승용,여,51세,중상,승용,남,61세,중상
2023050700100345,2023년 5월 7일 19시,일요일,부산광역시 서구 부용동2가,부상신고사고,0,0,0,1,차대차 - 추돌,안전운전불이행,젖음/습기,흐림,교차로 - 교차로안,자전거,남,26세,부상신고,승용,남,60세,상해없음
2023050700100346,2023년 5월 7일 19시,일요일,부산광역시 남구 대연동,경상사고,0,0,1,0,차대차 - 기타,신호위반,건조,맑음,교차로 - 교차로안,승용,여,43세,상해없음,승용,남,28세,경상
2023050700100347,2023년 5월 7일 19시,일요일,부산광역시 부산진구 양정동,경상사고,0,0,1,0,차대차 - 기타,직진우회전진행방해,젖음/습기,비,교차로 - 교차로안,이륜,남,62세,경상,승용,남,38세,상해없음
2023050700100388,2023년 5월 7일 21시,일요일,부산광역시 부산진구 범천동,경상사고,0,0,1,0,차대차 - 측면충돌,안전거리미확보,건조,맑음,단일로 - 기타,승용,여,31세,상해없음,이륜,남,35세,경상
2023050700100389,2023년 5월 7일 21시,일요일,부산광역시 사상구 주례동,중상사고,0,1,0,0,차대차 - 측면충돌,신호위반,건조,맑음,교차로 - 교차로안,승용,남,35세,상해없음,승합,남,31세,중상
2023050700100413,2023년 5월 7일 22시,일요일,부산광역시 부산진구 당감동,경상사고,0,0,2,0,차대차 - 기타,신호위반,건조,맑음,교차로 - 교차로안,승용,여,57세,상해없음,승용,남,41세,경상
2023050700100414,2023년 5월 7일 22시,일요일,부산광역시 기장군 기장읍,경상사고,0,0,1,0,차대차 - 기타,안전운전불이행,건조,맑음,교차로 - 교차로안,이륜,남,39세,상해없음,이륜,남,27세,경상
2023050800100001,2023년 5월 8일 00시,월요일,부산광역시 사하구 괴정동,경상사고,0,0,1,0,차대차 - 측면충돌,안전운전불이행,건조,맑음,단일로 - 기타,승용,남,30세,상해없음,이륜,남,57세,경상
2023050800100016,2023년 5월 8일 03시,월요일,부산광역시 사하구 하단동,경상사고,0,0,1,0,차대사람 - 차도통행중,안전운전불이행,건조,맑음,교차로 - 교차로부근,승용,남,30세,상해없음,보행자,남,59세,경상
2023050800100061,2023년 5월 8일 07시,월요일,부산광역시 부산진구 부암동,경상사고,0,0,1,0,차대차 - 측면충돌,신호위반,건조,맑음,교차로 - 교차로안,승용,여,51세,상해없음,이륜,남,23세,경상
2023050800100062,2023년 5월 8일 07시,월요일,부산광역시 사상구 삼락동,경상사고,0,0,1,0,차대사람 - 횡단중,보행자보호의무위반,건조,맑음,교차로 - 교차로횡단보도내,승용,남,37세,상해없음,보행자,여,37세,경상
2023050800100093,2023년 5월 8일 08시,월요일,부산광역시 동구 범일동,경상사고,0,0,3,0,차대차 - 추돌,안전거리미확보,건조,맑음,단일로 - 기타,승용,남,34세,상해없음,승용,남,40세,경상
2023050800100094,2023년 5월 8일 08시,월요일,부산광역시 금정구 금사동,경상사고,0,0,2,0,차대차 - 추돌,안전운전불이행,건조,맑음,단일로 - 기타,승용,남,24세,경상,승용,남,36세,경상
2023050800100251,2023년 5월 8일 12시,월요일,부산광역시 해운대구 중동,중상사고,0,1,0,0,차대차 - 추돌,교차로운행방법위반,건조,맑음,교차로 - 교차로안,승용,남,65세,상해없음,이륜,남,59세,중상
2023050800100252,2023년 5월 8일 12시,월요일,부산광역시 강서구 생곡동,경상사고,0,0,1,0,차대차 - 후진중충돌,안전운전불이행,건조,맑음,교차로 - 교차로부근,특수,남,28세,상해없음,승용,남,51세,경상
2023050800100331,2023년 5월 8일 14시,월요일,부산광역시 남구 용당동,경상사고,0,0,2,0,차대차 - 측면충돌,안전거리미확보,건조,맑음,교차로 - 교차로부근,화물,남,50세,기타불명,승용,여,57세,경상
2023050800100333,2023년 5월 8일 14시,월요일,부산광역시 북구 덕천동,경상사고,0,0,1,0,차대차 - 측면충돌,차로위반,건조,맑음,기타 - 기타,승용,여,54세,상해없음,승용,남,25세,경상
2023050800100334,2023년 5월 8일 14시,월요일,부산광역시 동래구 안락동,경상사고,0,0,1,0,차대사람 - 보도통행중,안전운전불이행,건조,맑음,단일로 - 기타,승용,남,26세,상해없음,보행자,남,63세,경상
2023050800100335,2023년 5월 8일 14시,월요일,부산광역시 해운대구 우동,중상사고,0,1,0,0,차대차 - 기타,교차로운행방법위반,건조,맑음,교차로 - 교차로안,승용,남,66세,상해없음,승합,남,52세,상해없음
2023050800100336,2023년 5월 8일 14시,월요일,부산광역시 부산진구 당감동,중상사고,0,1,0,0,차대차 - 추돌,신호위반,건조,흐림,단일로 - 기타,이륜,남,42세,중상,승용,여,57세,상해없음
2023050800100337,2023년 5월 8일 14시,월요일,부산광역시 사하구 당리동,경상사고,0,0,1,0,차대차 - 기타,안전운전불이행,건조,맑음,교차로 - 교차로안,승용,여,53세,상해없음,이륜,남,28세,경상
2023050800100412,2023년 5월 8일 16시,월요일,부산광역시 동래구 온천동,경상사고,0,0,1,0,차대차 - 추돌,안전운전불이행,건조,맑음,단일로 - 기타,승용,남,81세,상해없음,승용,남,33세,경상
2023050800100414,2023년 5월 8일 16시,월요일,부산광역시 해운대구 좌동,경상사고,0,0,1,0,차대차 - 추돌,안전거리미확보,건조,맑음,단일로 - 기타,승용,남,60세,상해없음,승용,여,46세,경상
2023050800100415,2023년 5월 8일 16시,월요일,부산광역시 연제구 연산동,경상사고,0,0,4,0,차대차 - 측면충돌,안전거리미확보,건조,맑음,단일로 - 기타,승합,남,66세,상해없음,승용,남,41세,경상
2023050800100467,2023년 5월 8일 17시,월요일,부산광역시 부산진구 전포동,경상사고,0,0,1,0,차대차 - 기타,교차로운행방법위반,건조,맑음,교차로 - 교차로안,승용,여,37세,상해없음,이륜,남,24세,경상
2023050800100468,2023년 5월 8일 17시,월요일,부산광역시 사하구 신평동,중상사고,0,1,0,0,차대사람 - 횡단중,보행자보호의무위반,건조,맑음,단일로 - 기타,승용,여,43세,상해없음,보행자,여,11세,중상
2023050800100520,2023년 5월 8일 18시,월요일,부산광역시 중구 보수동1가,경상사고,0,0,1,0,차대사람 - 차도통행중,신호위반,건조,맑음,단일로 - 기타,승용,남,64세,상해없음,보행자,여,76세,경상
2023050800100521,2023년 5월 8일 18시,월요일,부산광역시 수영구 망미동,중상사고,0,1,0,0,차량단독 - 기타,안전운전불이행,건조,맑음,교차로 - 교차로횡단보도내,원동기,여,58세,중상,,,,
2023050800100522,2023년 5월 8일 18시,월요일,부산광역시 사상구 주례동,중상사고,0,1,0,0,차대사람 - 횡단중,안전운전불이행,건조,맑음,교차로 - 교차로안,화물,남,41세,상해없음,보행자,여,73세,중상
2023050800100562,2023년 5월 8일 19시,월요일,부산광역시 남구 문현동,중상사고,0,1,0,0,차대사람 - 횡단중,보행자보호의무위반,건조,맑음,단일로 - 기타,승용,남,35세,상해없음,보행자,남,55세,중상
2023050800100563,2023년 5월 8일 19시,월요일,부산광역시 북구 구포동,경상사고,0,0,2,0,차대차 - 측면충돌,안전운전불이행,건조,맑음,단일로 - 기타,승용,남,65세,기타불명,승용,여,58세,경상
2023050800100588,2023년 5월 8일 20시,월요일,부산광역시 해운대구 중동,경상사고,0,0,1,0,차대사람 - 횡단중,신호위반,건조,맑음,단일로 - 기타,승용,남,38세,상해없음,보행자,남,13세,경상
2023050800100589,2023년 5월 8일 20시,월요일,부산광역시 부산진구 당감동,중상사고,0,1,0,0,차대사람 - 차도통행중,안전운전불이행,건조,맑음,단일로 - 기타,승용,여,49세,상해없음,보행자,남,64세,중상
2023050800100590,2023년 5월 8일 20시,월요일,부산광역시 사상구 감전동,경상사고,0,0,1,0,차대차 - 측면충돌,안전거리미확보,건조,맑음,교차로 - 교차로부근,이륜,남,24세,상해없음,승용,여,38세,경상
2023050800100614,2023년 5월 8일 21시,월요일,부산광역시 기장군 철마면,경상사고,0,0,3,0,차대차 - 기타,신호위반,건조,맑음,교차로 - 교차로안,승용,여,72세,기타불명,화물,남,52세,경상
2023050800100659,2023년 5월 8일 23시,월요일,부산광역시 동구 초량동,경상사고,0,0,1,0,차대사람 - 횡단중,보행자보호의무위반,건조,맑음,교차로 - 교차로횡단보도내,승용,남,61세,상해없음,보행자,남,64세,경상
2023050800100660,2023년 5월 8일 23시,월요일,부산광역시 동구 초량동,중상사고,0,1,0,0,차대사람 - 횡단중,안전운전불이행,건조,맑음,교차로 - 교차로부근,승용,남,65세,상해없음,보행자,남,64세,중상
2023050900100017,2023년 5월 9일 01시,화요일,부산광역시 부산진구 부전동,경상사고,0,0,1,0,차대사람 - 횡단중,안전운전불이행,건조,맑음,단일로 - 기타,승용,여,64세,상해없음,보행자,남,27세,경상
2023050900100023,2023년 5월 9일 02시,화요일,부산광역시 동래구 명장동,사망사고,1,0,0,0,차대사람 - 기타,안전운전불이행,건조,맑음,단일로 - 지하차도(도로)내,화물,남,59세,상해없음,보행자,남,58세,사망
2023050900100032,2023년 5월 9일 04시,화요일,부산광역시 중구 대창동2가,경상사고,0,0,1,1,차대차 - 측면충돌,차로위반,건조,맑음,교차로 - 교차로안,이륜,남,57세,상해없음,승용,남,62세,경상
2023050900100033,2023년 5월 9일 04시,화요일,부산광역시 북구 덕천동,경상사고,0,0,1,0,차량단독 - 기타,안전운전불이행,건조,맑음,단일로 - 기타,이륜,남,31세,기타불명,,,,
2023050900100054,2023년 5월 9일 06시,화요일,부산광역시 부산진구 당감동,부상신고사고,0,0,0,1,차대차 - 측면충돌,직진우회전진행방해,건조,맑음,교차로 - 교차로안,이륜,남,62세,부상신고,승용,남,57세,상해없음
2023050900100090,2023년 5월 9일 08시,화요일,부산광역시 서구 동대신동2가,부상신고사고,0,0,0,1,차대차 - 추돌,안전운전불이행,건조,맑음,기타 - 기타,이륜,여,71세,부상신고,화물,남,66세,상해없음
2023050900100091,2023년 5월 9일 08시,화요일,부산광역시 부산진구 부암동,경상사고,0,0,1,0,차대차 - 기타,안전운전불이행,건조,맑음,단일로 - 기타,건설기계,남,75세,상해없음,승합,남,41세,경상
2023050900100092,2023년 5월 9일 08시,화요일,부산광역시 강서구 화전동,중상사고,0,1,0,0,차대차 - 기타,신호위반,건조,맑음,교차로 - 교차로안,승용,여,26세,상해없음,승용,여,33세,중상
2023050900100128,2023년 5월 9일 09시,화요일,부산광역시 금정구 부곡동,중상사고,0,1,0,0,차대사람 - 기타,안전운전불이행,건조,맑음,단일로 - 기타,이륜,남,32세,상해없음,보행자,여,80세,중상
2023050900100161,2023년 5월 9일 10시,화요일,부산광역시 부산진구 범천동,경상사고,0,0,1,0,차대사람 - 기타,안전운전불이행,건조,맑음,교차로 - 교차로부근,화물,남,54세,상해없음,보행자,여,84세,경상
2023050900100196,2023년 5월 9일 11시,화요일,부산광역시 금정구 서동,중상사고,0,2,0,0,차대차 - 기타,직진우회전진행방해,건조,맑음,교차로 - 교차로안,승합,남,45세,상해없음,이륜,남,77세,중상
2023050900100197,2023년 5월 9일 11시,화요일,부산광역시 연제구 연산동,경상사고,0,0,1,0,차대차 - 기타,교차로운행방법위반,건조,맑음,교차로 - 교차로부근,승용,남,82세,상해없음,승용,남,24세,경상
2023050900100230,2023년 5월 9일 12시,화요일,부산광역시 남구 용호동,중상사고,0,1,0,0,차대차 - 측면충돌,안전거리미확보,건조,맑음,단일로 - 기타,이륜,남,76세,중상,승용,여,36세,상해없음
2023050900100231,2023년 5월 9일 12시,화요일,부산광역시 해운대구 반여동,중상사고,0,1,0,0,차대차 - 측면충돌,교차로운행방법위반,건조,맑음,교차로 - 교차로부근,승용,여,55세,상해없음,승용,여,45세,중상
2023050900100232,2023년 5월 9일 12시,화요일,부산광역시 사하구 신평동,경상사고,0,0,1,0,차대차 - 기타,안전운전불이행,건조,맑음,기타 - 기타,화물,남,43세,경상,승용,남,44세,상해없음
2023050900100265,2023년 5월 9일 13시,화요일,부산광역시 강서구 명지동,경상사고,0,0,2,0,차대차 - 기타,안전운전불이행,건조,맑음,단일로 - 기타,승용,남,50세,상해없음,승용,여,38세,경상
2023050900100323,2023년 5월 9일 15시,화요일,부산광역시 동래구 온천동,경상사고,0,0,1,0,차대차 - 기타,기타,건조,맑음,단일로 - 기타,화물,남,40세,기타불명,이륜,남,59세,경상
2023050900100357,2023년 5월 9일 16시,화요일,부산광역시 부산진구 개금동,경상사고,0,0,2,0,차대차 - 측면충돌,교차로운행방법위반,건조,맑음,교차로 - 교차로안,승합,남,63세,경상,화물,남,55세,경상
2023050900100358,2023년 5월 9일 16시,화요일,부산광역시 사하구 감천동,중상사고,0,1,0,0,차대사람 - 기타,안전운전불이행,건조,맑음,단일로 - 기타,승용,남,58세,상해없음,보행자,남,13세,중상
2023050900100359,2023년 5월 9일 16시,화요일,부산광역시 기장군 기장읍,중상사고,0,1,1,0,차대차 - 측면충돌,안전운전불이행,건조,맑음,교차로 - 교차로안,화물,여,56세,기타불명,승용,여,43세,중상
2023050900100404,2023년 5월 9일 17시,화요일,부산광역시 북구 만덕동,경상사고,0,0,1,0,차대차 - 기타,안전운전불이행,건조,맑음,교차로 - 교차로안,이륜,남,48세,기타불명,화물,남,43세,경상
2023050900100406,2023년 5월 9일 17시,화요일,부산광역시 강서구 신호동,중상사고,0,1,1,0,차대차 - 측면충돌,안전운전불이행,건조,맑음,교차로 - 교차로부근,승용,남,68세,상해없음,원동기,남,40세,중상
2023050900100407,2023년 5월 9일 17시,화요일,부산광역시 강서구 대저1동,경상사고,0,0,1,0,차대차 - 측면충돌,안전거리미확보,건조,맑음,단일로 - 기타,승용,여,29세,상해없음,승용,남,64세,경상
2023050900100459,2023년 5월 9일 18시,화요일,부산광역시 수영구 남천동,경상사고,0,0,2,0,차대차 - 추돌,안전운전불이행,건조,맑음,교차로 - 교차로부근,승용,남,26세,경상,승용,남,42세,상해없음
2023050900100460,2023년 5월 9일 18시,화요일,부산광역시 사상구 주례동,중상사고,0,1,0,0,차대사람 - 횡단중,안전운전불이행,건조,맑음,교차로 - 교차로횡단보도내,화물,남,53세,상해없음,보행자,남,41세,중상
2023050900100495,2023년 5월 9일 19시,화요일,부산광역시 동래구 안락동,경상사고,0,0,1,0,차대차 - 측면충돌,교차로운행방법위반,건조,맑음,교차로 - 교차로안,승용,남,37세,상해없음,이륜,남,32세,경상
2023050900100496,2023년 5월 9일 19시,화요일,부산광역시 해운대구 반여동,경상사고,0,0,1,0,차량단독 - 기타,안전운전불이행,건조,맑음,교차로 - 교차로횡단보도내,승합,남,66세,상해없음,,,,
2023050900100497,2023년 5월 9일 19시,화요일,부산광역시 금정구 부곡동,경상사고,0,0,1,0,차대차 - 기타,안전운전불이행,건조,맑음,기타 - 기타,승용,여,62세,상해없음,승용,여,36세,경상
2023050900100572,2023년 5월 9일 22시,화요일,부산광역시 동래구 온천동,경상사고,0,0,1,0,차대사람 - 차도통행중,안전운전불이행,건조,맑음,교차로 - 교차로안,승용,여,35세,상해없음,보행자,남,14세,경상
2023050900100573,2023년 5월 9일 22시,화요일,부산광역시 사상구 학장동,중상사고,0,1,0,0,차대사람 - 횡단중,보행자보호의무위반,건조,맑음,교차로 - 교차로횡단보도내,화물,남,68세,상해없음,보행자,남,58세,중상
2023050900100590,2023년 5월 9일 23시,화요일,부산광역시 사하구 감천동,경상사고,0,0,3,0,차대차 - 기타,신호위반,건조,맑음,교차로 - 교차로안,승용,남,57세,상해없음,승용,여,46세,경상
2023051000100027,2023년 5월 10일 04시,수요일,부산광역시 중구 부평동2가,경상사고,0,0,3,0,차대차 - 추돌,안전운전불이행,건조,맑음,단일로 - 기타,승용,남,59세,상해없음,승합,남,63세,경상
2023051000100034,2023년 5월 10일 05시,수요일,부산광역시 동래구 수안동,경상사고,0,0,1,1,차대차 - 측면충돌,직진우회전진행방해,건조,맑음,교차로 - 교차로안,승용,여,53세,상해없음,승합,남,61세,부상신고
2023051000100040,2023년 5월 10일 06시,수요일,부산광역시 연제구 거제동,경상사고,0,0,1,0,차대차 - 추돌,신호위반,건조,맑음,교차로 - 교차로횡단보도내,승용,남,71세,상해없음,자전거,남,28세,경상
2023051000100077,2023년 5월 10일 08시,수요일,부산광역시 금정구 서동,경상사고,0,0,4,0,차대차 - 측면충돌,기타,건조,맑음,교차로 - 교차로안,승용,남,43세,경상,승용,남,68세,경상
2023051000100078,2023년 5월 10일 08시,수요일,부산광역시 사하구 하단동,중상사고,0,1,0,0,차대차 - 기타,불법유턴,건조,맑음,교차로 - 교차로횡단보도내,승용,남,74세,상해없음,자전거,남,45세,중상
2023051000100079,2023년 5월 10일 08시,수요일,부산광역시 강서구 명지동,중상사고,0,1,0,0,차대차 - 기타,안전운전불이행,건조,맑음,단일로 - 기타,승용,남,54세,기타불명,자전거,남,24세,중상
2023051000100080,2023년 5월 10일 08시,수요일,부산광역시 강서구 명지동,경상사고,0,0,1,0,차대차 - 기타,안전운전불이행,건조,맑음,단일로 - 기타,화물,남,63세,상해없음,승용,남,50세,경상
2023051000100141,2023년 5월 10일 09시,수요일,부산광역시 부산진구 전포동,중상사고,0,1,0,0,차대사람 - 횡단중,안전운전불이행,건조,맑음,단일로 - 기타,승용,남,27세,상해없음,보행자,여,76세,중상
2023051000100177,2023년 5월 10일 10시,수요일,부산광역시 북구 구포동,경상사고,0,0,1,0,차대차 - 기타,기타,건조,맑음,교차로 - 교차로안,원동기,남,53세,경상,화물,남,59세,상해없음
2023051000100178,2023년 5월 10일 10시,수요일,부산광역시 북구 구포동,경상사고,0,0,1,0,차대차 - 측면충돌,교차로운행방법위반,건조,맑음,교차로 - 교차로안,승용,여,46세,상해없음,승용,여,52세,경상
2023051000100179,2023년 5월 10일 10시,수요일,부산광역시 부산진구 범천동,경상사고,0,0,1,0,차대차 - 기타,안전운전불이행,건조,맑음,교차로 - 교차로안,승용,남,25세,상해없음,이륜,남,74세,경상
2023051000100180,2023년 5월 10일 10시,수요일,부산광역시 기장군 일광읍,중상사고,0,1,2,0,차대차 - 기타,안전운전불이행,건조,맑음,교차로 - 교차로안,승용,남,67세,경상,승용,여,63세,경상
2023051000100249,2023년 5월 10일 12시,수요일,부산광역시 해운대구 반여동,경상사고,0,0,2,0,차대차 - 후진중충돌,안전운전불이행,건조,맑음,주차장 - 주차장,승용,여,67세,상해없음,승용,여,64세,경상
2023051000100276,2023년 5월 10일 13시,수요일,부산광역시 남구 대연동,경상사고,0,0,2,0,차대차 - 추돌,안전운전불이행,건조,맑음,교차로 - 교차로부근,승용,남,60세,상해없음,승용,여,61세,경상
2023051000100310,2023년 5월 10일 14시,수요일,부산광역시 해운대구 좌동,경상사고,0,0,1,0,차대사람 - 기타,보행자보호의무위반,건조,맑음,교차로 - 교차로안,화물,남,63세,상해없음,보행자,여,52세,경상
2023051000100312,2023년 5월 10일 14시,수요일,부산광역시 강서구 송정동,경상사고,0,0,2,0,차대차 - 후진중충돌,안전운전불이행,건조,맑음,교차로 - 교차로안,승용,남,31세,경상,승용,남,51세,경상
2023051000100345,2023년 5월 10일 15시,수요일,부산광역시 중구 남포동6가,중상사고,0,1,0,0,차대차 - 측면충돌,신호위반,건조,맑음,교차로 - 교차로안,승용,남,72세,상해없음,이륜,남,66세,중상
2023051000100346,2023년 5월 10일 15시,수요일,부산광역시 남구 대연동,경상사고,0,0,1,0,차대사람 - 차도통행중,안전운전불이행,건조,맑음,단일로 - 기타,승용,남,29세,상해없음,보행자,여,50세,경상
2023051000100392,2023년 5월 10일 16시,수요일,부산광역시 남구 감만동,경상사고,0,0,1,0,차대사람 - 길가장자리구역통행중,안전운전불이행,건조,맑음,단일로 - 기타,승용,여,36세,상해없음,보행자,여,10세,경상
2023051000100438,2023년 5월 10일 17시,수요일,부산광역시 남구 대연동,경상사고,0,0,1,0,차대차 - 기타,안전운전불이행,건조,맑음,교차로 - 교차로부근,승합,남,71세,상해없음,이륜,남,46세,경상
2023051000100439,2023년 5월 10일 17시,수요일,부산광역시 사하구 신평동,경상사고,0,0,1,0,차대차 - 측면충돌,안전운전불이행,건조,맑음,교차로 - 교차로안,승용,남,65세,상해없음,승용,남,33세,경상
2023051000100500,2023년 5월 10일 18시,수요일,부산광역시 금정구 부곡동,경상사고,0,0,1,0,차대차 - 추돌,안전운전불이행,건조,맑음,단일로 - 기타,승용,남,39세,기타불명,승용,남,55세,경상
2023051000100501,2023년 5월 10일 18시,수요일,부산광역시 사하구 당리동,중상사고,0,1,0,0,차대차 - 기타,안전운전불이행,건조,맑음,단일로 - 기타,화물,남,37세,상해없음,기타불명,여,33세,중상
2023051000100561,2023년 5월 10일 20시,수요일,부산광역시 남구 대연동,경상사고,0,0,1,0,차대차 - 측면충돌,신호위반,건조,맑음,교차로 - 교차로안,승용,여,62세,상해없음,승용,남,67세,경상
2023051000100562,2023년 5월 10일 20시,수요일,부산광역시 동래구 온천동,경상사고,0,0,1,0,차대사람 - 기타,보행자보호의무위반,건조,맑음,교차로 - 교차로횡단보도내,화물,남,57세,상해없음,보행자,여,29세,경상
2023051000100563,2023년 5월 10일 20시,수요일,부산광역시 금정구 구서동,경상사고,0,0,2,0,차대차 - 측면충돌,교차로운행방법위반,건조,맑음,교차로 - 교차로안,승용,남,70세,상해없음,승용,여,30세,경상
2023051000100617,2023년 5월 10일 22시,수요일,부산광역시 중구 대창동1가,경상사고,0,0,1,0,차대사람 - 기타,기타,건조,맑음,단일로 - 기타,이륜,남,44세,상해없음,보행자,남,29세,경상
2023051000100618,2023년 5월 10일 22시,수요일,부산광역시 사상구 학장동,경상사고,0,0,1,0,차대차 - 기타,안전운전불이행,건조,맑음,교차로 - 교차로부근,승용,남,54세,상해없음,승용,남,31세,경상
2023051000100642,2023년 5월 10일 23시,수요일,부산광역시 기장군 정관읍,경상사고,0,0,1,0,차대차 - 추돌,신호위반,건조,맑음,교차로 - 교차로안,승용,남,51세,상해없음,이륜,남,51세,경상
2023051100100005,2023년 5월 11일 00시,목요일,부산광역시 부산진구 범천동,경상사고,0,0,1,0,차량단독 - 공작물충돌,안전운전불이행,건조,맑음,교차로 - 교차로부근,승용,남,63세,경상,,,,
2023051100100006,2023년 5월 11일 00시,목요일,부산광역시 연제구 거제동,경상사고,0,0,1,0,차대차 - 기타,안전거리미확보,건조,맑음,단일로 - 기타,승용,남,52세,상해없음,승용,남,59세,상해없음
2023051100100007,2023년 5월 11일 00시,목요일,부산광역시 강서구 범방동,중상사고,0,1,0,0,차대차 - 측면충돌,안전운전불이행,건조,맑음,단일로 - 지하차도(도로)내,승용,남,35세,중상,화물,남,40세,기타불명
2023051100100016,2023년 5월 11일 01시,목요일,부산광역시 동구 초량동,경상사고,0,0,2,0,차대차 - 기타,기타,건조,맑음,단일로 - 기타,승용,남,68세,상해없음,승용,남,57세,경상
2023051100100033,2023년 5월 11일 05시,목요일,부산광역시 남구 대연동,경상사고,0,0,1,0,차대차 - 측면충돌,안전운전불이행,건조,맑음,교차로 - 교차로안,승용,남,63세,상해없음,자전거,남,75세,경상
2023051100100036,2023년 5월 11일 06시,목요일,부산광역시 수영구 광안동,경상사고,0,0,1,0,차대차 - 기타,안전운전불이행,건조,맑음,교차로 - 교차로부근,승용,여,33세,상해없음,승합,남,43세,상해없음
2023051100100037,2023년 5월 11일 06시,목요일,부산광역시 남구 대연동,경상사고,0,0,1,0,차대차 - 기타,안전운전불이행,건조,맑음,교차로 - 교차로부근,승합,남,64세,상해없음,승용,여,67세,경상
2023051100100090,2023년 5월 11일 08시,목요일,부산광역시 중구 동광동5가,경상사고,0,0,1,0,차대차 - 측면충돌,안전운전불이행,건조,맑음,주차장 - 주차장,승용,남,61세,상해없음,승용,남,31세,경상
2023051100100091,2023년 5월 11일 08시,목요일,부산광역시 해운대구 우동,중상사고,0,1,2,0,차대차 - 추돌,안전운전불이행,건조,맑음,단일로 - 교량,승용,남,59세,상해없음,승용,남,54세,중상
2023051100100092,2023년 5월 11일 08시,목요일,부산광역시 강서구 명지동,중상사고,0,2,1,0,차대차 - 측면충돌,신호위반,건조,맑음,교차로 - 교차로부근,승용,여,38세,중상,승용,여,47세,중상
2023051100100093,2023년 5월 11일 08시,목요일,부산광역시 사상구 덕포동,중상사고,0,1,0,0,차대사람 - 기타,기타,건조,맑음,단일로 - 기타,승용,남,71세,상해없음,보행자,여,23세,중상
2023051100100094,2023년 5월 11일 08시,목요일,부산광역시 기장군 기장읍,중상사고,0,1,0,0,차대차 - 추돌,안전운전불이행,건조,맑음,단일로 - 지하차도(도로)내,화물,남,39세,상해없음,승용,남,43세,중상
2023051100100150,2023년 5월 11일 09시,목요일,부산광역시 수영구 망미동,경상사고,0,0,1,0,차대차 - 측면충돌,신호위반,건조,맑음,단일로 - 기타,화물,남,32세,상해없음,승용,여,32세,경상
2023051100100151,2023년 5월 11일 09시,목요일,부산광역시 사상구 감전동,경상사고,0,0,3,0,차대차 - 추돌,안전운전불이행,건조,맑음,단일로 - 기타,화물,남,53세,상해없음,승용,남,45세,경상
2023051100100218,2023년 5월 11일 11시,목요일,부산광역시 해운대구 중동,경상사고,0,0,2,0,차대차 - 추돌,안전운전불이행,건조,맑음,교차로 - 교차로부근,승합,남,61세,상해없음,승합,남,72세,상해없음
2023051100100219,2023년 5월 11일 11시,목요일,부산광역시 부산진구 가야동,경상사고,0,0,1,0,차대차 - 추돌,신호위반,건조,맑음,교차로 - 교차로안,승용,남,72세,상해없음,승용,남,33세,경상
2023051100100245,2023년 5월 11일 12시,목요일,부산광역시 사상구 감전동,경상사고,0,0,1,0,차대차 - 기타,안전운전불이행,건조,맑음,교차로 - 교차로안,승용,남,57세,상해없음,화물,남,46세,경상
2023051100100280,2023년 5월 11일 13시,목요일,부산광역시 북구 만덕동,경상사고,0,0,2,0,차대차 - 기타,안전운전불이행,건조,맑음,교차로 - 교차로부근,화물,남,43세,경상,승용,남,31세,경상
2023051100100305,2023년 5월 11일 14시,목요일,부산광역시 동구 범일동,경상사고,0,0,1,0,차대차 - 측면충돌,안전거리미확보,건조,맑음,단일로 - 기타,승용,여,39세,상해없음,승용,여,62세,경상
2023051100100306,2023년 5월 11일 14시,목요일,부산광역시 해운대구 반여동,중상사고,0,1,0,0,차대사람 - 차도통행중,안전운전불이행,건조,맑음,교차로 - 교차로안,이륜,남,37세,상해없음,보행자,여,83세,중상
2023051100100307,2023년 5월 11일 14시,목요일,부산광역시 사하구 감천동,경상사고,0,0,1,0,차대사람 - 보도통행중,기타,건조,맑음,단일로 - 기타,승용,여,52세,상해없음,보행자,남,37세,경상
2023051100100308,2023년 5월 11일 14시,목요일,부산광역시 사상구 모라동,경상사고,0,0,1,0,차대차 - 기타,안전거리미확보,건조,맑음,교차로 - 교차로부근,승용,남,67세,상해없음,이륜,남,38세,경상
2023051100100365,2023년 5월 11일 16시,목요일,부산광역시 부산진구 전포동,중상사고,0,1,0,0,차대사람 - 횡단중,안전운전불이행,건조,맑음,교차로 - 교차로부근,승용,남,75세,상해없음,보행자,여,68세,중상