사고번호,사고일시,요일,시군구,사고내용,사망자수,중상자수,경상자수,부상신고자수,사고유형,법규위반,노면상태,기상상태,도로형태,가해운전자 차종,가해운전자 성별,가해운전자 연령,가해운전자 상해정도,피해운전자 차종,피해운전자 성별,피해운전자 연령,피해운전자 상해정도
2023051100100366,2023년 5월 11일 16시,목요일,부산광역시 강서구 송정동,경상사고,0,0,1,0,차대차 - 기타,교차로운행방법위반,건조,맑음,교차로 - 교차로부근,화물,남,54세,상해없음,승용,남,39세,경상
2023051100100418,2023년 5월 11일 17시,목요일,부산광역시 기장군 기장읍,중상사고,0,1,0,0,차대차 - 정면충돌,안전운전불이행,건조,맑음,교차로 - 교차로안,승용,여,68세,상해없음,이륜,남,45세,중상
2023051100100465,2023년 5월 11일 18시,목요일,부산광역시 해운대구 좌동,중상사고,0,1,0,0,차대차 - 측면충돌,교차로운행방법위반,건조,맑음,교차로 - 교차로안,이륜,남,29세,상해없음,이륜,남,22세,중상
2023051100100466,2023년 5월 11일 18시,목요일,부산광역시 금정구 남산동,경상사고,0,0,2,0,차대차 - 추돌,안전거리미확보,건조,맑음,단일로 - 기타,승용,여,27세,경상,승용,여,48세,경상
2023051100100467,2023년 5월 11일 18시,목요일,부산광역시 강서구 명지동,경상사고,0,0,3,0,차대차 - 기타,안전운전불이행,건조,맑음,단일로 - 기타,승용,남,61세,상해없음,승용,남,40세,경상
2023051100100468,2023년 5월 11일 18시,목요일,부산광역시 강서구 대저2동,경상사고,0,0,2,0,차대차 - 기타,안전거리미확보,건조,맑음,단일로 - 기타,승용,남,74세,상해없음,승용,남,59세,경상
2023051100100512,2023년 5월 11일 19시,목요일,부산광역시 동래구 수안동,부상신고사고,0,0,0,1,차량단독 - 기타,안전운전불이행,건조,맑음,단일로 - 기타,승합,남,36세,상해없음,,,,
2023051100100548,2023년 5월 11일 20시,목요일,부산광역시 수영구 광안동,경상사고,0,0,1,0,차대사람 - 보도통행중,안전운전불이행,건조,맑음,단일로 - 기타,자전거,기타불명,미분류,기타불명,보행자,남,39세,경상
2023051100100549,2023년 5월 11일 20시,목요일,부산광역시 해운대구 송정동,경상사고,0,0,2,0,차대차 - 추돌,안전운전불이행,건조,맑음,교차로 - 교차로부근,화물,남,37세,상해없음,승합,여,42세,경상
2023051100100550,2023년 5월 11일 20시,목요일,부산광역시 강서구 명지동,경상사고,0,0,1,0,차대차 - 기타,안전거리미확보,건조,맑음,단일로 - 기타,승용,남,54세,상해없음,승용,남,23세,경상
2023051100100588,2023년 5월 11일 22시,목요일,부산광역시 해운대구 우동,경상사고,0,0,1,0,차대차 - 추돌,안전운전불이행,건조,맑음,교차로 - 교차로안,승용,남,57세,상해없음,이륜,남,43세,경상
2023051100100611,2023년 5월 11일 23시,목요일,부산광역시 부산진구 부전동,중상사고,0,1,0,0,차대차 - 기타,안전운전불이행,건조,맑음,교차로 - 교차로안,이륜,남,46세,중상,이륜,남,25세,상해없음
2023051200100001,2023년 5월 12일 00시,금요일,부산광역시 동래구 사직동,경상사고,0,0,1,0,차대사람 - 횡단중,중앙선침범,건조,맑음,교차로 - 교차로부근,승용,남,20세,상해없음,보행자,남,23세,경상
2023051200100012,2023년 5월 12일 01시,금요일,부산광역시 서구 암남동,중상사고,0,1,0,0,차대차 - 기타,신호위반,건조,맑음,교차로 - 교차로안,승용,남,72세,상해없음,자전거,여,16세,중상
2023051200100037,2023년 5월 12일 06시,금요일,부산광역시 사하구 당리동,중상사고,0,1,0,0,차대사람 - 기타,안전운전불이행,건조,맑음,교차로 - 교차로부근,승합,남,59세,상해없음,보행자,여,58세,중상
2023051200100038,2023년 5월 12일 06시,금요일,부산광역시 강서구 송정동,경상사고,0,0,1,0,차대차 - 기타,기타,건조,맑음,단일로 - 기타,승용,남,55세,상해없음,자전거,여,49세,경상
2023051200100058,2023년 5월 12일 07시,금요일,부산광역시 금정구 부곡동,경상사고,0,0,4,0,차대차 - 추돌,안전운전불이행,건조,맑음,단일로 - 지하차도(도로)내,승용,남,21세,상해없음,승용,남,42세,경상
2023051200100132,2023년 5월 12일 09시,금요일,부산광역시 해운대구 우동,경상사고,0,0,1,0,차대사람 - 기타,안전운전불이행,건조,맑음,교차로 - 교차로부근,화물,남,41세,상해없음,보행자,남,70세,경상
2023051200100133,2023년 5월 12일 09시,금요일,부산광역시 기장군 정관읍,경상사고,0,0,3,0,차대차 - 추돌,안전운전불이행,건조,맑음,교차로 - 교차로부근,화물,남,44세,상해없음,화물,남,62세,경상
2023051200100163,2023년 5월 12일 10시,금요일,부산광역시 수영구 남천동,중상사고,0,1,0,0,차대사람 - 기타,안전운전불이행,건조,맑음,단일로 - 기타,화물,남,52세,상해없음,보행자,남,49세,중상
2023051200100196,2023년 5월 12일 11시,금요일,부산광역시 금정구 부곡동,경상사고,0,0,1,0,차대차 - 기타,안전운전불이행,건조,맑음,단일로 - 기타,승용,여,36세,상해없음,승용,남,65세,경상
2023051200100197,2023년 5월 12일 11시,금요일,부산광역시 사하구 괴정동,경상사고,0,0,2,0,차대차 - 측면충돌,중앙선침범,건조,맑음,교차로 - 교차로안,승용,남,75세,상해없음,승용,남,34세,경상
2023051200100223,2023년 5월 12일 12시,금요일,부산광역시 수영구 광안동,경상사고,0,0,1,0,차대차 - 기타,안전운전불이행,건조,맑음,단일로 - 기타,승용,여,57세,상해없음,승용,여,57세,경상
2023051200100267,2023년 5월 12일 13시,금요일,부산광역시 남구 대연동,경상사고,0,0,1,0,차대사람 - 차도통행중,안전운전불이행,건조,맑음,교차로 - 교차로부근,화물,남,54세,기타불명,보행자,여,80세,경상
2023051200100268,2023년 5월 12일 13시,금요일,부산광역시 동래구 수안동,부상신고사고,0,0,0,1,차대사람 - 횡단중,안전운전불이행,건조,맑음,단일로 - 기타,기타불명,기타불명,미분류,기타불명,보행자,남,55세,부상신고
2023051200100308,2023년 5월 12일 14시,금요일,부산광역시 서구 서대신동2가,중상사고,0,1,0,0,차대차 - 기타,안전거리미확보,건조,맑음,단일로 - 지하차도(도로)내,이륜,남,54세,기타불명,이륜,남,48세,중상
2023051200100380,2023년 5월 12일 16시,금요일,부산광역시 기장군 기장읍,경상사고,0,0,1,0,차대차 - 측면충돌,중앙선침범,건조,흐림,단일로 - 기타,화물,남,51세,기타불명,승용,남,31세,경상
2023051200100381,2023년 5월 12일 16시,금요일,부산광역시 강서구 대저1동,경상사고,0,0,1,0,차대차 - 측면충돌,안전거리미확보,건조,맑음,단일로 - 기타,승용,남,32세,상해없음,승용,여,28세,경상
2023051200100422,2023년 5월 12일 17시,금요일,부산광역시 북구 덕천동,경상사고,0,0,1,0,차대차 - 기타,안전운전불이행,건조,맑음,단일로 - 기타,승합,남,57세,상해없음,승용,남,61세,경상
2023051200100423,2023년 5월 12일 17시,금요일,부산광역시 동래구 안락동,경상사고,0,0,1,0,차대차 - 추돌,안전거리미확보,건조,맑음,교차로 - 교차로부근,이륜,남,23세,상해없음,승용,남,42세,경상
2023051200100424,2023년 5월 12일 17시,금요일,부산광역시 사하구 당리동,경상사고,0,0,1,0,차대사람 - 기타,안전운전불이행,건조,맑음,단일로 - 기타,화물,남,42세,상해없음,보행자,남,47세,경상
2023051200100425,2023년 5월 12일 17시,금요일,부산광역시 강서구 대저1동,경상사고,0,0,1,0,차대차 - 기타,중앙선침범,건조,맑음,단일로 - 기타,승용,남,36세,상해없음,화물,남,46세,경상
2023051200100426,2023년 5월 12일 17시,금요일,부산광역시 사상구 감전동,경상사고,0,0,1,0,차대차 - 기타,안전운전불이행,건조,맑음,주차장 - 주차장,화물,남,69세,상해없음,화물,여,35세,경상
2023051200100478,2023년 5월 12일 18시,금요일,부산광역시 동래구 명륜동,중상사고,0,1,0,0,차대차 - 측면충돌,안전운전불이행,건조,맑음,단일로 - 지하차도(도로)내,원동기,남,28세,중상,승용,여,57세,상해없음
2023051200100479,2023년 5월 12일 18시,금요일,부산광역시 금정구 장전동,경상사고,0,0,1,0,차대차 - 측면충돌,안전운전불이행,건조,맑음,교차로 - 교차로안,원동기,남,25세,경상,승용,남,24세,상해없음
2023051200100480,2023년 5월 12일 18시,금요일,부산광역시 사하구 하단동,중상사고,0,1,0,0,차대사람 - 차도통행중,안전운전불이행,건조,맑음,단일로 - 기타,승용,여,71세,상해없음,보행자,여,64세,중상
2023051200100481,2023년 5월 12일 18시,금요일,부산광역시 사하구 하단동,경상사고,0,0,1,0,차대차 - 기타,차로위반,건조,맑음,단일로 - 기타,승용,남,32세,상해없음,승용,남,62세,경상
2023051200100554,2023년 5월 12일 20시,금요일,부산광역시 영도구 봉래동3가,중상사고,0,1,0,0,차대사람 - 기타,안전운전불이행,건조,맑음,교차로 - 교차로횡단보도내,승용,여,32세,상해없음,보행자,남,66세,중상
2023051200100555,2023년 5월 12일 20시,금요일,부산광역시 해운대구 우동,부상신고사고,0,0,0,3,차대차 - 추돌,안전운전불이행,건조,맑음,교차로 - 교차로부근,승용,여,48세,상해없음,승용,여,34세,부상신고
2023051200100581,2023년 5월 12일 21시,금요일,부산광역시 해운대구 우동,경상사고,0,0,1,0,차대차 - 기타,안전거리미확보,기타,맑음,단일로 - 기타,승용,여,35세,상해없음,화물,남,67세,경상
2023051200100582,2023년 5월 12일 21시,금요일,부산광역시 금정구 부곡동,경상사고,0,0,1,0,차대사람 - 기타,안전운전불이행,젖음/습기,비,단일로 - 기타,이륜,남,18세,상해없음,보행자,여,21세,경상
2023051200100583,2023년 5월 12일 21시,금요일,부산광역시 연제구 연산동,경상사고,0,0,1,0,차대차 - 기타,기타,건조,맑음,단일로 - 기타,승용,여,64세,상해없음,이륜,남,41세,경상
2023051200100584,2023년 5월 12일 21시,금요일,부산광역시 사상구 엄궁동,경상사고,0,0,1,0,차대차 - 측면충돌,차로위반,건조,맑음,교차로 - 교차로부근,승용,남,51세,상해없음,승용,남,39세,상해없음
2023051200100610,2023년 5월 12일 22시,금요일,부산광역시 남구 용호동,중상사고,0,1,0,0,차대차 - 추돌,안전운전불이행,젖음/습기,비,교차로 - 교차로부근,승용,남,23세,상해없음,승용,여,45세,중상
2023051200100643,2023년 5월 12일 23시,금요일,부산광역시 남구 문현동,중상사고,0,1,1,0,차대차 - 추돌,안전운전불이행,젖음/습기,비,단일로 - 고가도로위,승용,남,49세,기타불명,승용,남,29세,중상
2023051200100644,2023년 5월 12일 23시,금요일,부산광역시 연제구 연산동,경상사고,0,0,1,0,차대사람 - 기타,안전운전불이행,건조,맑음,단일로 - 기타,승합,남,53세,상해없음,보행자,여,22세,경상
2023051300100006,2023년 5월 13일 00시,토요일,부산광역시 금정구 부곡동,경상사고,0,0,1,0,차대차 - 추돌,안전운전불이행,젖음/습기,비,단일로 - 기타,승용,남,22세,상해없음,승용,여,47세,경상
2023051300100013,2023년 5월 13일 01시,토요일,부산광역시 강서구 송정동,경상사고,0,0,1,0,차대차 - 측면충돌,신호위반,젖음/습기,비,교차로 - 교차로안,화물,남,42세,상해없음,승용,남,65세,경상
2023051300100053,2023년 5월 13일 05시,토요일,부산광역시 동구 수정동,중상사고,0,1,0,0,차대사람 - 횡단중,안전운전불이행,젖음/습기,비,단일로 - 기타,승용,남,65세,상해없음,보행자,여,67세,중상
2023051300100058,2023년 5월 13일 06시,토요일,부산광역시 동구 범일동,경상사고,0,0,1,0,차대차 - 기타,신호위반,젖음/습기,비,교차로 - 교차로안,승용,남,32세,상해없음,승용,남,34세,경상
2023051300100112,2023년 5월 13일 09시,토요일,부산광역시 남구 용당동,경상사고,0,0,1,0,차대차 - 기타,안전운전불이행,건조,맑음,단일로 - 기타,기타불명,남,57세,상해없음,특수,남,42세,경상
2023051300100173,2023년 5월 13일 11시,토요일,부산광역시 해운대구 재송동,경상사고,0,0,1,0,차대차 - 측면충돌,신호위반,젖음/습기,비,교차로 - 교차로안,승용,여,36세,상해없음,이륜,남,49세,경상
2023051300100174,2023년 5월 13일 11시,토요일,부산광역시 부산진구 개금동,경상사고,0,0,1,0,차대차 - 측면충돌,신호위반,젖음/습기,비,교차로 - 교차로안,승용,남,79세,상해없음,이륜,남,20세,경상
2023051300100175,2023년 5월 13일 11시,토요일,부산광역시 연제구 거제동,경상사고,0,0,1,0,차대차 - 추돌,안전운전불이행,건조,맑음,단일로 - 기타,승용,남,45세,상해없음,이륜,남,21세,경상
2023051300100295,2023년 5월 13일 14시,토요일,부산광역시 서구 서대신동3가,중상사고,0,1,0,0,차대사람 - 횡단중,안전운전불이행,건조,맑음,기타 - 기타,승용,여,66세,상해없음,보행자,여,80세,중상
2023051300100296,2023년 5월 13일 14시,토요일,부산광역시 해운대구 좌동,중상사고,0,2,0,1,차대차 - 추돌,안전운전불이행,젖음/습기,비,단일로 - 기타,승용,남,65세,상해없음,승용,남,63세,중상
2023051300100297,2023년 5월 13일 14시,토요일,부산광역시 강서구 명지동,경상사고,0,0,3,0,차대차 - 정면충돌,신호위반,건조,맑음,교차로 - 교차로부근,승용,남,62세,상해없음,승용,남,42세,경상
2023051300100383,2023년 5월 13일 16시,토요일,부산광역시 동구 수정동,경상사고,0,0,1,0,차량단독 - 기타,안전운전불이행,건조,맑음,단일로 - 기타,승합,남,48세,상해없음,,,,
2023051300100384,2023년 5월 13일 16시,토요일,부산광역시 부산진구 당감동,경상사고,0,0,1,0,차대사람 - 횡단중,신호위반,젖음/습기,흐림,단일로 - 기타,이륜,남,42세,상해없음,보행자,여,19세,경상
2023051300100385,2023년 5월 13일 16시,토요일,부산광역시 사상구 괘법동,중상사고,0,1,0,0,차대사람 - 기타,기타,건조,맑음,단일로 - 기타,승용,남,77세,상해없음,보행자,남,66세,중상
2023051300100410,2023년 5월 13일 17시,토요일,부산광역시 동래구 온천동,경상사고,0,0,1,0,차대차 - 측면충돌,교차로운행방법위반,건조,맑음,단일로 - 지하차도(도로)내,승용,여,37세,경상,승용,남,21세,상해없음
2023051300100451,2023년 5월 13일 18시,토요일,부산광역시 서구 남부민동,경상사고,0,0,1,0,차대사람 - 기타,기타,건조,맑음,기타 - 기타,이륜,남,36세,상해없음,보행자,남,39세,경상
2023051300100482,2023년 5월 13일 19시,토요일,부산광역시 동래구 명륜동,경상사고,0,0,1,0,차대사람 - 보도통행중,기타,건조,맑음,단일로 - 기타,승용,남,55세,상해없음,보행자,여,23세,경상
2023051300100555,2023년 5월 13일 22시,토요일,부산광역시 해운대구 우동,경상사고,0,0,1,0,차대차 - 측면충돌,안전운전불이행,건조,맑음,단일로 - 기타,승용,남,45세,상해없음,승용,남,57세,경상
2023051300100575,2023년 5월 13일 23시,토요일,부산광역시 해운대구 반송동,부상신고사고,0,0,0,1,차대차 - 측면충돌,안전운전불이행,건조,맑음,교차로 - 교차로횡단보도내,개인형이동수단(PM),남,17세,부상신고,승용,남,60세,상해없음
2023051400100002,2023년 5월 14일 00시,일요일,부산광역시 동구 수정동,경상사고,0,0,1,0,차대차 - 후진중충돌,안전운전불이행,건조,맑음,교차로 - 교차로부근,승용,여,60세,상해없음,승용,남,42세,경상
2023051400100028,2023년 5월 14일 03시,일요일,부산광역시 동래구 명륜동,경상사고,0,0,1,0,차대사람 - 차도통행중,안전운전불이행,건조,맑음,교차로 - 교차로부근,승용,남,69세,상해없음,보행자,남,34세,경상
2023051400100051,2023년 5월 14일 08시,일요일,부산광역시 기장군 장안읍,경상사고,0,0,1,0,차대차 - 측면충돌,안전운전불이행,건조,맑음,단일로 - 기타,기타불명,기타불명,미분류,기타불명,화물,남,75세,경상
2023051400100064,2023년 5월 14일 09시,일요일,부산광역시 해운대구 좌동,경상사고,0,0,1,0,차대차 - 측면충돌,안전운전불이행,건조,맑음,단일로 - 기타,승합,남,68세,상해없음,승용,여,49세,경상
2023051400100065,2023년 5월 14일 09시,일요일,부산광역시 금정구 청룡동,경상사고,0,0,1,0,차대차 - 추돌,신호위반,건조,맑음,단일로 - 기타,승용,남,41세,상해없음,승합,남,50세,상해없음
2023051400100080,2023년 5월 14일 10시,일요일,부산광역시 중구 영주동,경상사고,0,0,2,0,차대차 - 측면충돌,안전운전불이행,건조,맑음,단일로 - 기타,승용,여,34세,경상,승용,여,46세,경상
2023051400100081,2023년 5월 14일 10시,일요일,부산광역시 해운대구 우동,중상사고,0,1,0,0,차대차 - 정면충돌,안전운전불이행,건조,맑음,교차로 - 교차로안,자전거,남,27세,중상,승용,남,61세,상해없음
2023051400100106,2023년 5월 14일 11시,일요일,부산광역시 해운대구 반여동,중상사고,0,1,3,0,차대차 - 측면충돌,교차로운행방법위반,건조,맑음,교차로 - 교차로안,승합,남,38세,상해없음,승용,남,61세,경상
2023051400100107,2023년 5월 14일 11시,일요일,부산광역시 해운대구 우동,부상신고사고,0,0,0,1,차대차 - 기타,교차로운행방법위반,건조,맑음,교차로 - 교차로안,승용,여,36세,상해없음,승용,남,38세,상해없음
2023051400100126,2023년 5월 14일 12시,일요일,부산광역시 사하구 감천동,중상사고,0,1,0,0,차대차 - 기타,안전운전불이행,건조,맑음,단일로 - 기타,승합,남,60세,상해없음,승용,남,48세,기타불명
2023051400100127,2023년 5월 14일 12시,일요일,부산광역시 수영구 수영동,부상신고사고,0,0,0,1,차대차 - 기타,중앙선침범,건조,맑음,단일로 - 기타,승용,남,67세,상해없음,원동기,남,45세,부상신고
2023051400100164,2023년 5월 14일 13시,일요일,부산광역시 수영구 광안동,경상사고,0,0,2,0,차대차 - 측면충돌,안전운전불이행,건조,맑음,단일로 - 기타,승용,남,39세,상해없음,승용,여,28세,경상
2023051400100165,2023년 5월 14일 13시,일요일,부산광역시 사상구 괘법동,중상사고,0,1,1,0,차대차 - 추돌,안전거리미확보,건조,맑음,교차로 - 교차로부근,승용,여,56세,상해없음,승합,남,44세,경상
2023051400100198,2023년 5월 14일 14시,일요일,부산광역시 중구 남포동1가,경상사고,0,0,2,0,차대차 - 측면충돌,안전운전불이행,건조,맑음,단일로 - 기타,승용,남,67세,상해없음,승용,남,33세,경상
2023051400100199,2023년 5월 14일 14시,일요일,부산광역시 수영구 민락동,경상사고,0,0,1,0,차대사람 - 차도통행중,안전운전불이행,건조,맑음,단일로 - 기타,승용,남,70세,상해없음,보행자,남,42세,경상
2023051400100200,2023년 5월 14일 14시,일요일,부산광역시 북구 화명동,경상사고,0,0,3,0,차대차 - 기타,안전운전불이행,건조,맑음,교차로 - 교차로안,승합,남,47세,기타불명,승용,남,40세,경상
2023051400100201,2023년 5월 14일 14시,일요일,부산광역시 해운대구 중동,중상사고,0,1,0,0,차대차 - 추돌,신호위반,건조,맑음,교차로 - 교차로부근,승용,여,41세,상해없음,원동기,남,63세,중상
2023051400100237,2023년 5월 14일 15시,일요일,부산광역시 동래구 명장동,경상사고,0,0,1,0,차대차 - 측면충돌,기타,건조,맑음,교차로 - 교차로안,승용,여,69세,상해없음,이륜,남,16세,경상
2023051400100238,2023년 5월 14일 15시,일요일,부산광역시 영도구 봉래동1가,중상사고,0,1,0,0,차대사람 - 기타,안전운전불이행,건조,맑음,단일로 - 기타,승용,남,65세,상해없음,보행자,여,39세,중상
2023051400100239,2023년 5월 14일 15시,일요일,부산광역시 해운대구 우동,경상사고,0,0,2,0,차대차 - 측면충돌,직진우회전진행방해,건조,맑음,교차로 - 교차로안,승용,여,24세,상해없음,승용,남,35세,상해없음
2023051400100240,2023년 5월 14일 15시,일요일,부산광역시 부산진구 당감동,경상사고,0,0,1,0,차대차 - 기타,안전운전불이행,건조,맑음,단일로 - 고가도로위,승용,남,29세,상해없음,승용,여,29세,경상
2023051400100242,2023년 5월 14일 15시,일요일,부산광역시 기장군 철마면,경상사고,0,0,1,0,차대차 - 측면충돌,안전거리미확보,건조,맑음,단일로 - 지하차도(도로)내,승용,여,35세,상해없음,승용,남,61세,경상
2023051400100243,2023년 5월 14일 15시,일요일,부산광역시 기장군 장안읍,경상사고,0,0,1,0,차대차 - 측면충돌,안전거리미확보,건조,맑음,교차로 - 교차로부근,화물,남,61세,상해없음,승용,남,44세,경상
2023051400100279,2023년 5월 14일 16시,일요일,부산광역시 남구 대연동,경상사고,0,0,1,0,차대차 - 추돌,안전거리미확보,건조,맑음,단일로 - 기타,승용,남,66세,상해없음,승용,여,40세,경상
2023051400100314,2023년 5월 14일 17시,일요일,부산광역시 수영구 남천동,경상사고,0,0,2,0,차대차 - 측면충돌,안전운전불이행,건조,맑음,단일로 - 기타,승용,여,62세,상해없음,승용,남,71세,경상
2023051400100345,2023년 5월 14일 18시,일요일,부산광역시 남구 용호동,경상사고,0,0,1,0,차대사람 - 길가장자리구역통행중,안전운전불이행,건조,맑음,단일로 - 기타,승용,남,57세,상해없음,보행자,남,77세,경상
2023051400100346,2023년 5월 14일 18시,일요일,부산광역시 부산진구 부전동,경상사고,0,0,1,0,차대사람 - 기타,안전운전불이행,기타,맑음,기타 - 기타,개인형이동수단(PM),남,12세,상해없음,보행자,여,41세,경상
2023051400100376,2023년 5월 14일 19시,일요일,부산광역시 동래구 온천동,경상사고,0,0,1,0,차대차 - 기타,안전운전불이행,건조,맑음,교차로 - 교차로부근,승용,남,46세,상해없음,자전거,남,63세,경상
2023051400100377,2023년 5월 14일 19시,일요일,부산광역시 사상구 삼락동,중상사고,0,1,0,0,차대사람 - 차도통행중,안전운전불이행,건조,맑음,기타 - 기타,승용,남,48세,상해없음,보행자,남,50세,중상
2023051400100443,2023년 5월 14일 21시,일요일,부산광역시 해운대구 우동,경상사고,0,0,1,0,차대차 - 기타,신호위반,건조,맑음,교차로 - 교차로안,화물,남,43세,상해없음,승용,여,37세,경상
2023051400100444,2023년 5월 14일 21시,일요일,부산광역시 해운대구 우동,경상사고,0,0,1,0,차대차 - 기타,안전운전불이행,건조,맑음,단일로 - 기타,승용,여,55세,상해없음,승용,남,24세,경상
2023051400100445,2023년 5월 14일 21시,일요일,부산광역시 부산진구 당감동,중상사고,0,1,0,0,차대차 - 기타,안전거리미확보,건조,맑음,교차로 - 교차로부근,기타불명,기타불명,미분류,기타불명,원동기,여,40세,중상
2023051400100456,2023년 5월 14일 22시,일요일,부산광역시 부산진구 가야동,중상사고,0,1,0,0,차대사람 - 기타,안전운전불이행,건조,맑음,단일로 - 기타,승용,남,64세,상해없음,보행자,남,27세,중상
2023051500100008,2023년 5월 15일 02시,월요일,부산광역시 해운대구 재송동,경상사고,0,0,4,0,차대차 - 측면충돌,신호위반,건조,맑음,교차로 - 교차로안,승용,남,73세,상해없음,승용,남,24세,경상
2023051500100009,2023년 5월 15일 02시,월요일,부산광역시 금정구 금사동,중상사고,0,1,0,0,차대차 - 기타,안전운전불이행,건조,맑음,교차로 - 교차로부근,이륜,남,46세,중상,승합,남,65세,상해없음
2023051500100022,2023년 5월 15일 06시,월요일,부산광역시 북구 화명동,경상사고,0,0,1,0,차대차 - 기타,안전운전불이행,건조,맑음,단일로 - 기타,승합,남,43세,상해없음,승합,남,35세,경상
2023051500100045,2023년 5월 15일 07시,월요일,부산광역시 북구 구포동,경상사고,0,0,1,0,차대차 - 추돌,안전운전불이행,건조,맑음,단일로 - 기타,화물,남,53세,상해없음,승용,남,63세,경상
2023051500100085,2023년 5월 15일 08시,월요일,부산광역시 동래구 사직동,경상사고,0,0,1,0,차대차 - 측면충돌,안전운전불이행,건조,맑음,교차로 - 교차로부근,승용,여,46세,상해없음,승용,여,44세,경상
2023051500100086,2023년 5월 15일 08시,월요일,부산광역시 부산진구 개금동,경상사고,0,0,1,0,차대사람 - 기타,보행자보호의무위반,건조,맑음,단일로 - 기타,승합,남,64세,상해없음,보행자,여,26세,경상
2023051500100087,2023년 5월 15일 08시,월요일,부산광역시 사하구 괴정동,경상사고,0,0,1,0,차대차 - 추돌,안전거리미확보,건조,맑음,단일로 - 기타,승용,남,61세,상해없음,승용,남,58세,경상
2023051500100088,2023년 5월 15일 08시,월요일,부산광역시 강서구 대저2동,경상사고,0,0,1,0,차대차 - 추돌,안전운전불이행,건조,맑음,교차로 - 교차로부근,승용,여,35세,상해없음,승용,남,22세,경상
2023051500100128,2023년 5월 15일 09시,월요일,부산광역시 동구 좌천동,경상사고,0,0,1,0,차량단독 - 기타,안전운전불이행,건조,맑음,단일로 - 기타,승합,남,53세,상해없음,,,,
2023051500100163,2023년 5월 15일 10시,월요일,부산광역시 서구 아미동2가,경상사고,0,0,1,0,차대차 - 추돌,안전운전불이행,건조,맑음,교차로 - 교차로부근,기타불명,기타불명,미분류,기타불명,이륜,남,68세,경상
2023051500100193,2023년 5월 15일 11시,월요일,부산광역시 금정구 장전동,중상사고,0,1,0,0,차대사람 - 횡단중,보행자보호의무위반,건조,맑음,교차로 - 교차로안,화물,남,69세,상해없음,보행자,여,38세,중상
2023051500100194,2023년 5월 15일 11시,월요일,부산광역시 금정구 부곡동,부상신고사고,0,0,0,1,차대사람 - 기타,안전운전불이행,건조,맑음,교차로 - 교차로안,화물,남,65세,상해없음,보행자,남,69세,부상신고
2023051500100231,2023년 5월 15일 12시,월요일,부산광역시 강서구 송정동,경상사고,0,0,1,0,차대차 - 기타,안전운전불이행,건조,맑음,기타 - 기타,승용,남,69세,상해없음,승용,남,47세,경상
2023051500100263,2023년 5월 15일 13시,월요일,부산광역시 남구 용호동,중상사고,0,1,0,0,차대사람 - 기타,보행자보호의무위반,건조,맑음,교차로 - 교차로안,화물,남,63세,상해없음,보행자,여,73세,중상
2023051500100264,2023년 5월 15일 13시,월요일,부산광역시 영도구 영선동2가,중상사고,0,1,0,0,차대차 - 기타,안전운전불이행,건조,맑음,교차로 - 교차로안,승용,남,70세,상해없음,이륜,남,58세,중상
2023051500100265,2023년 5월 15일 13시,월요일,부산광역시 해운대구 송정동,경상사고,0,0,2,0,차대차 - 정면충돌,중앙선침범,건조,맑음,교차로 - 교차로안,승용,남,67세,상해없음,승합,남,46세,경상
2023051500100266,2023년 5월 15일 13시,월요일,부산광역시 강서구 미음동,경상사고,0,0,1,0,차대차 - 기타,안전운전불이행,건조,맑음,단일로 - 기타,자전거,여,58세,기타불명,원동기,여,46세,경상
2023051500100298,2023년 5월 15일 14시,월요일,부산광역시 수영구 민락동,경상사고,0,0,3,0,차대차 - 추돌,안전운전불이행,건조,맑음,단일로 - 기타,화물,남,32세,경상,승용,남,44세,경상
2023051500100336,2023년 5월 15일 15시,월요일,부산광역시 금정구 서동,경상사고,0,0,1,0,차대차 - 기타,직진우회전진행방해,건조,맑음,교차로 - 교차로안,승용,여,52세,상해없음,승용,여,36세,경상
2023051500100337,2023년 5월 15일 15시,월요일,부산광역시 사상구 주례동,경상사고,0,0,1,0,차대차 - 추돌,안전운전불이행,건조,맑음,교차로 - 교차로안,이륜,여,64세,경상,승용,남,56세,상해없음
2023051500100371,2023년 5월 15일 16시,월요일,부산광역시 기장군 기장읍,경상사고,0,0,2,0,차대차 - 측면충돌,안전거리미확보,건조,맑음,단일로 - 기타,승용,여,44세,상해없음,승용,여,30세,경상
2023051500100417,2023년 5월 15일 17시,월요일,부산광역시 금정구 부곡동,경상사고,0,0,1,0,차대사람 - 횡단중,안전운전불이행,건조,맑음,교차로 - 교차로안,승용,여,61세,상해없음,보행자,여,45세,경상
2023051500100532,2023년 5월 15일 20시,월요일,부산광역시 수영구 광안동,경상사고,0,0,1,0,차대사람 - 보도통행중,중앙선침범,건조,맑음,교차로 - 교차로부근,이륜,남,24세,상해없음,보행자,여,31세,경상
2023051500100587,2023년 5월 15일 23시,월요일,부산광역시 북구 구포동,부상신고사고,0,0,0,1,차대사람 - 기타,안전운전불이행,건조,맑음,단일로 - 기타,승용,여,55세,상해없음,보행자,남,56세,부상신고