사고번호,사고일시,요일,시군구,사고내용,사망자수,중상자수,경상자수,부상신고자수,사고유형,법규위반,노면상태,기상상태,도로형태,가해운전자 차종,가해운전자 성별,가해운전자 연령,가해운전자 상해정도,피해운전자 차종,피해운전자 성별,피해운전자 연령,피해운전자 상해정도
2023051600100004,2023년 5월 16일 00시,화요일,부산광역시 사하구 신평동,경상사고,0,0,1,0,차대차 - 측면충돌,신호위반,건조,맑음,교차로 - 교차로안,승용,여,55세,상해없음,승용,여,43세,경상
2023051600100005,2023년 5월 16일 00시,화요일,부산광역시 사하구 괴정동,중상사고,0,1,0,1,차대차 - 측면충돌,차로위반,건조,맑음,교차로 - 교차로부근,승용,남,67세,상해없음,승용,남,72세,부상신고
2023051600100035,2023년 5월 16일 06시,화요일,부산광역시 수영구 광안동,중상사고,0,1,0,0,차대차 - 측면충돌,신호위반,건조,맑음,교차로 - 교차로부근,승용,남,62세,상해없음,이륜,남,30세,중상
2023051600100049,2023년 5월 16일 07시,화요일,부산광역시 부산진구 양정동,경상사고,0,0,1,0,차량단독 - 전도전복 - 전도,안전운전불이행,건조,맑음,단일로 - 기타,개인형이동수단(PM),남,28세,경상,,,,
2023051600100050,2023년 5월 16일 07시,화요일,부산광역시 사상구 엄궁동,중상사고,0,1,0,0,차대차 - 기타,신호위반,건조,맑음,교차로 - 교차로안,승용,여,54세,상해없음,승용,남,42세,중상
2023051600100082,2023년 5월 16일 08시,화요일,부산광역시 동래구 안락동,경상사고,0,0,1,0,차대차 - 추돌,안전운전불이행,건조,맑음,단일로 - 기타,승용,남,63세,상해없음,승용,남,38세,경상
2023051600100125,2023년 5월 16일 09시,화요일,부산광역시 동래구 수안동,경상사고,0,0,1,0,차대사람 - 기타,안전운전불이행,건조,맑음,교차로 - 교차로안,승용,여,53세,상해없음,보행자,여,76세,경상
2023051600100126,2023년 5월 16일 09시,화요일,부산광역시 사하구 하단동,중상사고,0,1,0,0,차대차 - 기타,차로위반,건조,맑음,기타 - 기타,승용,여,51세,상해없음,승합,남,41세,중상
2023051600100166,2023년 5월 16일 10시,화요일,부산광역시 해운대구 송정동,중상사고,0,1,0,1,차대차 - 측면충돌,불법유턴,건조,맑음,교차로 - 교차로부근,승용,남,33세,부상신고,이륜,여,60세,중상
2023051600100167,2023년 5월 16일 10시,화요일,부산광역시 해운대구 우동,중상사고,0,1,0,0,차대차 - 측면충돌,안전거리미확보,건조,맑음,단일로 - 기타,승용,여,35세,상해없음,승용,여,58세,중상
2023051600100168,2023년 5월 16일 10시,화요일,부산광역시 연제구 거제동,중상사고,0,1,0,0,차대사람 - 기타,안전운전불이행,건조,맑음,교차로 - 교차로부근,화물,남,48세,상해없음,보행자,여,94세,중상
2023051600100169,2023년 5월 16일 10시,화요일,부산광역시 강서구 명지동,중상사고,0,1,0,0,차대차 - 측면충돌,신호위반,건조,맑음,교차로 - 교차로안,승용,여,48세,상해없음,이륜,남,33세,중상
2023051600100170,2023년 5월 16일 10시,화요일,부산광역시 사상구 모라동,중상사고,0,1,1,0,차대차 - 추돌,안전운전불이행,건조,맑음,단일로 - 기타,화물,남,62세,기타불명,화물,남,51세,중상
2023051600100204,2023년 5월 16일 11시,화요일,부산광역시 서구 남부민동,중상사고,0,1,0,0,차대차 - 추돌,안전거리미확보,건조,맑음,단일로 - 기타,승용,남,54세,상해없음,승합,남,63세,중상
2023051600100234,2023년 5월 16일 12시,화요일,부산광역시 남구 대연동,경상사고,0,0,4,0,차대차 - 측면충돌,안전거리미확보,건조,맑음,교차로 - 교차로안,승용,여,56세,상해없음,승용,남,29세,경상
2023051600100235,2023년 5월 16일 12시,화요일,부산광역시 해운대구 반여동,중상사고,0,1,0,0,차대차 - 측면충돌,안전운전불이행,건조,맑음,교차로 - 교차로부근,승용,여,52세,상해없음,자전거,남,30세,중상
2023051600100271,2023년 5월 16일 13시,화요일,부산광역시 서구 토성동4가,경상사고,0,0,1,0,차대차 - 측면충돌,안전운전불이행,건조,맑음,단일로 - 기타,승용,남,34세,상해없음,이륜,남,54세,경상
2023051600100272,2023년 5월 16일 13시,화요일,부산광역시 동래구 온천동,경상사고,0,0,1,0,차대차 - 기타,안전운전불이행,건조,맑음,단일로 - 기타,승용,여,54세,상해없음,승용,여,64세,경상
2023051600100273,2023년 5월 16일 13시,화요일,부산광역시 부산진구 당감동,부상신고사고,0,0,0,1,차대사람 - 횡단중,기타,건조,맑음,교차로 - 교차로부근,화물,남,37세,상해없음,보행자,여,64세,부상신고
2023051600100310,2023년 5월 16일 14시,화요일,부산광역시 동래구 온천동,중상사고,0,1,0,0,차대사람 - 횡단중,안전운전불이행,건조,맑음,교차로 - 교차로부근,승용,남,68세,상해없음,보행자,여,8세,중상
2023051600100311,2023년 5월 16일 14시,화요일,부산광역시 기장군 기장읍,중상사고,0,1,0,0,차대차 - 측면충돌,안전운전불이행,건조,맑음,교차로 - 교차로안,화물,남,64세,상해없음,승용,남,31세,중상
2023051600100361,2023년 5월 16일 15시,화요일,부산광역시 부산진구 부암동,부상신고사고,0,0,0,1,차대차 - 측면충돌,불법유턴,건조,맑음,단일로 - 기타,이륜,남,73세,부상신고,승용,남,26세,상해없음
2023051600100362,2023년 5월 16일 15시,화요일,부산광역시 부산진구 범전동,경상사고,0,0,1,0,차대차 - 기타,안전거리미확보,건조,맑음,단일로 - 기타,승용,남,66세,상해없음,이륜,남,29세,경상
2023051600100363,2023년 5월 16일 15시,화요일,부산광역시 부산진구 가야동,경상사고,0,0,1,0,차대차 - 기타,안전운전불이행,건조,맑음,단일로 - 기타,화물,남,42세,상해없음,자전거,남,53세,경상
2023051600100364,2023년 5월 16일 15시,화요일,부산광역시 부산진구 연지동,중상사고,0,1,0,0,차대차 - 기타,안전운전불이행,건조,맑음,단일로 - 기타,승용,여,40세,상해없음,승용,남,69세,상해없음
2023051600100403,2023년 5월 16일 16시,화요일,부산광역시 북구 덕천동,경상사고,0,0,1,0,차대차 - 측면충돌,안전운전불이행,건조,맑음,교차로 - 교차로안,화물,남,60세,상해없음,이륜,여,23세,경상
2023051600100404,2023년 5월 16일 16시,화요일,부산광역시 부산진구 당감동,경상사고,0,0,2,0,차대차 - 추돌,안전운전불이행,건조,맑음,단일로 - 고가도로위,화물,남,46세,상해없음,화물,남,26세,경상
2023051600100460,2023년 5월 16일 17시,화요일,부산광역시 서구 아미동2가,경상사고,0,0,1,0,차대사람 - 기타,기타,건조,맑음,단일로 - 기타,승용,남,58세,상해없음,보행자,여,43세,경상
2023051600100461,2023년 5월 16일 17시,화요일,부산광역시 수영구 광안동,경상사고,0,0,1,0,차대차 - 기타,안전운전불이행,건조,맑음,단일로 - 기타,승용,남,60세,상해없음,승용,남,37세,경상
2023051600100462,2023년 5월 16일 17시,화요일,부산광역시 동래구 수안동,경상사고,0,0,1,0,차대사람 - 기타,안전운전불이행,건조,맑음,단일로 - 기타,승용,여,63세,상해없음,보행자,남,79세,경상
2023051600100463,2023년 5월 16일 17시,화요일,부산광역시 해운대구 재송동,경상사고,0,0,1,0,차대차 - 측면충돌,안전운전불이행,건조,맑음,단일로 - 기타,화물,남,69세,상해없음,승용,여,44세,경상
2023051600100464,2023년 5월 16일 17시,화요일,부산광역시 부산진구 범천동,경상사고,0,0,5,0,차대차 - 측면충돌,안전운전불이행,건조,맑음,교차로 - 교차로부근,승용,남,22세,경상,승용,남,26세,경상
2023051600100512,2023년 5월 16일 18시,화요일,부산광역시 동래구 복천동,경상사고,0,0,1,0,차대차 - 측면충돌,안전운전불이행,건조,맑음,교차로 - 교차로안,승용,여,48세,상해없음,이륜,남,24세,경상
2023051600100513,2023년 5월 16일 18시,화요일,부산광역시 부산진구 부전동,중상사고,0,1,0,0,차대사람 - 기타,기타,건조,맑음,단일로 - 기타,승용,남,53세,상해없음,보행자,남,52세,중상
2023051600100514,2023년 5월 16일 18시,화요일,부산광역시 연제구 연산동,중상사고,0,1,2,0,차대차 - 추돌,안전운전불이행,건조,맑음,단일로 - 기타,승용,남,35세,상해없음,승용,남,26세,경상
2023051600100600,2023년 5월 16일 20시,화요일,부산광역시 기장군 일광읍,경상사고,0,0,1,2,차대차 - 추돌,안전운전불이행,건조,맑음,단일로 - 터널,승용,남,50세,상해없음,화물,남,66세,부상신고
2023051600100625,2023년 5월 16일 21시,화요일,부산광역시 부산진구 부전동,경상사고,0,0,1,0,차대사람 - 차도통행중,안전운전불이행,건조,맑음,단일로 - 기타,승용,여,30세,상해없음,보행자,남,28세,경상
2023051600100649,2023년 5월 16일 22시,화요일,부산광역시 영도구 동삼동,경상사고,0,0,1,0,차대차 - 기타,안전운전불이행,건조,맑음,교차로 - 교차로부근,승용,남,55세,상해없음,승용,여,55세,경상
2023051700100011,2023년 5월 17일 01시,수요일,부산광역시 남구 대연동,중상사고,0,1,0,0,차대사람 - 기타,안전운전불이행,건조,맑음,단일로 - 기타,승용,여,36세,상해없음,보행자,여,57세,중상
2023051700100030,2023년 5월 17일 05시,수요일,부산광역시 서구 서대신동1가,경상사고,0,0,1,0,차대차 - 측면충돌,신호위반,건조,맑음,교차로 - 교차로안,승합,남,64세,상해없음,승용,여,50세,경상
2023051700100043,2023년 5월 17일 06시,수요일,부산광역시 북구 화명동,경상사고,0,0,1,0,차대차 - 기타,신호위반,건조,맑음,교차로 - 교차로안,이륜,남,21세,기타불명,승합,남,38세,상해없음
2023051700100093,2023년 5월 17일 08시,수요일,부산광역시 수영구 광안동,부상신고사고,0,0,0,1,차대차 - 기타,안전운전불이행,건조,맑음,단일로 - 기타,화물,남,67세,상해없음,자전거,남,52세,부상신고
2023051700100095,2023년 5월 17일 08시,수요일,부산광역시 사하구 괴정동,경상사고,0,0,2,0,차대차 - 기타,안전운전불이행,건조,맑음,단일로 - 기타,승용,남,64세,상해없음,승용,남,43세,경상
2023051700100096,2023년 5월 17일 08시,수요일,부산광역시 연제구 거제동,경상사고,0,0,1,0,차대차 - 측면충돌,안전거리미확보,건조,맑음,단일로 - 기타,승용,남,70세,상해없음,승용,여,54세,경상
2023051700100097,2023년 5월 17일 08시,수요일,부산광역시 기장군 정관읍,중상사고,0,2,0,0,차량단독 - 기타,안전거리미확보,건조,맑음,단일로 - 기타,승합,남,43세,상해없음,,,,
2023051700100151,2023년 5월 17일 09시,수요일,부산광역시 서구 토성동3가,경상사고,0,0,1,0,차대차 - 기타,안전거리미확보,건조,맑음,단일로 - 기타,승용,남,50세,상해없음,이륜,남,49세,경상
2023051700100200,2023년 5월 17일 10시,수요일,부산광역시 수영구 남천동,부상신고사고,0,0,0,1,차대사람 - 횡단중,안전운전불이행,건조,맑음,교차로 - 교차로부근,승용,남,68세,상해없음,보행자,여,67세,부상신고
2023051700100201,2023년 5월 17일 10시,수요일,부산광역시 동래구 명장동,경상사고,0,0,1,0,차대차 - 기타,안전운전불이행,건조,맑음,단일로 - 기타,화물,남,51세,상해없음,승용,남,59세,경상
2023051700100202,2023년 5월 17일 10시,수요일,부산광역시 부산진구 전포동,부상신고사고,0,0,0,1,차대차 - 추돌,안전운전불이행,건조,맑음,교차로 - 교차로부근,이륜,남,16세,부상신고,승용,남,29세,상해없음
2023051700100204,2023년 5월 17일 10시,수요일,부산광역시 연제구 연산동,중상사고,0,1,0,0,차대사람 - 기타,불법유턴,건조,맑음,단일로 - 기타,화물,남,57세,상해없음,보행자,여,85세,중상
2023051700100243,2023년 5월 17일 11시,수요일,부산광역시 남구 용호동,중상사고,0,1,0,0,차량단독 - 기타,기타,건조,맑음,단일로 - 기타,승합,남,57세,상해없음,,,,
2023051700100244,2023년 5월 17일 11시,수요일,부산광역시 연제구 연산동,중상사고,0,1,0,0,차대사람 - 횡단중,신호위반,건조,맑음,교차로 - 교차로횡단보도내,화물,남,51세,상해없음,보행자,남,47세,중상
2023051700100274,2023년 5월 17일 12시,수요일,부산광역시 사하구 장림동,중상사고,0,1,0,0,차대차 - 측면충돌,안전운전불이행,건조,맑음,교차로 - 교차로부근,승용,남,68세,상해없음,이륜,남,42세,중상
2023051700100318,2023년 5월 17일 13시,수요일,부산광역시 수영구 광안동,중상사고,0,1,0,0,차대사람 - 기타,안전운전불이행,건조,맑음,교차로 - 교차로부근,승용,남,39세,상해없음,보행자,여,72세,중상
2023051700100320,2023년 5월 17일 13시,수요일,부산광역시 부산진구 가야동,중상사고,0,1,0,0,차대차 - 기타,안전운전불이행,건조,맑음,단일로 - 기타,승용,여,65세,상해없음,이륜,남,28세,중상
2023051700100369,2023년 5월 17일 14시,수요일,부산광역시 금정구 장전동,경상사고,0,0,1,0,차대사람 - 길가장자리구역통행중,안전운전불이행,건조,맑음,단일로 - 기타,승용,여,36세,상해없음,보행자,남,47세,경상
2023051700100370,2023년 5월 17일 14시,수요일,부산광역시 연제구 연산동,중상사고,0,1,0,0,차대차 - 측면충돌,안전운전불이행,건조,맑음,교차로 - 교차로안,화물,남,48세,상해없음,자전거,여,57세,중상
2023051700100412,2023년 5월 17일 15시,수요일,부산광역시 사하구 장림동,경상사고,0,0,3,0,차대차 - 추돌,안전운전불이행,건조,맑음,단일로 - 기타,승용,남,33세,상해없음,승용,여,65세,경상
2023051700100413,2023년 5월 17일 15시,수요일,부산광역시 연제구 연산동,경상사고,0,0,1,0,차대차 - 측면충돌,안전운전불이행,건조,맑음,교차로 - 교차로부근,화물,남,63세,기타불명,승용,여,37세,경상
2023051700100414,2023년 5월 17일 15시,수요일,부산광역시 사상구 괘법동,중상사고,0,1,0,0,차대차 - 측면충돌,교차로운행방법위반,건조,맑음,교차로 - 교차로안,화물,남,70세,상해없음,자전거,남,60세,중상
2023051700100451,2023년 5월 17일 16시,수요일,부산광역시 동래구 온천동,경상사고,0,0,1,0,차대차 - 측면충돌,안전거리미확보,건조,맑음,단일로 - 기타,승용,남,40세,상해없음,이륜,남,47세,경상
2023051700100452,2023년 5월 17일 16시,수요일,부산광역시 해운대구 재송동,중상사고,0,1,0,0,차대차 - 측면충돌,신호위반,건조,맑음,교차로 - 교차로안,승용,남,72세,상해없음,승용,여,33세,중상
2023051700100490,2023년 5월 17일 17시,수요일,부산광역시 해운대구 좌동,경상사고,0,0,1,0,차대차 - 기타,신호위반,건조,맑음,교차로 - 교차로안,승용,여,47세,상해없음,승용,여,34세,경상
2023051700100491,2023년 5월 17일 17시,수요일,부산광역시 해운대구 우동,경상사고,0,0,2,0,차대차 - 후진중충돌,안전운전불이행,건조,맑음,단일로 - 기타,승용,남,62세,상해없음,승용,여,24세,경상
2023051700100492,2023년 5월 17일 17시,수요일,부산광역시 사상구 모라동,경상사고,0,0,1,0,차대차 - 기타,신호위반,건조,맑음,교차로 - 교차로안,승용,남,42세,상해없음,이륜,남,26세,경상
2023051700100553,2023년 5월 17일 18시,수요일,부산광역시 동래구 수안동,경상사고,0,0,1,0,차대사람 - 횡단중,신호위반,건조,맑음,단일로 - 기타,승용,남,56세,상해없음,보행자,여,39세,경상
2023051700100554,2023년 5월 17일 18시,수요일,부산광역시 부산진구 가야동,경상사고,0,0,1,0,차대차 - 측면충돌,안전운전불이행,건조,맑음,교차로 - 교차로부근,승용,남,63세,상해없음,승용,여,38세,경상
2023051700100555,2023년 5월 17일 18시,수요일,부산광역시 금정구 구서동,경상사고,0,0,1,0,차대차 - 기타,안전운전불이행,건조,맑음,단일로 - 기타,화물,남,69세,상해없음,개인형이동수단(PM),남,89세,경상
2023051700100556,2023년 5월 17일 18시,수요일,부산광역시 기장군 정관읍,경상사고,0,0,1,0,차대차 - 기타,안전운전불이행,건조,맑음,단일로 - 기타,화물,남,50세,상해없음,화물,남,74세,경상
2023051700100606,2023년 5월 17일 19시,수요일,부산광역시 금정구 장전동,경상사고,0,0,1,0,차대사람 - 횡단중,안전운전불이행,건조,맑음,기타 - 기타,화물,남,64세,상해없음,보행자,남,23세,경상
2023051700100634,2023년 5월 17일 20시,수요일,부산광역시 영도구 청학동,중상사고,0,1,0,0,차대사람 - 횡단중,보행자보호의무위반,건조,맑음,교차로 - 교차로부근,승용,여,58세,상해없음,보행자,여,66세,중상
2023051700100635,2023년 5월 17일 20시,수요일,부산광역시 부산진구 부암동,중상사고,0,1,0,0,차대사람 - 기타,신호위반,건조,맑음,교차로 - 교차로안,이륜,남,24세,상해없음,보행자,남,30세,중상
2023051700100636,2023년 5월 17일 20시,수요일,부산광역시 부산진구 부전동,경상사고,0,0,1,0,차대사람 - 길가장자리구역통행중,안전운전불이행,건조,맑음,단일로 - 기타,승용,여,22세,상해없음,보행자,남,27세,경상
2023051700100637,2023년 5월 17일 20시,수요일,부산광역시 사하구 하단동,중상사고,0,1,0,0,차대차 - 측면충돌,신호위반,건조,맑음,교차로 - 교차로안,승용,여,40세,상해없음,이륜,여,33세,중상
2023051700100662,2023년 5월 17일 21시,수요일,부산광역시 금정구 부곡동,중상사고,0,1,0,0,차대사람 - 횡단중,보행자보호의무위반,건조,맑음,단일로 - 지하차도(도로)내,승용,여,37세,상해없음,보행자,남,42세,중상
2023051700100682,2023년 5월 17일 22시,수요일,부산광역시 부산진구 양정동,경상사고,0,0,1,0,차대차 - 측면충돌,신호위반,건조,흐림,교차로 - 교차로안,승합,남,65세,상해없음,이륜,남,34세,경상
2023051800100005,2023년 5월 18일 00시,목요일,부산광역시 부산진구 연지동,경상사고,0,0,1,0,차대차 - 추돌,안전운전불이행,건조,맑음,교차로 - 교차로부근,개인형이동수단(PM),남,21세,경상,승용,남,80세,상해없음
2023051800100016,2023년 5월 18일 01시,목요일,부산광역시 해운대구 재송동,경상사고,0,0,1,0,차대사람 - 기타,안전운전불이행,건조,기타,단일로 - 기타,기타불명,기타불명,미분류,기타불명,보행자,남,55세,경상
2023051800100025,2023년 5월 18일 02시,목요일,부산광역시 부산진구 부전동,경상사고,0,0,1,0,차대사람 - 보도통행중,기타,건조,맑음,단일로 - 기타,이륜,남,48세,상해없음,보행자,남,21세,경상
2023051800100039,2023년 5월 18일 05시,목요일,부산광역시 동구 초량동,경상사고,0,0,1,0,차대차 - 측면충돌,안전운전불이행,건조,맑음,교차로 - 교차로안,화물,남,52세,상해없음,승용,여,36세,경상
2023051800100074,2023년 5월 18일 07시,목요일,부산광역시 동래구 온천동,경상사고,0,0,1,0,차대사람 - 횡단중,안전운전불이행,건조,맑음,단일로 - 기타,승용,여,30세,상해없음,보행자,남,22세,경상
2023051800100075,2023년 5월 18일 07시,목요일,부산광역시 기장군 정관읍,부상신고사고,0,0,0,1,차대차 - 측면충돌,신호위반,건조,맑음,교차로 - 교차로안,개인형이동수단(PM),남,59세,상해없음,승용,여,29세,부상신고
2023051800100094,2023년 5월 18일 08시,목요일,부산광역시 연제구 연산동,경상사고,0,0,1,0,차대사람 - 횡단중,신호위반,젖음/습기,비,교차로 - 교차로횡단보도내,승용,남,59세,상해없음,보행자,여,40세,경상
2023051800100095,2023년 5월 18일 08시,목요일,부산광역시 강서구 명지동,경상사고,0,0,1,0,차대차 - 기타,안전운전불이행,젖음/습기,비,단일로 - 기타,승용,남,41세,상해없음,승용,여,24세,경상
2023051800100096,2023년 5월 18일 08시,목요일,부산광역시 사상구 삼락동,경상사고,0,0,1,0,차대차 - 측면충돌,신호위반,건조,맑음,교차로 - 교차로안,승용,남,46세,상해없음,승용,여,49세,경상
2023051800100149,2023년 5월 18일 09시,목요일,부산광역시 남구 문현동,경상사고,0,0,1,0,차대사람 - 기타,보행자보호의무위반,젖음/습기,비,교차로 - 교차로안,승용,남,39세,상해없음,보행자,여,53세,경상
2023051800100150,2023년 5월 18일 09시,목요일,부산광역시 부산진구 범천동,경상사고,0,0,1,0,차대차 - 추돌,안전운전불이행,젖음/습기,비,단일로 - 기타,이륜,남,66세,경상,화물,남,46세,상해없음
2023051800100151,2023년 5월 18일 09시,목요일,부산광역시 연제구 거제동,중상사고,0,1,0,0,차대사람 - 횡단중,신호위반,젖음/습기,비,교차로 - 교차로횡단보도내,승용,남,80세,상해없음,보행자,남,61세,중상
2023051800100152,2023년 5월 18일 09시,목요일,부산광역시 기장군 일광읍,경상사고,0,0,1,0,차대차 - 측면충돌,안전거리미확보,건조,맑음,단일로 - 기타,화물,남,47세,상해없음,승용,여,58세,경상
2023051800100189,2023년 5월 18일 10시,목요일,부산광역시 동구 초량동,중상사고,0,1,0,0,차대사람 - 차도통행중,안전운전불이행,건조,흐림,단일로 - 기타,화물,남,41세,상해없음,보행자,남,73세,중상
2023051800100190,2023년 5월 18일 10시,목요일,부산광역시 북구 만덕동,중상사고,0,2,0,0,차대차 - 기타,안전거리미확보,젖음/습기,비,단일로 - 기타,승용,여,34세,상해없음,원동기,여,31세,중상
2023051800100191,2023년 5월 18일 10시,목요일,부산광역시 해운대구 좌동,경상사고,0,0,2,0,차대차 - 추돌,안전운전불이행,젖음/습기,비,교차로 - 교차로부근,승용,남,39세,상해없음,승용,여,44세,경상
2023051800100210,2023년 5월 18일 11시,목요일,부산광역시 서구 부민동1가,경상사고,0,0,1,0,차대차 - 추돌,안전운전불이행,젖음/습기,비,단일로 - 지하차도(도로)내,승용,남,61세,상해없음,승용,남,60세,경상
2023051800100211,2023년 5월 18일 11시,목요일,부산광역시 수영구 광안동,경상사고,0,0,1,0,차대차 - 측면충돌,교차로운행방법위반,건조,맑음,단일로 - 기타,승용,남,49세,상해없음,승용,남,28세,경상
2023051800100212,2023년 5월 18일 11시,목요일,부산광역시 사하구 구평동,중상사고,0,1,0,0,차대사람 - 기타,안전운전불이행,건조,맑음,단일로 - 기타,승합,남,68세,상해없음,보행자,남,50세,중상
2023051800100213,2023년 5월 18일 11시,목요일,부산광역시 사하구 괴정동,경상사고,0,0,2,0,차대차 - 기타,안전거리미확보,젖음/습기,흐림,단일로 - 기타,승용,남,67세,상해없음,승용,여,41세,경상
2023051800100214,2023년 5월 18일 11시,목요일,부산광역시 수영구 수영동,경상사고,0,0,1,0,차대차 - 측면충돌,안전운전불이행,건조,맑음,교차로 - 교차로부근,승용,남,65세,상해없음,이륜,남,26세,경상
2023051800100240,2023년 5월 18일 12시,목요일,부산광역시 동래구 안락동,경상사고,0,0,1,0,차대차 - 측면충돌,교차로운행방법위반,건조,맑음,교차로 - 교차로안,승용,남,47세,상해없음,승용,여,56세,경상
2023051800100241,2023년 5월 18일 12시,목요일,부산광역시 강서구 송정동,경상사고,0,0,1,0,차대차 - 기타,안전거리미확보,젖음/습기,흐림,교차로 - 교차로부근,승용,남,47세,상해없음,승용,남,77세,상해없음
2023051800100268,2023년 5월 18일 13시,목요일,부산광역시 부산진구 당감동,경상사고,0,0,1,0,차대차 - 추돌,안전운전불이행,젖음/습기,비,교차로 - 교차로부근,이륜,남,67세,상해없음,승용,남,40세,경상
2023051800100270,2023년 5월 18일 13시,목요일,부산광역시 강서구 강동동,경상사고,0,0,1,0,차대차 - 측면충돌,안전거리미확보,건조,맑음,교차로 - 교차로부근,화물,남,79세,상해없음,승용,남,30세,경상
2023051800100305,2023년 5월 18일 14시,목요일,부산광역시 동래구 사직동,경상사고,0,0,1,0,차대차 - 추돌,안전운전불이행,젖음/습기,비,단일로 - 기타,이륜,남,32세,상해없음,승용,여,40세,경상
2023051800100306,2023년 5월 18일 14시,목요일,부산광역시 해운대구 우동,경상사고,0,0,1,0,차대차 - 측면충돌,안전운전불이행,건조,맑음,단일로 - 교량,특수,남,49세,상해없음,승용,남,71세,상해없음
2023051800100308,2023년 5월 18일 14시,목요일,부산광역시 부산진구 부암동,경상사고,0,0,1,0,차대차 - 측면충돌,안전운전불이행,젖음/습기,비,교차로 - 교차로부근,승용,여,37세,상해없음,승용,여,72세,경상
2023051800100349,2023년 5월 18일 15시,목요일,부산광역시 동구 수정동,경상사고,0,0,1,0,차대차 - 측면충돌,안전거리미확보,건조,맑음,단일로 - 기타,승용,남,59세,상해없음,승용,남,67세,경상
2023051800100350,2023년 5월 18일 15시,목요일,부산광역시 동래구 온천동,경상사고,0,0,1,0,차대차 - 추돌,안전거리미확보,젖음/습기,비,단일로 - 기타,승용,남,47세,상해없음,승용,남,44세,경상
2023051800100351,2023년 5월 18일 15시,목요일,부산광역시 금정구 장전동,경상사고,0,0,1,0,차대차 - 후진중충돌,안전운전불이행,건조,맑음,기타 - 기타,특수,남,60세,상해없음,승용,여,32세,경상
2023051800100425,2023년 5월 18일 17시,목요일,부산광역시 금정구 회동동,부상신고사고,0,0,0,1,차대차 - 기타,안전운전불이행,젖음/습기,비,단일로 - 기타,화물,남,41세,부상신고,승용,남,38세,상해없음
2023051800100426,2023년 5월 18일 17시,목요일,부산광역시 기장군 정관읍,경상사고,0,0,1,0,차대차 - 후진중충돌,안전운전불이행,젖음/습기,비,교차로 - 교차로부근,승용,여,33세,상해없음,이륜,여,28세,경상
2023051800100481,2023년 5월 18일 18시,목요일,부산광역시 사상구 덕포동,중상사고,0,1,0,0,차대사람 - 기타,안전운전불이행,젖음/습기,비,단일로 - 기타,승합,남,61세,기타불명,보행자,여,77세,중상
2023051800100523,2023년 5월 18일 19시,목요일,부산광역시 중구 동광동1가,경상사고,0,0,4,0,차대차 - 측면충돌,교차로운행방법위반,젖음/습기,비,교차로 - 교차로안,승용,남,73세,상해없음,화물,남,42세,경상
2023051800100524,2023년 5월 18일 19시,목요일,부산광역시 서구 암남동,경상사고,0,0,1,0,차대차 - 정면충돌,안전운전불이행,젖음/습기,비,단일로 - 지하차도(도로)내,승용,남,33세,상해없음,승용,남,42세,경상
2023051800100525,2023년 5월 18일 19시,목요일,부산광역시 동래구 명장동,경상사고,0,0,1,0,차대사람 - 횡단중,신호위반,젖음/습기,비,교차로 - 교차로안,승용,여,52세,상해없음,보행자,남,53세,경상
2023051800100526,2023년 5월 18일 19시,목요일,부산광역시 영도구 청학동,중상사고,0,1,2,0,차대차 - 추돌,안전운전불이행,젖음/습기,비,단일로 - 기타,화물,남,70세,상해없음,승용,남,63세,경상
2023051800100527,2023년 5월 18일 19시,목요일,부산광역시 부산진구 연지동,경상사고,0,0,1,0,차대차 - 기타,안전운전불이행,젖음/습기,비,교차로 - 교차로안,승용,남,35세,기타불명,승용,남,29세,경상
2023051800100550,2023년 5월 18일 20시,목요일,부산광역시 해운대구 재송동,경상사고,0,0,1,0,차대차 - 추돌,안전운전불이행,젖음/습기,비,교차로 - 교차로안,승용,남,28세,상해없음,승용,남,46세,경상
2023051800100551,2023년 5월 18일 20시,목요일,부산광역시 부산진구 가야동,중상사고,0,1,2,0,차대차 - 추돌,안전운전불이행,젖음/습기,비,단일로 - 기타,승용,남,72세,상해없음,이륜,남,52세,중상
2023051800100552,2023년 5월 18일 20시,목요일,부산광역시 사하구 하단동,경상사고,0,0,1,0,차대차 - 측면충돌,안전운전불이행,젖음/습기,비,단일로 - 고가도로위,승용,남,29세,상해없음,승용,남,33세,경상
2023051800100577,2023년 5월 18일 21시,목요일,부산광역시 수영구 광안동,중상사고,0,1,2,0,차대차 - 기타,차로위반,젖음/습기,비,단일로 - 기타,승용,남,30세,경상,승용,남,26세,중상
2023051800100578,2023년 5월 18일 21시,목요일,부산광역시 남구 대연동,중상사고,0,1,0,0,차대차 - 정면충돌,중앙선침범,젖음/습기,비,단일로 - 기타,승용,여,69세,상해없음,승용,여,46세,중상
2023051800100598,2023년 5월 18일 22시,목요일,부산광역시 영도구 동삼동,경상사고,0,0,2,0,차대차 - 측면충돌,신호위반,젖음/습기,비,교차로 - 교차로부근,화물,여,28세,상해없음,승용,남,61세,경상
2023051800100616,2023년 5월 18일 23시,목요일,부산광역시 서구 서대신동1가,경상사고,0,0,3,0,차대차 - 측면충돌,안전거리미확보,젖음/습기,비,교차로 - 교차로부근,승용,남,58세,상해없음,승용,남,58세,경상