사고번호,사고일시,요일,시군구,사고내용,사망자수,중상자수,경상자수,부상신고자수,사고유형,법규위반,노면상태,기상상태,도로형태,가해운전자 차종,가해운전자 성별,가해운전자 연령,가해운전자 상해정도,피해운전자 차종,피해운전자 성별,피해운전자 연령,피해운전자 상해정도
2023051800100617,2023년 5월 18일 23시,목요일,부산광역시 금정구 부곡동,경상사고,0,0,3,0,차대차 - 추돌,안전운전불이행,건조,맑음,기타 - 기타,승용,여,38세,상해없음,승용,남,62세,경상
2023051800100618,2023년 5월 18일 23시,목요일,부산광역시 사상구 학장동,중상사고,0,1,1,0,차대차 - 추돌,안전운전불이행,젖음/습기,비,단일로 - 기타,화물,남,43세,상해없음,승용,남,36세,경상
2023051900100015,2023년 5월 19일 02시,금요일,부산광역시 금정구 부곡동,경상사고,0,0,1,0,차대차 - 추돌,안전거리미확보,젖음/습기,비,단일로 - 기타,승용,남,24세,상해없음,승용,남,58세,경상
2023051900100016,2023년 5월 19일 02시,금요일,부산광역시 연제구 거제동,경상사고,0,0,2,0,차량단독 - 기타,교차로운행방법위반,젖음/습기,비,교차로 - 교차로안,승용,남,59세,상해없음,,,,
2023051900100028,2023년 5월 19일 04시,금요일,부산광역시 금정구 장전동,경상사고,0,0,1,0,차대차 - 기타,안전운전불이행,건조,맑음,단일로 - 기타,승용,남,22세,상해없음,승용,남,64세,경상
2023051900100051,2023년 5월 19일 06시,금요일,부산광역시 남구 문현동,부상신고사고,0,0,0,1,차량단독 - 기타,안전운전불이행,젖음/습기,맑음,교차로 - 교차로부근,승합,남,54세,기타불명,,,,
2023051900100052,2023년 5월 19일 06시,금요일,부산광역시 강서구 대저1동,경상사고,0,0,1,0,차대차 - 측면충돌,안전운전불이행,젖음/습기,비,교차로 - 교차로안,승용,남,32세,상해없음,승합,남,46세,경상
2023051900100068,2023년 5월 19일 07시,금요일,부산광역시 중구 대청동4가,경상사고,0,0,1,0,차대차 - 측면충돌,안전거리미확보,젖음/습기,흐림,교차로 - 교차로부근,승용,남,42세,상해없음,승용,여,54세,경상
2023051900100101,2023년 5월 19일 08시,금요일,부산광역시 동구 초량동,경상사고,0,0,1,0,차대사람 - 횡단중,보행자보호의무위반,건조,맑음,교차로 - 교차로횡단보도내,승용,남,61세,상해없음,보행자,남,53세,경상
2023051900100102,2023년 5월 19일 08시,금요일,부산광역시 수영구 남천동,경상사고,0,0,1,0,차대차 - 추돌,안전운전불이행,젖음/습기,비,단일로 - 기타,승합,남,71세,상해없음,승용,여,28세,경상
2023051900100103,2023년 5월 19일 08시,금요일,부산광역시 남구 대연동,중상사고,0,1,0,0,차대차 - 정면충돌,교차로운행방법위반,건조,맑음,교차로 - 교차로부근,승용,남,75세,상해없음,승용,여,43세,중상
2023051900100104,2023년 5월 19일 08시,금요일,부산광역시 연제구 연산동,중상사고,0,1,0,0,차대사람 - 횡단중,안전운전불이행,건조,맑음,교차로 - 교차로횡단보도내,승용,여,40세,상해없음,보행자,여,15세,중상
2023051900100150,2023년 5월 19일 09시,금요일,부산광역시 동구 초량동,중상사고,0,1,0,0,차량단독 - 기타,안전운전불이행,젖음/습기,비,단일로 - 기타,승합,남,45세,상해없음,,,,
2023051900100151,2023년 5월 19일 09시,금요일,부산광역시 남구 대연동,경상사고,0,0,1,0,차대차 - 측면충돌,안전거리미확보,건조,맑음,교차로 - 교차로안,승용,남,75세,상해없음,승용,남,52세,경상
2023051900100282,2023년 5월 19일 12시,금요일,부산광역시 영도구 봉래동4가,사망사고,1,0,0,0,차대사람 - 기타,안전운전불이행,건조,맑음,단일로 - 기타,승용,여,68세,기타불명,보행자,남,69세,사망
2023051900100331,2023년 5월 19일 13시,금요일,부산광역시 강서구 죽림동,중상사고,0,1,5,1,차대차 - 기타,중앙선침범,건조,맑음,단일로 - 기타,승용,여,69세,상해없음,승합,남,68세,경상
2023051900100332,2023년 5월 19일 13시,금요일,부산광역시 사상구 학장동,경상사고,0,0,1,0,차대차 - 측면충돌,안전운전불이행,건조,맑음,교차로 - 교차로부근,화물,남,65세,상해없음,승용,남,67세,경상
2023051900100372,2023년 5월 19일 14시,금요일,부산광역시 동래구 온천동,경상사고,0,0,1,0,차대사람 - 기타,안전운전불이행,건조,맑음,단일로 - 기타,화물,남,82세,상해없음,보행자,남,74세,경상
2023051900100373,2023년 5월 19일 14시,금요일,부산광역시 사하구 당리동,중상사고,0,1,0,0,차대사람 - 횡단중,안전운전불이행,건조,맑음,단일로 - 기타,승용,남,44세,상해없음,보행자,여,11세,중상
2023051900100437,2023년 5월 19일 16시,금요일,부산광역시 사하구 다대동,사망사고,1,1,2,0,차대사람 - 횡단중,중앙선침범,건조,맑음,교차로 - 교차로안,승용,여,58세,기타불명,보행자,여,56세,사망
2023051900100438,2023년 5월 19일 16시,금요일,부산광역시 기장군 정관읍,중상사고,0,1,0,0,차대차 - 추돌,안전운전불이행,건조,맑음,교차로 - 교차로부근,승용,여,61세,상해없음,승용,남,50세,중상
2023051900100484,2023년 5월 19일 17시,금요일,부산광역시 중구 대창동2가,중상사고,0,1,0,0,차대차 - 측면충돌,안전거리미확보,건조,맑음,교차로 - 교차로안,화물,남,46세,상해없음,이륜,남,47세,중상
2023051900100485,2023년 5월 19일 17시,금요일,부산광역시 동래구 명륜동,경상사고,0,0,1,0,차대차 - 기타,안전거리미확보,건조,맑음,단일로 - 기타,승용,여,47세,상해없음,승용,여,31세,경상
2023051900100486,2023년 5월 19일 17시,금요일,부산광역시 사하구 장림동,경상사고,0,0,1,0,차대사람 - 기타,안전운전불이행,건조,맑음,단일로 - 기타,승용,여,63세,상해없음,보행자,남,81세,경상
2023051900100487,2023년 5월 19일 17시,금요일,부산광역시 사상구 주례동,경상사고,0,0,1,0,차대사람 - 횡단중,안전운전불이행,건조,맑음,단일로 - 기타,승용,남,69세,상해없음,보행자,여,21세,경상
2023051900100488,2023년 5월 19일 17시,금요일,부산광역시 금정구 두구동,경상사고,0,0,1,0,차대차 - 기타,차로위반,건조,맑음,단일로 - 기타,승용,남,56세,상해없음,승용,남,30세,경상
2023051900100544,2023년 5월 19일 18시,금요일,부산광역시 북구 화명동,경상사고,0,0,1,0,차대차 - 기타,안전운전불이행,건조,맑음,단일로 - 기타,승용,남,32세,상해없음,승용,남,43세,경상
2023051900100545,2023년 5월 19일 18시,금요일,부산광역시 해운대구 재송동,부상신고사고,0,0,0,1,차대차 - 측면충돌,안전운전불이행,건조,맑음,단일로 - 기타,승용,남,85세,상해없음,승용,남,58세,부상신고
2023051900100546,2023년 5월 19일 18시,금요일,부산광역시 사하구 다대동,경상사고,0,0,1,0,차대차 - 측면충돌,불법유턴,건조,맑음,단일로 - 기타,승용,남,75세,상해없음,이륜,남,31세,경상
2023051900100632,2023년 5월 19일 20시,금요일,부산광역시 사하구 하단동,경상사고,0,0,1,0,차대사람 - 길가장자리구역통행중,안전운전불이행,건조,맑음,단일로 - 기타,승용,여,36세,상해없음,보행자,남,58세,경상
2023051900100660,2023년 5월 19일 21시,금요일,부산광역시 동래구 수안동,경상사고,0,0,1,0,차대차 - 측면충돌,안전운전불이행,건조,맑음,단일로 - 기타,승용,여,69세,경상,승용,남,65세,상해없음
2023051900100693,2023년 5월 19일 22시,금요일,부산광역시 남구 대연동,경상사고,0,0,1,0,차대차 - 측면충돌,안전운전불이행,건조,맑음,교차로 - 교차로부근,이륜,남,68세,상해없음,승용,남,64세,경상
2023051900100721,2023년 5월 19일 23시,금요일,부산광역시 북구 화명동,중상사고,0,2,0,0,차대사람 - 횡단중,신호위반,건조,맑음,교차로 - 교차로횡단보도내,이륜,남,16세,상해없음,보행자,남,46세,중상
2023052000100002,2023년 5월 20일 00시,토요일,부산광역시 강서구 대저1동,경상사고,0,0,1,0,차대차 - 추돌,안전운전불이행,건조,맑음,교차로 - 교차로부근,승용,남,31세,상해없음,승용,남,62세,경상
2023052000100052,2023년 5월 20일 05시,토요일,부산광역시 남구 대연동,부상신고사고,0,0,0,1,차량단독 - 공작물충돌,안전운전불이행,건조,맑음,단일로 - 교량,승용,남,24세,부상신고,,,,
2023052000100062,2023년 5월 20일 06시,토요일,부산광역시 부산진구 개금동,중상사고,0,1,0,0,차대차 - 측면충돌,신호위반,건조,맑음,교차로 - 교차로안,승용,여,64세,상해없음,승용,여,56세,중상
2023052000100086,2023년 5월 20일 08시,토요일,부산광역시 금정구 부곡동,중상사고,0,1,0,0,차대사람 - 횡단중,보행자보호의무위반,건조,맑음,교차로 - 교차로횡단보도내,승용,여,59세,상해없음,보행자,여,73세,중상
2023052000100087,2023년 5월 20일 08시,토요일,부산광역시 사상구 삼락동,중상사고,0,1,0,0,차대차 - 기타,안전운전불이행,건조,맑음,기타 - 기타,이륜,남,60세,중상,화물,남,41세,상해없음
2023052000100106,2023년 5월 20일 09시,토요일,부산광역시 사상구 감전동,경상사고,0,0,1,0,차대차 - 측면충돌,안전거리미확보,건조,맑음,단일로 - 고가도로위,승용,남,57세,상해없음,승용,남,24세,경상
2023052000100107,2023년 5월 20일 09시,토요일,부산광역시 사상구 감전동,경상사고,0,0,1,0,차대차 - 측면충돌,안전운전불이행,건조,맑음,교차로 - 교차로안,승용,여,68세,기타불명,승용,남,68세,경상
2023052000100141,2023년 5월 20일 10시,토요일,부산광역시 부산진구 가야동,중상사고,0,1,0,0,차대차 - 측면충돌,안전운전불이행,건조,맑음,교차로 - 교차로안,승용,남,65세,기타불명,이륜,남,39세,중상
2023052000100190,2023년 5월 20일 11시,토요일,부산광역시 동래구 낙민동,경상사고,0,0,1,0,차대차 - 측면충돌,신호위반,건조,맑음,교차로 - 교차로안,승용,남,39세,상해없음,승용,남,61세,경상
2023052000100191,2023년 5월 20일 11시,토요일,부산광역시 연제구 거제동,경상사고,0,0,1,0,차대차 - 기타,교차로운행방법위반,건조,맑음,교차로 - 교차로안,이륜,여,32세,경상,승용,남,20세,상해없음
2023052000100235,2023년 5월 20일 12시,토요일,부산광역시 남구 대연동,경상사고,0,0,1,0,차대차 - 측면충돌,안전운전불이행,건조,맑음,교차로 - 교차로안,승용,여,52세,상해없음,승용,남,71세,경상
2023052000100236,2023년 5월 20일 12시,토요일,부산광역시 연제구 연산동,중상사고,0,1,0,0,차대차 - 기타,교차로운행방법위반,건조,맑음,교차로 - 교차로안,승용,남,42세,상해없음,승용,남,51세,중상
2023052000100237,2023년 5월 20일 12시,토요일,부산광역시 기장군 일광읍,경상사고,0,0,2,0,차대차 - 후진중충돌,안전운전불이행,건조,맑음,기타 - 기타,승용,여,70세,기타불명,승용,여,52세,상해없음
2023052000100280,2023년 5월 20일 13시,토요일,부산광역시 동구 수정동,경상사고,0,0,1,0,차대사람 - 횡단중,보행자보호의무위반,건조,맑음,단일로 - 기타,승용,남,42세,상해없음,보행자,남,10세,경상
2023052000100281,2023년 5월 20일 13시,토요일,부산광역시 해운대구 중동,경상사고,0,0,1,0,차대차 - 측면충돌,안전거리미확보,건조,맑음,단일로 - 기타,승용,남,29세,경상,승용,남,74세,상해없음
2023052000100282,2023년 5월 20일 13시,토요일,부산광역시 기장군 기장읍,중상사고,0,1,0,0,차대사람 - 길가장자리구역통행중,안전운전불이행,건조,맑음,주차장 - 주차장,화물,남,75세,상해없음,보행자,여,61세,중상
2023052000100330,2023년 5월 20일 14시,토요일,부산광역시 영도구 대교동1가,경상사고,0,0,1,0,차대차 - 추돌,안전운전불이행,건조,맑음,교차로 - 교차로부근,승용,남,39세,상해없음,승용,남,31세,경상
2023052000100379,2023년 5월 20일 15시,토요일,부산광역시 동구 범일동,중상사고,0,1,0,0,차대사람 - 횡단중,보행자보호의무위반,건조,맑음,단일로 - 기타,승용,여,38세,상해없음,보행자,남,76세,중상
2023052000100417,2023년 5월 20일 16시,토요일,부산광역시 남구 용호동,중상사고,0,1,0,0,차대차 - 측면충돌,안전운전불이행,건조,맑음,단일로 - 기타,승용,여,48세,상해없음,이륜,남,57세,중상
2023052000100418,2023년 5월 20일 16시,토요일,부산광역시 금정구 장전동,경상사고,0,0,1,0,차대차 - 측면충돌,안전거리미확보,건조,맑음,단일로 - 기타,화물,남,29세,상해없음,이륜,남,31세,경상
2023052000100419,2023년 5월 20일 16시,토요일,부산광역시 기장군 기장읍,경상사고,0,0,2,0,차대차 - 추돌,안전운전불이행,건조,맑음,단일로 - 기타,화물,남,33세,상해없음,승용,여,37세,경상
2023052000100458,2023년 5월 20일 17시,토요일,부산광역시 사하구 신평동,중상사고,0,1,0,0,차대사람 - 횡단중,신호위반,건조,맑음,단일로 - 기타,승용,여,32세,상해없음,보행자,남,5세,중상
2023052000100516,2023년 5월 20일 19시,토요일,부산광역시 사상구 감전동,경상사고,0,0,3,0,차대차 - 추돌,안전운전불이행,건조,맑음,교차로 - 교차로부근,승용,남,35세,상해없음,승용,남,37세,경상
2023052000100517,2023년 5월 20일 19시,토요일,부산광역시 사상구 괘법동,경상사고,0,0,1,0,차대차 - 기타,중앙선침범,건조,맑음,교차로 - 교차로부근,기타불명,기타불명,미분류,기타불명,이륜,남,34세,경상
2023052000100545,2023년 5월 20일 20시,토요일,부산광역시 수영구 광안동,부상신고사고,0,0,0,1,차대차 - 기타,직진우회전진행방해,건조,맑음,교차로 - 교차로안,승합,남,33세,상해없음,이륜,남,26세,부상신고
2023052000100580,2023년 5월 20일 21시,토요일,부산광역시 남구 감만동,경상사고,0,0,1,0,차대차 - 추돌,안전운전불이행,건조,맑음,교차로 - 교차로안,승용,남,18세,상해없음,승용,남,59세,경상
2023052000100581,2023년 5월 20일 21시,토요일,부산광역시 강서구 대저1동,경상사고,0,0,2,0,차대차 - 측면충돌,안전운전불이행,건조,맑음,교차로 - 교차로부근,승용,여,67세,상해없음,승용,여,23세,경상
2023052000100621,2023년 5월 20일 23시,토요일,부산광역시 연제구 연산동,중상사고,0,1,0,0,차대차 - 측면충돌,기타,건조,맑음,단일로 - 기타,승용,남,59세,상해없음,이륜,남,59세,중상
2023052100100005,2023년 5월 21일 00시,일요일,부산광역시 금정구 장전동,경상사고,0,0,1,1,차대차 - 측면충돌,교차로운행방법위반,건조,맑음,교차로 - 교차로안,이륜,남,21세,부상신고,이륜,남,37세,경상
2023052100100024,2023년 5월 21일 02시,일요일,부산광역시 부산진구 범천동,중상사고,0,2,0,0,차대사람 - 기타,안전운전불이행,건조,맑음,교차로 - 교차로부근,승용,남,72세,상해없음,보행자,남,58세,중상
2023052100100033,2023년 5월 21일 03시,일요일,부산광역시 부산진구 부전동,경상사고,0,0,1,0,차대사람 - 횡단중,안전운전불이행,건조,맑음,단일로 - 기타,승용,남,70세,상해없음,보행자,남,31세,경상
2023052100100059,2023년 5월 21일 08시,일요일,부산광역시 연제구 거제동,중상사고,0,1,0,0,차대차 - 기타,기타,건조,맑음,단일로 - 기타,승용,남,74세,상해없음,자전거,남,72세,중상
2023052100100071,2023년 5월 21일 09시,일요일,부산광역시 부산진구 범천동,중상사고,0,1,0,0,차대사람 - 횡단중,보행자보호의무위반,건조,맑음,교차로 - 교차로횡단보도내,승용,남,66세,상해없음,보행자,여,40세,중상
2023052100100089,2023년 5월 21일 10시,일요일,부산광역시 부산진구 양정동,경상사고,0,0,1,0,차대차 - 기타,기타,건조,맑음,단일로 - 기타,승용,남,68세,상해없음,자전거,남,72세,경상
2023052100100090,2023년 5월 21일 10시,일요일,부산광역시 사하구 다대동,중상사고,0,1,0,0,차대차 - 측면충돌,중앙선침범,건조,맑음,단일로 - 기타,화물,남,68세,상해없음,이륜,남,30세,중상
2023052100100138,2023년 5월 21일 12시,일요일,부산광역시 부산진구 범천동,부상신고사고,0,0,0,2,차대차 - 기타,안전운전불이행,건조,맑음,교차로 - 교차로안,승용,남,69세,부상신고,승용,남,66세,부상신고
2023052100100166,2023년 5월 21일 13시,일요일,부산광역시 해운대구 반여동,경상사고,0,0,2,0,차대차 - 추돌,안전운전불이행,건조,맑음,교차로 - 교차로부근,승용,여,50세,상해없음,승용,여,42세,경상
2023052100100202,2023년 5월 21일 14시,일요일,부산광역시 해운대구 우동,경상사고,0,0,1,0,차대차 - 추돌,안전운전불이행,건조,맑음,교차로 - 교차로부근,승용,남,63세,상해없음,승용,여,44세,경상
2023052100100203,2023년 5월 21일 14시,일요일,부산광역시 강서구 명지동,경상사고,0,0,1,0,차량단독 - 기타,안전운전불이행,건조,맑음,교차로 - 교차로부근,승합,남,44세,상해없음,,,,
2023052100100233,2023년 5월 21일 15시,일요일,부산광역시 서구 서대신동1가,경상사고,0,0,2,0,차대차 - 측면충돌,교차로운행방법위반,건조,맑음,교차로 - 교차로안,승용,남,32세,상해없음,승용,남,31세,경상
2023052100100273,2023년 5월 21일 16시,일요일,부산광역시 사상구 감전동,중상사고,0,1,1,0,차대사람 - 차도통행중,신호위반,건조,맑음,교차로 - 교차로부근,화물,남,58세,기타불명,보행자,남,77세,중상
2023052100100297,2023년 5월 21일 17시,일요일,부산광역시 중구 남포동5가,경상사고,0,0,2,0,차대차 - 추돌,안전운전불이행,건조,맑음,단일로 - 기타,승용,남,57세,상해없음,승용,남,65세,경상
2023052100100298,2023년 5월 21일 17시,일요일,부산광역시 수영구 광안동,부상신고사고,0,0,0,1,차대사람 - 기타,안전운전불이행,건조,맑음,단일로 - 기타,승용,여,59세,상해없음,보행자,남,56세,부상신고
2023052100100299,2023년 5월 21일 17시,일요일,부산광역시 동래구 수안동,경상사고,0,0,1,0,차대차 - 측면충돌,안전운전불이행,건조,맑음,단일로 - 기타,원동기,여,60세,기타불명,승용,남,27세,경상
2023052100100336,2023년 5월 21일 18시,일요일,부산광역시 해운대구 재송동,부상신고사고,0,0,0,2,차대차 - 기타,안전운전불이행,건조,맑음,교차로 - 교차로부근,승용,남,40세,상해없음,승용,여,53세,부상신고
2023052100100378,2023년 5월 21일 20시,일요일,부산광역시 수영구 망미동,중상사고,0,1,1,0,차대차 - 추돌,안전거리미확보,건조,맑음,단일로 - 기타,승용,남,58세,상해없음,승용,남,48세,상해없음
2023052100100379,2023년 5월 21일 20시,일요일,부산광역시 강서구 봉림동,경상사고,0,0,3,1,차대차 - 추돌,안전운전불이행,건조,맑음,단일로 - 기타,화물,남,42세,상해없음,승용,남,46세,부상신고
2023052100100414,2023년 5월 21일 21시,일요일,부산광역시 부산진구 범전동,경상사고,0,0,1,0,차대사람 - 횡단중,신호위반,건조,맑음,교차로 - 교차로부근,승용,여,55세,상해없음,보행자,남,73세,경상
2023052100100445,2023년 5월 21일 22시,일요일,부산광역시 동구 초량동,경상사고,0,0,2,0,차대차 - 측면충돌,신호위반,건조,맑음,교차로 - 교차로부근,승용,남,68세,상해없음,승합,남,62세,상해없음
2023052100100446,2023년 5월 21일 22시,일요일,부산광역시 동구 범일동,경상사고,0,0,1,0,차대차 - 측면충돌,직진우회전진행방해,건조,맑음,교차로 - 교차로부근,승용,남,28세,상해없음,승용,여,71세,경상
2023052100100447,2023년 5월 21일 22시,일요일,부산광역시 강서구 대저2동,경상사고,0,0,2,0,차대차 - 측면충돌,안전거리미확보,건조,맑음,단일로 - 기타,승용,남,70세,상해없음,승용,남,45세,경상
2023052100100458,2023년 5월 21일 23시,일요일,부산광역시 연제구 연산동,경상사고,0,0,1,0,차대사람 - 차도통행중,기타,건조,맑음,단일로 - 기타,승용,남,62세,상해없음,보행자,남,44세,경상
2023052200100006,2023년 5월 22일 01시,월요일,부산광역시 부산진구 부전동,경상사고,0,0,1,0,차대사람 - 차도통행중,안전운전불이행,건조,맑음,단일로 - 기타,승용,남,28세,상해없음,보행자,남,29세,경상
2023052200100009,2023년 5월 22일 02시,월요일,부산광역시 금정구 오륜동,경상사고,0,0,1,0,차량단독 - 전도전복 - 전도,안전운전불이행,건조,맑음,단일로 - 지하차도(도로)내,이륜,남,27세,경상,,,,
2023052200100016,2023년 5월 22일 03시,월요일,부산광역시 해운대구 우동,경상사고,0,0,1,0,차대사람 - 기타,기타,건조,맑음,미분류 - 미분류,승용,남,57세,상해없음,보행자,여,48세,경상
2023052200100020,2023년 5월 22일 04시,월요일,부산광역시 남구 감만동,경상사고,0,0,1,0,차대차 - 측면충돌,안전운전불이행,건조,맑음,교차로 - 교차로안,화물,남,63세,상해없음,승용,남,59세,경상
2023052200100040,2023년 5월 22일 07시,월요일,부산광역시 남구 대연동,경상사고,0,0,2,0,차대차 - 측면충돌,안전거리미확보,건조,맑음,교차로 - 교차로부근,건설기계,남,65세,기타불명,승용,남,47세,경상
2023052200100065,2023년 5월 22일 08시,월요일,부산광역시 강서구 송정동,경상사고,0,0,1,0,차대차 - 후진중충돌,안전운전불이행,건조,맑음,교차로 - 교차로부근,승용,남,25세,상해없음,승용,여,31세,경상
2023052200100107,2023년 5월 22일 09시,월요일,부산광역시 해운대구 반송동,경상사고,0,0,1,0,차대사람 - 길가장자리구역통행중,안전운전불이행,건조,맑음,기타 - 기타,특수,남,39세,상해없음,보행자,남,78세,경상
2023052200100108,2023년 5월 22일 09시,월요일,부산광역시 부산진구 양정동,중상사고,0,1,0,0,차량단독 - 기타,안전운전불이행,건조,맑음,교차로 - 교차로안,승합,남,51세,상해없음,,,,
2023052200100109,2023년 5월 22일 09시,월요일,부산광역시 사하구 괴정동,중상사고,0,1,0,0,차대사람 - 횡단중,신호위반,건조,맑음,교차로 - 교차로횡단보도내,이륜,남,30세,상해없음,보행자,여,67세,중상
2023052200100144,2023년 5월 22일 10시,월요일,부산광역시 남구 대연동,중상사고,0,1,0,0,차량단독 - 기타,안전운전불이행,건조,맑음,교차로 - 교차로안,승합,남,51세,상해없음,,,,
2023052200100172,2023년 5월 22일 11시,월요일,부산광역시 동래구 명륜동,경상사고,0,0,2,0,차대차 - 측면충돌,안전운전불이행,건조,맑음,단일로 - 기타,승용,여,52세,상해없음,승용,남,71세,경상
2023052200100173,2023년 5월 22일 11시,월요일,부산광역시 수영구 망미동,경상사고,0,0,1,0,차대차 - 측면충돌,안전운전불이행,건조,맑음,기타 - 기타,승용,여,62세,상해없음,이륜,남,35세,경상
2023052200100174,2023년 5월 22일 11시,월요일,부산광역시 사상구 괘법동,경상사고,0,0,1,0,차대사람 - 기타,안전운전불이행,건조,맑음,단일로 - 기타,승용,남,34세,상해없음,보행자,남,76세,경상
2023052200100202,2023년 5월 22일 12시,월요일,부산광역시 서구 서대신동2가,경상사고,0,0,1,0,차대차 - 기타,신호위반,건조,맑음,교차로 - 교차로안,화물,여,36세,상해없음,승합,남,49세,경상
2023052200100203,2023년 5월 22일 12시,월요일,부산광역시 북구 덕천동,경상사고,0,0,2,0,차대차 - 기타,신호위반,건조,맑음,교차로 - 교차로안,화물,남,65세,상해없음,승용,여,36세,경상
2023052200100230,2023년 5월 22일 13시,월요일,부산광역시 남구 문현동,중상사고,0,1,1,0,차대차 - 측면충돌,안전운전불이행,젖음/습기,비,단일로 - 기타,승용,여,32세,상해없음,승용,여,66세,경상
2023052200100231,2023년 5월 22일 13시,월요일,부산광역시 영도구 동삼동,사망사고,1,0,0,0,차대사람 - 기타,안전운전불이행,젖음/습기,비,교차로 - 교차로부근,승용,남,56세,상해없음,보행자,남,66세,사망
2023052200100232,2023년 5월 22일 13시,월요일,부산광역시 부산진구 양정동,부상신고사고,0,0,0,1,차대차 - 기타,안전운전불이행,건조,맑음,교차로 - 교차로안,이륜,남,21세,부상신고,승용,남,49세,상해없음
2023052200100233,2023년 5월 22일 13시,월요일,부산광역시 금정구 부곡동,중상사고,0,1,0,0,차대사람 - 횡단중,보행자보호의무위반,젖음/습기,흐림,기타 - 기타,승용,여,40세,상해없음,보행자,남,79세,중상
2023052200100311,2023년 5월 22일 15시,월요일,부산광역시 수영구 광안동,중상사고,0,2,0,0,차대차 - 기타,안전운전불이행,젖음/습기,비,교차로 - 교차로안,이륜,남,30세,중상,이륜,남,52세,중상
2023052200100360,2023년 5월 22일 16시,월요일,부산광역시 기장군 기장읍,중상사고,0,1,0,0,차대사람 - 횡단중,보행자보호의무위반,젖음/습기,비,단일로 - 기타,화물,남,62세,상해없음,보행자,여,73세,중상
2023052200100401,2023년 5월 22일 17시,월요일,부산광역시 영도구 동삼동,경상사고,0,0,2,0,차대차 - 기타,안전운전불이행,건조,맑음,단일로 - 기타,승용,남,43세,상해없음,승용,여,52세,경상
2023052200100402,2023년 5월 22일 17시,월요일,부산광역시 사하구 하단동,중상사고,0,1,0,0,차대차 - 측면충돌,안전거리미확보,건조,맑음,단일로 - 기타,승용,남,56세,상해없음,승용,여,55세,중상
2023052200100403,2023년 5월 22일 17시,월요일,부산광역시 사상구 삼락동,경상사고,0,0,1,1,차대차 - 측면충돌,교차로운행방법위반,건조,맑음,교차로 - 교차로안,승용,남,31세,부상신고,승용,여,44세,경상
2023052200100404,2023년 5월 22일 17시,월요일,부산광역시 기장군 기장읍,경상사고,0,0,1,0,차대차 - 측면충돌,안전운전불이행,건조,맑음,단일로 - 지하차도(도로)내,승용,남,84세,기타불명,승용,여,36세,경상
2023052200100449,2023년 5월 22일 18시,월요일,부산광역시 서구 서대신동1가,경상사고,0,0,1,0,차대차 - 측면충돌,신호위반,건조,맑음,단일로 - 기타,화물,남,40세,상해없음,이륜,남,21세,경상
2023052200100450,2023년 5월 22일 18시,월요일,부산광역시 부산진구 부암동,경상사고,0,0,2,0,차대차 - 측면충돌,안전거리미확보,건조,맑음,단일로 - 기타,승용,남,70세,경상,승용,여,35세,경상
2023052200100497,2023년 5월 22일 19시,월요일,부산광역시 동래구 낙민동,중상사고,0,1,1,0,차대차 - 기타,안전운전불이행,건조,맑음,교차로 - 교차로부근,승용,여,58세,중상,건설기계,남,52세,경상
2023052200100525,2023년 5월 22일 20시,월요일,부산광역시 남구 용호동,경상사고,0,0,1,0,차대차 - 기타,안전운전불이행,건조,맑음,단일로 - 기타,승용,남,76세,상해없음,이륜,남,26세,경상
2023052200100552,2023년 5월 22일 21시,월요일,부산광역시 동구 좌천동,경상사고,0,0,2,0,차대차 - 측면충돌,신호위반,건조,맑음,단일로 - 터널,승용,남,25세,상해없음,승용,남,28세,경상
2023052200100584,2023년 5월 22일 22시,월요일,부산광역시 부산진구 당감동,경상사고,0,0,2,0,차대차 - 추돌,안전운전불이행,건조,맑음,교차로 - 교차로안,승용,여,64세,상해없음,승용,남,45세,경상
2023052200100604,2023년 5월 22일 23시,월요일,부산광역시 금정구 부곡동,경상사고,0,0,1,0,차대차 - 기타,신호위반,건조,맑음,단일로 - 터널,승용,남,62세,상해없음,승용,남,56세,상해없음
2023052200100605,2023년 5월 22일 23시,월요일,부산광역시 연제구 연산동,경상사고,0,0,1,0,차대차 - 기타,안전운전불이행,건조,맑음,교차로 - 교차로안,화물,남,35세,상해없음,원동기,남,37세,경상
2023052300100002,2023년 5월 23일 00시,화요일,부산광역시 사하구 하단동,경상사고,0,0,1,0,차대사람 - 차도통행중,안전운전불이행,건조,흐림,교차로 - 교차로부근,승용,남,72세,상해없음,보행자,남,69세,경상
2023052300100003,2023년 5월 23일 00시,화요일,부산광역시 강서구 신호동,중상사고,0,1,4,0,차대차 - 추돌,안전운전불이행,건조,맑음,교차로 - 교차로부근,승용,남,45세,상해없음,승합,여,63세,경상
2023052300100016,2023년 5월 23일 02시,화요일,부산광역시 해운대구 우동,경상사고,0,0,2,0,차대차 - 측면충돌,안전운전불이행,건조,맑음,교차로 - 교차로안,승용,여,61세,상해없음,승용,남,28세,경상
2023052300100040,2023년 5월 23일 07시,화요일,부산광역시 강서구 대저2동,경상사고,0,0,1,0,차대차 - 추돌,안전운전불이행,건조,맑음,교차로 - 교차로부근,승용,남,50세,기타불명,승용,남,46세,경상