사고번호,사고일시,요일,시군구,사고내용,사망자수,중상자수,경상자수,부상신고자수,사고유형,법규위반,노면상태,기상상태,도로형태,가해운전자 차종,가해운전자 성별,가해운전자 연령,가해운전자 상해정도,피해운전자 차종,피해운전자 성별,피해운전자 연령,피해운전자 상해정도
2023052300100070,2023년 5월 23일 08시,화요일,부산광역시 남구 대연동,경상사고,0,0,3,0,차대차 - 기타,안전운전불이행,건조,맑음,단일로 - 기타,승용,여,36세,기타불명,승용,남,27세,경상
2023052300100131,2023년 5월 23일 09시,화요일,부산광역시 서구 동대신동1가,경상사고,0,0,1,0,차대차 - 추돌,안전운전불이행,건조,맑음,기타 - 기타,이륜,남,30세,상해없음,승용,여,47세,경상
2023052300100132,2023년 5월 23일 09시,화요일,부산광역시 해운대구 반여동,중상사고,0,1,0,0,차대사람 - 차도통행중,안전운전불이행,건조,맑음,교차로 - 교차로부근,승용,여,56세,상해없음,보행자,여,83세,중상
2023052300100133,2023년 5월 23일 09시,화요일,부산광역시 부산진구 양정동,경상사고,0,0,1,0,차대사람 - 기타,보행자보호의무위반,건조,맑음,단일로 - 기타,승용,남,44세,상해없음,보행자,남,22세,경상
2023052300100134,2023년 5월 23일 09시,화요일,부산광역시 금정구 남산동,경상사고,0,0,2,0,차대차 - 기타,안전운전불이행,건조,맑음,기타 - 기타,승용,남,49세,경상,승용,여,53세,경상
2023052300100180,2023년 5월 23일 10시,화요일,부산광역시 서구 동대신동3가,중상사고,0,1,0,0,차대사람 - 기타,기타,건조,맑음,단일로 - 기타,승합,남,49세,상해없음,보행자,여,85세,중상
2023052300100216,2023년 5월 23일 11시,화요일,부산광역시 남구 문현동,부상신고사고,0,0,0,1,차대차 - 측면충돌,안전거리미확보,건조,맑음,단일로 - 기타,승용,남,34세,상해없음,화물,남,41세,부상신고
2023052300100217,2023년 5월 23일 11시,화요일,부산광역시 해운대구 좌동,중상사고,0,1,0,0,차대사람 - 기타,안전운전불이행,건조,맑음,교차로 - 교차로부근,승용,남,56세,상해없음,보행자,여,61세,중상
2023052300100287,2023년 5월 23일 13시,화요일,부산광역시 동래구 명륜동,경상사고,0,0,1,0,차대차 - 기타,안전거리미확보,건조,맑음,단일로 - 기타,승용,남,19세,상해없음,승합,남,48세,경상
2023052300100288,2023년 5월 23일 13시,화요일,부산광역시 부산진구 부전동,경상사고,0,0,1,0,차대차 - 기타,안전운전불이행,건조,맑음,교차로 - 교차로안,승용,남,62세,상해없음,승용,여,63세,경상
2023052300100289,2023년 5월 23일 13시,화요일,부산광역시 연제구 거제동,경상사고,0,0,2,0,차대차 - 기타,안전운전불이행,건조,맑음,교차로 - 교차로부근,승용,여,41세,상해없음,이륜,남,41세,경상
2023052300100408,2023년 5월 23일 16시,화요일,부산광역시 남구 감만동,부상신고사고,0,0,0,1,차대차 - 추돌,안전운전불이행,건조,맑음,단일로 - 기타,특수,남,58세,상해없음,승용,남,42세,부상신고
2023052300100409,2023년 5월 23일 16시,화요일,부산광역시 동래구 명륜동,경상사고,0,0,2,0,차대차 - 기타,안전운전불이행,건조,맑음,단일로 - 기타,승합,남,42세,상해없음,승용,여,42세,상해없음
2023052300100410,2023년 5월 23일 16시,화요일,부산광역시 부산진구 범천동,중상사고,0,1,0,0,차대차 - 기타,안전운전불이행,건조,맑음,단일로 - 기타,승용,남,33세,기타불명,승용,여,39세,중상
2023052300100412,2023년 5월 23일 16시,화요일,부산광역시 사하구 신평동,경상사고,0,0,1,0,차대차 - 기타,안전거리미확보,건조,맑음,교차로 - 교차로부근,승용,남,50세,상해없음,자전거,남,61세,경상
2023052300100457,2023년 5월 23일 17시,화요일,부산광역시 연제구 거제동,경상사고,0,0,1,0,차대차 - 추돌,직진우회전진행방해,건조,맑음,교차로 - 교차로안,승용,남,21세,상해없음,이륜,남,32세,경상
2023052300100512,2023년 5월 23일 18시,화요일,부산광역시 강서구 명지동,경상사고,0,0,1,0,차대차 - 추돌,안전운전불이행,건조,맑음,단일로 - 지하차도(도로)내,승용,여,38세,상해없음,승용,여,42세,경상
2023052300100565,2023년 5월 23일 19시,화요일,부산광역시 남구 대연동,경상사고,0,0,2,0,차대차 - 추돌,안전운전불이행,건조,맑음,단일로 - 기타,승용,남,71세,상해없음,승용,남,47세,경상
2023052300100566,2023년 5월 23일 19시,화요일,부산광역시 연제구 연산동,경상사고,0,0,1,0,차대차 - 추돌,안전운전불이행,건조,맑음,단일로 - 기타,승용,여,44세,상해없음,승용,여,44세,경상
2023052300100589,2023년 5월 23일 20시,화요일,부산광역시 해운대구 좌동,중상사고,0,1,0,0,차대차 - 측면충돌,신호위반,건조,맑음,교차로 - 교차로부근,화물,남,67세,상해없음,원동기,남,37세,중상
2023052300100612,2023년 5월 23일 21시,화요일,부산광역시 수영구 남천동,경상사고,0,0,1,0,차대사람 - 기타,안전운전불이행,건조,맑음,단일로 - 기타,승용,여,33세,상해없음,보행자,남,51세,경상
2023052300100630,2023년 5월 23일 22시,화요일,부산광역시 연제구 연산동,부상신고사고,0,0,0,1,차대차 - 기타,중앙선침범,건조,맑음,단일로 - 기타,이륜,남,50세,상해없음,승용,남,65세,상해없음
2023052300100646,2023년 5월 23일 23시,화요일,부산광역시 중구 중앙동4가,중상사고,0,1,0,0,차량단독 - 공작물충돌,안전운전불이행,건조,맑음,단일로 - 기타,승용,남,73세,상해없음,,,,
2023052400100013,2023년 5월 24일 01시,수요일,부산광역시 수영구 광안동,부상신고사고,0,0,0,1,차대차 - 정면충돌,교차로운행방법위반,건조,맑음,교차로 - 교차로부근,자전거,남,28세,부상신고,승용,남,59세,상해없음
2023052400100043,2023년 5월 24일 06시,수요일,부산광역시 강서구 명지동,경상사고,0,0,1,0,차대차 - 추돌,안전운전불이행,건조,맑음,교차로 - 교차로부근,승용,남,33세,상해없음,승용,남,49세,경상
2023052400100044,2023년 5월 24일 06시,수요일,부산광역시 기장군 기장읍,중상사고,0,3,0,0,차대차 - 측면충돌,신호위반,건조,맑음,교차로 - 교차로안,화물,남,45세,상해없음,승용,남,50세,중상
2023052400100060,2023년 5월 24일 07시,수요일,부산광역시 해운대구 좌동,중상사고,0,1,0,0,차대차 - 측면충돌,안전운전불이행,건조,맑음,교차로 - 교차로안,승용,여,66세,상해없음,원동기,남,53세,중상
2023052400100061,2023년 5월 24일 07시,수요일,부산광역시 연제구 연산동,경상사고,0,0,1,0,차대차 - 기타,신호위반,건조,맑음,단일로 - 기타,승용,남,39세,상해없음,승용,남,51세,경상
2023052400100062,2023년 5월 24일 07시,수요일,부산광역시 강서구 봉림동,경상사고,0,0,1,1,차대차 - 추돌,안전거리미확보,건조,맑음,단일로 - 기타,승용,남,31세,상해없음,승용,여,32세,경상
2023052400100095,2023년 5월 24일 08시,수요일,부산광역시 서구 부용동1가,중상사고,0,1,1,0,차대차 - 측면충돌,교차로운행방법위반,건조,맑음,교차로 - 교차로안,승용,남,30세,경상,승용,남,67세,상해없음
2023052400100096,2023년 5월 24일 08시,수요일,부산광역시 남구 문현동,경상사고,0,0,1,0,차대차 - 추돌,안전거리미확보,건조,맑음,교차로 - 교차로부근,승용,남,32세,상해없음,승합,남,44세,상해없음
2023052400100156,2023년 5월 24일 09시,수요일,부산광역시 금정구 서동,경상사고,0,0,1,1,차대차 - 측면충돌,신호위반,건조,맑음,단일로 - 기타,화물,남,47세,부상신고,승용,여,49세,경상
2023052400100188,2023년 5월 24일 10시,수요일,부산광역시 동래구 온천동,중상사고,0,1,0,0,차대사람 - 차도통행중,안전운전불이행,건조,맑음,단일로 - 기타,이륜,남,61세,상해없음,보행자,여,75세,중상
2023052400100189,2023년 5월 24일 10시,수요일,부산광역시 영도구 청학동,중상사고,0,1,3,0,차대차 - 기타,차로위반,건조,맑음,단일로 - 기타,승합,남,62세,상해없음,승용,여,54세,기타불명
2023052400100218,2023년 5월 24일 11시,수요일,부산광역시 사하구 괴정동,중상사고,0,1,0,0,차대사람 - 횡단중,안전운전불이행,건조,맑음,단일로 - 기타,승용,여,83세,상해없음,보행자,여,88세,중상
2023052400100219,2023년 5월 24일 11시,수요일,부산광역시 사상구 삼락동,경상사고,0,0,10,0,차대차 - 추돌,안전운전불이행,건조,맑음,교차로 - 교차로부근,화물,남,71세,상해없음,화물,남,49세,경상
2023052400100249,2023년 5월 24일 12시,수요일,부산광역시 사하구 감천동,경상사고,0,0,1,0,차대사람 - 기타,안전운전불이행,건조,맑음,단일로 - 기타,승합,남,59세,상해없음,보행자,남,34세,경상
2023052400100250,2023년 5월 24일 12시,수요일,부산광역시 강서구 명지동,경상사고,0,0,2,0,차대차 - 기타,안전운전불이행,건조,맑음,단일로 - 기타,이륜,남,26세,기타불명,이륜,남,40세,경상
2023052400100276,2023년 5월 24일 13시,수요일,부산광역시 서구 서대신동3가,경상사고,0,0,1,0,차대차 - 측면충돌,안전운전불이행,건조,맑음,단일로 - 기타,화물,남,66세,상해없음,원동기,남,75세,경상
2023052400100277,2023년 5월 24일 13시,수요일,부산광역시 서구 서대신동1가,경상사고,0,0,1,0,차대차 - 추돌,안전거리미확보,건조,맑음,단일로 - 지하차도(도로)내,승용,여,24세,상해없음,승용,남,44세,경상
2023052400100278,2023년 5월 24일 13시,수요일,부산광역시 연제구 연산동,경상사고,0,0,1,0,차대사람 - 기타,안전운전불이행,건조,맑음,기타 - 기타,승용,여,59세,상해없음,보행자,여,47세,경상
2023052400100279,2023년 5월 24일 13시,수요일,부산광역시 강서구 대저1동,경상사고,0,0,1,0,차대차 - 추돌,안전거리미확보,건조,맑음,단일로 - 기타,승용,남,20세,상해없음,승용,남,62세,경상
2023052400100308,2023년 5월 24일 14시,수요일,부산광역시 부산진구 개금동,경상사고,0,0,1,0,차대사람 - 기타,보행자보호의무위반,건조,맑음,교차로 - 교차로횡단보도내,이륜,남,38세,상해없음,보행자,여,76세,경상
2023052400100309,2023년 5월 24일 14시,수요일,부산광역시 강서구 녹산동,경상사고,0,0,1,0,차대차 - 측면충돌,신호위반,건조,맑음,교차로 - 교차로안,화물,남,66세,상해없음,승용,남,49세,경상
2023052400100342,2023년 5월 24일 15시,수요일,부산광역시 북구 덕천동,경상사고,0,0,1,0,차대차 - 기타,직진우회전진행방해,건조,맑음,교차로 - 교차로안,승용,남,55세,상해없음,화물,남,57세,경상
2023052400100343,2023년 5월 24일 15시,수요일,부산광역시 사하구 신평동,경상사고,0,0,1,0,차대차 - 측면충돌,신호위반,건조,맑음,교차로 - 교차로부근,승용,남,33세,상해없음,승용,남,44세,경상
2023052400100379,2023년 5월 24일 16시,수요일,부산광역시 동래구 안락동,중상사고,0,1,0,0,차대사람 - 기타,안전운전불이행,건조,맑음,단일로 - 기타,화물,남,49세,상해없음,보행자,남,80세,중상
2023052400100417,2023년 5월 24일 17시,수요일,부산광역시 중구 남포동6가,경상사고,0,0,1,0,차대차 - 측면충돌,교차로운행방법위반,건조,맑음,교차로 - 교차로부근,이륜,남,62세,경상,승용,여,54세,상해없음
2023052400100418,2023년 5월 24일 17시,수요일,부산광역시 동구 수정동,경상사고,0,0,1,0,차대사람 - 횡단중,안전운전불이행,건조,맑음,단일로 - 기타,승용,남,38세,상해없음,보행자,여,66세,경상
2023052400100419,2023년 5월 24일 17시,수요일,부산광역시 부산진구 가야동,중상사고,0,1,0,0,차대사람 - 횡단중,안전운전불이행,건조,맑음,단일로 - 기타,승용,남,27세,상해없음,보행자,여,61세,중상
2023052400100420,2023년 5월 24일 17시,수요일,부산광역시 금정구 구서동,경상사고,0,0,1,0,차대차 - 후진중충돌,안전운전불이행,건조,맑음,단일로 - 지하차도(도로)내,승용,남,56세,상해없음,이륜,남,42세,경상
2023052400100469,2023년 5월 24일 18시,수요일,부산광역시 북구 구포동,경상사고,0,0,2,0,차대차 - 추돌,안전거리미확보,건조,맑음,단일로 - 교량,승용,남,86세,상해없음,화물,남,56세,경상
2023052400100470,2023년 5월 24일 18시,수요일,부산광역시 강서구 대저1동,경상사고,0,0,1,0,차대차 - 측면충돌,안전운전불이행,건조,맑음,교차로 - 교차로안,특수,남,64세,기타불명,승용,여,34세,경상
2023052400100530,2023년 5월 24일 20시,수요일,부산광역시 중구 동광동5가,경상사고,0,0,1,0,차대차 - 측면충돌,안전운전불이행,건조,맑음,교차로 - 교차로안,이륜,여,57세,상해없음,이륜,남,23세,경상
2023052400100575,2023년 5월 24일 22시,수요일,부산광역시 부산진구 부전동,경상사고,0,0,1,0,차대사람 - 기타,안전운전불이행,건조,맑음,단일로 - 기타,승용,남,24세,상해없음,보행자,남,29세,경상
2023052500100028,2023년 5월 25일 04시,목요일,부산광역시 영도구 청학동,경상사고,0,0,1,0,차대차 - 추돌,신호위반,건조,맑음,단일로 - 기타,승용,남,46세,상해없음,승용,남,59세,경상
2023052500100086,2023년 5월 25일 08시,목요일,부산광역시 서구 서대신동2가,중상사고,0,1,0,0,차대사람 - 횡단중,중앙선침범,건조,맑음,기타 - 기타,승용,남,41세,상해없음,보행자,남,62세,중상
2023052500100126,2023년 5월 25일 09시,목요일,부산광역시 서구 서대신동1가,경상사고,0,0,1,0,차대차 - 측면충돌,신호위반,건조,맑음,교차로 - 교차로부근,승용,남,54세,상해없음,화물,남,64세,경상
2023052500100127,2023년 5월 25일 09시,목요일,부산광역시 수영구 남천동,중상사고,0,2,0,0,차대차 - 추돌,안전운전불이행,건조,맑음,단일로 - 기타,승용,여,56세,상해없음,승용,남,31세,중상
2023052500100202,2023년 5월 25일 11시,목요일,부산광역시 동래구 명륜동,중상사고,0,2,0,0,차대차 - 측면충돌,안전운전불이행,건조,맑음,교차로 - 교차로안,승용,남,49세,중상,이륜,남,58세,중상
2023052500100259,2023년 5월 25일 13시,목요일,부산광역시 사하구 괴정동,경상사고,0,0,1,0,차대차 - 측면충돌,안전운전불이행,건조,맑음,교차로 - 교차로부근,승용,여,59세,상해없음,승용,남,59세,경상
2023052500100298,2023년 5월 25일 14시,목요일,부산광역시 동래구 온천동,경상사고,0,0,1,0,차대차 - 추돌,안전운전불이행,건조,맑음,단일로 - 기타,원동기,남,17세,경상,화물,남,49세,상해없음
2023052500100373,2023년 5월 25일 16시,목요일,부산광역시 동래구 수안동,경상사고,0,0,1,0,차대차 - 측면충돌,직진우회전진행방해,건조,맑음,교차로 - 교차로안,화물,남,43세,상해없음,화물,남,59세,경상
2023052500100374,2023년 5월 25일 16시,목요일,부산광역시 해운대구 우동,경상사고,0,0,2,0,차대차 - 추돌,안전거리미확보,건조,맑음,단일로 - 터널,화물,남,60세,상해없음,승용,남,36세,경상
2023052500100375,2023년 5월 25일 16시,목요일,부산광역시 해운대구 우동,경상사고,0,0,1,0,차대차 - 측면충돌,안전거리미확보,건조,맑음,단일로 - 교량,승용,여,66세,상해없음,승용,여,51세,경상
2023052500100376,2023년 5월 25일 16시,목요일,부산광역시 부산진구 전포동,경상사고,0,0,1,0,차대차 - 기타,중앙선침범,건조,맑음,교차로 - 교차로안,이륜,남,62세,상해없음,승용,남,63세,경상
2023052500100377,2023년 5월 25일 16시,목요일,부산광역시 강서구 명지동,중상사고,0,1,0,0,차대차 - 측면충돌,안전운전불이행,건조,맑음,교차로 - 교차로횡단보도내,승용,여,55세,상해없음,자전거,남,10세,중상
2023052500100412,2023년 5월 25일 17시,목요일,부산광역시 중구 중앙동4가,경상사고,0,0,1,0,차대차 - 기타,안전운전불이행,건조,맑음,단일로 - 기타,승용,남,45세,상해없음,원동기,남,56세,경상
2023052500100413,2023년 5월 25일 17시,목요일,부산광역시 동래구 사직동,경상사고,0,0,1,0,차대차 - 추돌,안전운전불이행,건조,맑음,단일로 - 기타,승용,여,59세,상해없음,승용,여,35세,경상
2023052500100414,2023년 5월 25일 17시,목요일,부산광역시 해운대구 석대동,중상사고,0,2,0,0,차대차 - 기타,신호위반,건조,맑음,단일로 - 기타,승용,남,38세,상해없음,승용,여,41세,상해없음
2023052500100415,2023년 5월 25일 17시,목요일,부산광역시 부산진구 양정동,경상사고,0,0,1,0,차대차 - 기타,안전운전불이행,건조,맑음,기타 - 기타,승용,남,65세,상해없음,이륜,남,28세,경상
2023052500100459,2023년 5월 25일 18시,목요일,부산광역시 북구 덕천동,경상사고,0,0,1,0,차대차 - 기타,안전거리미확보,건조,맑음,교차로 - 교차로부근,특수,남,23세,상해없음,승용,남,24세,경상
2023052500100460,2023년 5월 25일 18시,목요일,부산광역시 연제구 연산동,중상사고,0,1,0,1,차대사람 - 기타,기타,건조,맑음,기타 - 기타,자전거,여,54세,부상신고,보행자,남,15세,중상
2023052500100461,2023년 5월 25일 18시,목요일,부산광역시 수영구 수영동,부상신고사고,0,0,0,1,차대차 - 기타,안전운전불이행,건조,맑음,교차로 - 교차로부근,자전거,여,31세,부상신고,승용,남,51세,상해없음
2023052500100496,2023년 5월 25일 19시,목요일,부산광역시 중구 부평동2가,부상신고사고,0,0,0,5,차대차 - 측면충돌,차로위반,건조,맑음,단일로 - 기타,승용,남,60세,상해없음,승용,남,22세,부상신고
2023052500100497,2023년 5월 25일 19시,목요일,부산광역시 부산진구 개금동,경상사고,0,0,1,0,차대차 - 기타,안전거리미확보,건조,맑음,단일로 - 기타,원동기,남,33세,경상,승용,여,49세,상해없음
2023052500100498,2023년 5월 25일 19시,목요일,부산광역시 사하구 다대동,경상사고,0,0,1,0,차대사람 - 기타,안전운전불이행,건조,맑음,교차로 - 교차로안,이륜,여,48세,상해없음,보행자,남,14세,경상
2023052500100528,2023년 5월 25일 20시,목요일,부산광역시 연제구 연산동,경상사고,0,0,1,0,차대차 - 측면충돌,신호위반,건조,맑음,교차로 - 교차로안,승용,여,40세,상해없음,승용,남,65세,경상
2023052500100529,2023년 5월 25일 20시,목요일,부산광역시 사상구 학장동,경상사고,0,0,1,0,차대차 - 추돌,안전운전불이행,건조,맑음,교차로 - 교차로안,승용,남,54세,상해없음,자전거,남,21세,경상
2023052500100594,2023년 5월 25일 22시,목요일,부산광역시 수영구 민락동,경상사고,0,0,1,0,차대차 - 측면충돌,신호위반,건조,맑음,교차로 - 교차로횡단보도내,이륜,남,22세,상해없음,자전거,여,27세,경상
2023052500100612,2023년 5월 25일 23시,목요일,부산광역시 금정구 부곡동,경상사고,0,0,1,0,차대사람 - 기타,안전운전불이행,건조,맑음,기타 - 기타,승용,여,61세,상해없음,보행자,남,32세,경상
2023052600100030,2023년 5월 26일 03시,금요일,부산광역시 사하구 하단동,경상사고,0,0,1,0,차대사람 - 기타,안전운전불이행,건조,맑음,기타 - 기타,승용,여,26세,상해없음,보행자,여,22세,경상
2023052600100036,2023년 5월 26일 04시,금요일,부산광역시 해운대구 좌동,경상사고,0,0,1,0,차대차 - 추돌,안전운전불이행,건조,맑음,단일로 - 기타,화물,남,33세,상해없음,승용,남,67세,경상
2023052600100059,2023년 5월 26일 07시,금요일,부산광역시 사하구 감천동,중상사고,0,1,0,0,차대사람 - 기타,안전운전불이행,건조,맑음,단일로 - 기타,승용,여,32세,상해없음,보행자,여,67세,중상
2023052600100060,2023년 5월 26일 07시,금요일,부산광역시 사상구 감전동,중상사고,0,1,0,0,차대사람 - 차도통행중,안전운전불이행,건조,맑음,단일로 - 기타,승용,남,60세,상해없음,보행자,여,77세,중상
2023052600100094,2023년 5월 26일 08시,금요일,부산광역시 강서구 대저1동,경상사고,0,0,1,0,차대차 - 추돌,안전운전불이행,건조,맑음,교차로 - 교차로부근,화물,남,72세,상해없음,자전거,여,64세,경상
2023052600100095,2023년 5월 26일 08시,금요일,부산광역시 기장군 기장읍,중상사고,0,1,0,0,차대사람 - 횡단중,안전운전불이행,건조,맑음,교차로 - 교차로안,화물,남,53세,상해없음,보행자,여,75세,중상
2023052600100132,2023년 5월 26일 09시,금요일,부산광역시 서구 서대신동3가,경상사고,0,0,1,0,차대차 - 측면충돌,신호위반,건조,맑음,단일로 - 지하차도(도로)내,승용,남,24세,상해없음,승용,남,40세,경상
2023052600100133,2023년 5월 26일 09시,금요일,부산광역시 북구 화명동,경상사고,0,0,2,0,차대차 - 기타,차로위반,건조,맑음,단일로 - 기타,이륜,남,62세,경상,승용,여,46세,경상
2023052600100134,2023년 5월 26일 09시,금요일,부산광역시 사하구 당리동,경상사고,0,0,1,0,차대사람 - 기타,안전운전불이행,건조,맑음,교차로 - 교차로부근,승용,남,62세,기타불명,보행자,여,26세,경상
2023052600100135,2023년 5월 26일 09시,금요일,부산광역시 사상구 모라동,경상사고,0,0,1,0,차대사람 - 횡단중,신호위반,건조,맑음,단일로 - 기타,자전거,남,77세,상해없음,보행자,여,61세,경상
2023052600100173,2023년 5월 26일 10시,금요일,부산광역시 사하구 감천동,경상사고,0,0,1,0,차대차 - 측면충돌,안전운전불이행,건조,맑음,교차로 - 교차로안,화물,남,40세,상해없음,승용,남,32세,경상
2023052600100174,2023년 5월 26일 10시,금요일,부산광역시 강서구 송정동,경상사고,0,0,1,0,차대차 - 추돌,안전운전불이행,건조,맑음,교차로 - 교차로부근,화물,남,57세,상해없음,승용,여,42세,경상
2023052600100253,2023년 5월 26일 12시,금요일,부산광역시 사상구 학장동,중상사고,0,1,0,0,차대차 - 기타,교차로운행방법위반,건조,맑음,교차로 - 교차로안,승용,여,48세,상해없음,승합,남,40세,상해없음
2023052600100289,2023년 5월 26일 13시,금요일,부산광역시 남구 문현동,중상사고,0,1,0,0,차대사람 - 보도통행중,기타,건조,맑음,단일로 - 기타,화물,남,29세,상해없음,보행자,여,17세,중상
2023052600100290,2023년 5월 26일 13시,금요일,부산광역시 사하구 당리동,경상사고,0,0,1,0,차대사람 - 기타,안전운전불이행,건조,맑음,교차로 - 교차로안,승용,남,42세,상해없음,보행자,남,45세,경상
2023052600100291,2023년 5월 26일 13시,금요일,부산광역시 사상구 엄궁동,경상사고,0,0,2,0,차대차 - 기타,기타,건조,맑음,교차로 - 교차로부근,기타불명,기타불명,미분류,기타불명,이륜,남,24세,경상
2023052600100330,2023년 5월 26일 14시,금요일,부산광역시 부산진구 개금동,중상사고,0,1,0,0,차대사람 - 횡단중,보행자보호의무위반,건조,맑음,단일로 - 기타,화물,남,42세,상해없음,보행자,남,68세,중상
2023052600100363,2023년 5월 26일 15시,금요일,부산광역시 기장군 기장읍,경상사고,0,0,2,0,차대차 - 측면충돌,중앙선침범,건조,맑음,단일로 - 기타,승용,남,48세,기타불명,승용,여,55세,경상
2023052600100406,2023년 5월 26일 16시,금요일,부산광역시 남구 대연동,부상신고사고,0,0,0,1,차대차 - 측면충돌,안전운전불이행,건조,맑음,단일로 - 기타,승용,남,27세,상해없음,승용,남,59세,부상신고
2023052600100409,2023년 5월 26일 16시,금요일,부산광역시 연제구 연산동,경상사고,0,0,1,0,차대차 - 측면충돌,교차로운행방법위반,건조,맑음,교차로 - 교차로안,승용,여,59세,상해없음,이륜,남,44세,경상
2023052600100454,2023년 5월 26일 17시,금요일,부산광역시 동래구 명륜동,경상사고,0,0,1,0,차대차 - 측면충돌,안전운전불이행,건조,맑음,교차로 - 교차로안,승용,남,58세,상해없음,화물,남,39세,경상
2023052600100455,2023년 5월 26일 17시,금요일,부산광역시 부산진구 가야동,부상신고사고,0,0,0,1,차대차 - 추돌,안전거리미확보,건조,맑음,교차로 - 교차로부근,이륜,남,71세,부상신고,이륜,남,21세,상해없음
2023052600100456,2023년 5월 26일 17시,금요일,부산광역시 강서구 대저2동,경상사고,0,0,1,0,차대차 - 측면충돌,안전운전불이행,건조,맑음,단일로 - 기타,승합,남,74세,상해없음,승용,남,23세,경상
2023052600100457,2023년 5월 26일 17시,금요일,부산광역시 기장군 기장읍,중상사고,0,1,0,0,차대차 - 측면충돌,중앙선침범,건조,흐림,단일로 - 기타,승용,남,48세,상해없음,이륜,남,26세,중상
2023052600100458,2023년 5월 26일 17시,금요일,부산광역시 기장군 일광읍,경상사고,0,0,2,1,차대차 - 측면충돌,안전거리미확보,건조,맑음,단일로 - 지하차도(도로)내,승용,남,41세,경상,승합,남,68세,부상신고
2023052600100522,2023년 5월 26일 18시,금요일,부산광역시 동구 범일동,부상신고사고,0,0,0,1,차대차 - 측면충돌,안전운전불이행,건조,맑음,교차로 - 교차로부근,승용,남,69세,상해없음,승합,남,61세,상해없음
2023052600100523,2023년 5월 26일 18시,금요일,부산광역시 동래구 수안동,경상사고,0,0,1,0,차대사람 - 기타,안전운전불이행,건조,맑음,교차로 - 교차로부근,승용,남,22세,상해없음,보행자,여,26세,경상
2023052600100524,2023년 5월 26일 18시,금요일,부산광역시 부산진구 범전동,경상사고,0,0,1,0,차대차 - 측면충돌,신호위반,건조,맑음,교차로 - 교차로횡단보도내,승용,남,59세,상해없음,자전거,남,39세,경상
2023052600100525,2023년 5월 26일 18시,금요일,부산광역시 연제구 연산동,중상사고,0,1,0,0,차대차 - 측면충돌,안전거리미확보,건조,맑음,단일로 - 기타,승용,남,42세,상해없음,이륜,남,34세,중상
2023052600100579,2023년 5월 26일 19시,금요일,부산광역시 중구 중앙동7가,경상사고,0,0,1,0,차대차 - 측면충돌,안전운전불이행,건조,맑음,교차로 - 교차로안,승용,남,49세,상해없음,자전거,남,64세,경상
2023052600100580,2023년 5월 26일 19시,금요일,부산광역시 북구 만덕동,경상사고,0,0,1,0,차대차 - 기타,차로위반,건조,맑음,교차로 - 교차로부근,승용,남,66세,상해없음,이륜,남,54세,경상
2023052700100022,2023년 5월 27일 02시,토요일,부산광역시 북구 덕천동,경상사고,0,0,1,0,차대사람 - 기타,안전운전불이행,건조,맑음,기타 - 기타,승용,남,70세,상해없음,보행자,남,43세,경상
2023052700100023,2023년 5월 27일 02시,토요일,부산광역시 해운대구 좌동,경상사고,0,0,1,0,차대사람 - 기타,중앙선침범,건조,맑음,단일로 - 기타,승용,여,52세,상해없음,보행자,남,26세,경상
2023052700100036,2023년 5월 27일 03시,토요일,부산광역시 부산진구 부전동,중상사고,0,1,0,0,차대사람 - 기타,안전운전불이행,건조,맑음,단일로 - 기타,승용,남,70세,상해없음,보행자,남,31세,중상
2023052700100043,2023년 5월 27일 04시,토요일,부산광역시 동구 범일동,경상사고,0,0,3,0,차대차 - 측면충돌,기타,건조,흐림,교차로 - 교차로안,승용,남,26세,상해없음,승용,남,54세,경상
2023052700100044,2023년 5월 27일 04시,토요일,부산광역시 사하구 괴정동,경상사고,0,0,1,0,차대차 - 기타,중앙선침범,건조,맑음,단일로 - 기타,승용,남,65세,상해없음,승용,남,55세,경상
2023052700100082,2023년 5월 27일 08시,토요일,부산광역시 금정구 구서동,경상사고,0,0,1,0,차대차 - 측면충돌,안전운전불이행,건조,맑음,교차로 - 교차로안,승합,남,61세,상해없음,승용,여,26세,경상
2023052700100093,2023년 5월 27일 09시,토요일,부산광역시 북구 덕천동,경상사고,0,0,3,0,차대차 - 추돌,안전운전불이행,건조,맑음,단일로 - 기타,화물,남,31세,상해없음,승용,여,67세,경상
2023052700100094,2023년 5월 27일 09시,토요일,부산광역시 동래구 명륜동,부상신고사고,0,0,0,1,차대사람 - 기타,안전운전불이행,건조,맑음,단일로 - 기타,승합,남,65세,상해없음,보행자,남,55세,부상신고
2023052700100095,2023년 5월 27일 09시,토요일,부산광역시 금정구 장전동,경상사고,0,0,1,0,차대차 - 추돌,안전운전불이행,건조,맑음,교차로 - 교차로안,승용,남,22세,상해없음,화물,남,32세,경상
2023052700100154,2023년 5월 27일 11시,토요일,부산광역시 서구 남부민동,경상사고,0,0,1,0,차대차 - 측면충돌,신호위반,건조,맑음,교차로 - 교차로부근,승용,남,40세,상해없음,승용,남,62세,경상