사고번호,사고일시,요일,시군구,사고내용,사망자수,중상자수,경상자수,부상신고자수,사고유형,법규위반,노면상태,기상상태,도로형태,가해운전자 차종,가해운전자 성별,가해운전자 연령,가해운전자 상해정도,피해운전자 차종,피해운전자 성별,피해운전자 연령,피해운전자 상해정도
2023052700100198,2023년 5월 27일 12시,토요일,부산광역시 부산진구 당감동,경상사고,0,0,1,0,차대사람 - 기타,안전운전불이행,건조,맑음,단일로 - 기타,화물,남,67세,상해없음,보행자,남,63세,경상
2023052700100199,2023년 5월 27일 12시,토요일,부산광역시 연제구 거제동,경상사고,0,0,1,0,차대차 - 측면충돌,안전운전불이행,건조,맑음,교차로 - 교차로안,승용,남,70세,상해없음,승용,여,64세,경상
2023052700100238,2023년 5월 27일 13시,토요일,부산광역시 수영구 광안동,부상신고사고,0,0,0,1,차대사람 - 기타,안전운전불이행,건조,맑음,단일로 - 기타,승합,남,51세,기타불명,보행자,여,59세,부상신고
2023052700100239,2023년 5월 27일 13시,토요일,부산광역시 동래구 온천동,중상사고,0,1,2,0,차대차 - 기타,안전거리미확보,건조,맑음,단일로 - 기타,승용,여,52세,경상,승용,남,52세,경상
2023052700100240,2023년 5월 27일 13시,토요일,부산광역시 금정구 노포동,경상사고,0,0,2,0,차대차 - 추돌,안전운전불이행,건조,맑음,기타 - 기타,승용,남,53세,상해없음,승용,남,30세,경상
2023052700100241,2023년 5월 27일 13시,토요일,부산광역시 사상구 학장동,경상사고,0,0,1,0,차대차 - 측면충돌,안전운전불이행,건조,맑음,교차로 - 교차로부근,승용,남,50세,상해없음,이륜,남,52세,경상
2023052700100242,2023년 5월 27일 13시,토요일,부산광역시 기장군 기장읍,경상사고,0,0,2,0,차대차 - 측면충돌,안전거리미확보,건조,맑음,교차로 - 교차로부근,승용,남,66세,상해없음,승용,여,48세,경상
2023052700100283,2023년 5월 27일 14시,토요일,부산광역시 부산진구 당감동,경상사고,0,0,1,0,차대차 - 기타,신호위반,건조,맑음,단일로 - 기타,승용,남,23세,상해없음,승합,남,53세,상해없음
2023052700100317,2023년 5월 27일 15시,토요일,부산광역시 서구 서대신동3가,경상사고,0,0,1,0,차대차 - 추돌,안전운전불이행,건조,맑음,단일로 - 지하차도(도로)내,승용,남,63세,상해없음,승용,남,36세,상해없음
2023052700100318,2023년 5월 27일 15시,토요일,부산광역시 영도구 청학동,경상사고,0,0,2,0,차대차 - 추돌,안전운전불이행,건조,맑음,단일로 - 기타,승용,남,67세,상해없음,승용,남,63세,경상
2023052700100319,2023년 5월 27일 15시,토요일,부산광역시 부산진구 전포동,경상사고,0,0,1,0,차대차 - 측면충돌,안전거리미확보,건조,맑음,단일로 - 기타,승용,남,38세,상해없음,화물,남,25세,경상
2023052700100320,2023년 5월 27일 15시,토요일,부산광역시 연제구 거제동,경상사고,0,0,2,0,차대차 - 추돌,신호위반,건조,맑음,교차로 - 교차로부근,승용,여,36세,경상,승합,남,42세,상해없음
2023052700100351,2023년 5월 27일 16시,토요일,부산광역시 동구 초량동,경상사고,0,0,1,0,차대차 - 측면충돌,안전거리미확보,건조,맑음,단일로 - 기타,승용,남,49세,상해없음,승용,여,28세,경상
2023052700100389,2023년 5월 27일 17시,토요일,부산광역시 해운대구 우동,경상사고,0,0,2,0,차대차 - 기타,교차로운행방법위반,건조,맑음,교차로 - 교차로안,승용,여,48세,상해없음,승용,남,27세,경상
2023052700100390,2023년 5월 27일 17시,토요일,부산광역시 해운대구 좌동,부상신고사고,0,0,0,2,차대차 - 측면충돌,차로위반,건조,맑음,단일로 - 기타,승용,여,43세,상해없음,승용,여,63세,부상신고
2023052700100391,2023년 5월 27일 17시,토요일,부산광역시 사상구 모라동,중상사고,0,1,0,0,차대차 - 측면충돌,교차로운행방법위반,건조,맑음,교차로 - 교차로안,승합,여,59세,상해없음,승용,남,65세,상해없음
2023052700100417,2023년 5월 27일 18시,토요일,부산광역시 수영구 민락동,경상사고,0,0,1,0,차대사람 - 횡단중,안전운전불이행,건조,맑음,기타 - 기타,승용,남,22세,상해없음,보행자,여,6세,경상
2023052700100453,2023년 5월 27일 19시,토요일,부산광역시 동래구 명륜동,경상사고,0,0,1,0,차대차 - 측면충돌,안전운전불이행,건조,맑음,교차로 - 교차로안,승용,남,26세,상해없음,자전거,남,65세,경상
2023052700100454,2023년 5월 27일 19시,토요일,부산광역시 해운대구 우동,중상사고,0,1,2,0,차대차 - 측면충돌,교차로운행방법위반,건조,맑음,교차로 - 교차로안,승용,남,26세,상해없음,승용,여,50세,경상
2023052700100455,2023년 5월 27일 19시,토요일,부산광역시 기장군 일광읍,경상사고,0,0,2,0,차대차 - 측면충돌,신호위반,건조,맑음,교차로 - 교차로안,이륜,남,56세,상해없음,승용,남,44세,경상
2023052700100487,2023년 5월 27일 20시,토요일,부산광역시 수영구 민락동,경상사고,0,0,1,0,차대차 - 측면충돌,신호위반,건조,맑음,교차로 - 교차로안,승합,남,44세,상해없음,이륜,남,41세,경상
2023052700100488,2023년 5월 27일 20시,토요일,부산광역시 동래구 사직동,경상사고,0,0,1,0,차대사람 - 횡단중,신호위반,건조,맑음,단일로 - 기타,이륜,남,28세,상해없음,보행자,남,46세,경상
2023052700100536,2023년 5월 27일 21시,토요일,부산광역시 해운대구 우동,경상사고,0,0,1,1,차대차 - 측면충돌,안전거리미확보,건조,맑음,단일로 - 기타,승용,남,49세,부상신고,승용,남,39세,경상
2023052700100570,2023년 5월 27일 22시,토요일,부산광역시 동구 초량동,경상사고,0,0,1,0,차대사람 - 기타,안전운전불이행,건조,맑음,단일로 - 기타,승용,남,31세,상해없음,보행자,남,53세,경상
2023052800100024,2023년 5월 28일 01시,일요일,부산광역시 부산진구 부전동,경상사고,0,0,1,0,차대사람 - 보도통행중,기타,건조,맑음,교차로 - 교차로안,개인형이동수단(PM),남,29세,상해없음,보행자,여,51세,경상
2023052800100025,2023년 5월 28일 01시,일요일,부산광역시 부산진구 양정동,중상사고,0,1,0,0,차대차 - 기타,안전운전불이행,건조,맑음,단일로 - 기타,승용,남,32세,상해없음,승용,남,64세,상해없음
2023052800100035,2023년 5월 28일 02시,일요일,부산광역시 강서구 대저1동,경상사고,0,0,1,0,차대차 - 측면충돌,안전거리미확보,건조,맑음,단일로 - 기타,승용,남,42세,상해없음,승용,남,61세,경상
2023052800100055,2023년 5월 28일 05시,일요일,부산광역시 연제구 거제동,경상사고,0,0,2,0,차대차 - 측면충돌,신호위반,건조,맑음,교차로 - 교차로안,승용,남,72세,상해없음,승용,남,41세,경상
2023052800100067,2023년 5월 28일 07시,일요일,부산광역시 수영구 광안동,중상사고,0,1,0,0,차대차 - 측면충돌,신호위반,건조,흐림,교차로 - 교차로안,승용,남,62세,상해없음,화물,남,61세,중상
2023052800100068,2023년 5월 28일 07시,일요일,부산광역시 수영구 남천동,경상사고,0,0,1,1,차대차 - 추돌,안전운전불이행,건조,맑음,교차로 - 교차로부근,승용,여,24세,상해없음,승용,남,66세,경상
2023052800100075,2023년 5월 28일 08시,일요일,부산광역시 동래구 사직동,경상사고,0,0,1,0,차대차 - 기타,안전운전불이행,건조,맑음,교차로 - 교차로안,건설기계,남,48세,상해없음,승용,여,41세,경상
2023052800100091,2023년 5월 28일 09시,일요일,부산광역시 수영구 남천동,중상사고,0,1,1,1,차대차 - 추돌,안전운전불이행,젖음/습기,비,단일로 - 기타,승용,남,69세,상해없음,승용,남,35세,경상
2023052800100092,2023년 5월 28일 09시,일요일,부산광역시 부산진구 범천동,경상사고,0,0,4,0,차대차 - 정면충돌,안전운전불이행,건조,맑음,교차로 - 교차로안,승용,남,31세,상해없음,승용,남,33세,경상
2023052800100093,2023년 5월 28일 09시,일요일,부산광역시 사상구 감전동,중상사고,0,1,0,0,차대사람 - 기타,안전운전불이행,건조,맑음,단일로 - 기타,승용,여,71세,상해없음,보행자,남,57세,중상
2023052800100122,2023년 5월 28일 11시,일요일,부산광역시 수영구 남천동,중상사고,0,1,0,0,차량단독 - 기타,안전운전불이행,건조,맑음,교차로 - 교차로부근,승합,남,44세,상해없음,,,,
2023052800100123,2023년 5월 28일 11시,일요일,부산광역시 해운대구 우동,경상사고,0,0,1,0,차대차 - 측면충돌,안전운전불이행,건조,흐림,단일로 - 기타,승용,남,29세,상해없음,이륜,남,51세,경상
2023052800100148,2023년 5월 28일 12시,일요일,부산광역시 수영구 광안동,경상사고,0,0,1,0,차대차 - 측면충돌,안전거리미확보,건조,맑음,단일로 - 기타,승용,남,61세,상해없음,이륜,남,39세,경상
2023052800100149,2023년 5월 28일 12시,일요일,부산광역시 금정구 장전동,경상사고,0,0,1,0,차대차 - 기타,신호위반,젖음/습기,비,단일로 - 기타,승용,남,70세,상해없음,이륜,남,57세,경상
2023052800100202,2023년 5월 28일 14시,일요일,부산광역시 중구 부평동2가,경상사고,0,0,1,0,차대사람 - 차도통행중,안전운전불이행,젖음/습기,비,단일로 - 기타,이륜,여,62세,상해없음,보행자,남,28세,경상
2023052800100203,2023년 5월 28일 14시,일요일,부산광역시 남구 문현동,경상사고,0,0,1,0,차대차 - 측면충돌,안전거리미확보,건조,맑음,단일로 - 기타,승용,남,25세,상해없음,승용,남,29세,경상
2023052800100204,2023년 5월 28일 14시,일요일,부산광역시 해운대구 송정동,경상사고,0,0,1,0,차대차 - 기타,차로위반,기타,맑음,단일로 - 기타,승용,여,54세,상해없음,승용,남,35세,경상
2023052800100205,2023년 5월 28일 14시,일요일,부산광역시 부산진구 부전동,경상사고,0,0,1,0,차대차 - 기타,안전운전불이행,건조,맑음,교차로 - 교차로부근,이륜,남,32세,상해없음,자전거,여,68세,경상
2023052800100206,2023년 5월 28일 14시,일요일,부산광역시 사하구 괴정동,중상사고,0,1,0,0,차대사람 - 차도통행중,안전운전불이행,젖음/습기,비,단일로 - 기타,승용,남,45세,상해없음,보행자,남,58세,중상
2023052800100233,2023년 5월 28일 15시,일요일,부산광역시 남구 대연동,경상사고,0,0,3,0,차대차 - 추돌,안전운전불이행,젖음/습기,비,단일로 - 기타,승용,남,59세,상해없음,승용,남,26세,경상
2023052800100234,2023년 5월 28일 15시,일요일,부산광역시 연제구 연산동,경상사고,0,0,2,0,차대차 - 측면충돌,안전운전불이행,젖음/습기,비,기타 - 기타,이륜,남,13세,상해없음,승용,남,43세,경상
2023052800100272,2023년 5월 28일 16시,일요일,부산광역시 중구 대창동2가,중상사고,0,1,0,0,차대차 - 추돌,안전운전불이행,건조,맑음,교차로 - 교차로안,승용,남,61세,상해없음,승용,남,64세,중상
2023052800100367,2023년 5월 28일 20시,일요일,부산광역시 부산진구 개금동,중상사고,0,1,7,0,차대차 - 추돌,안전거리미확보,젖음/습기,흐림,단일로 - 고가도로위,승용,남,24세,중상,승용,남,23세,경상
2023052800100368,2023년 5월 28일 20시,일요일,부산광역시 연제구 연산동,경상사고,0,0,2,0,차대차 - 기타,신호위반,젖음/습기,비,교차로 - 교차로안,승용,남,56세,경상,승합,남,40세,경상
2023052800100369,2023년 5월 28일 20시,일요일,부산광역시 사상구 학장동,경상사고,0,0,1,0,차대차 - 기타,안전운전불이행,젖음/습기,비,기타 - 기타,승용,남,67세,상해없음,승용,남,64세,경상
2023052800100407,2023년 5월 28일 21시,일요일,부산광역시 부산진구 부전동,경상사고,0,0,1,0,차대사람 - 기타,안전운전불이행,건조,맑음,단일로 - 기타,승용,여,23세,상해없음,보행자,여,28세,경상
2023052800100434,2023년 5월 28일 22시,일요일,부산광역시 연제구 거제동,경상사고,0,0,1,0,차대사람 - 기타,안전운전불이행,건조,맑음,기타 - 기타,자전거,여,35세,상해없음,보행자,여,66세,경상
2023052900100005,2023년 5월 29일 00시,월요일,부산광역시 부산진구 부전동,중상사고,0,1,0,0,차대사람 - 차도통행중,안전운전불이행,건조,흐림,단일로 - 기타,승용,남,66세,상해없음,보행자,남,33세,중상
2023052900100030,2023년 5월 29일 03시,월요일,부산광역시 부산진구 부전동,경상사고,0,0,1,0,차대차 - 추돌,안전거리미확보,젖음/습기,흐림,단일로 - 기타,승용,남,51세,상해없음,승용,남,63세,상해없음
2023052900100068,2023년 5월 29일 08시,월요일,부산광역시 부산진구 범천동,경상사고,0,0,1,0,차대차 - 정면충돌,중앙선침범,젖음/습기,비,단일로 - 기타,승용,남,73세,상해없음,승합,남,59세,상해없음
2023052900100082,2023년 5월 29일 09시,월요일,부산광역시 서구 남부민동,중상사고,0,1,0,0,차대차 - 측면충돌,안전운전불이행,젖음/습기,맑음,교차로 - 교차로안,화물,남,33세,상해없음,이륜,남,73세,중상
2023052900100083,2023년 5월 29일 09시,월요일,부산광역시 동래구 안락동,경상사고,0,0,2,0,차대차 - 추돌,안전거리미확보,젖음/습기,비,단일로 - 기타,승용,남,60세,상해없음,승용,남,32세,경상
2023052900100100,2023년 5월 29일 10시,월요일,부산광역시 해운대구 재송동,경상사고,0,0,1,0,차대차 - 측면충돌,교차로운행방법위반,건조,맑음,교차로 - 교차로안,승용,여,45세,상해없음,화물,남,41세,경상
2023052900100101,2023년 5월 29일 10시,월요일,부산광역시 금정구 구서동,경상사고,0,0,2,0,차대차 - 기타,안전운전불이행,젖음/습기,흐림,단일로 - 기타,화물,남,72세,상해없음,승용,남,46세,경상
2023052900100140,2023년 5월 29일 12시,월요일,부산광역시 동구 초량동,경상사고,0,0,2,0,차대차 - 측면충돌,안전운전불이행,젖음/습기,비,단일로 - 지하차도(도로)내,승용,여,68세,상해없음,승용,남,43세,경상
2023052900100141,2023년 5월 29일 12시,월요일,부산광역시 부산진구 부전동,중상사고,0,1,2,0,차대차 - 측면충돌,안전운전불이행,건조,맑음,교차로 - 교차로안,승용,남,76세,경상,승용,남,72세,경상
2023052900100142,2023년 5월 29일 12시,월요일,부산광역시 부산진구 범천동,경상사고,0,0,1,0,차대차 - 기타,신호위반,젖음/습기,비,교차로 - 교차로안,승용,남,36세,상해없음,승용,여,49세,경상
2023052900100162,2023년 5월 29일 13시,월요일,부산광역시 부산진구 개금동,부상신고사고,0,0,0,1,차대차 - 추돌,안전거리미확보,젖음/습기,비,단일로 - 기타,승용,남,46세,상해없음,승용,남,68세,부상신고
2023052900100163,2023년 5월 29일 13시,월요일,부산광역시 기장군 일광읍,경상사고,0,0,1,0,차대차 - 기타,안전운전불이행,젖음/습기,비,단일로 - 기타,승용,여,60세,상해없음,승용,여,68세,경상
2023052900100193,2023년 5월 29일 14시,월요일,부산광역시 부산진구 개금동,경상사고,0,0,2,0,차대차 - 정면충돌,신호위반,젖음/습기,비,교차로 - 교차로안,승용,여,34세,상해없음,승용,남,40세,경상
2023052900100194,2023년 5월 29일 14시,월요일,부산광역시 기장군 정관읍,경상사고,0,0,2,0,차대차 - 측면충돌,안전운전불이행,젖음/습기,비,교차로 - 교차로안,승용,남,62세,상해없음,승용,여,31세,경상
2023052900100237,2023년 5월 29일 15시,월요일,부산광역시 영도구 신선동1가,경상사고,0,0,1,0,차대사람 - 횡단중,안전운전불이행,젖음/습기,비,교차로 - 교차로안,승용,여,42세,상해없음,보행자,남,68세,경상
2023052900100238,2023년 5월 29일 15시,월요일,부산광역시 영도구 영선동1가,경상사고,0,0,1,0,차대차 - 기타,안전운전불이행,젖음/습기,비,단일로 - 기타,승용,남,73세,상해없음,승용,여,59세,경상
2023052900100265,2023년 5월 29일 16시,월요일,부산광역시 중구 중앙동6가,경상사고,0,0,1,0,차대사람 - 기타,안전운전불이행,젖음/습기,비,단일로 - 기타,승합,남,56세,상해없음,보행자,남,61세,경상
2023052900100266,2023년 5월 29일 16시,월요일,부산광역시 부산진구 부암동,경상사고,0,0,1,0,차대차 - 추돌,안전거리미확보,건조,맑음,단일로 - 기타,승합,남,67세,상해없음,승용,남,42세,경상
2023052900100267,2023년 5월 29일 16시,월요일,부산광역시 금정구 서동,경상사고,0,0,1,0,차대차 - 측면충돌,안전운전불이행,젖음/습기,비,단일로 - 기타,화물,남,63세,상해없음,승용,남,55세,경상
2023052900100268,2023년 5월 29일 16시,월요일,부산광역시 사상구 괘법동,경상사고,0,0,1,0,차대차 - 추돌,안전운전불이행,젖음/습기,비,단일로 - 기타,승용,여,51세,상해없음,승용,여,48세,경상
2023052900100299,2023년 5월 29일 17시,월요일,부산광역시 해운대구 반여동,중상사고,0,1,0,0,차대차 - 기타,안전운전불이행,젖음/습기,비,단일로 - 기타,승용,남,64세,상해없음,원동기,남,58세,중상
2023052900100300,2023년 5월 29일 17시,월요일,부산광역시 부산진구 초읍동,중상사고,0,1,0,0,차대차 - 기타,안전운전불이행,젖음/습기,비,단일로 - 기타,승용,남,76세,상해없음,이륜,남,50세,중상
2023052900100301,2023년 5월 29일 17시,월요일,부산광역시 강서구 명지동,경상사고,0,0,1,0,차대사람 - 차도통행중,안전운전불이행,젖음/습기,비,교차로 - 교차로안,승용,여,47세,상해없음,보행자,여,31세,경상
2023052900100302,2023년 5월 29일 17시,월요일,부산광역시 사상구 주례동,경상사고,0,0,1,0,차대차 - 기타,신호위반,젖음/습기,비,단일로 - 고가도로위,승용,남,54세,상해없음,승용,여,61세,경상
2023052900100344,2023년 5월 29일 18시,월요일,부산광역시 연제구 거제동,경상사고,0,0,1,0,차대차 - 기타,안전운전불이행,젖음/습기,비,단일로 - 기타,승용,남,43세,상해없음,승용,남,27세,상해없음
2023052900100345,2023년 5월 29일 18시,월요일,부산광역시 수영구 망미동,경상사고,0,0,3,0,차대차 - 측면충돌,안전운전불이행,젖음/습기,비,단일로 - 기타,화물,남,54세,상해없음,승용,여,40세,경상
2023052900100386,2023년 5월 29일 19시,월요일,부산광역시 수영구 남천동,경상사고,0,0,1,0,차대차 - 측면충돌,신호위반,젖음/습기,비,교차로 - 교차로안,승용,남,23세,상해없음,원동기,남,35세,경상
2023052900100406,2023년 5월 29일 20시,월요일,부산광역시 해운대구 송정동,경상사고,0,0,2,0,차대차 - 기타,안전운전불이행,젖음/습기,비,교차로 - 교차로부근,승용,여,47세,상해없음,승용,남,20세,경상
2023052900100427,2023년 5월 29일 21시,월요일,부산광역시 수영구 남천동,경상사고,0,0,1,0,차대차 - 측면충돌,안전거리미확보,젖음/습기,비,단일로 - 교량,승용,여,51세,상해없음,승용,남,32세,경상
2023052900100448,2023년 5월 29일 22시,월요일,부산광역시 북구 금곡동,경상사고,0,0,1,0,차대차 - 측면충돌,차로위반,젖음/습기,비,단일로 - 기타,승용,여,50세,상해없음,승용,남,41세,경상
2023053000100023,2023년 5월 30일 05시,화요일,부산광역시 수영구 민락동,경상사고,0,0,3,0,차대차 - 기타,안전운전불이행,젖음/습기,비,교차로 - 교차로부근,승용,남,21세,상해없음,화물,남,44세,경상
2023053000100028,2023년 5월 30일 06시,화요일,부산광역시 강서구 봉림동,경상사고,0,0,1,0,차대차 - 기타,안전운전불이행,건조,맑음,단일로 - 교량,승용,남,22세,기타불명,승용,남,40세,경상
2023053000100042,2023년 5월 30일 07시,화요일,부산광역시 동래구 낙민동,중상사고,0,1,1,0,차대차 - 기타,안전운전불이행,건조,맑음,단일로 - 기타,승용,남,60세,경상,화물,남,65세,중상
2023053000100124,2023년 5월 30일 09시,화요일,부산광역시 동래구 안락동,경상사고,0,0,1,0,차대차 - 측면충돌,안전운전불이행,건조,맑음,단일로 - 기타,승용,남,80세,상해없음,승용,남,30세,경상
2023053000100165,2023년 5월 30일 10시,화요일,부산광역시 수영구 망미동,중상사고,0,1,0,0,차대차 - 정면충돌,직진우회전진행방해,건조,맑음,교차로 - 교차로안,자전거,남,76세,중상,화물,남,75세,상해없음
2023053000100190,2023년 5월 30일 11시,화요일,부산광역시 중구 보수동3가,부상신고사고,0,0,0,1,차대차 - 측면충돌,안전운전불이행,건조,맑음,단일로 - 기타,이륜,남,66세,부상신고,이륜,남,27세,상해없음
2023053000100191,2023년 5월 30일 11시,화요일,부산광역시 사하구 다대동,중상사고,0,1,0,0,차대차 - 추돌,안전운전불이행,건조,맑음,교차로 - 교차로부근,승용,남,56세,기타불명,승용,남,40세,중상
2023053000100230,2023년 5월 30일 12시,화요일,부산광역시 서구 서대신동2가,부상신고사고,0,0,0,1,차대차 - 측면충돌,안전운전불이행,건조,맑음,단일로 - 지하차도(도로)내,승용,여,66세,상해없음,이륜,남,71세,부상신고
2023053000100231,2023년 5월 30일 12시,화요일,부산광역시 강서구 녹산동,경상사고,0,0,2,0,차대차 - 기타,안전운전불이행,건조,맑음,단일로 - 기타,승용,여,29세,경상,승용,남,43세,경상
2023053000100269,2023년 5월 30일 13시,화요일,부산광역시 금정구 부곡동,경상사고,0,0,1,0,차대차 - 기타,신호위반,건조,맑음,교차로 - 교차로안,화물,남,36세,상해없음,이륜,남,40세,경상
2023053000100270,2023년 5월 30일 13시,화요일,부산광역시 금정구 남산동,경상사고,0,0,1,0,차대사람 - 기타,안전운전불이행,젖음/습기,흐림,기타 - 기타,화물,남,25세,상해없음,보행자,남,70세,경상
2023053000100271,2023년 5월 30일 13시,화요일,부산광역시 강서구 대저2동,경상사고,0,0,1,0,차대차 - 측면충돌,안전운전불이행,건조,맑음,교차로 - 교차로안,승용,남,71세,경상,승용,남,29세,상해없음
2023053000100342,2023년 5월 30일 15시,화요일,부산광역시 부산진구 양정동,경상사고,0,0,1,0,차대차 - 측면충돌,신호위반,건조,맑음,교차로 - 교차로부근,승합,남,54세,상해없음,승용,남,39세,경상
2023053000100343,2023년 5월 30일 15시,화요일,부산광역시 금정구 서동,경상사고,0,0,2,0,차대차 - 측면충돌,신호위반,건조,맑음,교차로 - 교차로안,승용,여,81세,상해없음,승용,여,54세,경상
2023053000100375,2023년 5월 30일 16시,화요일,부산광역시 해운대구 우동,경상사고,0,0,2,0,차대차 - 측면충돌,차로위반,건조,맑음,단일로 - 기타,승용,여,24세,상해없음,승용,여,23세,경상
2023053000100376,2023년 5월 30일 16시,화요일,부산광역시 부산진구 당감동,경상사고,0,0,1,0,차대사람 - 차도통행중,안전운전불이행,건조,맑음,단일로 - 기타,자전거,남,14세,상해없음,보행자,여,66세,경상
2023053000100377,2023년 5월 30일 16시,화요일,부산광역시 기장군 장안읍,중상사고,0,4,8,1,차대차 - 측면충돌,직진우회전진행방해,건조,맑음,교차로 - 교차로안,화물,남,47세,경상,승합,남,32세,상해없음
2023053000100420,2023년 5월 30일 17시,화요일,부산광역시 북구 덕천동,경상사고,0,0,2,0,차대차 - 추돌,안전운전불이행,건조,맑음,단일로 - 기타,승용,여,27세,상해없음,승용,남,67세,경상
2023053000100421,2023년 5월 30일 17시,화요일,부산광역시 사상구 주례동,경상사고,0,0,1,0,차대사람 - 보도통행중,안전운전불이행,건조,맑음,단일로 - 기타,승용,남,51세,기타불명,보행자,남,45세,경상
2023053000100470,2023년 5월 30일 18시,화요일,부산광역시 중구 동광동5가,경상사고,0,0,1,0,차대사람 - 기타,신호위반,젖음/습기,비,교차로 - 교차로안,승용,여,56세,상해없음,보행자,여,51세,경상
2023053000100471,2023년 5월 30일 18시,화요일,부산광역시 수영구 광안동,경상사고,0,0,1,0,차대사람 - 기타,안전운전불이행,건조,맑음,교차로 - 교차로부근,승용,남,67세,상해없음,보행자,여,81세,경상
2023053000100529,2023년 5월 30일 20시,화요일,부산광역시 부산진구 부전동,중상사고,0,1,0,0,차대차 - 기타,신호위반,건조,맑음,교차로 - 교차로안,승합,남,55세,상해없음,이륜,남,43세,중상
2023053000100530,2023년 5월 30일 20시,화요일,부산광역시 부산진구 전포동,중상사고,0,1,0,0,차대차 - 측면충돌,신호위반,건조,맑음,단일로 - 기타,승용,남,65세,상해없음,승용,남,31세,중상
2023053000100531,2023년 5월 30일 20시,화요일,부산광역시 연제구 연산동,중상사고,0,1,0,0,차대사람 - 기타,안전운전불이행,건조,맑음,교차로 - 교차로부근,승용,남,51세,상해없음,보행자,여,13세,중상
2023053000100567,2023년 5월 30일 22시,화요일,부산광역시 동구 범일동,경상사고,0,0,1,0,차대차 - 측면충돌,안전거리미확보,건조,흐림,단일로 - 지하차도(도로)내,승용,남,61세,상해없음,이륜,남,50세,경상
2023053000100568,2023년 5월 30일 22시,화요일,부산광역시 기장군 정관읍,경상사고,0,0,1,1,차대차 - 측면충돌,안전운전불이행,건조,맑음,교차로 - 교차로안,화물,남,47세,상해없음,승용,여,35세,경상
2023053100100009,2023년 5월 31일 01시,수요일,부산광역시 수영구 광안동,경상사고,0,0,1,0,차대차 - 기타,안전운전불이행,젖음/습기,비,교차로 - 교차로안,승용,남,25세,상해없음,개인형이동수단(PM),남,25세,경상
2023053100100010,2023년 5월 31일 01시,수요일,부산광역시 동래구 안락동,경상사고,0,0,1,0,차대차 - 추돌,안전운전불이행,건조,맑음,교차로 - 교차로부근,화물,남,55세,상해없음,승용,남,71세,경상
2023053100100014,2023년 5월 31일 02시,수요일,부산광역시 동구 범일동,중상사고,0,1,0,0,차대사람 - 차도통행중,안전운전불이행,건조,맑음,단일로 - 지하차도(도로)내,승용,남,48세,상해없음,보행자,여,72세,중상
2023053100100115,2023년 5월 31일 09시,수요일,부산광역시 북구 구포동,경상사고,0,0,1,0,차대차 - 추돌,안전운전불이행,건조,맑음,단일로 - 기타,승용,남,76세,상해없음,승용,남,69세,경상
2023053100100116,2023년 5월 31일 09시,수요일,부산광역시 금정구 장전동,중상사고,0,1,0,0,차대차 - 측면충돌,안전운전불이행,건조,맑음,교차로 - 교차로횡단보도내,승용,여,50세,상해없음,자전거,여,62세,중상
2023053100100117,2023년 5월 31일 09시,수요일,부산광역시 사하구 하단동,경상사고,0,0,1,0,차대차 - 기타,안전운전불이행,건조,맑음,단일로 - 기타,자전거,남,59세,경상,승용,여,42세,상해없음
2023053100100142,2023년 5월 31일 10시,수요일,부산광역시 부산진구 당감동,경상사고,0,0,4,0,차대차 - 추돌,안전운전불이행,건조,맑음,단일로 - 터널,화물,남,66세,상해없음,승용,남,64세,경상
2023053100100143,2023년 5월 31일 10시,수요일,부산광역시 부산진구 양정동,중상사고,0,1,0,0,차대차 - 기타,안전거리미확보,건조,맑음,단일로 - 기타,화물,남,64세,상해없음,이륜,남,23세,중상
2023053100100144,2023년 5월 31일 10시,수요일,부산광역시 사하구 당리동,중상사고,0,1,0,0,차대사람 - 횡단중,보행자보호의무위반,건조,맑음,교차로 - 교차로부근,승용,남,69세,상해없음,보행자,여,76세,중상
2023053100100145,2023년 5월 31일 10시,수요일,부산광역시 사하구 하단동,경상사고,0,0,1,0,차량단독 - 기타,안전운전불이행,건조,맑음,단일로 - 기타,승합,남,46세,상해없음,,,,
2023053100100146,2023년 5월 31일 10시,수요일,부산광역시 연제구 연산동,중상사고,0,1,0,0,차대사람 - 기타,안전운전불이행,건조,맑음,단일로 - 기타,승용,남,56세,상해없음,보행자,여,79세,중상
2023053100100176,2023년 5월 31일 11시,수요일,부산광역시 동구 범일동,경상사고,0,0,1,0,차대차 - 기타,신호위반,건조,맑음,교차로 - 교차로안,승합,남,68세,상해없음,원동기,남,31세,경상
2023053100100177,2023년 5월 31일 11시,수요일,부산광역시 동래구 온천동,경상사고,0,0,1,0,차대차 - 기타,신호위반,건조,맑음,교차로 - 교차로부근,승용,여,57세,상해없음,승용,여,42세,경상
2023053100100207,2023년 5월 31일 12시,수요일,부산광역시 서구 서대신동2가,중상사고,0,1,0,0,차대차 - 정면충돌,중앙선침범,건조,맑음,교차로 - 교차로횡단보도내,자전거,남,85세,중상,승용,여,45세,상해없음
2023053100100208,2023년 5월 31일 12시,수요일,부산광역시 남구 용당동,경상사고,0,0,1,0,차대차 - 기타,안전거리미확보,건조,맑음,단일로 - 지하차도(도로)내,이륜,여,22세,경상,화물,남,46세,상해없음