사고번호,사고일시,요일,시군구,사고내용,사망자수,중상자수,경상자수,부상신고자수,사고유형,법규위반,노면상태,기상상태,도로형태,가해운전자 차종,가해운전자 성별,가해운전자 연령,가해운전자 상해정도,피해운전자 차종,피해운전자 성별,피해운전자 연령,피해운전자 상해정도
2023053100100234,2023년 5월 31일 13시,수요일,부산광역시 해운대구 우동,경상사고,0,0,1,0,차대차 - 측면충돌,안전운전불이행,건조,맑음,기타 - 기타,승용,남,53세,상해없음,이륜,여,33세,경상
2023053100100275,2023년 5월 31일 14시,수요일,부산광역시 중구 부평동1가,중상사고,0,1,0,0,차대사람 - 횡단중,안전운전불이행,건조,맑음,단일로 - 기타,이륜,남,56세,상해없음,보행자,여,76세,중상
2023053100100277,2023년 5월 31일 14시,수요일,부산광역시 기장군 일광읍,경상사고,0,0,1,0,차대차 - 기타,안전운전불이행,건조,맑음,기타 - 기타,승용,여,64세,상해없음,자전거,남,48세,경상
2023053100100278,2023년 5월 31일 14시,수요일,부산광역시 기장군 기장읍,경상사고,0,0,1,0,차대차 - 측면충돌,안전운전불이행,건조,맑음,기타 - 기타,화물,남,70세,상해없음,승용,남,56세,경상
2023053100100312,2023년 5월 31일 15시,수요일,부산광역시 남구 문현동,중상사고,0,1,1,0,차대차 - 추돌,안전거리미확보,건조,맑음,단일로 - 기타,승용,여,60세,상해없음,승용,여,57세,중상
2023053100100313,2023년 5월 31일 15시,수요일,부산광역시 영도구 봉래동2가,경상사고,0,0,3,0,차대차 - 기타,안전운전불이행,건조,맑음,교차로 - 교차로안,승용,여,42세,기타불명,승용,남,66세,경상
2023053100100314,2023년 5월 31일 15시,수요일,부산광역시 부산진구 가야동,중상사고,0,1,0,0,차대차 - 후진중충돌,불법유턴,건조,맑음,교차로 - 교차로부근,화물,남,58세,상해없음,이륜,남,43세,중상
2023053100100315,2023년 5월 31일 15시,수요일,부산광역시 사하구 신평동,경상사고,0,0,1,0,차대차 - 기타,신호위반,건조,맑음,교차로 - 교차로안,승용,여,49세,상해없음,승용,남,59세,경상
2023053100100356,2023년 5월 31일 16시,수요일,부산광역시 북구 화명동,경상사고,0,0,1,0,차대차 - 기타,안전운전불이행,건조,맑음,기타 - 기타,승용,남,24세,상해없음,승용,여,54세,경상
2023053100100357,2023년 5월 31일 16시,수요일,부산광역시 동래구 사직동,중상사고,0,1,0,0,차량단독 - 기타,안전운전불이행,건조,맑음,단일로 - 기타,승합,남,50세,상해없음,,,,
2023053100100358,2023년 5월 31일 16시,수요일,부산광역시 금정구 남산동,경상사고,0,0,1,0,차대사람 - 길가장자리구역통행중,안전운전불이행,건조,맑음,단일로 - 기타,승용,여,48세,상해없음,보행자,여,35세,경상
2023053100100359,2023년 5월 31일 16시,수요일,부산광역시 사상구 삼락동,중상사고,0,2,0,0,차대차 - 측면충돌,신호위반,건조,맑음,교차로 - 교차로안,승용,남,41세,상해없음,이륜,남,39세,중상
2023053100100397,2023년 5월 31일 17시,수요일,부산광역시 서구 서대신동3가,부상신고사고,0,0,0,1,차대차 - 추돌,안전거리미확보,건조,맑음,교차로 - 교차로부근,원동기,남,65세,상해없음,승용,남,74세,부상신고
2023053100100398,2023년 5월 31일 17시,수요일,부산광역시 수영구 광안동,경상사고,0,0,1,0,차대차 - 기타,안전운전불이행,건조,맑음,교차로 - 교차로부근,승용,여,67세,상해없음,승합,남,56세,경상
2023053100100399,2023년 5월 31일 17시,수요일,부산광역시 북구 덕천동,경상사고,0,0,3,0,차대차 - 기타,안전운전불이행,건조,맑음,기타 - 기타,승합,여,52세,상해없음,승용,남,64세,경상
2023053100100400,2023년 5월 31일 17시,수요일,부산광역시 사상구 모라동,경상사고,0,0,1,0,차량단독 - 기타,기타,건조,맑음,단일로 - 기타,승합,남,74세,상해없음,,,,
2023053100100401,2023년 5월 31일 17시,수요일,부산광역시 강서구 대저1동,중상사고,0,2,2,0,차대차 - 추돌,안전운전불이행,건조,맑음,단일로 - 기타,승용,남,35세,상해없음,승용,남,40세,중상
2023053100100446,2023년 5월 31일 18시,수요일,부산광역시 남구 우암동,경상사고,0,0,1,0,차대차 - 측면충돌,신호위반,건조,맑음,교차로 - 교차로안,승합,남,33세,상해없음,이륜,남,23세,경상
2023053100100447,2023년 5월 31일 18시,수요일,부산광역시 기장군 기장읍,경상사고,0,0,2,0,차대차 - 추돌,안전운전불이행,건조,맑음,단일로 - 기타,승용,여,48세,상해없음,승용,남,42세,경상
2023053100100496,2023년 5월 31일 19시,수요일,부산광역시 북구 덕천동,경상사고,0,0,1,0,차대사람 - 횡단중,보행자보호의무위반,건조,맑음,교차로 - 교차로횡단보도내,승용,여,47세,상해없음,보행자,남,31세,경상
2023053100100497,2023년 5월 31일 19시,수요일,부산광역시 북구 덕천동,경상사고,0,0,1,0,차대차 - 측면충돌,차로위반,건조,맑음,단일로 - 기타,승용,남,27세,상해없음,승용,여,41세,경상
2023053100100498,2023년 5월 31일 19시,수요일,부산광역시 영도구 동삼동,경상사고,0,0,1,0,차대사람 - 기타,안전운전불이행,건조,맑음,교차로 - 교차로부근,승합,남,48세,상해없음,보행자,남,92세,경상
2023053100100499,2023년 5월 31일 19시,수요일,부산광역시 부산진구 당감동,경상사고,0,0,1,0,차대사람 - 횡단중,보행자보호의무위반,건조,맑음,단일로 - 기타,승합,남,44세,상해없음,보행자,여,7세,경상
2023053100100500,2023년 5월 31일 19시,수요일,부산광역시 연제구 연산동,부상신고사고,0,0,0,1,차대사람 - 기타,안전운전불이행,건조,맑음,단일로 - 기타,승용,남,63세,상해없음,보행자,남,52세,부상신고
2023053100100501,2023년 5월 31일 19시,수요일,부산광역시 연제구 연산동,경상사고,0,0,2,0,차대차 - 기타,안전거리미확보,건조,맑음,교차로 - 교차로부근,승용,남,67세,상해없음,승용,남,59세,경상
2023053100100522,2023년 5월 31일 20시,수요일,부산광역시 부산진구 부암동,경상사고,0,0,1,0,차대사람 - 기타,안전운전불이행,건조,맑음,기타 - 기타,이륜,남,39세,상해없음,보행자,여,29세,경상
2023053100100523,2023년 5월 31일 20시,수요일,부산광역시 기장군 정관읍,중상사고,0,1,1,0,차대사람 - 횡단중,신호위반,건조,맑음,교차로 - 교차로횡단보도내,승용,남,40세,상해없음,보행자,남,33세,경상
2023053100100545,2023년 5월 31일 21시,수요일,부산광역시 동구 범일동,경상사고,0,0,1,0,차대차 - 추돌,안전운전불이행,건조,흐림,기타 - 기타,승용,남,42세,상해없음,개인형이동수단(PM),남,26세,경상
2023053100100546,2023년 5월 31일 21시,수요일,부산광역시 서구 암남동,경상사고,0,0,4,0,차대차 - 추돌,안전운전불이행,건조,맑음,교차로 - 교차로부근,승용,여,28세,상해없음,승용,남,42세,경상
2023053100100575,2023년 5월 31일 22시,수요일,부산광역시 해운대구 좌동,경상사고,0,0,1,0,차대차 - 측면충돌,안전운전불이행,건조,맑음,단일로 - 기타,기타불명,기타불명,미분류,기타불명,승용,여,26세,경상
2023053100100593,2023년 5월 31일 23시,수요일,부산광역시 영도구 대교동2가,중상사고,0,1,0,0,차대사람 - 기타,안전운전불이행,건조,맑음,단일로 - 기타,승용,남,71세,상해없음,보행자,남,62세,중상
2023053100100594,2023년 5월 31일 23시,수요일,부산광역시 부산진구 범천동,부상신고사고,0,0,0,1,차대차 - 기타,안전운전불이행,건조,맑음,단일로 - 기타,원동기,남,22세,부상신고,승용,남,38세,기타불명
2023053100100595,2023년 5월 31일 23시,수요일,부산광역시 연제구 연산동,중상사고,0,1,0,0,차대차 - 측면충돌,신호위반,건조,맑음,교차로 - 교차로안,이륜,남,31세,상해없음,농기계,남,30세,중상
2023053100100596,2023년 5월 31일 23시,수요일,부산광역시 사상구 덕포동,중상사고,0,1,0,0,차대사람 - 차도통행중,안전운전불이행,건조,맑음,교차로 - 교차로안,승용,남,65세,상해없음,보행자,남,60세,중상
2023060100100002,2023년 6월 1일 00시,목요일,부산광역시 해운대구 우동,부상신고사고,0,0,0,1,차대차 - 측면충돌,교차로운행방법위반,건조,맑음,교차로 - 교차로부근,승용,남,23세,상해없음,승용,남,37세,부상신고
2023060100100003,2023년 6월 1일 00시,목요일,부산광역시 부산진구 부전동,경상사고,0,0,1,0,차대사람 - 기타,안전운전불이행,건조,맑음,교차로 - 교차로부근,이륜,남,24세,상해없음,보행자,여,30세,경상
2023060100100028,2023년 6월 1일 05시,목요일,부산광역시 서구 동대신동3가,경상사고,0,0,1,0,차대사람 - 횡단중,보행자보호의무위반,건조,기타,단일로 - 기타,승용,남,65세,상해없음,보행자,여,23세,경상
2023060100100040,2023년 6월 1일 07시,목요일,부산광역시 동구 범일동,경상사고,0,0,1,0,차대차 - 측면충돌,교차로운행방법위반,건조,맑음,교차로 - 교차로안,승합,남,65세,상해없음,승용,남,44세,경상
2023060100100041,2023년 6월 1일 07시,목요일,부산광역시 서구 암남동,경상사고,0,0,1,0,차대사람 - 기타,안전운전불이행,건조,맑음,단일로 - 기타,화물,남,51세,상해없음,보행자,남,44세,경상
2023060100100042,2023년 6월 1일 07시,목요일,부산광역시 남구 대연동,경상사고,0,0,1,0,차대차 - 측면충돌,안전운전불이행,건조,흐림,교차로 - 교차로안,승용,남,37세,상해없음,자전거,남,52세,경상
2023060100100043,2023년 6월 1일 07시,목요일,부산광역시 금정구 서동,경상사고,0,0,1,0,차대차 - 측면충돌,교차로운행방법위반,건조,맑음,교차로 - 교차로안,화물,남,60세,상해없음,화물,남,54세,경상
2023060100100068,2023년 6월 1일 08시,목요일,부산광역시 서구 동대신동1가,경상사고,0,0,2,0,차대차 - 측면충돌,안전운전불이행,건조,맑음,단일로 - 지하차도(도로)내,화물,남,66세,상해없음,승용,여,26세,경상
2023060100100069,2023년 6월 1일 08시,목요일,부산광역시 남구 감만동,중상사고,0,1,0,0,차대차 - 기타,안전운전불이행,건조,맑음,단일로 - 기타,특수,남,41세,상해없음,승용,남,28세,중상
2023060100100070,2023년 6월 1일 08시,목요일,부산광역시 남구 대연동,중상사고,0,1,0,0,차대사람 - 기타,보행자보호의무위반,건조,맑음,단일로 - 기타,승용,남,64세,상해없음,보행자,여,73세,중상
2023060100100071,2023년 6월 1일 08시,목요일,부산광역시 동래구 안락동,경상사고,0,0,1,0,차대차 - 추돌,안전운전불이행,건조,맑음,단일로 - 기타,승용,여,47세,상해없음,승용,남,54세,경상
2023060100100072,2023년 6월 1일 08시,목요일,부산광역시 금정구 청룡동,경상사고,0,0,1,0,차대차 - 측면충돌,교차로운행방법위반,건조,맑음,단일로 - 기타,승용,남,50세,상해없음,승용,여,42세,경상
2023060100100105,2023년 6월 1일 09시,목요일,부산광역시 수영구 광안동,중상사고,0,1,0,0,차대사람 - 기타,안전운전불이행,건조,맑음,단일로 - 기타,승용,여,65세,상해없음,보행자,여,68세,중상
2023060100100132,2023년 6월 1일 10시,목요일,부산광역시 수영구 광안동,경상사고,0,0,1,0,차대차 - 추돌,안전운전불이행,젖음/습기,맑음,단일로 - 기타,건설기계,남,58세,상해없음,승용,여,56세,경상
2023060100100133,2023년 6월 1일 10시,목요일,부산광역시 동래구 안락동,중상사고,0,1,0,0,차량단독 - 기타,안전운전불이행,건조,맑음,단일로 - 기타,승합,남,52세,상해없음,,,,
2023060100100155,2023년 6월 1일 11시,목요일,부산광역시 부산진구 부전동,중상사고,0,1,0,0,차량단독 - 기타,안전운전불이행,건조,맑음,단일로 - 기타,승합,남,57세,상해없음,,,,
2023060100100156,2023년 6월 1일 11시,목요일,부산광역시 기장군 철마면,중상사고,0,1,1,0,차대차 - 측면충돌,직진우회전진행방해,젖음/습기,비,교차로 - 교차로부근,승용,남,76세,경상,화물,남,58세,중상
2023060100100173,2023년 6월 1일 12시,목요일,부산광역시 사하구 감천동,중상사고,0,1,0,0,차대사람 - 횡단중,안전운전불이행,젖음/습기,비,단일로 - 기타,화물,남,41세,상해없음,보행자,여,95세,중상
2023060100100174,2023년 6월 1일 12시,목요일,부산광역시 기장군 정관읍,경상사고,0,0,3,0,차대차 - 후진중충돌,안전운전불이행,건조,맑음,주차장 - 주차장,승용,남,83세,상해없음,승용,여,42세,경상
2023060100100238,2023년 6월 1일 14시,목요일,부산광역시 남구 감만동,경상사고,0,0,1,0,차대사람 - 차도통행중,안전운전불이행,건조,맑음,교차로 - 교차로안,화물,남,59세,상해없음,보행자,여,90세,경상
2023060100100269,2023년 6월 1일 15시,목요일,부산광역시 남구 대연동,경상사고,0,0,1,0,차대차 - 측면충돌,안전운전불이행,건조,맑음,단일로 - 기타,승용,남,38세,상해없음,이륜,남,21세,경상
2023060100100270,2023년 6월 1일 15시,목요일,부산광역시 부산진구 범천동,중상사고,0,1,0,0,차대차 - 측면충돌,안전거리미확보,건조,맑음,단일로 - 기타,승용,여,59세,상해없음,이륜,남,51세,중상
2023060100100271,2023년 6월 1일 15시,목요일,부산광역시 사하구 다대동,경상사고,0,0,1,0,차대차 - 후진중충돌,안전운전불이행,건조,맑음,주차장 - 주차장,화물,남,53세,상해없음,승합,남,63세,경상
2023060100100306,2023년 6월 1일 16시,목요일,부산광역시 동래구 온천동,경상사고,0,0,1,0,차대사람 - 횡단중,신호위반,젖음/습기,비,단일로 - 기타,이륜,남,58세,상해없음,보행자,여,64세,경상
2023060100100342,2023년 6월 1일 17시,목요일,부산광역시 수영구 민락동,경상사고,0,0,1,0,차대차 - 추돌,안전운전불이행,젖음/습기,맑음,단일로 - 기타,승용,여,63세,상해없음,승용,남,61세,경상
2023060100100385,2023년 6월 1일 18시,목요일,부산광역시 동구 초량동,중상사고,0,1,0,0,차대사람 - 횡단중,안전운전불이행,젖음/습기,비,단일로 - 기타,화물,남,52세,상해없음,보행자,남,77세,중상
2023060100100386,2023년 6월 1일 18시,목요일,부산광역시 수영구 민락동,경상사고,0,0,1,0,차대차 - 측면충돌,안전운전불이행,젖음/습기,비,교차로 - 교차로부근,승용,남,49세,경상,승용,여,64세,상해없음
2023060100100387,2023년 6월 1일 18시,목요일,부산광역시 사상구 감전동,중상사고,0,3,24,6,차대차 - 추돌,안전거리미확보,젖음/습기,비,교차로 - 교차로부근,승합,남,50세,상해없음,승합,남,59세,경상
2023060100100412,2023년 6월 1일 19시,목요일,부산광역시 금정구 장전동,경상사고,0,0,1,0,차대사람 - 횡단중,안전운전불이행,젖음/습기,비,교차로 - 교차로횡단보도내,승합,남,54세,상해없음,보행자,남,68세,경상
2023060100100413,2023년 6월 1일 19시,목요일,부산광역시 연제구 거제동,경상사고,0,0,1,0,차대사람 - 횡단중,신호위반,건조,맑음,교차로 - 교차로횡단보도내,승용,남,47세,상해없음,보행자,여,61세,경상
2023060100100414,2023년 6월 1일 19시,목요일,부산광역시 강서구 명지동,중상사고,0,2,0,0,차대차 - 측면충돌,안전운전불이행,젖음/습기,비,단일로 - 기타,승용,남,54세,상해없음,승용,여,21세,중상
2023060100100438,2023년 6월 1일 20시,목요일,부산광역시 동구 범일동,사망사고,1,0,0,1,차대사람 - 횡단중,신호위반,젖음/습기,비,단일로 - 기타,이륜,남,45세,부상신고,보행자,남,65세,사망
2023060100100439,2023년 6월 1일 20시,목요일,부산광역시 사하구 하단동,경상사고,0,0,1,0,차대차 - 기타,안전운전불이행,건조,맑음,단일로 - 기타,승용,남,23세,상해없음,승용,여,30세,경상
2023060100100465,2023년 6월 1일 21시,목요일,부산광역시 부산진구 부전동,중상사고,0,1,0,0,차대사람 - 보도통행중,기타,건조,맑음,단일로 - 기타,개인형이동수단(PM),남,32세,상해없음,보행자,여,49세,중상
2023060100100494,2023년 6월 1일 22시,목요일,부산광역시 중구 중앙동3가,중상사고,0,1,0,0,차대사람 - 횡단중,안전운전불이행,젖음/습기,맑음,교차로 - 교차로횡단보도내,승용,남,36세,상해없음,보행자,남,60세,중상
2023060200100004,2023년 6월 2일 00시,금요일,부산광역시 금정구 장전동,경상사고,0,0,1,1,차대차 - 측면충돌,기타,젖음/습기,비,교차로 - 교차로안,승용,남,57세,부상신고,승용,남,28세,경상
2023060200100005,2023년 6월 2일 00시,금요일,부산광역시 금정구 구서동,경상사고,0,0,1,0,차대차 - 추돌,안전운전불이행,젖음/습기,비,단일로 - 기타,승용,남,23세,상해없음,승용,여,65세,경상
2023060200100006,2023년 6월 2일 00시,금요일,부산광역시 사상구 주례동,경상사고,0,0,1,0,차대차 - 측면충돌,안전거리미확보,젖음/습기,비,단일로 - 고가도로위,승용,남,33세,상해없음,승용,남,23세,경상
2023060200100039,2023년 6월 2일 06시,금요일,부산광역시 동구 초량동,경상사고,0,0,1,0,차대차 - 측면충돌,안전운전불이행,건조,맑음,단일로 - 기타,승용,남,60세,상해없음,화물,남,64세,경상
2023060200100040,2023년 6월 2일 06시,금요일,부산광역시 강서구 녹산동,중상사고,0,1,0,0,차대차 - 기타,신호위반,건조,맑음,교차로 - 교차로부근,화물,남,75세,상해없음,승용,남,75세,중상
2023060200100054,2023년 6월 2일 07시,금요일,부산광역시 동래구 사직동,경상사고,0,0,1,0,차대차 - 측면충돌,신호위반,건조,맑음,교차로 - 교차로안,승용,남,41세,상해없음,화물,남,63세,경상
2023060200100055,2023년 6월 2일 07시,금요일,부산광역시 부산진구 개금동,경상사고,0,0,1,1,차대차 - 측면충돌,안전거리미확보,건조,맑음,교차로 - 교차로안,승용,남,41세,부상신고,화물,남,42세,경상
2023060200100056,2023년 6월 2일 07시,금요일,부산광역시 사하구 장림동,중상사고,0,1,0,0,차대차 - 측면충돌,중앙선침범,건조,맑음,단일로 - 기타,승용,여,59세,상해없음,자전거,남,23세,중상
2023060200100057,2023년 6월 2일 07시,금요일,부산광역시 강서구 명지동,경상사고,0,0,1,0,차대차 - 추돌,안전거리미확보,건조,맑음,단일로 - 기타,승합,남,67세,상해없음,승용,남,42세,경상
2023060200100058,2023년 6월 2일 07시,금요일,부산광역시 기장군 정관읍,중상사고,0,1,0,0,차대차 - 정면충돌,신호위반,건조,맑음,교차로 - 교차로안,화물,남,59세,상해없음,화물,남,64세,중상
2023060200100086,2023년 6월 2일 08시,금요일,부산광역시 남구 대연동,중상사고,0,1,0,0,차대사람 - 횡단중,보행자보호의무위반,건조,맑음,교차로 - 교차로횡단보도내,승용,남,74세,상해없음,보행자,여,64세,중상
2023060200100087,2023년 6월 2일 08시,금요일,부산광역시 수영구 남천동,경상사고,0,0,1,0,차대차 - 기타,안전운전불이행,건조,맑음,교차로 - 교차로부근,승용,남,50세,상해없음,승용,여,36세,경상
2023060200100088,2023년 6월 2일 08시,금요일,부산광역시 부산진구 가야동,경상사고,0,0,2,0,차대차 - 측면충돌,안전운전불이행,건조,맑음,교차로 - 교차로안,승용,여,51세,경상,화물,남,34세,경상
2023060200100128,2023년 6월 2일 09시,금요일,부산광역시 사상구 학장동,중상사고,0,1,0,0,차대사람 - 횡단중,보행자보호의무위반,건조,맑음,교차로 - 교차로횡단보도내,화물,남,59세,상해없음,보행자,여,72세,중상
2023060200100156,2023년 6월 2일 10시,금요일,부산광역시 금정구 구서동,중상사고,0,1,0,0,차량단독 - 공작물충돌,기타,건조,맑음,단일로 - 기타,승용,여,35세,중상,,,,
2023060200100157,2023년 6월 2일 10시,금요일,부산광역시 사하구 장림동,경상사고,0,0,1,0,차대차 - 추돌,안전운전불이행,건조,맑음,단일로 - 지하차도(도로)내,승용,남,55세,상해없음,승용,남,54세,경상
2023060200100189,2023년 6월 2일 11시,금요일,부산광역시 부산진구 부전동,경상사고,0,0,1,0,차대사람 - 기타,기타,건조,맑음,단일로 - 기타,승용,남,50세,상해없음,보행자,여,55세,경상
2023060200100190,2023년 6월 2일 11시,금요일,부산광역시 사하구 장림동,경상사고,0,0,1,0,차대차 - 측면충돌,안전운전불이행,건조,맑음,교차로 - 교차로안,이륜,남,26세,경상,화물,남,44세,상해없음
2023060200100191,2023년 6월 2일 11시,금요일,부산광역시 연제구 연산동,경상사고,0,0,1,0,차대차 - 후진중충돌,안전운전불이행,건조,맑음,단일로 - 기타,승용,여,27세,상해없음,승용,남,34세,경상
2023060200100220,2023년 6월 2일 12시,금요일,부산광역시 남구 용호동,경상사고,0,0,1,0,차대차 - 추돌,안전운전불이행,건조,맑음,단일로 - 기타,승합,남,69세,상해없음,승용,남,37세,경상
2023060200100249,2023년 6월 2일 13시,금요일,부산광역시 동구 초량동,경상사고,0,0,1,0,차량단독 - 기타,안전운전불이행,건조,맑음,단일로 - 지하차도(도로)내,승합,남,52세,상해없음,,,,
2023060200100250,2023년 6월 2일 13시,금요일,부산광역시 수영구 민락동,경상사고,0,0,1,0,차대차 - 측면충돌,안전거리미확보,건조,맑음,단일로 - 기타,승용,여,26세,상해없음,승용,여,54세,경상
2023060200100251,2023년 6월 2일 13시,금요일,부산광역시 강서구 명지동,중상사고,0,1,0,0,차대차 - 측면충돌,신호위반,건조,맑음,교차로 - 교차로안,화물,남,68세,상해없음,승용,남,36세,중상
2023060200100287,2023년 6월 2일 14시,금요일,부산광역시 동래구 명장동,중상사고,0,1,0,0,차대차 - 기타,안전운전불이행,건조,맑음,단일로 - 기타,이륜,남,23세,중상,승용,남,39세,상해없음
2023060200100321,2023년 6월 2일 15시,금요일,부산광역시 부산진구 개금동,중상사고,0,1,0,0,차대차 - 측면충돌,안전운전불이행,건조,맑음,단일로 - 기타,승용,여,65세,상해없음,이륜,남,18세,중상
2023060200100322,2023년 6월 2일 15시,금요일,부산광역시 금정구 부곡동,경상사고,0,0,1,0,차대차 - 측면충돌,안전운전불이행,건조,맑음,교차로 - 교차로부근,승용,여,33세,기타불명,승용,남,60세,경상
2023060200100323,2023년 6월 2일 15시,금요일,부산광역시 강서구 대저2동,경상사고,0,0,1,0,차대차 - 기타,신호위반,건조,맑음,교차로 - 교차로안,화물,남,64세,기타불명,승용,여,34세,경상
2023060200100324,2023년 6월 2일 15시,금요일,부산광역시 강서구 대저2동,경상사고,0,0,1,0,차대차 - 기타,안전운전불이행,건조,맑음,교차로 - 교차로안,화물,남,57세,상해없음,승용,남,44세,경상
2023060200100374,2023년 6월 2일 16시,금요일,부산광역시 부산진구 양정동,경상사고,0,0,1,0,차대차 - 기타,교차로운행방법위반,건조,맑음,교차로 - 교차로안,화물,남,41세,기타불명,승용,여,59세,경상
2023060200100375,2023년 6월 2일 16시,금요일,부산광역시 연제구 연산동,경상사고,0,0,1,0,차대차 - 측면충돌,차로위반,건조,맑음,단일로 - 기타,승용,남,64세,상해없음,승용,여,42세,경상
2023060200100428,2023년 6월 2일 17시,금요일,부산광역시 해운대구 송정동,경상사고,0,0,1,0,차대차 - 추돌,안전운전불이행,건조,맑음,단일로 - 기타,승용,남,55세,상해없음,승용,남,48세,경상
2023060200100429,2023년 6월 2일 17시,금요일,부산광역시 금정구 회동동,중상사고,0,1,0,0,차대차 - 기타,중앙선침범,건조,맑음,단일로 - 기타,원동기,남,54세,중상,승용,여,59세,상해없음
2023060200100485,2023년 6월 2일 18시,금요일,부산광역시 강서구 송정동,경상사고,0,0,2,0,차대차 - 기타,안전운전불이행,건조,맑음,단일로 - 기타,승용,여,39세,상해없음,승용,남,46세,경상
2023060200100486,2023년 6월 2일 18시,금요일,부산광역시 사상구 모라동,중상사고,0,1,0,0,차대차 - 추돌,안전운전불이행,건조,맑음,교차로 - 교차로부근,승합,남,60세,상해없음,승용,남,32세,중상
2023060200100487,2023년 6월 2일 18시,금요일,부산광역시 강서구 대저2동,중상사고,0,1,2,2,차대차 - 추돌,안전거리미확보,건조,맑음,단일로 - 기타,승용,남,35세,상해없음,승용,남,23세,경상
2023060200100543,2023년 6월 2일 19시,금요일,부산광역시 부산진구 가야동,경상사고,0,0,1,0,차대사람 - 횡단중,보행자보호의무위반,건조,맑음,교차로 - 교차로안,화물,여,48세,상해없음,보행자,여,76세,경상
2023060200100571,2023년 6월 2일 20시,금요일,부산광역시 중구 부평동2가,중상사고,0,1,0,0,차대사람 - 횡단중,신호위반,건조,맑음,단일로 - 기타,승용,여,32세,상해없음,보행자,남,62세,중상
2023060200100572,2023년 6월 2일 20시,금요일,부산광역시 북구 덕천동,경상사고,0,0,1,0,차대차 - 측면충돌,중앙선침범,건조,맑음,교차로 - 교차로안,원동기,남,34세,상해없음,승용,여,65세,경상
2023060200100573,2023년 6월 2일 20시,금요일,부산광역시 부산진구 양정동,중상사고,0,1,1,0,차대차 - 측면충돌,안전운전불이행,건조,맑음,교차로 - 교차로안,승용,여,48세,경상,원동기,남,62세,중상
2023060200100600,2023년 6월 2일 21시,금요일,부산광역시 부산진구 연지동,경상사고,0,0,1,0,차대사람 - 기타,안전운전불이행,건조,맑음,단일로 - 기타,승용,여,49세,상해없음,보행자,여,63세,경상
2023060200100628,2023년 6월 2일 22시,금요일,부산광역시 사하구 하단동,경상사고,0,0,2,0,차대차 - 측면충돌,안전운전불이행,건조,맑음,기타 - 기타,승용,남,31세,상해없음,승용,여,35세,경상
2023060200100651,2023년 6월 2일 23시,금요일,부산광역시 북구 덕천동,중상사고,0,1,0,0,차대사람 - 횡단중,안전운전불이행,건조,맑음,단일로 - 기타,승용,남,56세,상해없음,보행자,남,60세,중상
2023060200100652,2023년 6월 2일 23시,금요일,부산광역시 해운대구 우동,경상사고,0,0,1,0,차대차 - 기타,안전거리미확보,건조,맑음,단일로 - 기타,승용,여,29세,상해없음,승용,남,54세,경상
2023060300100034,2023년 6월 3일 04시,토요일,부산광역시 기장군 장안읍,경상사고,0,0,1,0,차대차 - 기타,안전거리미확보,건조,맑음,단일로 - 기타,이륜,남,17세,경상,화물,남,42세,기타불명
2023060300100037,2023년 6월 3일 05시,토요일,부산광역시 기장군 정관읍,경상사고,0,0,1,0,차대차 - 측면충돌,신호위반,건조,맑음,교차로 - 교차로안,승용,남,61세,기타불명,승용,여,51세,경상
2023060300100060,2023년 6월 3일 07시,토요일,부산광역시 연제구 거제동,경상사고,0,0,1,0,차대사람 - 횡단중,신호위반,건조,맑음,단일로 - 기타,자전거,여,57세,상해없음,보행자,여,74세,경상
2023060300100078,2023년 6월 3일 08시,토요일,부산광역시 사하구 장림동,경상사고,0,0,1,0,차대차 - 기타,안전거리미확보,건조,맑음,단일로 - 기타,승용,남,62세,상해없음,승용,남,50세,경상
2023060300100152,2023년 6월 3일 11시,토요일,부산광역시 북구 화명동,중상사고,0,1,0,0,차대사람 - 기타,보행자보호의무위반,건조,맑음,단일로 - 기타,승용,남,54세,상해없음,보행자,남,8세,중상
2023060300100153,2023년 6월 3일 11시,토요일,부산광역시 사하구 다대동,경상사고,0,0,3,0,차대차 - 측면충돌,직진우회전진행방해,건조,맑음,교차로 - 교차로안,승용,여,37세,상해없음,승용,남,32세,경상
2023060300100193,2023년 6월 3일 12시,토요일,부산광역시 남구 문현동,경상사고,0,0,1,0,차대차 - 정면충돌,안전운전불이행,건조,맑음,교차로 - 교차로부근,승용,남,62세,상해없음,승용,여,26세,경상
2023060300100194,2023년 6월 3일 12시,토요일,부산광역시 해운대구 중동,중상사고,0,1,0,0,차대차 - 측면충돌,신호위반,건조,맑음,교차로 - 교차로안,승용,여,53세,상해없음,원동기,남,71세,중상
2023060300100195,2023년 6월 3일 12시,토요일,부산광역시 강서구 미음동,경상사고,0,0,1,0,차대차 - 기타,중앙선침범,건조,맑음,단일로 - 기타,승용,남,60세,상해없음,승용,남,53세,경상
2023060300100242,2023년 6월 3일 13시,토요일,부산광역시 동구 초량동,중상사고,0,1,0,0,차대사람 - 횡단중,신호위반,건조,맑음,단일로 - 기타,승용,남,40세,상해없음,보행자,남,21세,중상
2023060300100243,2023년 6월 3일 13시,토요일,부산광역시 남구 대연동,경상사고,0,0,1,0,차대차 - 측면충돌,안전운전불이행,건조,맑음,교차로 - 교차로부근,승용,여,45세,상해없음,자전거,남,78세,경상