사고번호,사고일시,요일,시군구,사고내용,사망자수,중상자수,경상자수,부상신고자수,사고유형,법규위반,노면상태,기상상태,도로형태,가해운전자 차종,가해운전자 성별,가해운전자 연령,가해운전자 상해정도,피해운전자 차종,피해운전자 성별,피해운전자 연령,피해운전자 상해정도
2023060300100310,2023년 6월 3일 15시,토요일,부산광역시 동구 초량동,중상사고,0,1,0,0,차대사람 - 횡단중,신호위반,건조,맑음,단일로 - 기타,승합,남,43세,상해없음,보행자,여,58세,중상
2023060300100311,2023년 6월 3일 15시,토요일,부산광역시 동구 초량동,경상사고,0,0,1,1,차대차 - 측면충돌,안전거리미확보,건조,맑음,단일로 - 기타,이륜,남,25세,부상신고,승용,남,49세,경상
2023060300100312,2023년 6월 3일 15시,토요일,부산광역시 연제구 연산동,경상사고,0,0,2,0,차대차 - 후진중충돌,안전운전불이행,건조,맑음,교차로 - 교차로안,승용,남,55세,상해없음,승용,남,62세,경상
2023060300100313,2023년 6월 3일 15시,토요일,부산광역시 사상구 감전동,경상사고,0,0,1,0,차대차 - 측면충돌,안전운전불이행,건조,맑음,교차로 - 교차로안,원동기,남,31세,경상,승용,여,24세,상해없음
2023060300100314,2023년 6월 3일 15시,토요일,부산광역시 기장군 일광읍,중상사고,0,4,10,0,차대차 - 추돌,안전운전불이행,건조,맑음,단일로 - 기타,화물,남,30세,상해없음,승용,남,41세,중상
2023060300100358,2023년 6월 3일 16시,토요일,부산광역시 사상구 학장동,경상사고,0,0,1,0,차대차 - 기타,기타,건조,맑음,교차로 - 교차로안,승용,남,33세,경상,승용,남,33세,기타불명
2023060300100385,2023년 6월 3일 17시,토요일,부산광역시 남구 문현동,경상사고,0,0,1,0,차대사람 - 차도통행중,안전운전불이행,건조,맑음,교차로 - 교차로안,승용,남,71세,상해없음,보행자,여,69세,경상
2023060300100386,2023년 6월 3일 17시,토요일,부산광역시 사하구 다대동,중상사고,0,1,0,0,차대차 - 측면충돌,안전운전불이행,건조,맑음,교차로 - 교차로안,승용,남,43세,상해없음,이륜,남,41세,중상
2023060300100422,2023년 6월 3일 18시,토요일,부산광역시 북구 만덕동,경상사고,0,0,4,0,차대차 - 측면충돌,안전운전불이행,건조,맑음,교차로 - 교차로안,자전거,남,13세,경상,승용,남,50세,상해없음
2023060300100466,2023년 6월 3일 19시,토요일,부산광역시 금정구 부곡동,경상사고,0,0,1,0,차대차 - 기타,안전운전불이행,건조,맑음,교차로 - 교차로안,승용,남,67세,상해없음,이륜,남,39세,경상
2023060300100485,2023년 6월 3일 20시,토요일,부산광역시 남구 문현동,경상사고,0,0,1,0,차대사람 - 기타,기타,건조,맑음,기타 - 기타,승용,남,32세,상해없음,보행자,남,82세,경상
2023060300100486,2023년 6월 3일 20시,토요일,부산광역시 동래구 수안동,중상사고,0,1,0,0,차대차 - 정면충돌,신호위반,건조,맑음,교차로 - 교차로안,승용,남,54세,상해없음,이륜,남,29세,중상
2023060300100512,2023년 6월 3일 21시,토요일,부산광역시 동래구 안락동,중상사고,0,1,1,0,차대차 - 정면충돌,안전거리미확보,건조,맑음,단일로 - 기타,승용,남,22세,상해없음,승용,남,65세,경상
2023060300100513,2023년 6월 3일 21시,토요일,부산광역시 사하구 하단동,경상사고,0,0,4,0,차대차 - 기타,중앙선침범,건조,맑음,단일로 - 기타,승용,남,69세,상해없음,승용,남,27세,경상
2023060300100561,2023년 6월 3일 23시,토요일,부산광역시 중구 중앙동2가,경상사고,0,0,1,0,차대차 - 측면충돌,직진우회전진행방해,건조,맑음,교차로 - 교차로안,승용,남,33세,상해없음,승용,남,32세,경상
2023060300100562,2023년 6월 3일 23시,토요일,부산광역시 수영구 광안동,경상사고,0,0,1,0,차대차 - 측면충돌,안전운전불이행,건조,맑음,단일로 - 기타,승용,남,34세,상해없음,이륜,남,24세,경상
2023060400100001,2023년 6월 4일 00시,일요일,부산광역시 영도구 청학동,경상사고,0,0,1,0,차대차 - 측면충돌,신호위반,건조,맑음,교차로 - 교차로안,승용,남,36세,상해없음,승용,남,62세,경상
2023060400100002,2023년 6월 4일 00시,일요일,부산광역시 사하구 당리동,경상사고,0,0,1,0,차대차 - 측면충돌,안전거리미확보,건조,맑음,교차로 - 교차로부근,승용,남,61세,상해없음,이륜,남,26세,경상
2023060400100013,2023년 6월 4일 01시,일요일,부산광역시 수영구 수영동,중상사고,0,1,0,0,차대차 - 정면충돌,교차로운행방법위반,건조,맑음,교차로 - 교차로안,승용,남,57세,기타불명,이륜,남,22세,기타불명
2023060400100020,2023년 6월 4일 02시,일요일,부산광역시 부산진구 부전동,경상사고,0,0,2,0,차대차 - 기타,신호위반,건조,맑음,교차로 - 교차로안,승용,남,49세,상해없음,승용,남,74세,경상
2023060400100050,2023년 6월 4일 06시,일요일,부산광역시 수영구 광안동,부상신고사고,0,0,0,1,차대차 - 기타,중앙선침범,건조,맑음,단일로 - 기타,자전거,남,45세,부상신고,승용,남,71세,상해없음
2023060400100080,2023년 6월 4일 09시,일요일,부산광역시 부산진구 가야동,경상사고,0,0,4,0,차대차 - 기타,신호위반,건조,맑음,단일로 - 터널,승용,여,47세,상해없음,승용,남,42세,경상
2023060400100131,2023년 6월 4일 11시,일요일,부산광역시 동래구 온천동,경상사고,0,0,3,0,차대차 - 추돌,안전거리미확보,건조,맑음,단일로 - 지하차도(도로)내,승용,남,45세,상해없음,승용,여,50세,경상
2023060400100132,2023년 6월 4일 11시,일요일,부산광역시 부산진구 부전동,경상사고,0,0,1,0,차대차 - 추돌,안전운전불이행,건조,맑음,단일로 - 기타,이륜,남,23세,상해없음,이륜,남,32세,경상
2023060400100133,2023년 6월 4일 11시,일요일,부산광역시 금정구 남산동,경상사고,0,0,1,0,차대사람 - 기타,안전운전불이행,건조,맑음,단일로 - 기타,승용,여,66세,상해없음,보행자,남,55세,경상
2023060400100151,2023년 6월 4일 12시,일요일,부산광역시 남구 용호동,경상사고,0,0,1,0,차대차 - 측면충돌,안전운전불이행,건조,맑음,교차로 - 교차로안,승용,남,57세,상해없음,승용,남,66세,경상
2023060400100152,2023년 6월 4일 12시,일요일,부산광역시 부산진구 가야동,경상사고,0,0,1,0,차대차 - 측면충돌,신호위반,건조,맑음,교차로 - 교차로안,승용,남,53세,상해없음,이륜,남,33세,경상
2023060400100153,2023년 6월 4일 12시,일요일,부산광역시 사상구 엄궁동,경상사고,0,0,4,0,차대차 - 추돌,안전거리미확보,건조,맑음,단일로 - 기타,승용,남,69세,상해없음,승용,남,41세,경상
2023060400100189,2023년 6월 4일 13시,일요일,부산광역시 영도구 신선동1가,중상사고,0,1,0,0,차대사람 - 기타,안전운전불이행,건조,맑음,단일로 - 기타,승합,남,58세,상해없음,보행자,남,83세,중상
2023060400100190,2023년 6월 4일 13시,일요일,부산광역시 해운대구 우동,경상사고,0,0,1,0,차대차 - 기타,교차로운행방법위반,건조,맑음,교차로 - 교차로안,승용,여,57세,상해없음,승용,남,52세,경상
2023060400100191,2023년 6월 4일 13시,일요일,부산광역시 기장군 일광읍,경상사고,0,0,2,0,차대차 - 후진중충돌,안전운전불이행,건조,맑음,주차장 - 주차장,승용,여,47세,상해없음,승용,여,30세,경상
2023060400100227,2023년 6월 4일 14시,일요일,부산광역시 동구 초량동,경상사고,0,0,1,0,차대사람 - 차도통행중,보행자보호의무위반,건조,맑음,단일로 - 지하차도(도로)내,자전거,남,28세,상해없음,보행자,여,32세,경상
2023060400100228,2023년 6월 4일 14시,일요일,부산광역시 동래구 명장동,중상사고,0,1,0,0,차량단독 - 기타,안전운전불이행,건조,맑음,단일로 - 기타,승합,남,62세,상해없음,,,,
2023060400100261,2023년 6월 4일 15시,일요일,부산광역시 부산진구 범전동,중상사고,0,1,0,0,차대사람 - 기타,기타,건조,맑음,기타 - 기타,개인형이동수단(PM),남,37세,상해없음,보행자,남,41세,중상
2023060400100295,2023년 6월 4일 16시,일요일,부산광역시 중구 부평동1가,중상사고,0,1,0,0,차대사람 - 기타,안전운전불이행,건조,맑음,단일로 - 기타,이륜,남,34세,상해없음,보행자,여,41세,중상
2023060400100296,2023년 6월 4일 16시,일요일,부산광역시 부산진구 부암동,경상사고,0,0,1,0,차대사람 - 횡단중,보행자보호의무위반,건조,맑음,교차로 - 교차로안,이륜,남,42세,상해없음,보행자,남,35세,경상
2023060400100298,2023년 6월 4일 16시,일요일,부산광역시 강서구 강동동,중상사고,0,2,0,0,차대차 - 측면충돌,안전운전불이행,건조,맑음,단일로 - 교량,화물,남,46세,상해없음,승용,남,70세,중상
2023060400100337,2023년 6월 4일 17시,일요일,부산광역시 강서구 죽림동,중상사고,0,1,0,0,차량단독 - 공작물충돌,안전운전불이행,건조,맑음,단일로 - 지하차도(도로)내,승용,남,55세,상해없음,,,,
2023060400100367,2023년 6월 4일 18시,일요일,부산광역시 중구 부평동2가,중상사고,0,1,0,0,차대사람 - 기타,안전운전불이행,건조,맑음,단일로 - 기타,승용,남,71세,상해없음,보행자,남,59세,중상
2023060400100368,2023년 6월 4일 18시,일요일,부산광역시 수영구 수영동,경상사고,0,0,1,0,차대사람 - 기타,안전운전불이행,건조,맑음,교차로 - 교차로안,승용,여,67세,상해없음,보행자,남,80세,경상
2023060400100369,2023년 6월 4일 18시,일요일,부산광역시 기장군 기장읍,경상사고,0,0,2,1,차대차 - 기타,신호위반,건조,맑음,교차로 - 교차로안,이륜,남,28세,상해없음,승용,남,32세,경상
2023060400100390,2023년 6월 4일 19시,일요일,부산광역시 해운대구 송정동,중상사고,0,1,0,0,차대차 - 측면충돌,신호위반,건조,맑음,교차로 - 교차로안,이륜,남,22세,상해없음,이륜,남,25세,중상
2023060400100407,2023년 6월 4일 20시,일요일,부산광역시 연제구 연산동,부상신고사고,0,0,0,1,차대차 - 측면충돌,안전운전불이행,건조,맑음,교차로 - 교차로부근,자전거,남,63세,부상신고,원동기,남,26세,기타불명
2023060400100408,2023년 6월 4일 20시,일요일,부산광역시 연제구 연산동,경상사고,0,0,4,0,차대차 - 측면충돌,신호위반,건조,맑음,교차로 - 교차로안,승용,여,51세,기타불명,승용,여,31세,경상
2023060400100434,2023년 6월 4일 21시,일요일,부산광역시 중구 영주동,경상사고,0,0,1,0,차량단독 - 기타,안전운전불이행,건조,맑음,교차로 - 교차로안,이륜,남,66세,경상,,,,
2023060400100435,2023년 6월 4일 21시,일요일,부산광역시 기장군 기장읍,경상사고,0,0,1,0,차대사람 - 횡단중,보행자보호의무위반,건조,맑음,교차로 - 교차로횡단보도내,승용,남,62세,상해없음,보행자,여,51세,경상
2023060500100003,2023년 6월 5일 00시,월요일,부산광역시 부산진구 연지동,경상사고,0,0,1,0,차대차 - 측면충돌,안전운전불이행,건조,맑음,단일로 - 고가도로위,승용,여,66세,상해없음,승용,남,34세,경상
2023060500100022,2023년 6월 5일 03시,월요일,부산광역시 부산진구 부전동,경상사고,0,0,1,0,차대사람 - 길가장자리구역통행중,안전운전불이행,건조,맑음,단일로 - 기타,승용,남,25세,상해없음,보행자,남,23세,경상
2023060500100025,2023년 6월 5일 04시,월요일,부산광역시 부산진구 양정동,중상사고,0,1,0,0,차량단독 - 전도전복 - 전도,안전운전불이행,건조,맑음,단일로 - 기타,이륜,남,26세,중상,,,,
2023060500100035,2023년 6월 5일 06시,월요일,부산광역시 사하구 하단동,중상사고,0,1,0,0,차대차 - 추돌,불법유턴,건조,맑음,교차로 - 교차로안,자전거,남,65세,중상,승용,남,31세,상해없음
2023060500100036,2023년 6월 5일 06시,월요일,부산광역시 강서구 송정동,중상사고,0,2,0,0,차대차 - 기타,신호위반,건조,맑음,교차로 - 교차로안,승용,남,52세,상해없음,승용,여,59세,중상
2023060500100076,2023년 6월 5일 08시,월요일,부산광역시 강서구 명지동,중상사고,0,1,0,0,차대차 - 기타,신호위반,건조,맑음,교차로 - 교차로안,승용,남,30세,상해없음,이륜,남,77세,중상
2023060500100170,2023년 6월 5일 11시,월요일,부산광역시 영도구 청학동,경상사고,0,0,1,0,차대사람 - 길가장자리구역통행중,안전운전불이행,건조,맑음,단일로 - 기타,승용,여,47세,상해없음,보행자,여,57세,경상
2023060500100171,2023년 6월 5일 11시,월요일,부산광역시 부산진구 양정동,경상사고,0,0,1,0,차대차 - 기타,신호위반,건조,맑음,기타 - 기타,건설기계,남,62세,상해없음,승용,남,76세,경상
2023060500100207,2023년 6월 5일 12시,월요일,부산광역시 북구 구포동,경상사고,0,0,1,0,차대사람 - 보도통행중,기타,건조,맑음,단일로 - 기타,승용,남,68세,상해없음,보행자,여,27세,경상
2023060500100208,2023년 6월 5일 12시,월요일,부산광역시 연제구 연산동,중상사고,0,1,1,0,차대차 - 기타,신호위반,건조,맑음,교차로 - 교차로안,승용,남,67세,상해없음,승용,남,55세,중상
2023060500100274,2023년 6월 5일 14시,월요일,부산광역시 서구 암남동,중상사고,0,1,0,0,차대차 - 기타,기타,건조,맑음,단일로 - 기타,화물,남,55세,상해없음,승용,여,63세,중상
2023060500100275,2023년 6월 5일 14시,월요일,부산광역시 북구 구포동,중상사고,0,1,0,0,차대차 - 측면충돌,안전운전불이행,건조,맑음,교차로 - 교차로안,승용,남,77세,상해없음,승용,여,27세,중상
2023060500100276,2023년 6월 5일 14시,월요일,부산광역시 동래구 온천동,경상사고,0,0,1,0,차대차 - 기타,안전운전불이행,건조,맑음,단일로 - 기타,이륜,남,52세,경상,승용,여,68세,상해없음
2023060500100313,2023년 6월 5일 15시,월요일,부산광역시 서구 토성동4가,중상사고,0,2,0,0,차대차 - 측면충돌,안전운전불이행,건조,맑음,단일로 - 기타,승용,여,49세,상해없음,승용,남,69세,상해없음
2023060500100314,2023년 6월 5일 15시,월요일,부산광역시 부산진구 가야동,경상사고,0,0,1,0,차대차 - 측면충돌,신호위반,건조,맑음,교차로 - 교차로안,화물,남,67세,상해없음,이륜,남,22세,경상
2023060500100315,2023년 6월 5일 15시,월요일,부산광역시 사하구 괴정동,중상사고,0,1,0,0,차대차 - 측면충돌,기타,건조,맑음,교차로 - 교차로부근,승용,남,70세,상해없음,승용,남,37세,중상
2023060500100361,2023년 6월 5일 16시,월요일,부산광역시 사하구 당리동,경상사고,0,0,1,0,차대사람 - 횡단중,안전운전불이행,건조,맑음,단일로 - 기타,승용,남,79세,상해없음,보행자,남,72세,경상
2023060500100401,2023년 6월 5일 17시,월요일,부산광역시 해운대구 우동,부상신고사고,0,0,0,1,차대차 - 기타,차로위반,건조,맑음,단일로 - 기타,승용,남,62세,상해없음,승합,남,42세,상해없음
2023060500100402,2023년 6월 5일 17시,월요일,부산광역시 사하구 다대동,경상사고,0,0,1,0,차대사람 - 횡단중,보행자보호의무위반,건조,맑음,교차로 - 교차로횡단보도내,승용,여,65세,상해없음,보행자,여,13세,경상
2023060500100403,2023년 6월 5일 17시,월요일,부산광역시 연제구 연산동,경상사고,0,0,1,0,차대차 - 기타,중앙선침범,건조,맑음,단일로 - 기타,승용,남,71세,상해없음,이륜,남,19세,경상
2023060500100452,2023년 6월 5일 18시,월요일,부산광역시 동래구 안락동,부상신고사고,0,0,0,1,차대차 - 기타,안전운전불이행,건조,맑음,단일로 - 기타,이륜,남,83세,상해없음,승용,여,46세,부상신고
2023060500100453,2023년 6월 5일 18시,월요일,부산광역시 연제구 연산동,경상사고,0,0,1,0,차대차 - 추돌,안전거리미확보,건조,맑음,단일로 - 기타,승용,여,38세,상해없음,승용,남,64세,경상
2023060500100503,2023년 6월 5일 19시,월요일,부산광역시 동래구 온천동,경상사고,0,0,1,0,차대차 - 기타,중앙선침범,건조,맑음,단일로 - 기타,이륜,남,50세,상해없음,이륜,남,34세,경상
2023060500100529,2023년 6월 5일 20시,월요일,부산광역시 수영구 광안동,경상사고,0,0,1,0,차대사람 - 기타,안전운전불이행,건조,맑음,교차로 - 교차로부근,승용,여,26세,상해없음,보행자,남,43세,경상
2023060500100618,2023년 6월 5일 23시,월요일,부산광역시 중구 부평동2가,중상사고,0,1,0,0,차대사람 - 차도통행중,안전운전불이행,건조,맑음,단일로 - 기타,승용,남,60세,상해없음,보행자,남,52세,중상
2023060500100619,2023년 6월 5일 23시,월요일,부산광역시 북구 구포동,경상사고,0,0,2,0,차대차 - 기타,안전운전불이행,건조,맑음,단일로 - 기타,승용,남,27세,상해없음,승용,남,27세,경상
2023060500100620,2023년 6월 5일 23시,월요일,부산광역시 해운대구 우동,중상사고,0,1,0,0,차대차 - 기타,안전운전불이행,기타,맑음,단일로 - 기타,승용,여,27세,상해없음,이륜,남,29세,중상
2023060600100012,2023년 6월 6일 01시,화요일,부산광역시 기장군 장안읍,경상사고,0,0,2,0,차대차 - 추돌,안전운전불이행,건조,맑음,단일로 - 기타,승용,여,25세,상해없음,승용,남,55세,경상
2023060600100026,2023년 6월 6일 03시,화요일,부산광역시 북구 구포동,경상사고,0,0,1,0,차량단독 - 기타,안전운전불이행,건조,맑음,단일로 - 기타,이륜,남,19세,경상,,,,
2023060600100082,2023년 6월 6일 09시,화요일,부산광역시 남구 대연동,경상사고,0,0,1,0,차대사람 - 길가장자리구역통행중,안전운전불이행,건조,맑음,교차로 - 교차로안,개인형이동수단(PM),남,23세,상해없음,보행자,여,57세,경상
2023060600100083,2023년 6월 6일 09시,화요일,부산광역시 수영구 민락동,경상사고,0,0,1,0,차대차 - 측면충돌,중앙선침범,건조,맑음,단일로 - 기타,승용,남,31세,기타불명,화물,남,53세,경상
2023060600100084,2023년 6월 6일 09시,화요일,부산광역시 사상구 학장동,경상사고,0,0,1,0,차대사람 - 횡단중,보행자보호의무위반,건조,맑음,교차로 - 교차로부근,승용,남,59세,상해없음,보행자,남,70세,경상
2023060600100142,2023년 6월 6일 11시,화요일,부산광역시 강서구 명지동,경상사고,0,0,1,0,차대차 - 추돌,안전운전불이행,건조,맑음,교차로 - 교차로부근,승용,남,59세,상해없음,승용,여,51세,경상
2023060600100143,2023년 6월 6일 11시,화요일,부산광역시 강서구 봉림동,부상신고사고,0,0,0,1,차량단독 - 공작물충돌,안전운전불이행,건조,맑음,단일로 - 기타,승용,남,64세,상해없음,,,,
2023060600100164,2023년 6월 6일 12시,화요일,부산광역시 남구 용호동,경상사고,0,0,1,0,차대사람 - 기타,안전운전불이행,건조,맑음,단일로 - 기타,승용,남,39세,상해없음,보행자,여,60세,경상
2023060600100165,2023년 6월 6일 12시,화요일,부산광역시 부산진구 개금동,중상사고,0,1,0,0,차대차 - 기타,직진우회전진행방해,건조,맑음,교차로 - 교차로안,이륜,남,22세,상해없음,이륜,남,30세,중상
2023060600100201,2023년 6월 6일 13시,화요일,부산광역시 기장군 일광읍,경상사고,0,0,3,4,차대차 - 추돌,안전거리미확보,건조,맑음,단일로 - 기타,승용,남,30세,경상,승용,남,41세,부상신고
2023060600100240,2023년 6월 6일 14시,화요일,부산광역시 강서구 대저2동,경상사고,0,0,2,0,차대차 - 기타,신호위반,건조,맑음,교차로 - 교차로안,승용,여,42세,상해없음,승용,남,31세,경상
2023060600100259,2023년 6월 6일 15시,화요일,부산광역시 동래구 사직동,경상사고,0,0,3,0,차대차 - 기타,안전거리미확보,건조,맑음,단일로 - 기타,승용,여,38세,상해없음,승용,여,49세,경상
2023060600100287,2023년 6월 6일 16시,화요일,부산광역시 해운대구 우동,경상사고,0,0,1,0,차대차 - 기타,신호위반,건조,맑음,교차로 - 교차로부근,승용,여,44세,상해없음,승합,남,51세,상해없음
2023060600100288,2023년 6월 6일 16시,화요일,부산광역시 강서구 신호동,경상사고,0,0,1,0,차대차 - 측면충돌,안전운전불이행,젖음/습기,비,교차로 - 교차로안,승용,남,75세,상해없음,승용,여,49세,경상
2023060600100403,2023년 6월 6일 19시,화요일,부산광역시 수영구 광안동,경상사고,0,0,2,0,차대사람 - 기타,안전운전불이행,건조,맑음,단일로 - 기타,자전거,남,22세,상해없음,보행자,여,41세,경상
2023060600100404,2023년 6월 6일 19시,화요일,부산광역시 동래구 사직동,중상사고,0,1,1,0,차대차 - 추돌,안전운전불이행,건조,맑음,교차로 - 교차로횡단보도내,이륜,남,75세,중상,승용,여,45세,경상
2023060600100405,2023년 6월 6일 19시,화요일,부산광역시 기장군 정관읍,경상사고,0,0,1,0,차대차 - 추돌,안전거리미확보,건조,맑음,기타 - 기타,승용,남,27세,상해없음,승용,여,44세,경상
2023060600100406,2023년 6월 6일 19시,화요일,부산광역시 기장군 철마면,경상사고,0,0,1,0,차대사람 - 기타,안전운전불이행,건조,맑음,기타 - 기타,승용,남,52세,상해없음,보행자,남,21세,경상
2023060600100425,2023년 6월 6일 20시,화요일,부산광역시 강서구 대저1동,부상신고사고,0,0,0,1,차대차 - 측면충돌,안전운전불이행,건조,맑음,단일로 - 기타,승합,남,70세,상해없음,승용,여,78세,부상신고
2023060600100470,2023년 6월 6일 22시,화요일,부산광역시 동래구 사직동,중상사고,0,1,0,0,차대사람 - 기타,안전운전불이행,건조,맑음,교차로 - 교차로안,승용,남,29세,상해없음,보행자,여,50세,중상
2023060700100015,2023년 6월 7일 02시,수요일,부산광역시 기장군 기장읍,경상사고,0,0,1,0,차대차 - 추돌,안전운전불이행,건조,맑음,교차로 - 교차로부근,승용,남,33세,상해없음,승용,남,42세,경상
2023060700100016,2023년 6월 7일 03시,수요일,부산광역시 사상구 학장동,중상사고,0,1,2,0,차대차 - 추돌,안전운전불이행,건조,맑음,단일로 - 터널,승용,남,75세,상해없음,이륜,남,26세,중상
2023060700100023,2023년 6월 7일 05시,수요일,부산광역시 사상구 덕포동,중상사고,0,1,0,0,차량단독 - 기타,안전운전불이행,건조,맑음,기타 - 기타,승용,남,70세,상해없음,,,,
2023060700100045,2023년 6월 7일 07시,수요일,부산광역시 해운대구 좌동,중상사고,0,2,0,0,차대차 - 측면충돌,중앙선침범,건조,맑음,단일로 - 기타,승용,남,24세,상해없음,이륜,남,54세,중상
2023060700100046,2023년 6월 7일 07시,수요일,부산광역시 해운대구 재송동,경상사고,0,0,1,0,차대사람 - 기타,안전운전불이행,건조,맑음,단일로 - 기타,이륜,남,20세,상해없음,보행자,남,53세,경상
2023060700100120,2023년 6월 7일 09시,수요일,부산광역시 중구 영주동,경상사고,0,0,1,0,차대차 - 측면충돌,안전거리미확보,건조,맑음,단일로 - 기타,이륜,남,41세,상해없음,승용,여,45세,경상
2023060700100121,2023년 6월 7일 09시,수요일,부산광역시 동래구 사직동,중상사고,0,1,0,0,차대차 - 추돌,안전운전불이행,건조,맑음,단일로 - 기타,승용,여,35세,상해없음,승용,여,54세,중상
2023060700100122,2023년 6월 7일 09시,수요일,부산광역시 부산진구 부전동,경상사고,0,0,1,0,차대사람 - 횡단중,보행자보호의무위반,건조,맑음,단일로 - 기타,승용,남,73세,상해없음,보행자,남,84세,경상
2023060700100159,2023년 6월 7일 10시,수요일,부산광역시 동래구 칠산동,부상신고사고,0,0,0,1,차대차 - 측면충돌,안전거리미확보,건조,맑음,기타 - 기타,승용,여,53세,기타불명,특수,남,27세,상해없음
2023060700100160,2023년 6월 7일 10시,수요일,부산광역시 동래구 안락동,경상사고,0,0,1,0,차대차 - 측면충돌,안전운전불이행,건조,맑음,교차로 - 교차로안,승용,여,69세,상해없음,승용,여,30세,경상
2023060700100203,2023년 6월 7일 11시,수요일,부산광역시 부산진구 연지동,경상사고,0,0,1,0,차대차 - 측면충돌,교차로운행방법위반,건조,맑음,교차로 - 교차로부근,승용,남,67세,기타불명,승용,남,50세,경상
2023060700100204,2023년 6월 7일 11시,수요일,부산광역시 금정구 장전동,경상사고,0,0,1,0,차대차 - 측면충돌,안전운전불이행,건조,맑음,기타 - 기타,승용,여,43세,상해없음,이륜,남,29세,경상
2023060700100227,2023년 6월 7일 12시,수요일,부산광역시 북구 만덕동,경상사고,0,0,3,0,차대차 - 기타,안전운전불이행,건조,맑음,교차로 - 교차로부근,승용,남,67세,기타불명,승용,남,40세,경상
2023060700100228,2023년 6월 7일 12시,수요일,부산광역시 부산진구 부전동,경상사고,0,0,1,0,차대차 - 기타,안전운전불이행,건조,맑음,교차로 - 교차로안,화물,남,45세,상해없음,원동기,남,22세,경상
2023060700100229,2023년 6월 7일 12시,수요일,부산광역시 금정구 구서동,경상사고,0,0,1,0,차대사람 - 기타,안전운전불이행,건조,맑음,기타 - 기타,화물,남,70세,상해없음,보행자,남,43세,경상
2023060700100230,2023년 6월 7일 12시,수요일,부산광역시 금정구 서동,경상사고,0,0,1,0,차대차 - 측면충돌,안전운전불이행,건조,맑음,교차로 - 교차로부근,이륜,남,55세,상해없음,이륜,남,27세,경상
2023060700100231,2023년 6월 7일 12시,수요일,부산광역시 수영구 망미동,경상사고,0,0,2,0,차대차 - 측면충돌,신호위반,건조,맑음,교차로 - 교차로안,승용,남,71세,기타불명,승용,남,74세,경상
2023060700100232,2023년 6월 7일 12시,수요일,부산광역시 연제구 연산동,중상사고,0,1,0,0,차량단독 - 기타,안전운전불이행,건조,맑음,단일로 - 기타,승합,남,51세,상해없음,,,,
2023060700100233,2023년 6월 7일 12시,수요일,부산광역시 기장군 정관읍,중상사고,0,1,0,0,차대사람 - 횡단중,보행자보호의무위반,건조,맑음,교차로 - 교차로안,화물,남,77세,상해없음,보행자,남,34세,중상
2023060700100330,2023년 6월 7일 15시,수요일,부산광역시 남구 용당동,경상사고,0,0,1,0,차대차 - 기타,안전운전불이행,건조,맑음,교차로 - 교차로부근,승용,남,73세,상해없음,승용,남,67세,상해없음
2023060700100331,2023년 6월 7일 15시,수요일,부산광역시 동래구 온천동,경상사고,0,0,1,0,차대차 - 추돌,안전운전불이행,건조,맑음,단일로 - 기타,승용,여,62세,상해없음,승용,남,66세,경상
2023060700100332,2023년 6월 7일 15시,수요일,부산광역시 강서구 대저1동,경상사고,0,0,1,0,차대차 - 기타,안전운전불이행,건조,맑음,단일로 - 기타,승용,남,66세,기타불명,승용,여,58세,경상
2023060700100333,2023년 6월 7일 15시,수요일,부산광역시 사상구 엄궁동,중상사고,0,1,1,0,차대차 - 정면충돌,중앙선침범,건조,맑음,단일로 - 기타,화물,남,31세,상해없음,승용,남,56세,경상
2023060700100372,2023년 6월 7일 16시,수요일,부산광역시 남구 대연동,경상사고,0,0,1,0,차대사람 - 차도통행중,안전운전불이행,건조,맑음,교차로 - 교차로부근,승용,여,49세,상해없음,보행자,여,68세,경상
2023060700100373,2023년 6월 7일 16시,수요일,부산광역시 부산진구 개금동,중상사고,0,1,0,0,차대사람 - 길가장자리구역통행중,신호위반,건조,맑음,교차로 - 교차로부근,화물,남,41세,상해없음,보행자,남,81세,중상
2023060700100374,2023년 6월 7일 16시,수요일,부산광역시 부산진구 양정동,중상사고,0,1,0,0,차대차 - 측면충돌,직진우회전진행방해,건조,맑음,교차로 - 교차로안,이륜,남,33세,중상,승용,남,51세,상해없음
2023060700100418,2023년 6월 7일 17시,수요일,부산광역시 서구 동대신동3가,경상사고,0,0,1,0,차대차 - 기타,안전거리미확보,건조,맑음,단일로 - 기타,승용,여,48세,상해없음,이륜,남,22세,경상
2023060700100456,2023년 6월 7일 18시,수요일,부산광역시 중구 중앙동4가,중상사고,0,1,0,0,차대사람 - 기타,안전운전불이행,건조,맑음,단일로 - 기타,승용,남,46세,상해없음,보행자,여,25세,중상
2023060700100457,2023년 6월 7일 18시,수요일,부산광역시 북구 만덕동,경상사고,0,0,1,0,차대사람 - 기타,안전운전불이행,건조,맑음,단일로 - 기타,승용,남,53세,상해없음,보행자,남,30세,경상
2023060700100505,2023년 6월 7일 19시,수요일,부산광역시 중구 부평동3가,경상사고,0,0,1,0,차대사람 - 기타,안전운전불이행,건조,맑음,단일로 - 기타,이륜,남,58세,상해없음,보행자,남,38세,경상
2023060700100506,2023년 6월 7일 19시,수요일,부산광역시 수영구 민락동,경상사고,0,0,1,0,차대사람 - 차도통행중,안전운전불이행,건조,맑음,교차로 - 교차로안,승용,남,37세,상해없음,보행자,여,79세,경상