사고번호,사고일시,요일,시군구,사고내용,사망자수,중상자수,경상자수,부상신고자수,사고유형,법규위반,노면상태,기상상태,도로형태,가해운전자 차종,가해운전자 성별,가해운전자 연령,가해운전자 상해정도,피해운전자 차종,피해운전자 성별,피해운전자 연령,피해운전자 상해정도
2023060700100507,2023년 6월 7일 19시,수요일,부산광역시 해운대구 재송동,경상사고,0,0,1,0,차대사람 - 기타,보행자보호의무위반,건조,맑음,단일로 - 기타,기타불명,기타불명,미분류,기타불명,보행자,여,16세,경상
2023060700100582,2023년 6월 7일 22시,수요일,부산광역시 금정구 서동,중상사고,0,2,0,0,차대사람 - 기타,안전운전불이행,건조,맑음,단일로 - 기타,승용,남,31세,상해없음,보행자,여,69세,중상
2023060700100606,2023년 6월 7일 23시,수요일,부산광역시 동래구 사직동,중상사고,0,1,1,0,차대차 - 추돌,안전운전불이행,건조,맑음,단일로 - 기타,승용,여,26세,상해없음,화물,남,54세,경상
2023060700100607,2023년 6월 7일 23시,수요일,부산광역시 연제구 연산동,중상사고,0,2,0,0,차대사람 - 횡단중,보행자보호의무위반,건조,맑음,교차로 - 교차로횡단보도내,승용,남,54세,상해없음,보행자,여,53세,중상
2023060800100003,2023년 6월 8일 00시,목요일,부산광역시 북구 구포동,경상사고,0,0,2,0,차대차 - 측면충돌,안전운전불이행,건조,맑음,단일로 - 기타,승용,남,71세,상해없음,승용,남,63세,경상
2023060800100020,2023년 6월 8일 02시,목요일,부산광역시 사상구 감전동,중상사고,0,1,3,0,차대차 - 측면충돌,신호위반,건조,흐림,교차로 - 교차로안,승용,남,60세,기타불명,승용,남,60세,경상
2023060800100034,2023년 6월 8일 04시,목요일,부산광역시 연제구 거제동,중상사고,0,1,0,0,차대차 - 기타,교차로운행방법위반,건조,맑음,교차로 - 교차로부근,승용,여,62세,상해없음,자전거,남,70세,중상
2023060800100059,2023년 6월 8일 07시,목요일,부산광역시 동구 수정동,경상사고,0,0,7,1,차대차 - 측면충돌,신호위반,건조,맑음,단일로 - 지하차도(도로)내,승합,남,66세,상해없음,승용,남,31세,경상
2023060800100060,2023년 6월 8일 07시,목요일,부산광역시 동구 범일동,중상사고,0,1,0,0,차대사람 - 기타,안전운전불이행,건조,맑음,단일로 - 지하차도(도로)내,승용,여,47세,상해없음,보행자,여,16세,중상
2023060800100061,2023년 6월 8일 07시,목요일,부산광역시 해운대구 중동,중상사고,0,1,0,0,차대차 - 측면충돌,신호위반,건조,맑음,교차로 - 교차로안,승용,남,30세,상해없음,승용,여,57세,중상
2023060800100086,2023년 6월 8일 08시,목요일,부산광역시 북구 화명동,중상사고,0,1,0,0,차대차 - 기타,신호위반,건조,맑음,교차로 - 교차로안,승용,여,54세,상해없음,이륜,남,84세,중상
2023060800100087,2023년 6월 8일 08시,목요일,부산광역시 동래구 온천동,경상사고,0,0,1,0,차대차 - 측면충돌,안전거리미확보,건조,맑음,단일로 - 기타,승용,남,75세,상해없음,승용,남,72세,경상
2023060800100088,2023년 6월 8일 08시,목요일,부산광역시 동래구 명륜동,경상사고,0,0,1,0,차대사람 - 기타,보행자보호의무위반,건조,맑음,단일로 - 기타,승용,남,50세,상해없음,보행자,여,28세,경상
2023060800100089,2023년 6월 8일 08시,목요일,부산광역시 부산진구 개금동,경상사고,0,0,1,0,차대차 - 기타,안전거리미확보,건조,맑음,단일로 - 기타,승용,남,74세,상해없음,승용,여,40세,경상
2023060800100090,2023년 6월 8일 08시,목요일,부산광역시 사상구 주례동,중상사고,0,1,1,0,차대차 - 측면충돌,안전운전불이행,건조,맑음,교차로 - 교차로안,이륜,남,23세,중상,승용,남,51세,경상
2023060800100125,2023년 6월 8일 09시,목요일,부산광역시 동래구 온천동,경상사고,0,0,1,0,차대차 - 측면충돌,안전거리미확보,건조,맑음,단일로 - 지하차도(도로)내,승용,여,54세,상해없음,승용,남,20세,경상
2023060800100167,2023년 6월 8일 10시,목요일,부산광역시 수영구 광안동,중상사고,0,1,0,0,차대사람 - 횡단중,보행자보호의무위반,건조,맑음,단일로 - 기타,승용,여,54세,상해없음,보행자,여,63세,중상
2023060800100168,2023년 6월 8일 10시,목요일,부산광역시 부산진구 전포동,중상사고,0,1,0,0,차대사람 - 기타,보행자보호의무위반,건조,맑음,교차로 - 교차로안,승용,남,23세,상해없음,보행자,남,71세,중상
2023060800100169,2023년 6월 8일 10시,목요일,부산광역시 기장군 정관읍,중상사고,0,1,0,0,차대차 - 측면충돌,차로위반,건조,맑음,단일로 - 기타,승용,여,65세,기타불명,승용,여,60세,중상
2023060800100196,2023년 6월 8일 11시,목요일,부산광역시 연제구 연산동,경상사고,0,0,1,0,차대사람 - 기타,안전운전불이행,건조,맑음,기타 - 기타,이륜,남,34세,기타불명,보행자,여,33세,경상
2023060800100216,2023년 6월 8일 12시,목요일,부산광역시 해운대구 반송동,경상사고,0,0,1,0,차대사람 - 보도통행중,기타,건조,맑음,기타 - 기타,이륜,남,50세,상해없음,보행자,여,75세,경상
2023060800100217,2023년 6월 8일 12시,목요일,부산광역시 해운대구 송정동,경상사고,0,0,3,0,차대차 - 기타,안전운전불이행,건조,맑음,교차로 - 교차로부근,승용,남,60세,상해없음,승용,남,28세,경상
2023060800100247,2023년 6월 8일 13시,목요일,부산광역시 북구 화명동,부상신고사고,0,0,0,1,차대사람 - 횡단중,안전운전불이행,건조,맑음,교차로 - 교차로횡단보도내,승용,남,60세,상해없음,보행자,여,27세,부상신고
2023060800100306,2023년 6월 8일 15시,목요일,부산광역시 남구 대연동,경상사고,0,0,1,0,차대차 - 측면충돌,신호위반,건조,맑음,교차로 - 교차로부근,원동기,남,40세,경상,승용,여,46세,상해없음
2023060800100307,2023년 6월 8일 15시,목요일,부산광역시 사상구 괘법동,경상사고,0,0,1,0,차대차 - 측면충돌,안전거리미확보,건조,맑음,교차로 - 교차로부근,승합,남,67세,상해없음,승용,남,31세,경상
2023060800100339,2023년 6월 8일 16시,목요일,부산광역시 금정구 장전동,경상사고,0,0,1,0,차대사람 - 보도통행중,기타,건조,맑음,단일로 - 기타,개인형이동수단(PM),남,15세,상해없음,보행자,여,46세,경상
2023060800100340,2023년 6월 8일 16시,목요일,부산광역시 기장군 기장읍,경상사고,0,0,1,0,차대사람 - 횡단중,안전운전불이행,건조,맑음,단일로 - 기타,승용,남,31세,상해없음,보행자,남,60세,경상
2023060800100370,2023년 6월 8일 17시,목요일,부산광역시 동구 범일동,경상사고,0,0,1,0,차대사람 - 기타,안전운전불이행,건조,맑음,단일로 - 기타,이륜,남,22세,상해없음,보행자,여,81세,경상
2023060800100412,2023년 6월 8일 18시,목요일,부산광역시 사상구 주례동,경상사고,0,0,1,0,차대차 - 추돌,안전거리미확보,건조,맑음,단일로 - 기타,승용,여,37세,기타불명,승용,남,36세,경상
2023060800100447,2023년 6월 8일 19시,목요일,부산광역시 남구 대연동,경상사고,0,0,2,0,차대차 - 측면충돌,교차로운행방법위반,건조,맑음,교차로 - 교차로안,이륜,남,36세,경상,승용,남,52세,경상
2023060800100448,2023년 6월 8일 19시,목요일,부산광역시 사하구 하단동,중상사고,0,1,0,0,차대사람 - 차도통행중,안전운전불이행,건조,맑음,교차로 - 교차로안,화물,남,70세,상해없음,보행자,남,63세,중상
2023060800100471,2023년 6월 8일 20시,목요일,부산광역시 남구 대연동,경상사고,0,0,1,0,차대차 - 기타,안전운전불이행,건조,맑음,단일로 - 기타,승용,남,66세,상해없음,승용,남,52세,경상
2023060800100472,2023년 6월 8일 20시,목요일,부산광역시 사하구 하단동,중상사고,0,2,0,0,차대차 - 정면충돌,신호위반,건조,맑음,단일로 - 기타,승용,남,65세,중상,승용,남,48세,중상
2023060800100473,2023년 6월 8일 20시,목요일,부산광역시 연제구 연산동,경상사고,0,0,1,0,차대차 - 추돌,안전운전불이행,건조,맑음,단일로 - 기타,승용,여,60세,상해없음,화물,남,39세,경상
2023060800100474,2023년 6월 8일 20시,목요일,부산광역시 사상구 덕포동,경상사고,0,0,1,0,차대사람 - 기타,안전운전불이행,건조,맑음,단일로 - 기타,기타불명,기타불명,미분류,기타불명,보행자,여,26세,경상
2023060800100509,2023년 6월 8일 21시,목요일,부산광역시 부산진구 부전동,중상사고,0,1,0,0,차대차 - 측면충돌,안전운전불이행,건조,맑음,교차로 - 교차로부근,승용,남,70세,상해없음,승용,남,40세,중상
2023060900100036,2023년 6월 9일 04시,금요일,부산광역시 강서구 송정동,경상사고,0,0,1,0,차대차 - 추돌,신호위반,건조,맑음,단일로 - 기타,특수,남,30세,상해없음,승용,남,59세,경상
2023060900100038,2023년 6월 9일 05시,금요일,부산광역시 연제구 연산동,부상신고사고,0,0,0,1,차대차 - 측면충돌,안전운전불이행,건조,맑음,단일로 - 기타,개인형이동수단(PM),남,43세,부상신고,화물,남,43세,상해없음
2023060900100047,2023년 6월 9일 06시,금요일,부산광역시 수영구 광안동,경상사고,0,0,2,0,차대차 - 기타,신호위반,건조,맑음,교차로 - 교차로부근,승용,여,41세,경상,승용,남,22세,경상
2023060900100080,2023년 6월 9일 08시,금요일,부산광역시 동구 초량동,경상사고,0,0,1,0,차대차 - 추돌,안전운전불이행,건조,맑음,교차로 - 교차로안,특수,남,56세,상해없음,승용,여,43세,경상
2023060900100081,2023년 6월 9일 08시,금요일,부산광역시 서구 서대신동3가,경상사고,0,0,1,0,차대차 - 측면충돌,안전거리미확보,건조,맑음,교차로 - 교차로부근,승합,남,72세,상해없음,승용,여,37세,경상
2023060900100082,2023년 6월 9일 08시,금요일,부산광역시 강서구 대저1동,중상사고,0,3,0,0,차대차 - 측면충돌,신호위반,건조,맑음,교차로 - 교차로안,승용,남,24세,중상,승용,여,59세,중상
2023060900100117,2023년 6월 9일 09시,금요일,부산광역시 해운대구 재송동,중상사고,0,1,0,0,차대사람 - 횡단중,안전운전불이행,건조,맑음,단일로 - 기타,화물,남,53세,상해없음,보행자,남,90세,중상
2023060900100118,2023년 6월 9일 09시,금요일,부산광역시 부산진구 부전동,경상사고,0,0,1,0,차대차 - 추돌,안전운전불이행,건조,맑음,단일로 - 기타,승용,남,38세,상해없음,개인형이동수단(PM),여,29세,경상
2023060900100161,2023년 6월 9일 10시,금요일,부산광역시 북구 만덕동,경상사고,0,0,1,0,차대차 - 추돌,안전운전불이행,건조,맑음,단일로 - 기타,승용,남,28세,상해없음,승용,남,37세,경상
2023060900100162,2023년 6월 9일 10시,금요일,부산광역시 해운대구 반여동,부상신고사고,0,0,0,2,차대차 - 기타,안전거리미확보,건조,맑음,단일로 - 기타,특수,남,62세,상해없음,승용,남,47세,부상신고
2023060900100231,2023년 6월 9일 12시,금요일,부산광역시 동구 초량동,경상사고,0,0,1,0,차대사람 - 기타,기타,건조,맑음,단일로 - 기타,승용,남,31세,상해없음,보행자,여,49세,경상
2023060900100265,2023년 6월 9일 13시,금요일,부산광역시 강서구 송정동,경상사고,0,0,1,0,차대차 - 추돌,안전운전불이행,건조,맑음,교차로 - 교차로부근,승용,여,50세,상해없음,승용,남,32세,경상
2023060900100288,2023년 6월 9일 14시,금요일,부산광역시 동래구 안락동,중상사고,0,1,0,0,차량단독 - 기타,안전운전불이행,건조,맑음,단일로 - 터널,승합,남,47세,상해없음,,,,
2023060900100289,2023년 6월 9일 14시,금요일,부산광역시 영도구 동삼동,경상사고,0,0,1,0,차대차 - 기타,안전운전불이행,건조,맑음,교차로 - 교차로안,승용,남,22세,상해없음,이륜,남,46세,경상
2023060900100290,2023년 6월 9일 14시,금요일,부산광역시 부산진구 당감동,중상사고,0,1,1,0,차대차 - 기타,안전거리미확보,건조,맑음,단일로 - 기타,이륜,남,37세,기타불명,이륜,남,44세,중상
2023060900100291,2023년 6월 9일 14시,금요일,부산광역시 사상구 모라동,경상사고,0,0,1,0,차대차 - 기타,안전거리미확보,건조,맑음,교차로 - 교차로부근,승용,남,69세,기타불명,승용,남,44세,경상
2023060900100325,2023년 6월 9일 15시,금요일,부산광역시 연제구 거제동,중상사고,0,1,0,0,차대차 - 추돌,안전운전불이행,건조,맑음,교차로 - 교차로부근,승용,남,72세,상해없음,승용,여,35세,중상
2023060900100362,2023년 6월 9일 16시,금요일,부산광역시 수영구 광안동,경상사고,0,0,1,0,차대차 - 기타,안전운전불이행,건조,맑음,단일로 - 기타,승용,여,51세,상해없음,자전거,남,55세,경상
2023060900100363,2023년 6월 9일 16시,금요일,부산광역시 남구 대연동,중상사고,0,1,1,0,차대차 - 기타,신호위반,건조,맑음,교차로 - 교차로안,승용,여,43세,상해없음,승합,남,46세,중상
2023060900100364,2023년 6월 9일 16시,금요일,부산광역시 사하구 신평동,경상사고,0,0,1,0,차대차 - 측면충돌,신호위반,건조,맑음,교차로 - 교차로부근,승용,남,64세,상해없음,승용,남,50세,경상
2023060900100365,2023년 6월 9일 16시,금요일,부산광역시 연제구 거제동,경상사고,0,0,1,0,차대사람 - 횡단중,안전운전불이행,건조,맑음,교차로 - 교차로안,이륜,남,23세,상해없음,보행자,남,54세,경상
2023060900100428,2023년 6월 9일 17시,금요일,부산광역시 남구 문현동,경상사고,0,0,1,0,차대차 - 측면충돌,안전운전불이행,건조,맑음,교차로 - 교차로안,이륜,남,29세,상해없음,이륜,남,47세,경상
2023060900100429,2023년 6월 9일 17시,금요일,부산광역시 부산진구 부암동,경상사고,0,0,1,0,차대차 - 추돌,안전운전불이행,건조,맑음,단일로 - 기타,승합,남,44세,상해없음,승용,여,38세,경상
2023060900100430,2023년 6월 9일 17시,금요일,부산광역시 기장군 기장읍,경상사고,0,0,1,0,차대차 - 측면충돌,차로위반,건조,맑음,단일로 - 기타,승용,여,60세,상해없음,승용,남,48세,경상
2023060900100533,2023년 6월 9일 19시,금요일,부산광역시 동구 수정동,부상신고사고,0,0,0,1,차량단독 - 기타,안전운전불이행,건조,맑음,단일로 - 기타,승합,남,46세,상해없음,,,,
2023060900100534,2023년 6월 9일 19시,금요일,부산광역시 동구 좌천동,경상사고,0,0,1,0,차대차 - 기타,신호위반,건조,맑음,단일로 - 기타,승용,여,60세,상해없음,승합,남,33세,상해없음
2023060900100535,2023년 6월 9일 19시,금요일,부산광역시 서구 동대신동1가,경상사고,0,0,1,0,차량단독 - 기타,안전운전불이행,건조,맑음,단일로 - 기타,승합,남,52세,상해없음,,,,
2023060900100536,2023년 6월 9일 19시,금요일,부산광역시 금정구 금사동,경상사고,0,0,2,0,차대차 - 추돌,안전운전불이행,건조,맑음,단일로 - 지하차도(도로)내,특수,남,54세,상해없음,승용,남,41세,경상
2023060900100537,2023년 6월 9일 19시,금요일,부산광역시 사하구 신평동,경상사고,0,0,1,0,차대사람 - 횡단중,보행자보호의무위반,건조,맑음,교차로 - 교차로안,승용,여,50세,상해없음,보행자,남,52세,경상
2023060900100564,2023년 6월 9일 20시,금요일,부산광역시 수영구 광안동,경상사고,0,0,1,0,차대차 - 추돌,안전운전불이행,건조,맑음,단일로 - 기타,이륜,남,15세,상해없음,승용,남,55세,경상
2023060900100596,2023년 6월 9일 21시,금요일,부산광역시 해운대구 좌동,경상사고,0,0,1,0,차대차 - 추돌,안전운전불이행,건조,맑음,교차로 - 교차로부근,화물,남,52세,상해없음,승용,남,53세,경상
2023060900100618,2023년 6월 9일 22시,금요일,부산광역시 사상구 삼락동,경상사고,0,0,1,0,차대차 - 측면충돌,안전운전불이행,건조,맑음,단일로 - 기타,이륜,남,21세,상해없음,이륜,남,20세,경상
2023060900100640,2023년 6월 9일 23시,금요일,부산광역시 사상구 모라동,중상사고,0,1,0,0,차량단독 - 기타,안전운전불이행,건조,맑음,기타 - 기타,승합,남,64세,기타불명,,,,
2023061000100034,2023년 6월 10일 02시,토요일,부산광역시 남구 대연동,경상사고,0,0,1,0,차대차 - 기타,안전거리미확보,건조,맑음,단일로 - 기타,기타불명,기타불명,미분류,기타불명,원동기,남,31세,경상
2023061000100035,2023년 6월 10일 02시,토요일,부산광역시 사상구 모라동,중상사고,0,1,0,0,차량단독 - 공작물충돌,안전운전불이행,건조,맑음,교차로 - 교차로부근,승용,남,47세,중상,,,,
2023061000100042,2023년 6월 10일 03시,토요일,부산광역시 사하구 하단동,경상사고,0,0,1,0,차대차 - 기타,안전운전불이행,건조,맑음,교차로 - 교차로부근,승용,남,23세,상해없음,승용,남,41세,경상
2023061000100043,2023년 6월 10일 03시,토요일,부산광역시 연제구 연산동,중상사고,0,1,0,0,차대사람 - 횡단중,신호위반,건조,맑음,단일로 - 기타,이륜,남,22세,상해없음,보행자,여,71세,중상
2023061000100078,2023년 6월 10일 08시,토요일,부산광역시 사상구 괘법동,경상사고,0,0,2,0,차대차 - 기타,안전운전불이행,건조,맑음,단일로 - 기타,건설기계,남,49세,기타불명,승용,남,64세,경상
2023061000100092,2023년 6월 10일 09시,토요일,부산광역시 강서구 대저1동,중상사고,0,1,1,0,차대차 - 기타,안전운전불이행,건조,맑음,단일로 - 기타,승합,남,47세,상해없음,승용,남,70세,중상
2023061000100093,2023년 6월 10일 09시,토요일,부산광역시 사상구 엄궁동,경상사고,0,0,1,0,차대차 - 측면충돌,안전운전불이행,건조,맑음,교차로 - 교차로안,승용,남,51세,상해없음,승용,남,29세,경상
2023061000100094,2023년 6월 10일 09시,토요일,부산광역시 기장군 기장읍,경상사고,0,0,1,0,차대차 - 정면충돌,안전운전불이행,건조,맑음,단일로 - 지하차도(도로)내,승합,남,42세,상해없음,승용,여,38세,경상
2023061000100116,2023년 6월 10일 10시,토요일,부산광역시 강서구 녹산동,경상사고,0,0,1,0,차대차 - 측면충돌,신호위반,건조,맑음,교차로 - 교차로부근,건설기계,남,63세,상해없음,승용,남,36세,경상
2023061000100145,2023년 6월 10일 11시,토요일,부산광역시 금정구 서동,중상사고,0,2,0,0,차대차 - 측면충돌,안전운전불이행,건조,맑음,단일로 - 기타,승용,남,29세,기타불명,승용,여,55세,중상
2023061000100146,2023년 6월 10일 11시,토요일,부산광역시 강서구 송정동,경상사고,0,0,1,0,차대차 - 측면충돌,안전운전불이행,건조,맑음,교차로 - 교차로안,승용,여,37세,상해없음,특수,남,55세,경상
2023061000100147,2023년 6월 10일 11시,토요일,부산광역시 사상구 학장동,중상사고,0,1,0,0,차량단독 - 기타,안전운전불이행,건조,맑음,교차로 - 교차로부근,이륜,남,37세,중상,,,,
2023061000100148,2023년 6월 10일 11시,토요일,부산광역시 사상구 모라동,경상사고,0,0,3,0,차대차 - 측면충돌,안전거리미확보,건조,맑음,단일로 - 기타,승용,남,68세,경상,특수,남,51세,경상
2023061000100187,2023년 6월 10일 12시,토요일,부산광역시 동래구 낙민동,경상사고,0,0,1,0,차대차 - 추돌,안전거리미확보,건조,맑음,단일로 - 기타,화물,남,56세,상해없음,승용,여,44세,경상
2023061000100188,2023년 6월 10일 12시,토요일,부산광역시 부산진구 범천동,부상신고사고,0,0,0,1,차대차 - 측면충돌,교차로운행방법위반,건조,맑음,교차로 - 교차로안,승용,남,78세,상해없음,승용,여,29세,부상신고
2023061000100227,2023년 6월 10일 13시,토요일,부산광역시 기장군 기장읍,중상사고,0,1,0,0,차대사람 - 기타,보행자보호의무위반,건조,맑음,기타 - 기타,화물,남,66세,상해없음,보행자,여,83세,중상
2023061000100258,2023년 6월 10일 14시,토요일,부산광역시 해운대구 송정동,중상사고,0,1,0,0,차대사람 - 보도통행중,기타,건조,맑음,기타 - 기타,승용,남,60세,상해없음,보행자,여,7세,중상
2023061000100301,2023년 6월 10일 15시,토요일,부산광역시 강서구 명지동,중상사고,0,1,0,0,차대차 - 추돌,안전운전불이행,건조,맑음,단일로 - 지하차도(도로)내,승용,남,26세,상해없음,승용,여,28세,중상
2023061000100302,2023년 6월 10일 15시,토요일,부산광역시 기장군 정관읍,경상사고,0,0,1,0,차대차 - 측면충돌,차로위반,건조,맑음,단일로 - 기타,승용,여,41세,기타불명,이륜,남,56세,경상
2023061000100337,2023년 6월 10일 16시,토요일,부산광역시 북구 금곡동,경상사고,0,0,1,0,차대사람 - 기타,안전운전불이행,건조,맑음,단일로 - 기타,화물,남,62세,상해없음,보행자,여,79세,경상
2023061000100338,2023년 6월 10일 16시,토요일,부산광역시 사상구 삼락동,중상사고,0,1,0,0,차대차 - 기타,신호위반,건조,맑음,교차로 - 교차로안,승용,여,21세,상해없음,이륜,남,51세,중상
2023061000100367,2023년 6월 10일 17시,토요일,부산광역시 서구 암남동,경상사고,0,0,1,0,차대차 - 추돌,안전운전불이행,건조,맑음,기타 - 기타,승용,여,31세,기타불명,승용,남,44세,경상
2023061000100368,2023년 6월 10일 17시,토요일,부산광역시 동래구 사직동,중상사고,0,1,2,0,차대차 - 측면충돌,안전거리미확보,건조,맑음,단일로 - 기타,이륜,남,36세,중상,승용,여,38세,경상
2023061000100398,2023년 6월 10일 18시,토요일,부산광역시 부산진구 개금동,경상사고,0,0,1,0,차대차 - 기타,안전운전불이행,건조,맑음,단일로 - 기타,승용,여,52세,상해없음,이륜,남,36세,경상
2023061000100399,2023년 6월 10일 18시,토요일,부산광역시 연제구 연산동,경상사고,0,0,3,0,차대차 - 측면충돌,교차로운행방법위반,건조,맑음,교차로 - 교차로안,승용,남,58세,상해없음,승용,남,41세,경상
2023061000100400,2023년 6월 10일 18시,토요일,부산광역시 기장군 일광읍,경상사고,0,0,2,0,차대차 - 측면충돌,중앙선침범,건조,맑음,단일로 - 기타,승용,남,21세,상해없음,승용,남,45세,경상
2023061000100429,2023년 6월 10일 19시,토요일,부산광역시 영도구 청학동,경상사고,0,0,4,0,차대차 - 기타,신호위반,건조,맑음,단일로 - 기타,이륜,남,35세,기타불명,승용,남,41세,경상
2023061000100430,2023년 6월 10일 19시,토요일,부산광역시 부산진구 전포동,중상사고,0,2,0,0,차대차 - 기타,신호위반,건조,맑음,교차로 - 교차로안,승용,여,36세,상해없음,이륜,남,27세,중상
2023061000100453,2023년 6월 10일 20시,토요일,부산광역시 동래구 온천동,경상사고,0,0,1,0,차대사람 - 횡단중,보행자보호의무위반,건조,맑음,교차로 - 교차로횡단보도내,승용,남,65세,상해없음,보행자,남,65세,경상
2023061000100454,2023년 6월 10일 20시,토요일,부산광역시 부산진구 개금동,경상사고,0,0,1,0,차대차 - 기타,신호위반,건조,맑음,교차로 - 교차로안,승용,남,33세,상해없음,이륜,남,37세,경상
2023061000100480,2023년 6월 10일 21시,토요일,부산광역시 북구 만덕동,경상사고,0,0,1,0,차대차 - 기타,안전운전불이행,건조,맑음,단일로 - 기타,이륜,남,33세,상해없음,이륜,남,60세,경상
2023061000100481,2023년 6월 10일 21시,토요일,부산광역시 동래구 온천동,중상사고,0,1,0,0,차량단독 - 전도전복 - 전도,안전운전불이행,건조,맑음,교차로 - 교차로안,이륜,남,39세,중상,,,,
2023061000100510,2023년 6월 10일 22시,토요일,부산광역시 수영구 남천동,부상신고사고,0,0,0,1,차대사람 - 차도통행중,안전운전불이행,건조,맑음,단일로 - 기타,자전거,남,68세,상해없음,보행자,여,49세,부상신고
2023061000100527,2023년 6월 10일 23시,토요일,부산광역시 사하구 하단동,경상사고,0,0,1,0,차대차 - 추돌,안전운전불이행,건조,맑음,교차로 - 교차로부근,승용,남,37세,상해없음,승용,남,36세,경상
2023061100100001,2023년 6월 11일 00시,일요일,부산광역시 수영구 남천동,사망사고,1,0,2,0,차대차 - 기타,기타,건조,맑음,교차로 - 교차로부근,승용,남,32세,상해없음,승용,남,67세,사망
2023061100100002,2023년 6월 11일 00시,일요일,부산광역시 남구 대연동,경상사고,0,0,2,0,차대차 - 기타,안전운전불이행,건조,맑음,단일로 - 기타,승용,여,44세,상해없음,승용,여,30세,경상
2023061100100017,2023년 6월 11일 01시,일요일,부산광역시 금정구 장전동,중상사고,0,1,0,0,차대차 - 측면충돌,신호위반,건조,맑음,교차로 - 교차로안,승용,남,54세,상해없음,이륜,남,34세,중상
2023061100100018,2023년 6월 11일 01시,일요일,부산광역시 연제구 연산동,경상사고,0,0,2,0,차대차 - 추돌,안전운전불이행,건조,맑음,단일로 - 기타,승용,남,27세,상해없음,승용,남,74세,경상
2023061100100039,2023년 6월 11일 03시,일요일,부산광역시 부산진구 부전동,경상사고,0,0,1,0,차대사람 - 길가장자리구역통행중,안전운전불이행,건조,맑음,교차로 - 교차로안,승용,남,21세,상해없음,보행자,남,31세,경상
2023061100100061,2023년 6월 11일 06시,일요일,부산광역시 강서구 대저2동,중상사고,0,4,1,0,차대차 - 측면충돌,신호위반,젖음/습기,비,교차로 - 교차로안,승용,남,29세,상해없음,승합,남,28세,경상
2023061100100069,2023년 6월 11일 07시,일요일,부산광역시 부산진구 부전동,경상사고,0,0,1,0,차대차 - 기타,안전운전불이행,젖음/습기,맑음,단일로 - 기타,승용,남,49세,상해없음,이륜,여,26세,경상
2023061100100147,2023년 6월 11일 12시,일요일,부산광역시 강서구 명지동,경상사고,0,0,4,0,차대차 - 추돌,안전운전불이행,건조,맑음,교차로 - 교차로부근,승용,남,62세,상해없음,승용,남,45세,경상
2023061100100148,2023년 6월 11일 12시,일요일,부산광역시 사상구 주례동,경상사고,0,0,1,0,차대차 - 기타,안전운전불이행,건조,기타,기타 - 기타,승용,남,66세,상해없음,승용,여,28세,경상
2023061100100203,2023년 6월 11일 14시,일요일,부산광역시 동구 초량동,중상사고,0,1,0,0,차대사람 - 차도통행중,안전운전불이행,건조,맑음,단일로 - 지하차도(도로)내,승용,남,55세,상해없음,보행자,여,78세,중상
2023061100100204,2023년 6월 11일 14시,일요일,부산광역시 사하구 하단동,중상사고,0,1,0,0,차대차 - 기타,신호위반,건조,맑음,교차로 - 교차로안,승용,남,54세,상해없음,이륜,남,39세,중상
2023061100100205,2023년 6월 11일 14시,일요일,부산광역시 사상구 감전동,경상사고,0,0,1,0,차대차 - 후진중충돌,안전운전불이행,건조,맑음,기타 - 기타,승용,여,54세,상해없음,승용,여,45세,경상
2023061100100206,2023년 6월 11일 14시,일요일,부산광역시 기장군 정관읍,경상사고,0,0,1,0,차대차 - 측면충돌,안전운전불이행,건조,맑음,교차로 - 교차로안,승용,남,42세,상해없음,이륜,남,33세,경상
2023061100100228,2023년 6월 11일 15시,일요일,부산광역시 강서구 천성동,경상사고,0,0,1,0,차대차 - 추돌,안전운전불이행,건조,맑음,단일로 - 고가도로위,승용,여,26세,기타불명,승용,여,55세,경상
2023061100100270,2023년 6월 11일 16시,일요일,부산광역시 북구 덕천동,중상사고,0,1,3,0,차대차 - 기타,안전운전불이행,건조,맑음,단일로 - 기타,승용,남,50세,기타불명,승용,남,56세,경상
2023061100100325,2023년 6월 11일 18시,일요일,부산광역시 동구 초량동,중상사고,0,1,0,0,차대사람 - 차도통행중,안전운전불이행,건조,맑음,단일로 - 지하차도(도로)내,승용,여,54세,상해없음,보행자,남,75세,중상
2023061100100349,2023년 6월 11일 19시,일요일,부산광역시 중구 창선동2가,중상사고,0,1,0,0,차대사람 - 보도통행중,기타,건조,맑음,기타 - 기타,이륜,남,59세,상해없음,보행자,여,59세,중상
2023061100100371,2023년 6월 11일 20시,일요일,부산광역시 사하구 하단동,경상사고,0,0,2,0,차대차 - 기타,신호위반,건조,맑음,단일로 - 기타,승용,남,65세,상해없음,승용,남,44세,경상
2023061100100407,2023년 6월 11일 22시,일요일,부산광역시 수영구 광안동,경상사고,0,0,1,0,차대사람 - 횡단중,보행자보호의무위반,건조,맑음,교차로 - 교차로횡단보도내,승용,남,64세,상해없음,보행자,여,37세,경상
2023061200100002,2023년 6월 12일 00시,월요일,부산광역시 해운대구 중동,경상사고,0,0,1,0,차대차 - 기타,신호위반,건조,맑음,교차로 - 교차로부근,화물,남,50세,상해없음,이륜,남,29세,경상