사고번호,사고일시,요일,시군구,사고내용,사망자수,중상자수,경상자수,부상신고자수,사고유형,법규위반,노면상태,기상상태,도로형태,가해운전자 차종,가해운전자 성별,가해운전자 연령,가해운전자 상해정도,피해운전자 차종,피해운전자 성별,피해운전자 연령,피해운전자 상해정도
2023061900100378,2023년 6월 19일 15시,월요일,부산광역시 남구 대연동,경상사고,0,0,1,0,차대차 - 추돌,차로위반,건조,맑음,단일로 - 기타,승용,남,56세,경상,화물,남,62세,상해없음
2023061900100379,2023년 6월 19일 15시,월요일,부산광역시 북구 구포동,경상사고,0,0,1,0,차대사람 - 기타,안전운전불이행,건조,맑음,단일로 - 기타,원동기,남,73세,상해없음,보행자,남,31세,경상
2023061900100380,2023년 6월 19일 15시,월요일,부산광역시 북구 만덕동,경상사고,0,0,2,0,차대차 - 기타,안전운전불이행,건조,맑음,교차로 - 교차로안,승용,여,38세,상해없음,승용,여,38세,경상
2023061900100381,2023년 6월 19일 15시,월요일,부산광역시 해운대구 우동,부상신고사고,0,0,0,1,차대사람 - 횡단중,보행자보호의무위반,건조,맑음,교차로 - 교차로부근,화물,남,44세,상해없음,보행자,여,8세,부상신고
2023061900100441,2023년 6월 19일 16시,월요일,부산광역시 북구 만덕동,중상사고,0,1,0,0,차대사람 - 횡단중,보행자보호의무위반,건조,맑음,교차로 - 교차로안,화물,남,46세,상해없음,보행자,여,25세,중상
2023061900100443,2023년 6월 19일 16시,월요일,부산광역시 기장군 기장읍,경상사고,0,0,1,0,차대사람 - 횡단중,보행자보호의무위반,건조,맑음,단일로 - 기타,승용,여,60세,상해없음,보행자,여,71세,경상
2023061900100490,2023년 6월 19일 17시,월요일,부산광역시 사하구 괴정동,경상사고,0,0,1,0,차량단독 - 기타,기타,건조,맑음,단일로 - 기타,승합,남,40세,상해없음,,,,
2023061900100522,2023년 6월 19일 18시,월요일,부산광역시 금정구 노포동,경상사고,0,0,1,0,차대차 - 측면충돌,안전운전불이행,건조,맑음,단일로 - 기타,승용,남,61세,상해없음,승용,남,44세,경상
2023061900100597,2023년 6월 19일 20시,월요일,부산광역시 부산진구 당감동,경상사고,0,0,1,0,차대차 - 추돌,신호위반,건조,맑음,교차로 - 교차로안,이륜,남,21세,상해없음,이륜,남,31세,경상
2023061900100624,2023년 6월 19일 21시,월요일,부산광역시 부산진구 부암동,중상사고,0,1,0,0,차대차 - 추돌,안전운전불이행,건조,맑음,단일로 - 기타,승용,남,37세,상해없음,승용,남,27세,중상
2023061900100653,2023년 6월 19일 22시,월요일,부산광역시 수영구 남천동,중상사고,0,1,0,0,차대차 - 추돌,신호위반,건조,맑음,교차로 - 교차로안,승용,남,67세,상해없음,이륜,남,25세,중상
2023062000100014,2023년 6월 20일 02시,화요일,부산광역시 남구 대연동,경상사고,0,0,1,0,차대사람 - 차도통행중,안전운전불이행,건조,맑음,교차로 - 교차로안,화물,남,62세,상해없음,보행자,남,55세,경상
2023062000100023,2023년 6월 20일 05시,화요일,부산광역시 영도구 동삼동,경상사고,0,0,1,0,차대차 - 측면충돌,신호위반,건조,맑음,교차로 - 교차로안,이륜,남,63세,기타불명,승용,여,29세,경상
2023062000100067,2023년 6월 20일 08시,화요일,부산광역시 북구 구포동,경상사고,0,0,2,0,차대차 - 기타,안전운전불이행,건조,맑음,교차로 - 교차로부근,승용,여,65세,상해없음,승합,남,53세,경상
2023062000100068,2023년 6월 20일 08시,화요일,부산광역시 금정구 노포동,경상사고,0,0,1,0,차대차 - 측면충돌,안전거리미확보,건조,맑음,단일로 - 기타,승용,남,63세,상해없음,특수,남,54세,경상
2023062000100117,2023년 6월 20일 09시,화요일,부산광역시 수영구 남천동,경상사고,0,0,2,0,차대차 - 측면충돌,안전운전불이행,건조,맑음,단일로 - 기타,원동기,남,32세,상해없음,승용,남,57세,상해없음
2023062000100118,2023년 6월 20일 09시,화요일,부산광역시 연제구 연산동,경상사고,0,0,1,0,차대차 - 정면충돌,안전운전불이행,건조,맑음,교차로 - 교차로안,승용,여,78세,상해없음,이륜,남,27세,경상
2023062000100119,2023년 6월 20일 09시,화요일,부산광역시 사상구 엄궁동,경상사고,0,0,1,0,차대차 - 측면충돌,신호위반,건조,맑음,교차로 - 교차로안,화물,남,71세,상해없음,화물,남,28세,경상
2023062000100153,2023년 6월 20일 10시,화요일,부산광역시 북구 만덕동,사망사고,1,0,0,0,차량단독 - 기타,안전운전불이행,건조,맑음,단일로 - 기타,자전거,남,67세,사망,,,,
2023062000100154,2023년 6월 20일 10시,화요일,부산광역시 해운대구 우동,경상사고,0,0,2,0,차대차 - 측면충돌,신호위반,건조,맑음,단일로 - 교량,특수,남,65세,상해없음,승용,남,69세,경상
2023062000100175,2023년 6월 20일 11시,화요일,부산광역시 연제구 연산동,중상사고,0,1,0,0,차대차 - 기타,안전운전불이행,건조,맑음,교차로 - 교차로부근,이륜,남,81세,중상,화물,남,66세,상해없음
2023062000100176,2023년 6월 20일 11시,화요일,부산광역시 사상구 괘법동,경상사고,0,0,1,0,차대차 - 측면충돌,안전운전불이행,건조,맑음,교차로 - 교차로안,승용,남,67세,상해없음,승용,남,44세,경상
2023062000100249,2023년 6월 20일 13시,화요일,부산광역시 금정구 구서동,부상신고사고,0,0,0,1,차대사람 - 횡단중,안전운전불이행,건조,맑음,단일로 - 기타,개인형이동수단(PM),여,19세,기타불명,보행자,여,65세,부상신고
2023062000100250,2023년 6월 20일 13시,화요일,부산광역시 사하구 다대동,경상사고,0,0,2,0,차대차 - 추돌,안전운전불이행,건조,맑음,교차로 - 교차로부근,승용,여,43세,상해없음,승용,남,43세,경상
2023062000100282,2023년 6월 20일 14시,화요일,부산광역시 부산진구 양정동,경상사고,0,0,1,0,차대차 - 측면충돌,안전운전불이행,건조,맑음,단일로 - 기타,승용,여,43세,상해없음,승용,남,34세,경상
2023062000100283,2023년 6월 20일 14시,화요일,부산광역시 사하구 감천동,경상사고,0,0,1,0,차대사람 - 횡단중,안전운전불이행,건조,맑음,단일로 - 기타,승용,여,27세,상해없음,보행자,여,34세,경상
2023062000100317,2023년 6월 20일 15시,화요일,부산광역시 남구 대연동,경상사고,0,0,1,0,차대사람 - 횡단중,보행자보호의무위반,건조,맑음,단일로 - 기타,승용,여,67세,상해없음,보행자,남,7세,경상
2023062000100318,2023년 6월 20일 15시,화요일,부산광역시 동래구 명륜동,경상사고,0,0,1,0,차대차 - 기타,신호위반,건조,맑음,단일로 - 기타,이륜,남,42세,상해없음,승합,남,47세,상해없음
2023062000100319,2023년 6월 20일 15시,화요일,부산광역시 기장군 정관읍,경상사고,0,0,1,0,차대사람 - 차도통행중,안전운전불이행,건조,맑음,단일로 - 기타,자전거,남,45세,상해없음,보행자,여,73세,경상
2023062000100350,2023년 6월 20일 16시,화요일,부산광역시 북구 금곡동,경상사고,0,0,1,0,차대사람 - 횡단중,신호위반,건조,맑음,교차로 - 교차로횡단보도내,이륜,남,25세,상해없음,보행자,남,9세,경상
2023062000100351,2023년 6월 20일 16시,화요일,부산광역시 해운대구 반여동,중상사고,0,1,0,0,차대사람 - 기타,보행자보호의무위반,건조,맑음,교차로 - 교차로횡단보도내,이륜,남,22세,상해없음,보행자,남,71세,중상
2023062000100352,2023년 6월 20일 16시,화요일,부산광역시 강서구 화전동,중상사고,0,1,0,0,차대차 - 기타,신호위반,건조,맑음,교차로 - 교차로부근,이륜,남,61세,상해없음,이륜,남,38세,중상
2023062000100395,2023년 6월 20일 17시,화요일,부산광역시 동래구 복천동,경상사고,0,0,2,0,차대차 - 측면충돌,안전운전불이행,건조,맑음,교차로 - 교차로안,승용,남,74세,상해없음,승용,여,53세,경상
2023062000100396,2023년 6월 20일 17시,화요일,부산광역시 해운대구 재송동,경상사고,0,0,4,0,차대차 - 측면충돌,안전운전불이행,건조,맑음,단일로 - 지하차도(도로)내,승용,남,76세,상해없음,승용,남,26세,경상
2023062000100397,2023년 6월 20일 17시,화요일,부산광역시 부산진구 당감동,경상사고,0,0,1,0,차대차 - 기타,안전거리미확보,건조,맑음,단일로 - 기타,승용,여,62세,상해없음,이륜,남,60세,경상
2023062000100398,2023년 6월 20일 17시,화요일,부산광역시 부산진구 부전동,경상사고,0,0,1,0,차대사람 - 차도통행중,안전운전불이행,건조,맑음,교차로 - 교차로부근,승용,여,51세,상해없음,보행자,남,80세,경상
2023062000100399,2023년 6월 20일 17시,화요일,부산광역시 연제구 거제동,경상사고,0,0,1,1,차대차 - 기타,안전거리미확보,건조,맑음,단일로 - 기타,승용,남,66세,상해없음,승합,남,51세,경상
2023062000100438,2023년 6월 20일 18시,화요일,부산광역시 사하구 하단동,경상사고,0,0,2,0,차대차 - 기타,안전운전불이행,건조,맑음,단일로 - 지하차도(도로)내,승합,남,76세,상해없음,화물,남,38세,경상
2023062000100439,2023년 6월 20일 18시,화요일,부산광역시 연제구 연산동,중상사고,0,1,0,0,차대사람 - 보도통행중,안전운전불이행,건조,맑음,단일로 - 기타,승합,남,74세,상해없음,보행자,여,73세,중상
2023062000100478,2023년 6월 20일 19시,화요일,부산광역시 금정구 두구동,중상사고,0,1,0,0,차대사람 - 횡단중,안전운전불이행,건조,맑음,단일로 - 기타,승용,남,56세,상해없음,보행자,여,65세,중상
2023062000100504,2023년 6월 20일 20시,화요일,부산광역시 남구 대연동,경상사고,0,0,1,0,차대사람 - 횡단중,신호위반,건조,맑음,교차로 - 교차로횡단보도내,이륜,남,24세,상해없음,보행자,여,25세,경상
2023062000100505,2023년 6월 20일 20시,화요일,부산광역시 동래구 명륜동,경상사고,0,0,1,1,차대차 - 측면충돌,안전거리미확보,건조,맑음,교차로 - 교차로안,승용,남,38세,상해없음,승용,남,32세,경상
2023062000100559,2023년 6월 20일 22시,화요일,부산광역시 동래구 안락동,경상사고,0,0,1,0,차대사람 - 기타,안전운전불이행,건조,맑음,단일로 - 기타,개인형이동수단(PM),여,16세,상해없음,보행자,여,60세,경상
2023062000100560,2023년 6월 20일 22시,화요일,부산광역시 기장군 일광읍,경상사고,0,0,2,0,차대차 - 추돌,안전운전불이행,건조,기타,단일로 - 기타,승용,남,47세,상해없음,승용,남,30세,경상
2023062100100042,2023년 6월 21일 04시,수요일,부산광역시 동구 초량동,경상사고,0,0,1,0,차대차 - 추돌,안전운전불이행,젖음/습기,비,단일로 - 기타,승용,남,35세,상해없음,승용,남,31세,경상
2023062100100043,2023년 6월 21일 04시,수요일,부산광역시 해운대구 좌동,경상사고,0,0,2,0,차대차 - 측면충돌,안전운전불이행,젖음/습기,비,교차로 - 교차로부근,승용,남,68세,상해없음,승용,남,21세,경상
2023062100100058,2023년 6월 21일 06시,수요일,부산광역시 사하구 괴정동,경상사고,0,0,1,0,차대차 - 기타,직진우회전진행방해,젖음/습기,비,교차로 - 교차로안,화물,남,48세,상해없음,이륜,여,33세,경상
2023062100100067,2023년 6월 21일 07시,수요일,부산광역시 강서구 명지동,중상사고,0,1,0,0,차량단독 - 기타,안전운전불이행,젖음/습기,흐림,교차로 - 교차로안,승합,남,46세,상해없음,,,,
2023062100100091,2023년 6월 21일 08시,수요일,부산광역시 남구 대연동,경상사고,0,0,1,0,차대차 - 기타,안전운전불이행,젖음/습기,비,교차로 - 교차로부근,승용,남,72세,상해없음,승합,남,48세,상해없음
2023062100100092,2023년 6월 21일 08시,수요일,부산광역시 영도구 동삼동,경상사고,0,0,1,0,차대차 - 추돌,중앙선침범,젖음/습기,비,단일로 - 기타,승용,여,58세,상해없음,승용,여,39세,경상
2023062100100093,2023년 6월 21일 08시,수요일,부산광역시 부산진구 초읍동,중상사고,0,1,2,0,차대차 - 기타,기타,젖음/습기,비,교차로 - 교차로부근,승용,남,43세,경상,승용,여,53세,중상
2023062100100134,2023년 6월 21일 09시,수요일,부산광역시 해운대구 우동,중상사고,0,1,0,0,차대차 - 후진중충돌,불법유턴,젖음/습기,비,단일로 - 기타,승용,남,64세,상해없음,화물,남,29세,중상
2023062100100188,2023년 6월 21일 11시,수요일,부산광역시 동래구 사직동,경상사고,0,0,1,0,차대차 - 측면충돌,안전운전불이행,젖음/습기,비,단일로 - 기타,이륜,남,35세,기타불명,이륜,남,44세,경상
2023062100100216,2023년 6월 21일 12시,수요일,부산광역시 서구 서대신동2가,경상사고,0,0,1,0,차대사람 - 길가장자리구역통행중,안전운전불이행,건조,맑음,교차로 - 교차로부근,승용,남,41세,상해없음,보행자,남,66세,경상
2023062100100217,2023년 6월 21일 12시,수요일,부산광역시 연제구 거제동,사망사고,1,0,0,0,차대차 - 측면충돌,교차로운행방법위반,젖음/습기,비,교차로 - 교차로안,승용,여,54세,상해없음,이륜,남,71세,사망
2023062100100245,2023년 6월 21일 13시,수요일,부산광역시 북구 화명동,중상사고,0,1,0,0,차대차 - 기타,안전운전불이행,건조,맑음,단일로 - 기타,승용,남,30세,상해없음,이륜,남,48세,중상
2023062100100246,2023년 6월 21일 13시,수요일,부산광역시 동래구 온천동,경상사고,0,0,1,0,차량단독 - 공작물충돌,안전운전불이행,건조,맑음,단일로 - 기타,승용,여,42세,경상,,,,
2023062100100247,2023년 6월 21일 13시,수요일,부산광역시 동래구 안락동,경상사고,0,0,1,0,차대차 - 기타,안전거리미확보,건조,맑음,단일로 - 기타,승용,여,33세,기타불명,승용,남,24세,경상
2023062100100248,2023년 6월 21일 13시,수요일,부산광역시 금정구 구서동,경상사고,0,0,3,0,차대차 - 추돌,안전거리미확보,젖음/습기,비,단일로 - 기타,승용,남,19세,상해없음,승용,남,41세,경상
2023062100100249,2023년 6월 21일 13시,수요일,부산광역시 연제구 거제동,경상사고,0,0,1,0,차대차 - 기타,차로위반,건조,흐림,단일로 - 기타,승용,여,44세,상해없음,승용,남,51세,경상
2023062100100343,2023년 6월 21일 16시,수요일,부산광역시 북구 덕천동,중상사고,0,1,0,0,차대차 - 기타,안전운전불이행,건조,맑음,교차로 - 교차로안,화물,남,30세,상해없음,이륜,남,28세,중상
2023062100100344,2023년 6월 21일 16시,수요일,부산광역시 사상구 감전동,경상사고,0,0,1,0,차대차 - 기타,신호위반,건조,맑음,교차로 - 교차로안,화물,남,63세,상해없음,특수,남,36세,경상
2023062100100367,2023년 6월 21일 17시,수요일,부산광역시 동래구 온천동,경상사고,0,0,1,0,차대차 - 추돌,안전운전불이행,젖음/습기,흐림,단일로 - 지하차도(도로)내,승용,남,41세,상해없음,승용,남,59세,경상
2023062100100368,2023년 6월 21일 17시,수요일,부산광역시 해운대구 재송동,경상사고,0,0,2,0,차대차 - 측면충돌,안전거리미확보,건조,맑음,단일로 - 기타,특수,남,68세,상해없음,승용,남,60세,경상
2023062100100465,2023년 6월 21일 20시,수요일,부산광역시 금정구 구서동,중상사고,0,1,0,0,차대차 - 정면충돌,신호위반,건조,맑음,교차로 - 교차로안,승용,여,62세,상해없음,승용,남,49세,중상
2023062100100495,2023년 6월 21일 21시,수요일,부산광역시 사하구 장림동,중상사고,0,1,0,0,차대사람 - 횡단중,안전운전불이행,건조,맑음,단일로 - 기타,이륜,남,48세,상해없음,보행자,여,68세,중상
2023062100100516,2023년 6월 21일 22시,수요일,부산광역시 수영구 광안동,경상사고,0,0,1,0,차대차 - 측면충돌,안전운전불이행,건조,맑음,단일로 - 기타,승용,남,45세,상해없음,승용,남,65세,경상
2023062100100517,2023년 6월 21일 22시,수요일,부산광역시 동래구 명륜동,경상사고,0,0,1,0,차대차 - 기타,중앙선침범,건조,맑음,교차로 - 교차로안,승용,남,59세,상해없음,이륜,남,41세,경상
2023062100100518,2023년 6월 21일 22시,수요일,부산광역시 기장군 철마면,중상사고,0,2,0,0,차대차 - 추돌,안전운전불이행,건조,맑음,단일로 - 지하차도(도로)내,승용,남,34세,상해없음,자전거,남,40세,중상
2023062100100536,2023년 6월 21일 23시,수요일,부산광역시 동래구 낙민동,사망사고,1,0,1,0,차대차 - 측면충돌,신호위반,건조,흐림,교차로 - 교차로안,원동기,남,43세,사망,승용,남,61세,경상
2023062200100004,2023년 6월 22일 00시,목요일,부산광역시 수영구 남천동,부상신고사고,0,0,0,1,차대차 - 측면충돌,안전운전불이행,건조,맑음,교차로 - 교차로안,승용,남,52세,상해없음,개인형이동수단(PM),남,44세,부상신고
2023062200100034,2023년 6월 22일 05시,목요일,부산광역시 연제구 연산동,경상사고,0,0,1,0,차대차 - 기타,교차로운행방법위반,건조,맑음,교차로 - 교차로부근,화물,남,62세,상해없음,화물,남,83세,경상
2023062200100054,2023년 6월 22일 07시,목요일,부산광역시 동구 좌천동,중상사고,0,2,0,0,차대차 - 추돌,안전운전불이행,건조,맑음,단일로 - 고가도로위,승용,여,60세,상해없음,승용,남,52세,중상
2023062200100055,2023년 6월 22일 07시,목요일,부산광역시 해운대구 우동,경상사고,0,0,3,0,차대차 - 측면충돌,안전운전불이행,건조,맑음,교차로 - 교차로부근,승용,여,72세,기타불명,승용,여,45세,경상
2023062200100056,2023년 6월 22일 07시,목요일,부산광역시 금정구 회동동,중상사고,0,1,0,1,차대차 - 정면충돌,중앙선침범,건조,맑음,단일로 - 기타,특수,남,40세,부상신고,화물,남,45세,중상
2023062200100089,2023년 6월 22일 08시,목요일,부산광역시 해운대구 반여동,중상사고,0,1,0,0,차대차 - 기타,안전운전불이행,건조,맑음,교차로 - 교차로부근,건설기계,남,55세,상해없음,승용,여,55세,중상
2023062200100139,2023년 6월 22일 09시,목요일,부산광역시 연제구 연산동,부상신고사고,0,0,0,1,차대차 - 측면충돌,신호위반,건조,맑음,교차로 - 교차로부근,이륜,남,61세,부상신고,이륜,남,66세,상해없음
2023062200100166,2023년 6월 22일 10시,목요일,부산광역시 사하구 하단동,경상사고,0,0,1,0,차대차 - 기타,안전거리미확보,건조,맑음,교차로 - 교차로안,승합,남,63세,기타불명,건설기계,남,60세,경상
2023062200100227,2023년 6월 22일 12시,목요일,부산광역시 사하구 장림동,경상사고,0,0,2,0,차대차 - 측면충돌,안전운전불이행,건조,맑음,단일로 - 기타,이륜,남,44세,경상,승용,남,52세,경상
2023062200100228,2023년 6월 22일 12시,목요일,부산광역시 기장군 기장읍,경상사고,0,0,1,0,차대차 - 측면충돌,안전운전불이행,건조,맑음,교차로 - 교차로안,화물,남,63세,상해없음,화물,남,60세,경상
2023062200100248,2023년 6월 22일 13시,목요일,부산광역시 서구 충무동1가,경상사고,0,0,1,0,차대차 - 측면충돌,안전운전불이행,건조,맑음,단일로 - 기타,승용,남,60세,상해없음,승용,남,34세,경상
2023062200100250,2023년 6월 22일 13시,목요일,부산광역시 사하구 하단동,경상사고,0,0,1,0,차량단독 - 공작물충돌,안전운전불이행,건조,맑음,단일로 - 기타,개인형이동수단(PM),남,23세,경상,,,,
2023062200100251,2023년 6월 22일 13시,목요일,부산광역시 사상구 괘법동,중상사고,0,1,0,0,차대사람 - 횡단중,보행자보호의무위반,건조,맑음,교차로 - 교차로안,승용,여,24세,상해없음,보행자,남,42세,중상
2023062200100280,2023년 6월 22일 14시,목요일,부산광역시 부산진구 부전동,경상사고,0,0,1,0,차대사람 - 기타,안전운전불이행,건조,맑음,단일로 - 기타,승용,여,31세,상해없음,보행자,남,62세,경상
2023062200100281,2023년 6월 22일 14시,목요일,부산광역시 금정구 회동동,경상사고,0,0,1,0,차대사람 - 기타,안전운전불이행,건조,맑음,단일로 - 기타,승용,남,29세,상해없음,보행자,남,58세,경상
2023062200100282,2023년 6월 22일 14시,목요일,부산광역시 사하구 다대동,경상사고,0,0,1,0,차대차 - 측면충돌,직진우회전진행방해,건조,맑음,교차로 - 교차로안,이륜,남,48세,기타불명,승용,여,47세,경상
2023062200100317,2023년 6월 22일 15시,목요일,부산광역시 영도구 동삼동,경상사고,0,0,1,0,차대차 - 측면충돌,직진우회전진행방해,건조,맑음,교차로 - 교차로안,승용,남,73세,기타불명,승용,여,61세,경상
2023062200100350,2023년 6월 22일 16시,목요일,부산광역시 동구 초량동,경상사고,0,0,1,0,차대차 - 측면충돌,기타,건조,맑음,단일로 - 지하차도(도로)내,승용,남,64세,상해없음,이륜,남,43세,경상
2023062200100382,2023년 6월 22일 17시,목요일,부산광역시 서구 동대신동1가,경상사고,0,0,1,0,차대사람 - 차도통행중,안전운전불이행,건조,맑음,교차로 - 교차로부근,화물,남,40세,상해없음,보행자,남,16세,경상
2023062200100383,2023년 6월 22일 17시,목요일,부산광역시 서구 암남동,경상사고,0,0,1,0,차대차 - 추돌,안전운전불이행,건조,맑음,교차로 - 교차로부근,승용,남,61세,상해없음,승용,남,63세,경상
2023062200100384,2023년 6월 22일 17시,목요일,부산광역시 연제구 거제동,경상사고,0,0,1,0,차대차 - 기타,차로위반,건조,맑음,단일로 - 기타,승용,남,60세,상해없음,승합,남,60세,상해없음
2023062200100385,2023년 6월 22일 17시,목요일,부산광역시 강서구 봉림동,경상사고,0,0,1,0,차대차 - 측면충돌,안전거리미확보,건조,맑음,단일로 - 기타,승용,남,43세,상해없음,특수,남,50세,경상
2023062200100439,2023년 6월 22일 18시,목요일,부산광역시 동구 범일동,중상사고,0,1,2,1,차대차 - 기타,안전거리미확보,건조,맑음,단일로 - 기타,승용,여,60세,상해없음,승합,남,48세,상해없음
2023062200100440,2023년 6월 22일 18시,목요일,부산광역시 서구 동대신동3가,경상사고,0,0,1,1,차대차 - 측면충돌,안전운전불이행,건조,맑음,교차로 - 교차로안,승용,남,32세,부상신고,승용,남,67세,경상
2023062200100441,2023년 6월 22일 18시,목요일,부산광역시 수영구 남천동,경상사고,0,0,1,0,차대차 - 측면충돌,안전거리미확보,건조,맑음,단일로 - 기타,화물,남,52세,상해없음,승용,남,44세,경상
2023062200100442,2023년 6월 22일 18시,목요일,부산광역시 수영구 남천동,경상사고,0,0,1,1,차대차 - 측면충돌,안전운전불이행,건조,맑음,교차로 - 교차로안,승용,여,45세,부상신고,승용,여,40세,경상
2023062200100443,2023년 6월 22일 18시,목요일,부산광역시 연제구 연산동,경상사고,0,0,1,0,차대사람 - 보도통행중,기타,건조,맑음,단일로 - 기타,승용,여,58세,상해없음,보행자,남,56세,경상
2023062200100498,2023년 6월 22일 19시,목요일,부산광역시 부산진구 부전동,경상사고,0,0,1,0,차대차 - 기타,신호위반,건조,맑음,교차로 - 교차로안,승용,남,64세,상해없음,이륜,남,18세,경상
2023062200100499,2023년 6월 22일 19시,목요일,부산광역시 부산진구 양정동,경상사고,0,0,1,0,차대사람 - 기타,안전운전불이행,건조,맑음,교차로 - 교차로안,승용,남,28세,상해없음,보행자,남,22세,경상
2023062200100517,2023년 6월 22일 20시,목요일,부산광역시 사하구 괴정동,중상사고,0,1,0,0,차대차 - 정면충돌,안전운전불이행,건조,맑음,교차로 - 교차로안,승용,남,57세,상해없음,이륜,남,28세,중상
2023062200100518,2023년 6월 22일 20시,목요일,부산광역시 수영구 망미동,부상신고사고,0,0,0,1,차대차 - 기타,안전운전불이행,건조,맑음,교차로 - 교차로안,이륜,남,59세,상해없음,이륜,남,64세,부상신고
2023062200100519,2023년 6월 22일 20시,목요일,부산광역시 연제구 연산동,경상사고,0,0,1,0,차대차 - 기타,안전거리미확보,건조,맑음,단일로 - 기타,화물,남,55세,상해없음,승용,남,24세,경상
2023062200100546,2023년 6월 22일 21시,목요일,부산광역시 수영구 광안동,경상사고,0,0,1,0,차대사람 - 횡단중,보행자보호의무위반,건조,맑음,단일로 - 기타,승용,여,27세,상해없음,보행자,여,63세,경상
2023062200100592,2023년 6월 22일 23시,목요일,부산광역시 남구 용호동,경상사고,0,0,1,0,차대차 - 후진중충돌,안전운전불이행,건조,맑음,교차로 - 교차로안,화물,남,58세,상해없음,승용,남,36세,경상
2023062200100593,2023년 6월 22일 23시,목요일,부산광역시 연제구 연산동,경상사고,0,0,1,0,차대사람 - 기타,보행자보호의무위반,건조,맑음,교차로 - 교차로횡단보도내,화물,남,44세,상해없음,보행자,남,25세,경상
2023062300100030,2023년 6월 23일 05시,금요일,부산광역시 기장군 기장읍,중상사고,0,1,0,0,차대사람 - 기타,안전운전불이행,건조,맑음,단일로 - 기타,화물,남,60세,상해없음,보행자,여,67세,중상
2023062300100038,2023년 6월 23일 06시,금요일,부산광역시 사하구 구평동,경상사고,0,0,1,0,차대사람 - 기타,안전운전불이행,건조,맑음,단일로 - 기타,승용,남,60세,상해없음,보행자,남,60세,경상
2023062300100050,2023년 6월 23일 07시,금요일,부산광역시 연제구 연산동,중상사고,0,1,0,0,차대차 - 기타,중앙선침범,건조,맑음,교차로 - 교차로안,승용,남,77세,상해없음,승용,남,52세,중상
2023062300100086,2023년 6월 23일 08시,금요일,부산광역시 동래구 명륜동,경상사고,0,0,1,0,차대차 - 추돌,안전운전불이행,건조,맑음,단일로 - 기타,승용,남,27세,상해없음,승용,여,43세,경상
2023062300100087,2023년 6월 23일 08시,금요일,부산광역시 동래구 온천동,중상사고,0,1,0,0,차대사람 - 횡단중,신호위반,건조,맑음,교차로 - 교차로횡단보도내,승용,남,44세,상해없음,보행자,여,35세,중상
2023062300100088,2023년 6월 23일 08시,금요일,부산광역시 사하구 감천동,경상사고,0,0,1,0,차대사람 - 길가장자리구역통행중,안전운전불이행,건조,맑음,단일로 - 지하차도(도로)내,화물,남,61세,상해없음,보행자,남,16세,경상
2023062300100089,2023년 6월 23일 08시,금요일,부산광역시 연제구 연산동,중상사고,0,2,2,0,차대차 - 추돌,안전운전불이행,건조,맑음,단일로 - 기타,승용,여,71세,상해없음,승용,남,28세,경상
2023062300100090,2023년 6월 23일 08시,금요일,부산광역시 강서구 대저2동,경상사고,0,0,1,0,차대차 - 측면충돌,안전거리미확보,건조,맑음,교차로 - 교차로안,화물,남,34세,상해없음,승용,여,33세,경상
2023062300100125,2023년 6월 23일 09시,금요일,부산광역시 동래구 사직동,경상사고,0,0,1,0,차대사람 - 차도통행중,안전운전불이행,건조,맑음,단일로 - 기타,승합,남,69세,상해없음,보행자,남,49세,경상
2023062300100126,2023년 6월 23일 09시,금요일,부산광역시 연제구 연산동,중상사고,0,1,0,0,차대차 - 측면충돌,신호위반,건조,맑음,교차로 - 교차로횡단보도내,이륜,남,55세,중상,승용,남,32세,상해없음
2023062300100160,2023년 6월 23일 10시,금요일,부산광역시 서구 아미동2가,경상사고,0,0,1,0,차대사람 - 기타,안전운전불이행,건조,맑음,단일로 - 기타,승용,남,68세,상해없음,보행자,남,33세,경상
2023062300100161,2023년 6월 23일 10시,금요일,부산광역시 동래구 낙민동,부상신고사고,0,0,0,1,차대차 - 기타,교차로운행방법위반,건조,맑음,교차로 - 교차로부근,승용,남,31세,상해없음,승합,남,46세,상해없음
2023062300100162,2023년 6월 23일 10시,금요일,부산광역시 사상구 학장동,경상사고,0,0,1,0,차대차 - 측면충돌,교차로운행방법위반,건조,맑음,교차로 - 교차로안,화물,남,55세,기타불명,승용,남,40세,경상
2023062300100197,2023년 6월 23일 11시,금요일,부산광역시 동래구 사직동,중상사고,0,1,0,0,차대차 - 기타,안전운전불이행,건조,맑음,단일로 - 기타,이륜,남,48세,중상,승용,남,34세,기타불명
2023062300100198,2023년 6월 23일 11시,금요일,부산광역시 연제구 거제동,중상사고,0,1,0,0,차대차 - 측면충돌,안전운전불이행,건조,맑음,교차로 - 교차로안,승용,남,54세,상해없음,이륜,남,74세,중상
2023062300100199,2023년 6월 23일 11시,금요일,부산광역시 사상구 모라동,경상사고,0,0,1,0,차대차 - 측면충돌,안전운전불이행,건조,맑음,단일로 - 기타,승용,남,65세,상해없음,승용,남,51세,경상
2023062300100234,2023년 6월 23일 12시,금요일,부산광역시 북구 덕천동,경상사고,0,0,1,0,차대사람 - 기타,안전운전불이행,건조,맑음,단일로 - 기타,승용,남,48세,상해없음,보행자,남,70세,경상