사고번호,사고일시,요일,시군구,사고내용,사망자수,중상자수,경상자수,부상신고자수,사고유형,법규위반,노면상태,기상상태,도로형태,가해운전자 차종,가해운전자 성별,가해운전자 연령,가해운전자 상해정도,피해운전자 차종,피해운전자 성별,피해운전자 연령,피해운전자 상해정도
2023062300100235,2023년 6월 23일 12시,금요일,부산광역시 해운대구 좌동,부상신고사고,0,0,0,1,차대차 - 기타,신호위반,건조,맑음,교차로 - 교차로횡단보도내,승용,여,47세,상해없음,자전거,여,73세,부상신고
2023062300100268,2023년 6월 23일 13시,금요일,부산광역시 동구 초량동,중상사고,0,1,0,0,차대차 - 측면충돌,안전거리미확보,건조,맑음,단일로 - 기타,화물,남,37세,상해없음,승용,남,34세,중상
2023062300100269,2023년 6월 23일 13시,금요일,부산광역시 부산진구 부전동,중상사고,0,1,0,0,차대사람 - 기타,안전운전불이행,건조,맑음,단일로 - 기타,승용,남,30세,상해없음,보행자,여,78세,중상
2023062300100270,2023년 6월 23일 13시,금요일,부산광역시 부산진구 개금동,부상신고사고,0,0,0,1,차대차 - 측면충돌,안전운전불이행,건조,맑음,단일로 - 기타,이륜,남,24세,부상신고,승용,여,30세,상해없음
2023062300100271,2023년 6월 23일 13시,금요일,부산광역시 사하구 당리동,중상사고,0,1,0,0,차대차 - 기타,신호위반,건조,맑음,교차로 - 교차로안,승용,남,80세,상해없음,이륜,남,61세,중상
2023062300100273,2023년 6월 23일 13시,금요일,부산광역시 수영구 망미동,중상사고,0,1,0,0,차대차 - 측면충돌,안전운전불이행,건조,맑음,교차로 - 교차로안,자전거,남,84세,중상,화물,남,48세,상해없음
2023062300100345,2023년 6월 23일 15시,금요일,부산광역시 북구 금곡동,경상사고,0,0,1,0,차대차 - 기타,안전운전불이행,건조,맑음,단일로 - 기타,승합,남,62세,상해없음,승용,여,32세,경상
2023062300100346,2023년 6월 23일 15시,금요일,부산광역시 해운대구 반여동,사망사고,1,1,0,0,차대사람 - 기타,안전운전불이행,건조,맑음,단일로 - 기타,승용,남,66세,상해없음,보행자,여,64세,중상
2023062300100347,2023년 6월 23일 15시,금요일,부산광역시 사하구 하단동,경상사고,0,0,1,0,차대차 - 후진중충돌,안전운전불이행,건조,맑음,단일로 - 기타,승용,여,43세,상해없음,승용,여,51세,경상
2023062300100392,2023년 6월 23일 16시,금요일,부산광역시 서구 암남동,경상사고,0,0,1,0,차대사람 - 기타,안전운전불이행,건조,맑음,단일로 - 기타,승합,남,51세,상해없음,보행자,남,69세,경상
2023062300100393,2023년 6월 23일 16시,금요일,부산광역시 동래구 사직동,부상신고사고,0,0,0,1,차량단독 - 기타,안전운전불이행,건조,맑음,단일로 - 기타,승합,남,34세,상해없음,,,,
2023062300100429,2023년 6월 23일 17시,금요일,부산광역시 동구 수정동,중상사고,0,1,0,0,차대사람 - 횡단중,보행자보호의무위반,건조,맑음,단일로 - 지하차도(도로)내,이륜,남,37세,상해없음,보행자,여,56세,중상
2023062300100430,2023년 6월 23일 17시,금요일,부산광역시 부산진구 부전동,경상사고,0,0,2,0,차대차 - 추돌,안전운전불이행,건조,맑음,교차로 - 교차로안,승용,여,59세,경상,승용,남,42세,상해없음
2023062300100491,2023년 6월 23일 18시,금요일,부산광역시 북구 화명동,중상사고,0,1,1,1,차대차 - 추돌,기타,건조,맑음,단일로 - 터널,승용,남,26세,경상,승용,남,39세,상해없음
2023062300100492,2023년 6월 23일 18시,금요일,부산광역시 영도구 동삼동,중상사고,0,1,0,0,차대차 - 측면충돌,안전거리미확보,건조,맑음,단일로 - 기타,승합,남,53세,기타불명,자전거,남,61세,중상
2023062300100493,2023년 6월 23일 18시,금요일,부산광역시 해운대구 석대동,경상사고,0,0,2,0,차대차 - 측면충돌,차로위반,건조,맑음,단일로 - 기타,승용,남,58세,상해없음,승용,남,63세,경상
2023062300100494,2023년 6월 23일 18시,금요일,부산광역시 사하구 신평동,경상사고,0,0,1,0,차대차 - 측면충돌,직진우회전진행방해,건조,맑음,교차로 - 교차로안,승용,남,61세,상해없음,승용,남,32세,경상
2023062300100549,2023년 6월 23일 19시,금요일,부산광역시 부산진구 범전동,경상사고,0,0,1,0,차량단독 - 기타,기타,건조,맑음,단일로 - 기타,승합,남,35세,상해없음,,,,
2023062300100583,2023년 6월 23일 20시,금요일,부산광역시 수영구 민락동,경상사고,0,0,2,0,차대차 - 추돌,안전운전불이행,건조,맑음,단일로 - 기타,승용,여,26세,상해없음,승용,남,30세,경상
2023062300100584,2023년 6월 23일 20시,금요일,부산광역시 북구 화명동,경상사고,0,0,1,0,차대차 - 기타,안전거리미확보,건조,맑음,교차로 - 교차로부근,승용,남,30세,상해없음,이륜,남,22세,경상
2023062300100585,2023년 6월 23일 20시,금요일,부산광역시 동래구 온천동,부상신고사고,0,0,0,1,차대사람 - 횡단중,안전운전불이행,건조,맑음,단일로 - 기타,승용,남,65세,상해없음,보행자,남,24세,부상신고
2023062300100586,2023년 6월 23일 20시,금요일,부산광역시 사하구 괴정동,경상사고,0,0,1,0,차대차 - 기타,안전운전불이행,건조,맑음,단일로 - 기타,승용,남,72세,상해없음,원동기,남,31세,경상
2023062300100621,2023년 6월 23일 21시,금요일,부산광역시 부산진구 범천동,경상사고,0,0,1,0,차대사람 - 차도통행중,안전운전불이행,건조,맑음,교차로 - 교차로안,원동기,남,47세,상해없음,보행자,남,60세,경상
2023062300100640,2023년 6월 23일 22시,금요일,부산광역시 부산진구 부전동,경상사고,0,0,1,0,차대사람 - 기타,안전운전불이행,건조,맑음,교차로 - 교차로부근,승용,남,20세,상해없음,보행자,여,25세,경상
2023062400100026,2023년 6월 24일 03시,토요일,부산광역시 동래구 온천동,부상신고사고,0,0,0,1,차량단독 - 기타,안전운전불이행,건조,맑음,단일로 - 터널,이륜,남,43세,부상신고,,,,
2023062400100038,2023년 6월 24일 05시,토요일,부산광역시 사하구 신평동,중상사고,0,1,0,0,차대차 - 측면충돌,안전운전불이행,건조,맑음,교차로 - 교차로횡단보도내,자전거,남,85세,중상,승용,남,55세,상해없음
2023062400100063,2023년 6월 24일 07시,토요일,부산광역시 서구 암남동,경상사고,0,0,1,0,차대차 - 측면충돌,중앙선침범,건조,맑음,단일로 - 기타,승용,남,43세,상해없음,특수,남,51세,경상
2023062400100064,2023년 6월 24일 07시,토요일,부산광역시 부산진구 부전동,중상사고,0,1,0,0,차대사람 - 횡단중,중앙선침범,건조,맑음,기타 - 기타,승용,남,57세,상해없음,보행자,남,69세,중상
2023062400100074,2023년 6월 24일 08시,토요일,부산광역시 부산진구 당감동,부상신고사고,0,0,0,1,차량단독 - 공작물충돌,안전운전불이행,건조,맑음,단일로 - 기타,승용,남,69세,부상신고,,,,
2023062400100091,2023년 6월 24일 09시,토요일,부산광역시 동구 초량동,중상사고,0,1,0,0,차대사람 - 보도통행중,안전운전불이행,건조,맑음,교차로 - 교차로안,승용,남,66세,상해없음,보행자,여,71세,중상
2023062400100092,2023년 6월 24일 09시,토요일,부산광역시 사하구 신평동,중상사고,0,1,0,0,차대사람 - 차도통행중,안전운전불이행,건조,맑음,단일로 - 기타,승용,남,40세,기타불명,보행자,남,72세,중상
2023062400100162,2023년 6월 24일 11시,토요일,부산광역시 사하구 괴정동,경상사고,0,0,1,0,차대차 - 측면충돌,안전운전불이행,건조,맑음,교차로 - 교차로부근,이륜,남,56세,상해없음,이륜,남,20세,경상
2023062400100163,2023년 6월 24일 11시,토요일,부산광역시 사상구 덕포동,경상사고,0,0,4,0,차대차 - 측면충돌,직진우회전진행방해,건조,맑음,교차로 - 교차로안,승용,여,42세,경상,승용,남,70세,경상
2023062400100201,2023년 6월 24일 12시,토요일,부산광역시 동구 범일동,경상사고,0,0,3,1,차대차 - 추돌,안전운전불이행,건조,맑음,단일로 - 기타,승합,남,38세,상해없음,승합,남,48세,상해없음
2023062400100202,2023년 6월 24일 12시,토요일,부산광역시 남구 문현동,경상사고,0,0,2,0,차대차 - 측면충돌,안전운전불이행,건조,맑음,교차로 - 교차로안,승용,남,67세,상해없음,승용,남,25세,경상
2023062400100203,2023년 6월 24일 12시,토요일,부산광역시 해운대구 우동,사망사고,1,0,1,0,차대사람 - 기타,기타,건조,맑음,단일로 - 기타,승용,여,36세,기타불명,보행자,여,62세,사망
2023062400100237,2023년 6월 24일 13시,토요일,부산광역시 남구 대연동,경상사고,0,0,1,0,차대차 - 측면충돌,교차로운행방법위반,건조,맑음,교차로 - 교차로안,승용,여,48세,상해없음,이륜,남,27세,경상
2023062400100238,2023년 6월 24일 13시,토요일,부산광역시 동래구 복천동,경상사고,0,0,1,0,차대사람 - 기타,안전운전불이행,건조,맑음,단일로 - 기타,승합,남,60세,상해없음,보행자,여,78세,경상
2023062400100239,2023년 6월 24일 13시,토요일,부산광역시 부산진구 전포동,경상사고,0,0,2,0,차대차 - 정면충돌,안전운전불이행,건조,맑음,교차로 - 교차로부근,이륜,남,23세,경상,승용,여,26세,경상
2023062400100240,2023년 6월 24일 13시,토요일,부산광역시 부산진구 가야동,중상사고,0,1,0,0,차대사람 - 횡단중,보행자보호의무위반,건조,맑음,교차로 - 교차로부근,승용,남,46세,상해없음,보행자,여,64세,중상
2023062400100241,2023년 6월 24일 13시,토요일,부산광역시 강서구 송정동,경상사고,0,0,2,0,차대차 - 추돌,안전운전불이행,건조,맑음,교차로 - 교차로부근,화물,남,55세,상해없음,승용,남,52세,경상
2023062400100291,2023년 6월 24일 14시,토요일,부산광역시 부산진구 가야동,중상사고,0,2,0,0,차대차 - 기타,기타,건조,맑음,단일로 - 기타,승용,남,48세,상해없음,승용,남,38세,중상
2023062400100292,2023년 6월 24일 14시,토요일,부산광역시 금정구 선동,중상사고,0,1,2,0,차대차 - 정면충돌,중앙선침범,건조,맑음,단일로 - 기타,승용,여,55세,경상,건설기계,남,56세,경상
2023062400100373,2023년 6월 24일 16시,토요일,부산광역시 동구 범일동,중상사고,0,1,0,0,차대차 - 측면충돌,안전운전불이행,건조,맑음,단일로 - 기타,승용,남,61세,상해없음,이륜,남,28세,중상
2023062400100374,2023년 6월 24일 16시,토요일,부산광역시 남구 대연동,중상사고,0,1,0,0,차대차 - 측면충돌,안전거리미확보,건조,맑음,단일로 - 기타,승합,남,61세,상해없음,승용,남,63세,중상
2023062400100375,2023년 6월 24일 16시,토요일,부산광역시 남구 문현동,경상사고,0,0,1,0,차대차 - 측면충돌,안전운전불이행,건조,맑음,단일로 - 기타,승용,남,25세,상해없음,승용,여,57세,경상
2023062400100376,2023년 6월 24일 16시,토요일,부산광역시 동래구 낙민동,중상사고,0,1,0,0,차대차 - 기타,안전운전불이행,건조,맑음,단일로 - 지하차도(도로)내,승용,남,49세,상해없음,이륜,남,58세,중상
2023062400100407,2023년 6월 24일 17시,토요일,부산광역시 동래구 안락동,경상사고,0,0,1,0,차대차 - 기타,안전운전불이행,건조,맑음,단일로 - 기타,승용,여,27세,상해없음,승용,여,29세,경상
2023062400100449,2023년 6월 24일 18시,토요일,부산광역시 중구 보수동1가,경상사고,0,0,1,0,차대차 - 측면충돌,안전운전불이행,건조,맑음,교차로 - 교차로안,승용,남,60세,상해없음,승용,남,29세,경상
2023062400100474,2023년 6월 24일 19시,토요일,부산광역시 동구 초량동,중상사고,0,1,0,0,차대차 - 측면충돌,신호위반,건조,맑음,단일로 - 기타,승합,남,37세,상해없음,이륜,남,53세,중상
2023062400100475,2023년 6월 24일 19시,토요일,부산광역시 남구 문현동,중상사고,0,1,1,0,차대사람 - 보도통행중,보행자보호의무위반,건조,맑음,교차로 - 교차로횡단보도내,승용,여,36세,상해없음,보행자,여,64세,중상
2023062400100476,2023년 6월 24일 19시,토요일,부산광역시 수영구 남천동,경상사고,0,0,1,0,차대차 - 측면충돌,안전운전불이행,건조,맑음,단일로 - 기타,화물,남,82세,상해없음,화물,남,66세,경상
2023062400100496,2023년 6월 24일 20시,토요일,부산광역시 중구 부평동2가,경상사고,0,0,1,0,차대사람 - 기타,안전운전불이행,건조,맑음,교차로 - 교차로안,승용,남,69세,상해없음,보행자,남,44세,경상
2023062400100497,2023년 6월 24일 20시,토요일,부산광역시 남구 대연동,경상사고,0,0,1,0,차대사람 - 횡단중,안전운전불이행,건조,맑음,단일로 - 기타,승용,여,77세,상해없음,보행자,남,14세,경상
2023062400100498,2023년 6월 24일 20시,토요일,부산광역시 수영구 광안동,경상사고,0,0,1,0,차대사람 - 보도통행중,안전운전불이행,젖음/습기,비,단일로 - 기타,승용,남,30세,상해없음,보행자,여,38세,경상
2023062400100499,2023년 6월 24일 20시,토요일,부산광역시 해운대구 우동,중상사고,0,1,0,0,차대차 - 기타,교차로운행방법위반,건조,맑음,교차로 - 교차로안,승용,남,55세,상해없음,이륜,남,34세,중상
2023062400100500,2023년 6월 24일 20시,토요일,부산광역시 기장군 장안읍,중상사고,0,1,3,0,차대차 - 측면충돌,안전거리미확보,건조,맑음,단일로 - 기타,승용,남,38세,상해없음,승용,남,23세,상해없음
2023062400100523,2023년 6월 24일 21시,토요일,부산광역시 동구 초량동,경상사고,0,0,2,0,차대차 - 측면충돌,안전운전불이행,건조,흐림,단일로 - 기타,승용,남,62세,상해없음,승용,남,64세,경상
2023062400100561,2023년 6월 24일 22시,토요일,부산광역시 수영구 민락동,경상사고,0,0,1,0,차대사람 - 횡단중,신호위반,건조,맑음,교차로 - 교차로횡단보도내,승용,남,69세,상해없음,보행자,남,29세,경상
2023062400100562,2023년 6월 24일 22시,토요일,부산광역시 연제구 연산동,경상사고,0,0,1,0,차대사람 - 기타,보행자보호의무위반,건조,맑음,교차로 - 교차로횡단보도내,승용,남,51세,상해없음,보행자,여,20세,경상
2023062400100563,2023년 6월 24일 22시,토요일,부산광역시 기장군 철마면,중상사고,0,1,0,0,차대차 - 기타,신호위반,건조,맑음,교차로 - 교차로안,이륜,남,18세,중상,승합,남,59세,상해없음
2023062500100004,2023년 6월 25일 00시,일요일,부산광역시 수영구 광안동,경상사고,0,0,1,0,차대사람 - 차도통행중,안전운전불이행,건조,맑음,교차로 - 교차로안,승용,남,26세,상해없음,보행자,여,31세,경상
2023062500100026,2023년 6월 25일 02시,일요일,부산광역시 사상구 괘법동,중상사고,0,1,0,1,차대차 - 측면충돌,안전운전불이행,건조,맑음,교차로 - 교차로안,이륜,남,30세,상해없음,이륜,남,19세,중상
2023062500100046,2023년 6월 25일 05시,일요일,부산광역시 부산진구 부전동,경상사고,0,0,1,0,차대차 - 정면충돌,안전운전불이행,건조,맑음,교차로 - 교차로안,승용,남,50세,상해없음,승용,여,45세,경상
2023062500100047,2023년 6월 25일 05시,일요일,부산광역시 수영구 수영동,경상사고,0,0,1,0,차대차 - 기타,안전거리미확보,건조,맑음,단일로 - 기타,승용,남,42세,상해없음,승용,남,66세,상해없음
2023062500100053,2023년 6월 25일 06시,일요일,부산광역시 동구 좌천동,경상사고,0,0,2,0,차대차 - 측면충돌,안전거리미확보,건조,맑음,단일로 - 기타,승용,남,61세,경상,승용,남,62세,경상
2023062500100054,2023년 6월 25일 06시,일요일,부산광역시 수영구 남천동,중상사고,0,1,0,0,차대차 - 추돌,안전운전불이행,건조,맑음,교차로 - 교차로부근,승용,남,21세,상해없음,승용,남,51세,중상
2023062500100064,2023년 6월 25일 07시,일요일,부산광역시 사상구 삼락동,중상사고,0,1,0,0,차대차 - 기타,안전운전불이행,건조,맑음,단일로 - 기타,승용,남,58세,상해없음,이륜,남,42세,중상
2023062500100069,2023년 6월 25일 08시,일요일,부산광역시 사하구 하단동,경상사고,0,0,1,0,차대차 - 측면충돌,안전운전불이행,건조,맑음,단일로 - 기타,승합,남,59세,상해없음,승용,남,67세,경상
2023062500100080,2023년 6월 25일 09시,일요일,부산광역시 부산진구 부암동,중상사고,0,1,0,0,차량단독 - 기타,안전운전불이행,건조,흐림,교차로 - 교차로부근,승합,남,63세,상해없음,,,,
2023062500100096,2023년 6월 25일 10시,일요일,부산광역시 남구 용호동,경상사고,0,0,1,0,차대사람 - 기타,안전운전불이행,건조,맑음,단일로 - 기타,승용,남,73세,상해없음,보행자,여,11세,경상
2023062500100113,2023년 6월 25일 11시,일요일,부산광역시 영도구 청학동,경상사고,0,0,1,0,차대차 - 기타,안전운전불이행,건조,맑음,교차로 - 교차로안,승용,남,33세,상해없음,이륜,남,40세,경상
2023062500100137,2023년 6월 25일 12시,일요일,부산광역시 강서구 대저1동,부상신고사고,0,0,0,1,차대차 - 기타,안전운전불이행,건조,맑음,단일로 - 기타,화물,남,59세,상해없음,자전거,남,53세,부상신고
2023062500100138,2023년 6월 25일 12시,일요일,부산광역시 사상구 괘법동,경상사고,0,0,1,0,차대차 - 측면충돌,교차로운행방법위반,건조,흐림,교차로 - 교차로안,승용,남,40세,상해없음,승용,남,34세,경상
2023062500100162,2023년 6월 25일 13시,일요일,부산광역시 금정구 서동,중상사고,0,1,0,0,차대사람 - 횡단중,안전운전불이행,건조,맑음,단일로 - 지하차도(도로)내,이륜,남,52세,상해없음,보행자,여,67세,중상
2023062500100183,2023년 6월 25일 14시,일요일,부산광역시 기장군 일광읍,중상사고,0,1,0,0,차대차 - 측면충돌,신호위반,건조,맑음,교차로 - 교차로안,승용,여,70세,상해없음,이륜,남,52세,중상
2023062500100206,2023년 6월 25일 15시,일요일,부산광역시 부산진구 전포동,경상사고,0,0,2,0,차대차 - 측면충돌,신호위반,건조,맑음,교차로 - 교차로안,승용,남,62세,상해없음,승용,남,59세,경상
2023062500100208,2023년 6월 25일 15시,일요일,부산광역시 강서구 송정동,중상사고,0,1,0,1,차대차 - 기타,안전운전불이행,젖음/습기,비,교차로 - 교차로안,승용,남,27세,부상신고,승용,남,28세,상해없음
2023062500100246,2023년 6월 25일 16시,일요일,부산광역시 북구 만덕동,경상사고,0,0,1,0,차대차 - 기타,안전운전불이행,건조,맑음,단일로 - 기타,승용,남,65세,상해없음,승용,남,67세,경상
2023062500100268,2023년 6월 25일 17시,일요일,부산광역시 수영구 광안동,부상신고사고,0,0,0,1,차대사람 - 차도통행중,안전운전불이행,건조,맑음,단일로 - 기타,승용,남,65세,상해없음,보행자,여,49세,부상신고
2023062500100270,2023년 6월 25일 17시,일요일,부산광역시 연제구 연산동,경상사고,0,0,1,0,차대사람 - 보도통행중,기타,건조,맑음,기타 - 기타,승용,여,55세,상해없음,보행자,여,33세,경상
2023062500100323,2023년 6월 25일 19시,일요일,부산광역시 동래구 온천동,경상사고,0,0,1,0,차대사람 - 기타,중앙선침범,젖음/습기,맑음,단일로 - 기타,승용,남,40세,상해없음,보행자,남,36세,경상
2023062500100324,2023년 6월 25일 19시,일요일,부산광역시 동래구 온천동,경상사고,0,0,2,0,차대차 - 후진중충돌,안전운전불이행,젖음/습기,비,교차로 - 교차로부근,승용,여,64세,상해없음,승용,여,50세,경상
2023062500100325,2023년 6월 25일 19시,일요일,부산광역시 부산진구 연지동,중상사고,0,1,1,0,차대사람 - 횡단중,안전운전불이행,젖음/습기,비,교차로 - 교차로안,승용,남,48세,상해없음,보행자,남,39세,경상
2023062500100357,2023년 6월 25일 20시,일요일,부산광역시 강서구 명지동,중상사고,0,1,2,0,차대차 - 추돌,안전운전불이행,젖음/습기,비,교차로 - 교차로부근,승용,남,68세,상해없음,승용,남,33세,경상
2023062500100358,2023년 6월 25일 20시,일요일,부산광역시 사상구 괘법동,중상사고,0,1,0,0,차대사람 - 길가장자리구역통행중,안전운전불이행,건조,맑음,단일로 - 기타,이륜,여,23세,기타불명,보행자,여,38세,중상
2023062500100379,2023년 6월 25일 21시,일요일,부산광역시 동구 초량동,경상사고,0,0,1,0,차대차 - 정면충돌,안전거리미확보,젖음/습기,비,교차로 - 교차로부근,승용,여,32세,상해없음,승용,남,34세,경상
2023062500100402,2023년 6월 25일 22시,일요일,부산광역시 부산진구 부전동,경상사고,0,0,1,0,차대사람 - 기타,보행자보호의무위반,젖음/습기,비,단일로 - 기타,기타불명,기타불명,미분류,기타불명,보행자,남,24세,경상
2023062500100403,2023년 6월 25일 22시,일요일,부산광역시 강서구 명지동,경상사고,0,0,1,0,차대차 - 기타,신호위반,건조,맑음,단일로 - 기타,승용,남,48세,상해없음,승용,여,33세,경상
2023062500100422,2023년 6월 25일 23시,일요일,부산광역시 동래구 온천동,경상사고,0,0,1,0,차대차 - 기타,교차로운행방법위반,젖음/습기,비,교차로 - 교차로안,승용,남,30세,상해없음,승용,남,67세,경상
2023062600100005,2023년 6월 26일 00시,월요일,부산광역시 사하구 하단동,경상사고,0,0,1,0,차대차 - 기타,신호위반,젖음/습기,비,교차로 - 교차로안,승용,남,37세,상해없음,승용,여,40세,경상
2023062600100032,2023년 6월 26일 06시,월요일,부산광역시 강서구 대저1동,경상사고,0,0,1,0,차대차 - 기타,기타,젖음/습기,비,단일로 - 기타,화물,남,64세,상해없음,승용,여,35세,경상
2023062600100049,2023년 6월 26일 07시,월요일,부산광역시 북구 구포동,경상사고,0,0,1,0,차대사람 - 기타,보행자보호의무위반,젖음/습기,비,교차로 - 교차로횡단보도내,승용,여,45세,상해없음,보행자,여,38세,경상
2023062600100074,2023년 6월 26일 08시,월요일,부산광역시 수영구 광안동,중상사고,0,1,0,0,차대사람 - 차도통행중,기타,젖음/습기,비,교차로 - 교차로부근,승용,남,42세,상해없음,보행자,남,13세,중상
2023062600100075,2023년 6월 26일 08시,월요일,부산광역시 남구 문현동,경상사고,0,0,3,1,차대차 - 측면충돌,안전운전불이행,젖음/습기,비,단일로 - 기타,승합,남,42세,경상,승용,남,69세,경상
2023062600100076,2023년 6월 26일 08시,월요일,부산광역시 북구 화명동,중상사고,0,1,0,0,차대사람 - 기타,안전운전불이행,건조,맑음,단일로 - 기타,승용,남,59세,상해없음,보행자,남,9세,중상
2023062600100077,2023년 6월 26일 08시,월요일,부산광역시 해운대구 반여동,경상사고,0,0,1,0,차대사람 - 차도통행중,안전운전불이행,건조,맑음,교차로 - 교차로안,승용,남,67세,상해없음,보행자,여,45세,경상
2023062600100078,2023년 6월 26일 08시,월요일,부산광역시 사하구 괴정동,경상사고,0,0,1,0,차대차 - 기타,신호위반,건조,맑음,교차로 - 교차로안,승용,남,31세,상해없음,승용,남,61세,경상
2023062600100079,2023년 6월 26일 08시,월요일,부산광역시 수영구 수영동,경상사고,0,0,1,0,차대차 - 측면충돌,안전거리미확보,젖음/습기,흐림,단일로 - 기타,승용,남,43세,상해없음,승용,남,30세,경상
2023062600100080,2023년 6월 26일 08시,월요일,부산광역시 사상구 감전동,경상사고,0,0,1,0,차대차 - 정면충돌,신호위반,젖음/습기,비,교차로 - 교차로안,화물,남,59세,상해없음,승용,남,60세,경상
2023062600100124,2023년 6월 26일 09시,월요일,부산광역시 동래구 온천동,경상사고,0,0,4,0,차대차 - 추돌,안전운전불이행,건조,맑음,단일로 - 터널,화물,남,39세,상해없음,화물,남,48세,경상
2023062600100156,2023년 6월 26일 10시,월요일,부산광역시 해운대구 재송동,경상사고,0,0,2,0,차대차 - 기타,안전운전불이행,젖음/습기,비,교차로 - 교차로부근,승용,여,41세,상해없음,승용,남,44세,경상
2023062600100157,2023년 6월 26일 10시,월요일,부산광역시 기장군 기장읍,경상사고,0,0,1,0,차대사람 - 횡단중,보행자보호의무위반,젖음/습기,비,교차로 - 교차로횡단보도내,승용,남,71세,상해없음,보행자,여,74세,경상
2023062600100209,2023년 6월 26일 12시,월요일,부산광역시 부산진구 부전동,경상사고,0,0,1,0,차대사람 - 기타,보행자보호의무위반,건조,맑음,단일로 - 기타,승용,여,53세,상해없음,보행자,남,48세,경상
2023062600100379,2023년 6월 26일 17시,월요일,부산광역시 강서구 지사동,중상사고,0,1,0,0,차대차 - 기타,중앙선침범,건조,맑음,단일로 - 기타,승용,여,32세,상해없음,원동기,남,41세,중상
2023062600100427,2023년 6월 26일 18시,월요일,부산광역시 수영구 민락동,경상사고,0,0,1,0,차대차 - 기타,안전운전불이행,건조,맑음,교차로 - 교차로안,승용,여,51세,상해없음,이륜,여,35세,경상
2023062600100428,2023년 6월 26일 18시,월요일,부산광역시 사하구 장림동,중상사고,0,1,0,0,차대차 - 정면충돌,중앙선침범,젖음/습기,비,단일로 - 기타,승용,여,46세,상해없음,이륜,남,33세,중상
2023062600100429,2023년 6월 26일 18시,월요일,부산광역시 기장군 기장읍,경상사고,0,0,1,0,차대차 - 기타,신호위반,건조,맑음,교차로 - 교차로안,승용,남,71세,상해없음,승용,남,57세,경상
2023062600100514,2023년 6월 26일 21시,월요일,부산광역시 사상구 학장동,경상사고,0,0,1,0,차대차 - 측면충돌,안전운전불이행,건조,맑음,교차로 - 교차로부근,승용,남,32세,기타불명,승용,남,67세,경상
2023062600100558,2023년 6월 26일 23시,월요일,부산광역시 중구 부평동2가,경상사고,0,0,1,0,차대차 - 후진중충돌,안전운전불이행,젖음/습기,비,단일로 - 기타,승용,남,65세,상해없음,승용,여,50세,상해없음
2023062700100002,2023년 6월 27일 00시,화요일,부산광역시 기장군 장안읍,경상사고,0,0,2,0,차대차 - 측면충돌,신호위반,젖음/습기,비,교차로 - 교차로안,승합,남,43세,상해없음,승용,남,31세,경상
2023062700100015,2023년 6월 27일 02시,화요일,부산광역시 부산진구 부전동,경상사고,0,0,1,0,차대차 - 추돌,안전운전불이행,젖음/습기,흐림,단일로 - 기타,승용,남,19세,상해없음,승용,남,71세,경상
2023062700100044,2023년 6월 27일 07시,화요일,부산광역시 연제구 거제동,경상사고,0,0,1,0,차대차 - 기타,안전운전불이행,건조,맑음,교차로 - 교차로안,승용,남,41세,상해없음,승용,남,37세,경상
2023062700100067,2023년 6월 27일 08시,화요일,부산광역시 남구 대연동,경상사고,0,0,2,0,차대차 - 정면충돌,중앙선침범,젖음/습기,비,교차로 - 교차로부근,이륜,남,75세,기타불명,승용,여,47세,경상
2023062700100068,2023년 6월 27일 08시,화요일,부산광역시 강서구 대저1동,중상사고,0,2,1,0,차대차 - 추돌,안전운전불이행,젖음/습기,흐림,단일로 - 기타,화물,남,63세,상해없음,승용,남,62세,중상
2023062700100113,2023년 6월 27일 09시,화요일,부산광역시 동구 좌천동,경상사고,0,0,2,0,차대차 - 추돌,안전운전불이행,젖음/습기,비,단일로 - 기타,건설기계,남,71세,상해없음,승용,남,22세,경상
2023062700100114,2023년 6월 27일 09시,화요일,부산광역시 서구 동대신동2가,경상사고,0,0,1,0,차대차 - 측면충돌,안전운전불이행,젖음/습기,흐림,단일로 - 기타,승합,남,47세,경상,승용,남,58세,상해없음
2023062700100115,2023년 6월 27일 09시,화요일,부산광역시 해운대구 반송동,경상사고,0,0,1,0,차대차 - 기타,교차로운행방법위반,건조,맑음,교차로 - 교차로안,승용,여,60세,상해없음,승용,여,31세,경상
2023062700100147,2023년 6월 27일 10시,화요일,부산광역시 수영구 남천동,경상사고,0,0,1,0,차대사람 - 기타,안전운전불이행,건조,맑음,단일로 - 기타,화물,남,43세,상해없음,보행자,여,30세,경상
2023062700100148,2023년 6월 27일 10시,화요일,부산광역시 수영구 수영동,중상사고,0,1,0,0,차대사람 - 기타,안전운전불이행,건조,맑음,단일로 - 기타,원동기,남,39세,상해없음,보행자,여,79세,중상
2023062700100149,2023년 6월 27일 10시,화요일,부산광역시 기장군 일광읍,경상사고,0,0,2,0,차대차 - 추돌,안전운전불이행,건조,맑음,교차로 - 교차로부근,승용,여,62세,상해없음,승용,남,65세,경상
2023062700100173,2023년 6월 27일 11시,화요일,부산광역시 동래구 낙민동,중상사고,0,1,0,0,차대사람 - 횡단중,안전운전불이행,건조,맑음,단일로 - 기타,이륜,남,41세,상해없음,보행자,여,43세,중상