사고번호,사고일시,요일,시군구,사고내용,사망자수,중상자수,경상자수,부상신고자수,사고유형,법규위반,노면상태,기상상태,도로형태,가해운전자 차종,가해운전자 성별,가해운전자 연령,가해운전자 상해정도,피해운전자 차종,피해운전자 성별,피해운전자 연령,피해운전자 상해정도
2023070100100270,2023년 7월 1일 14시,토요일,부산광역시 부산진구 부전동,경상사고,0,0,1,0,차대차 - 기타,안전운전불이행,건조,맑음,단일로 - 기타,화물,남,63세,상해없음,이륜,남,28세,경상
2023070100100271,2023년 7월 1일 14시,토요일,부산광역시 강서구 대저2동,중상사고,0,1,0,0,차대차 - 측면충돌,안전거리미확보,건조,맑음,단일로 - 지하차도(도로)내,승용,남,67세,상해없음,화물,남,55세,중상
2023070100100312,2023년 7월 1일 15시,토요일,부산광역시 동래구 수안동,경상사고,0,0,1,0,차대차 - 측면충돌,안전운전불이행,건조,맑음,교차로 - 교차로안,승용,남,39세,상해없음,화물,남,49세,상해없음
2023070100100358,2023년 7월 1일 16시,토요일,부산광역시 동래구 명장동,경상사고,0,0,1,0,차대사람 - 기타,안전운전불이행,건조,맑음,기타 - 기타,승합,남,32세,상해없음,보행자,여,42세,경상
2023070100100359,2023년 7월 1일 16시,토요일,부산광역시 사상구 주례동,경상사고,0,0,4,0,차대차 - 정면충돌,중앙선침범,건조,맑음,단일로 - 기타,승용,남,54세,상해없음,승용,여,37세,경상
2023070100100360,2023년 7월 1일 16시,토요일,부산광역시 강서구 봉림동,중상사고,0,1,0,0,차량단독 - 기타,안전운전불이행,건조,맑음,단일로 - 기타,승용,남,64세,상해없음,,,,
2023070100100407,2023년 7월 1일 17시,토요일,부산광역시 연제구 연산동,경상사고,0,0,4,0,차대차 - 측면충돌,중앙선침범,건조,맑음,단일로 - 기타,승용,남,61세,상해없음,승용,남,67세,경상
2023070100100408,2023년 7월 1일 17시,토요일,부산광역시 강서구 명지동,경상사고,0,0,2,0,차대차 - 측면충돌,신호위반,건조,맑음,교차로 - 교차로안,승용,여,21세,상해없음,승용,남,34세,경상
2023070100100409,2023년 7월 1일 17시,토요일,부산광역시 기장군 철마면,중상사고,0,1,1,0,차대차 - 추돌,안전거리미확보,건조,맑음,교차로 - 교차로안,승용,남,42세,상해없음,승용,남,61세,중상
2023070100100451,2023년 7월 1일 18시,토요일,부산광역시 해운대구 우동,경상사고,0,0,2,0,차대차 - 추돌,안전운전불이행,건조,맑음,단일로 - 기타,승용,남,17세,상해없음,승용,남,41세,경상
2023070100100452,2023년 7월 1일 18시,토요일,부산광역시 기장군 정관읍,경상사고,0,0,3,0,차대차 - 측면충돌,신호위반,건조,맑음,단일로 - 기타,승용,여,72세,상해없음,승용,남,36세,경상
2023070100100489,2023년 7월 1일 19시,토요일,부산광역시 강서구 명지동,경상사고,0,0,1,0,차대차 - 추돌,안전운전불이행,건조,맑음,단일로 - 기타,승용,여,59세,상해없음,특수,남,55세,경상
2023070100100524,2023년 7월 1일 20시,토요일,부산광역시 금정구 구서동,경상사고,0,0,1,0,차대차 - 기타,안전운전불이행,건조,맑음,단일로 - 기타,승용,남,26세,상해없음,승용,여,52세,경상
2023070100100551,2023년 7월 1일 21시,토요일,부산광역시 부산진구 전포동,경상사고,0,0,2,0,차대차 - 측면충돌,안전운전불이행,건조,맑음,단일로 - 기타,승용,여,52세,경상,승용,남,36세,경상
2023070100100587,2023년 7월 1일 22시,토요일,부산광역시 부산진구 전포동,경상사고,0,0,1,0,차대차 - 기타,안전운전불이행,건조,맑음,단일로 - 기타,승용,남,25세,상해없음,이륜,남,32세,경상
2023070200100011,2023년 7월 2일 01시,일요일,부산광역시 해운대구 송정동,경상사고,0,0,1,0,차대차 - 추돌,안전운전불이행,건조,맑음,단일로 - 기타,승용,남,58세,상해없음,승용,남,54세,경상
2023070200100029,2023년 7월 2일 03시,일요일,부산광역시 남구 대연동,중상사고,0,1,0,0,차대사람 - 횡단중,안전운전불이행,건조,흐림,단일로 - 기타,승용,남,67세,상해없음,보행자,남,26세,중상
2023070200100036,2023년 7월 2일 05시,일요일,부산광역시 사하구 장림동,부상신고사고,0,0,0,1,차량단독 - 기타,기타,건조,맑음,단일로 - 기타,개인형이동수단(PM),남,31세,부상신고,,,,
2023070200100037,2023년 7월 2일 05시,일요일,부산광역시 강서구 대저2동,경상사고,0,0,1,0,차대차 - 기타,안전거리미확보,건조,맑음,단일로 - 기타,승용,남,63세,기타불명,승용,여,35세,경상
2023070200100061,2023년 7월 2일 08시,일요일,부산광역시 동래구 온천동,중상사고,0,1,0,0,차대사람 - 기타,안전운전불이행,건조,맑음,단일로 - 기타,승용,남,29세,상해없음,보행자,여,86세,중상
2023070200100081,2023년 7월 2일 10시,일요일,부산광역시 서구 충무동1가,경상사고,0,0,1,0,차대차 - 추돌,안전운전불이행,건조,맑음,교차로 - 교차로안,원동기,남,67세,경상,승용,여,53세,상해없음
2023070200100082,2023년 7월 2일 10시,일요일,부산광역시 해운대구 우동,경상사고,0,0,1,0,차대차 - 추돌,안전운전불이행,건조,맑음,기타 - 기타,승용,남,72세,기타불명,승용,여,48세,경상
2023070200100083,2023년 7월 2일 10시,일요일,부산광역시 금정구 두구동,경상사고,0,0,2,0,차대차 - 측면충돌,안전운전불이행,건조,맑음,단일로 - 기타,승용,여,46세,상해없음,승용,여,37세,경상
2023070200100097,2023년 7월 2일 11시,일요일,부산광역시 수영구 광안동,경상사고,0,0,1,0,차대차 - 기타,안전운전불이행,건조,맑음,교차로 - 교차로부근,승용,남,60세,상해없음,승용,남,51세,경상
2023070200100230,2023년 7월 2일 16시,일요일,부산광역시 부산진구 범천동,경상사고,0,0,2,0,차대차 - 측면충돌,안전거리미확보,건조,맑음,단일로 - 기타,승합,남,39세,상해없음,승용,남,26세,경상
2023070200100231,2023년 7월 2일 16시,일요일,부산광역시 강서구 눌차동,중상사고,0,2,3,0,차대차 - 측면충돌,안전운전불이행,건조,맑음,단일로 - 교량,화물,남,18세,상해없음,승용,여,37세,경상
2023070200100250,2023년 7월 2일 17시,일요일,부산광역시 동래구 명륜동,경상사고,0,0,1,0,차대사람 - 횡단중,보행자보호의무위반,건조,맑음,단일로 - 기타,승용,여,31세,상해없음,보행자,남,29세,경상
2023070200100251,2023년 7월 2일 17시,일요일,부산광역시 강서구 녹산동,경상사고,0,0,1,0,차대차 - 측면충돌,안전운전불이행,건조,맑음,교차로 - 교차로안,승용,여,50세,기타불명,승용,여,49세,경상
2023070200100275,2023년 7월 2일 18시,일요일,부산광역시 남구 대연동,경상사고,0,0,1,0,차대차 - 추돌,안전운전불이행,건조,맑음,교차로 - 교차로부근,기타불명,기타불명,미분류,기타불명,이륜,남,39세,경상
2023070200100276,2023년 7월 2일 18시,일요일,부산광역시 사상구 감전동,중상사고,0,1,0,0,차대차 - 측면충돌,안전운전불이행,건조,맑음,교차로 - 교차로안,원동기,남,16세,기타불명,승용,남,42세,기타불명
2023070200100308,2023년 7월 2일 19시,일요일,부산광역시 부산진구 부전동,경상사고,0,0,1,0,차대사람 - 길가장자리구역통행중,안전운전불이행,건조,맑음,단일로 - 기타,화물,남,37세,상해없음,보행자,남,67세,경상
2023070200100309,2023년 7월 2일 19시,일요일,부산광역시 기장군 기장읍,중상사고,0,2,0,0,차대차 - 정면충돌,중앙선침범,건조,맑음,단일로 - 기타,승용,남,26세,상해없음,승용,남,64세,중상
2023070200100332,2023년 7월 2일 20시,일요일,부산광역시 부산진구 부전동,경상사고,0,0,1,0,차대차 - 측면충돌,안전운전불이행,건조,맑음,교차로 - 교차로안,이륜,남,27세,경상,승용,남,25세,상해없음
2023070300100033,2023년 7월 3일 06시,월요일,부산광역시 동래구 수안동,경상사고,0,0,1,0,차대차 - 추돌,안전운전불이행,건조,맑음,단일로 - 기타,승용,여,30세,상해없음,화물,남,56세,경상
2023070300100080,2023년 7월 3일 08시,월요일,부산광역시 동구 수정동,경상사고,0,0,1,0,차대사람 - 횡단중,안전운전불이행,건조,맑음,단일로 - 기타,승용,남,67세,상해없음,보행자,남,10세,경상
2023070300100081,2023년 7월 3일 08시,월요일,부산광역시 남구 대연동,경상사고,0,0,1,0,차대차 - 측면충돌,안전운전불이행,건조,맑음,단일로 - 기타,화물,남,55세,상해없음,건설기계,남,36세,경상
2023070300100135,2023년 7월 3일 09시,월요일,부산광역시 사하구 하단동,경상사고,0,0,1,0,차대차 - 기타,안전운전불이행,건조,맑음,기타 - 기타,승용,여,63세,상해없음,자전거,남,73세,경상
2023070300100169,2023년 7월 3일 10시,월요일,부산광역시 서구 남부민동,중상사고,0,2,0,0,차대차 - 추돌,안전운전불이행,건조,맑음,교차로 - 교차로부근,이륜,여,64세,중상,승용,남,68세,상해없음
2023070300100170,2023년 7월 3일 10시,월요일,부산광역시 동래구 안락동,중상사고,0,1,1,0,차대차 - 측면충돌,안전거리미확보,건조,맑음,단일로 - 기타,승용,여,69세,경상,승용,여,45세,중상
2023070300100206,2023년 7월 3일 11시,월요일,부산광역시 부산진구 부암동,경상사고,0,0,1,0,차대사람 - 횡단중,보행자보호의무위반,건조,맑음,교차로 - 교차로횡단보도내,원동기,남,36세,상해없음,보행자,남,72세,경상
2023070300100207,2023년 7월 3일 11시,월요일,부산광역시 연제구 연산동,경상사고,0,0,2,0,차대차 - 측면충돌,안전운전불이행,건조,맑음,교차로 - 교차로부근,승용,여,48세,경상,건설기계,남,36세,경상
2023070300100267,2023년 7월 3일 13시,월요일,부산광역시 수영구 광안동,경상사고,0,0,1,0,차대차 - 기타,안전운전불이행,건조,맑음,단일로 - 기타,승용,남,61세,상해없음,이륜,남,48세,경상
2023070300100310,2023년 7월 3일 14시,월요일,부산광역시 남구 용호동,중상사고,0,1,0,0,차대사람 - 횡단중,안전운전불이행,건조,맑음,단일로 - 기타,승합,남,62세,상해없음,보행자,여,79세,중상
2023070300100311,2023년 7월 3일 14시,월요일,부산광역시 남구 대연동,경상사고,0,0,3,1,차대차 - 추돌,안전운전불이행,건조,맑음,단일로 - 기타,승용,남,58세,상해없음,승용,남,72세,부상신고
2023070300100312,2023년 7월 3일 14시,월요일,부산광역시 수영구 남천동,중상사고,0,1,0,0,차대차 - 측면충돌,안전운전불이행,건조,맑음,단일로 - 기타,승용,남,34세,상해없음,승용,남,42세,중상
2023070300100313,2023년 7월 3일 14시,월요일,부산광역시 금정구 부곡동,중상사고,0,2,1,0,차대차 - 정면충돌,중앙선침범,건조,맑음,단일로 - 기타,승용,남,67세,경상,승용,남,60세,중상
2023070300100314,2023년 7월 3일 14시,월요일,부산광역시 사하구 신평동,경상사고,0,0,1,0,차대차 - 기타,기타,건조,맑음,단일로 - 기타,화물,남,66세,상해없음,승용,여,29세,경상
2023070300100375,2023년 7월 3일 16시,월요일,부산광역시 동래구 안락동,경상사고,0,0,1,0,차대사람 - 기타,안전운전불이행,건조,맑음,단일로 - 기타,승용,여,68세,상해없음,보행자,남,10세,경상
2023070300100376,2023년 7월 3일 16시,월요일,부산광역시 해운대구 우동,경상사고,0,0,1,0,차대차 - 추돌,안전거리미확보,젖음/습기,흐림,교차로 - 교차로부근,승용,남,59세,상해없음,승용,여,49세,경상
2023070300100377,2023년 7월 3일 16시,월요일,부산광역시 부산진구 양정동,경상사고,0,0,1,0,차대차 - 기타,차로위반,건조,맑음,단일로 - 기타,승용,남,67세,경상,승용,남,41세,상해없음
2023070300100378,2023년 7월 3일 16시,월요일,부산광역시 기장군 정관읍,경상사고,0,0,1,0,차대차 - 측면충돌,직진우회전진행방해,건조,맑음,교차로 - 교차로안,화물,남,60세,기타불명,승용,남,74세,경상
2023070300100415,2023년 7월 3일 17시,월요일,부산광역시 강서구 송정동,경상사고,0,0,1,0,차대차 - 기타,안전운전불이행,건조,맑음,교차로 - 교차로안,승용,남,56세,상해없음,자전거,남,39세,경상
2023070300100416,2023년 7월 3일 17시,월요일,부산광역시 사상구 괘법동,경상사고,0,0,1,0,차대사람 - 기타,안전운전불이행,건조,맑음,단일로 - 기타,승용,남,60세,상해없음,보행자,여,47세,경상
2023070300100482,2023년 7월 3일 19시,월요일,부산광역시 중구 중앙동4가,중상사고,0,1,0,0,차대차 - 기타,신호위반,건조,맑음,단일로 - 기타,승용,남,58세,상해없음,승용,남,22세,중상
2023070300100483,2023년 7월 3일 19시,월요일,부산광역시 금정구 구서동,중상사고,0,1,0,0,차대차 - 기타,안전운전불이행,건조,맑음,교차로 - 교차로안,화물,남,48세,상해없음,자전거,남,16세,중상
2023070300100508,2023년 7월 3일 20시,월요일,부산광역시 남구 대연동,경상사고,0,0,1,0,차대차 - 추돌,안전운전불이행,건조,맑음,단일로 - 기타,승합,남,60세,상해없음,이륜,남,23세,경상
2023070300100544,2023년 7월 3일 22시,월요일,부산광역시 금정구 장전동,경상사고,0,0,1,0,차대차 - 기타,신호위반,건조,맑음,교차로 - 교차로부근,승용,여,63세,상해없음,이륜,남,37세,경상
2023070300100562,2023년 7월 3일 23시,월요일,부산광역시 부산진구 부전동,경상사고,0,0,1,0,차대차 - 기타,안전거리미확보,건조,맑음,단일로 - 기타,승용,남,35세,상해없음,승용,남,64세,경상
2023070400100019,2023년 7월 4일 01시,화요일,부산광역시 부산진구 당감동,중상사고,0,1,0,0,차대차 - 기타,안전거리미확보,건조,맑음,기타 - 기타,승용,남,25세,상해없음,자전거,남,59세,중상
2023070400100036,2023년 7월 4일 04시,화요일,부산광역시 사하구 당리동,경상사고,0,0,2,0,차대차 - 추돌,안전운전불이행,건조,맑음,교차로 - 교차로부근,승용,남,28세,상해없음,승용,남,67세,경상
2023070400100043,2023년 7월 4일 05시,화요일,부산광역시 기장군 정관읍,경상사고,0,0,1,0,차대차 - 측면충돌,신호위반,건조,맑음,교차로 - 교차로안,승용,남,64세,상해없음,승용,여,46세,경상
2023070400100066,2023년 7월 4일 07시,화요일,부산광역시 동구 범일동,경상사고,0,0,2,0,차대차 - 측면충돌,안전거리미확보,건조,맑음,단일로 - 기타,승용,여,44세,상해없음,승용,여,66세,경상
2023070400100067,2023년 7월 4일 07시,화요일,부산광역시 영도구 봉래동4가,중상사고,0,1,0,0,차대사람 - 길가장자리구역통행중,안전운전불이행,건조,맑음,단일로 - 기타,이륜,남,57세,상해없음,보행자,남,80세,중상
2023070400100068,2023년 7월 4일 07시,화요일,부산광역시 강서구 강동동,경상사고,0,0,3,0,차대차 - 측면충돌,안전운전불이행,건조,맑음,단일로 - 기타,승용,남,30세,상해없음,승용,남,24세,경상
2023070400100098,2023년 7월 4일 08시,화요일,부산광역시 동구 초량동,경상사고,0,0,1,0,차대사람 - 횡단중,신호위반,건조,맑음,단일로 - 기타,승용,남,49세,상해없음,보행자,남,14세,경상
2023070400100099,2023년 7월 4일 08시,화요일,부산광역시 부산진구 양정동,경상사고,0,0,1,0,차대차 - 추돌,안전운전불이행,젖음/습기,흐림,교차로 - 교차로부근,승용,남,68세,상해없음,건설기계,남,54세,경상
2023070400100100,2023년 7월 4일 08시,화요일,부산광역시 사상구 덕포동,중상사고,0,1,0,0,차대차 - 추돌,안전운전불이행,건조,맑음,교차로 - 교차로부근,화물,남,68세,상해없음,이륜,여,70세,중상
2023070400100148,2023년 7월 4일 09시,화요일,부산광역시 해운대구 석대동,경상사고,0,0,1,0,차대차 - 측면충돌,안전운전불이행,건조,맑음,교차로 - 교차로부근,화물,남,35세,기타불명,승용,여,49세,경상
2023070400100202,2023년 7월 4일 11시,화요일,부산광역시 동래구 낙민동,중상사고,0,1,3,0,차대차 - 정면충돌,교차로운행방법위반,건조,맑음,교차로 - 교차로안,승용,여,72세,상해없음,승용,여,54세,중상
2023070400100203,2023년 7월 4일 11시,화요일,부산광역시 강서구 지사동,중상사고,0,1,0,0,차대차 - 측면충돌,안전운전불이행,건조,맑음,단일로 - 기타,화물,남,63세,상해없음,이륜,남,33세,중상
2023070400100228,2023년 7월 4일 12시,화요일,부산광역시 북구 덕천동,경상사고,0,0,1,0,차대사람 - 기타,안전운전불이행,건조,맑음,단일로 - 기타,승합,남,54세,상해없음,보행자,여,26세,경상
2023070400100256,2023년 7월 4일 13시,화요일,부산광역시 남구 문현동,경상사고,0,0,1,0,차대차 - 기타,교차로운행방법위반,건조,맑음,교차로 - 교차로안,승용,여,52세,상해없음,승합,남,33세,경상
2023070400100283,2023년 7월 4일 14시,화요일,부산광역시 동래구 명륜동,경상사고,0,0,1,0,차대차 - 정면충돌,안전운전불이행,건조,맑음,단일로 - 기타,승용,여,51세,상해없음,화물,남,71세,경상
2023070400100316,2023년 7월 4일 15시,화요일,부산광역시 중구 영주동,경상사고,0,0,1,0,차대차 - 기타,중앙선침범,젖음/습기,비,단일로 - 기타,화물,남,57세,상해없음,이륜,남,40세,경상
2023070400100317,2023년 7월 4일 15시,화요일,부산광역시 동구 범일동,경상사고,0,0,2,0,차대차 - 측면충돌,안전운전불이행,건조,맑음,단일로 - 고가도로위,특수,남,67세,기타불명,승용,여,42세,경상
2023070400100318,2023년 7월 4일 15시,화요일,부산광역시 연제구 연산동,중상사고,0,1,0,0,차대차 - 기타,안전거리미확보,젖음/습기,비,기타 - 기타,화물,남,32세,상해없음,이륜,남,40세,중상
2023070400100319,2023년 7월 4일 15시,화요일,부산광역시 강서구 명지동,경상사고,0,0,1,0,차대사람 - 횡단중,보행자보호의무위반,젖음/습기,비,교차로 - 교차로부근,승용,남,53세,상해없음,보행자,남,7세,경상
2023070400100352,2023년 7월 4일 16시,화요일,부산광역시 남구 용호동,경상사고,0,0,1,0,차대사람 - 차도통행중,안전운전불이행,젖음/습기,비,교차로 - 교차로안,승용,남,59세,상해없음,보행자,남,61세,경상
2023070400100353,2023년 7월 4일 16시,화요일,부산광역시 동래구 수안동,경상사고,0,0,1,0,차대차 - 측면충돌,안전운전불이행,건조,맑음,단일로 - 기타,승용,여,50세,경상,승용,남,43세,상해없음
2023070400100354,2023년 7월 4일 16시,화요일,부산광역시 금정구 부곡동,중상사고,0,4,4,0,차대차 - 추돌,안전거리미확보,젖음/습기,맑음,단일로 - 터널,승용,남,31세,상해없음,특수,남,60세,경상
2023070400100355,2023년 7월 4일 16시,화요일,부산광역시 연제구 연산동,경상사고,0,0,1,0,차대사람 - 횡단중,불법유턴,젖음/습기,비,교차로 - 교차로부근,승용,남,62세,상해없음,보행자,남,54세,경상
2023070400100356,2023년 7월 4일 16시,화요일,부산광역시 연제구 연산동,부상신고사고,0,0,0,1,차대차 - 기타,신호위반,젖음/습기,비,교차로 - 교차로안,이륜,여,54세,부상신고,승용,남,63세,상해없음
2023070400100357,2023년 7월 4일 16시,화요일,부산광역시 수영구 망미동,경상사고,0,0,1,0,차대차 - 측면충돌,안전운전불이행,젖음/습기,비,교차로 - 교차로부근,승용,여,43세,기타불명,승용,남,27세,기타불명
2023070400100358,2023년 7월 4일 16시,화요일,부산광역시 강서구 명지동,경상사고,0,0,1,0,차대사람 - 횡단중,보행자보호의무위반,젖음/습기,비,단일로 - 기타,승용,남,66세,상해없음,보행자,여,15세,경상
2023070400100389,2023년 7월 4일 17시,화요일,부산광역시 동래구 복천동,중상사고,0,1,1,0,차대사람 - 횡단중,안전운전불이행,건조,맑음,단일로 - 기타,이륜,남,31세,상해없음,보행자,여,3세,경상
2023070400100427,2023년 7월 4일 18시,화요일,부산광역시 남구 문현동,경상사고,0,0,1,0,차대차 - 기타,신호위반,젖음/습기,비,단일로 - 기타,승용,남,23세,상해없음,이륜,남,65세,경상
2023070400100428,2023년 7월 4일 18시,화요일,부산광역시 동래구 사직동,경상사고,0,0,1,0,차대차 - 기타,불법유턴,건조,맑음,단일로 - 기타,이륜,남,47세,경상,승용,남,52세,상해없음
2023070400100429,2023년 7월 4일 18시,화요일,부산광역시 동래구 온천동,경상사고,0,0,2,0,차대차 - 측면충돌,기타,젖음/습기,비,교차로 - 교차로안,이륜,남,37세,경상,승용,남,35세,경상
2023070400100430,2023년 7월 4일 18시,화요일,부산광역시 동래구 명륜동,중상사고,0,1,1,0,차대차 - 측면충돌,안전운전불이행,건조,맑음,교차로 - 교차로안,승용,남,24세,상해없음,승용,여,45세,경상
2023070400100431,2023년 7월 4일 18시,화요일,부산광역시 해운대구 송정동,중상사고,0,1,0,0,차대차 - 추돌,안전운전불이행,건조,맑음,교차로 - 교차로부근,승용,남,36세,상해없음,승용,남,51세,중상
2023070400100477,2023년 7월 4일 19시,화요일,부산광역시 부산진구 전포동,경상사고,0,0,1,0,차대차 - 기타,안전운전불이행,젖음/습기,비,교차로 - 교차로부근,이륜,남,26세,경상,이륜,남,28세,상해없음
2023070400100479,2023년 7월 4일 19시,화요일,부산광역시 사상구 주례동,경상사고,0,0,1,0,차대차 - 측면충돌,안전운전불이행,젖음/습기,비,단일로 - 기타,승용,여,54세,상해없음,승용,남,24세,경상
2023070400100480,2023년 7월 4일 19시,화요일,부산광역시 기장군 일광읍,중상사고,0,1,0,0,차대사람 - 횡단중,안전운전불이행,건조,맑음,단일로 - 지하차도(도로)내,승용,남,31세,상해없음,보행자,여,74세,중상
2023070400100523,2023년 7월 4일 20시,화요일,부산광역시 사상구 덕포동,경상사고,0,0,1,0,차대사람 - 횡단중,보행자보호의무위반,젖음/습기,비,기타 - 기타,승용,남,71세,상해없음,보행자,여,61세,경상
2023070400100560,2023년 7월 4일 21시,화요일,부산광역시 동구 범일동,중상사고,0,1,0,0,차대차 - 기타,신호위반,건조,맑음,교차로 - 교차로안,승합,남,49세,상해없음,이륜,남,45세,중상
2023070400100561,2023년 7월 4일 21시,화요일,부산광역시 금정구 서동,중상사고,0,1,0,0,차대차 - 측면충돌,안전운전불이행,젖음/습기,비,교차로 - 교차로안,승용,남,62세,상해없음,이륜,남,56세,중상
2023070400100612,2023년 7월 4일 23시,화요일,부산광역시 사하구 장림동,경상사고,0,0,1,0,차대차 - 측면충돌,교차로운행방법위반,건조,맑음,교차로 - 교차로안,승용,남,53세,상해없음,원동기,남,17세,경상
2023070500100037,2023년 7월 5일 06시,수요일,부산광역시 부산진구 가야동,경상사고,0,0,1,0,차대차 - 기타,안전거리미확보,젖음/습기,비,단일로 - 기타,승용,남,47세,상해없음,승용,여,26세,경상
2023070500100069,2023년 7월 5일 08시,수요일,부산광역시 서구 남부민동,경상사고,0,0,2,0,차대차 - 측면충돌,안전거리미확보,건조,맑음,단일로 - 지하차도(도로)내,승용,남,24세,상해없음,승용,남,46세,경상
2023070500100070,2023년 7월 5일 08시,수요일,부산광역시 해운대구 재송동,경상사고,0,0,1,1,차대차 - 측면충돌,신호위반,젖음/습기,흐림,교차로 - 교차로안,승용,남,23세,상해없음,승용,여,31세,부상신고
2023070500100071,2023년 7월 5일 08시,수요일,부산광역시 부산진구 양정동,경상사고,0,0,1,0,차대사람 - 횡단중,안전운전불이행,젖음/습기,비,단일로 - 기타,승용,여,37세,상해없음,보행자,여,16세,경상
2023070500100072,2023년 7월 5일 08시,수요일,부산광역시 기장군 철마면,경상사고,0,0,1,0,차대차 - 기타,차로위반,젖음/습기,흐림,교차로 - 교차로부근,승용,여,55세,기타불명,승용,여,44세,경상
2023070500100116,2023년 7월 5일 09시,수요일,부산광역시 동래구 안락동,경상사고,0,0,1,0,차대차 - 측면충돌,안전운전불이행,젖음/습기,흐림,단일로 - 기타,승용,여,31세,경상,승용,여,27세,상해없음
2023070500100117,2023년 7월 5일 09시,수요일,부산광역시 해운대구 반여동,경상사고,0,0,1,1,차대차 - 측면충돌,교차로운행방법위반,건조,맑음,교차로 - 교차로부근,승용,남,76세,상해없음,승용,남,61세,경상
2023070500100118,2023년 7월 5일 09시,수요일,부산광역시 수영구 망미동,중상사고,0,1,0,0,차대사람 - 횡단중,보행자보호의무위반,건조,맑음,교차로 - 교차로횡단보도내,화물,남,65세,상해없음,보행자,여,72세,중상
2023070500100119,2023년 7월 5일 09시,수요일,부산광역시 연제구 연산동,중상사고,0,1,0,0,차대차 - 추돌,안전운전불이행,건조,맑음,단일로 - 기타,승용,남,43세,상해없음,이륜,남,39세,중상
2023070500100151,2023년 7월 5일 10시,수요일,부산광역시 연제구 연산동,중상사고,0,1,0,0,차대사람 - 횡단중,보행자보호의무위반,건조,맑음,교차로 - 교차로횡단보도내,승용,여,51세,상해없음,보행자,여,73세,중상
2023070500100152,2023년 7월 5일 10시,수요일,부산광역시 사상구 괘법동,중상사고,0,1,0,0,차대사람 - 길가장자리구역통행중,안전운전불이행,건조,맑음,단일로 - 기타,승용,남,48세,상해없음,보행자,남,70세,중상
2023070500100182,2023년 7월 5일 11시,수요일,부산광역시 사상구 엄궁동,경상사고,0,0,1,0,차대차 - 기타,기타,건조,맑음,단일로 - 기타,화물,남,54세,기타불명,승용,여,61세,경상
2023070500100217,2023년 7월 5일 12시,수요일,부산광역시 서구 동대신동1가,경상사고,0,0,1,0,차대차 - 측면충돌,안전거리미확보,건조,맑음,교차로 - 교차로부근,승용,여,45세,상해없음,승합,남,25세,경상
2023070500100218,2023년 7월 5일 12시,수요일,부산광역시 연제구 거제동,경상사고,0,0,1,0,차대차 - 기타,안전운전불이행,건조,맑음,단일로 - 기타,승용,남,52세,상해없음,이륜,남,42세,경상
2023070500100219,2023년 7월 5일 12시,수요일,부산광역시 강서구 대저1동,경상사고,0,0,2,0,차대차 - 기타,안전운전불이행,건조,맑음,교차로 - 교차로안,승용,여,33세,상해없음,승용,남,59세,경상
2023070500100251,2023년 7월 5일 13시,수요일,부산광역시 남구 대연동,경상사고,0,0,1,0,차대사람 - 횡단중,안전운전불이행,건조,맑음,교차로 - 교차로부근,승용,여,25세,상해없음,보행자,남,28세,경상
2023070500100252,2023년 7월 5일 13시,수요일,부산광역시 금정구 서동,중상사고,0,1,0,0,차대사람 - 횡단중,보행자보호의무위반,건조,맑음,교차로 - 교차로안,화물,남,55세,상해없음,보행자,남,82세,중상
2023070500100277,2023년 7월 5일 14시,수요일,부산광역시 남구 용호동,경상사고,0,0,1,0,차대차 - 측면충돌,안전운전불이행,건조,맑음,교차로 - 교차로부근,승용,남,77세,상해없음,승용,여,43세,경상
2023070500100278,2023년 7월 5일 14시,수요일,부산광역시 남구 용호동,중상사고,0,1,0,0,차대사람 - 차도통행중,안전운전불이행,젖음/습기,흐림,교차로 - 교차로부근,승용,남,60세,상해없음,보행자,여,85세,중상
2023070500100279,2023년 7월 5일 14시,수요일,부산광역시 사상구 감전동,경상사고,0,0,1,0,차대사람 - 길가장자리구역통행중,안전운전불이행,건조,맑음,교차로 - 교차로부근,화물,남,56세,기타불명,보행자,남,51세,경상
2023070500100280,2023년 7월 5일 14시,수요일,부산광역시 기장군 기장읍,경상사고,0,0,1,0,차대차 - 기타,안전운전불이행,건조,맑음,교차로 - 교차로부근,화물,남,46세,상해없음,이륜,남,43세,경상
2023070500100315,2023년 7월 5일 15시,수요일,부산광역시 사하구 신평동,경상사고,0,0,2,0,차대차 - 측면충돌,안전운전불이행,건조,맑음,교차로 - 교차로부근,승용,여,49세,상해없음,승용,남,51세,경상
2023070500100342,2023년 7월 5일 16시,수요일,부산광역시 해운대구 우동,중상사고,0,1,0,0,차대사람 - 기타,안전운전불이행,건조,맑음,단일로 - 기타,자전거,남,14세,상해없음,보행자,여,51세,중상
2023070500100343,2023년 7월 5일 16시,수요일,부산광역시 부산진구 양정동,부상신고사고,0,0,0,3,차대차 - 추돌,안전거리미확보,건조,맑음,단일로 - 기타,이륜,남,48세,부상신고,승용,남,24세,부상신고
2023070500100344,2023년 7월 5일 16시,수요일,부산광역시 사하구 다대동,부상신고사고,0,0,0,2,차대차 - 기타,기타,건조,맑음,교차로 - 교차로부근,승용,남,62세,상해없음,이륜,남,23세,부상신고
2023070500100380,2023년 7월 5일 17시,수요일,부산광역시 금정구 장전동,경상사고,0,0,1,0,차대차 - 추돌,안전거리미확보,건조,맑음,교차로 - 교차로부근,원동기,남,16세,경상,승합,남,68세,상해없음