사고번호,사고일시,요일,시군구,사고내용,사망자수,중상자수,경상자수,부상신고자수,사고유형,법규위반,노면상태,기상상태,도로형태,가해운전자 차종,가해운전자 성별,가해운전자 연령,가해운전자 상해정도,피해운전자 차종,피해운전자 성별,피해운전자 연령,피해운전자 상해정도
2023070500100381,2023년 7월 5일 17시,수요일,부산광역시 기장군 기장읍,경상사고,0,0,1,0,차대사람 - 횡단중,안전운전불이행,건조,맑음,교차로 - 교차로안,승용,남,45세,상해없음,보행자,여,77세,경상
2023070500100382,2023년 7월 5일 17시,수요일,부산광역시 강서구 봉림동,경상사고,0,0,1,0,차대차 - 측면충돌,안전거리미확보,건조,맑음,단일로 - 기타,특수,남,37세,상해없음,승용,남,37세,경상
2023070500100428,2023년 7월 5일 18시,수요일,부산광역시 남구 대연동,경상사고,0,0,1,0,차대차 - 기타,신호위반,건조,맑음,교차로 - 교차로안,승용,남,38세,상해없음,승용,남,46세,경상
2023070500100429,2023년 7월 5일 18시,수요일,부산광역시 기장군 정관읍,부상신고사고,0,0,0,1,차대차 - 후진중충돌,안전운전불이행,건조,맑음,교차로 - 교차로부근,승용,남,58세,상해없음,화물,남,44세,부상신고
2023070500100465,2023년 7월 5일 19시,수요일,부산광역시 북구 구포동,경상사고,0,0,3,1,차대차 - 측면충돌,안전운전불이행,건조,맑음,단일로 - 기타,화물,남,81세,상해없음,승합,남,31세,부상신고
2023070500100466,2023년 7월 5일 19시,수요일,부산광역시 부산진구 개금동,경상사고,0,0,1,0,차대차 - 기타,신호위반,건조,맑음,교차로 - 교차로안,승용,남,53세,상해없음,이륜,남,36세,경상
2023070500100467,2023년 7월 5일 19시,수요일,부산광역시 사하구 신평동,경상사고,0,0,1,0,차대차 - 측면충돌,신호위반,건조,맑음,교차로 - 교차로안,승용,여,52세,상해없음,승용,남,44세,경상
2023070500100518,2023년 7월 5일 21시,수요일,부산광역시 해운대구 반여동,경상사고,0,0,1,0,차대차 - 추돌,안전운전불이행,건조,맑음,단일로 - 기타,승용,남,37세,상해없음,승용,여,38세,경상
2023070500100543,2023년 7월 5일 22시,수요일,부산광역시 해운대구 우동,경상사고,0,0,2,0,차대사람 - 횡단중,안전운전불이행,건조,맑음,교차로 - 교차로부근,승용,남,58세,상해없음,보행자,남,19세,경상
2023070600100061,2023년 7월 6일 07시,목요일,부산광역시 해운대구 우동,경상사고,0,0,1,0,차대사람 - 보도통행중,안전운전불이행,건조,맑음,교차로 - 교차로횡단보도내,승용,남,37세,상해없음,보행자,남,52세,경상
2023070600100100,2023년 7월 6일 08시,목요일,부산광역시 동구 초량동,중상사고,0,1,0,0,차대사람 - 횡단중,보행자보호의무위반,건조,맑음,교차로 - 교차로횡단보도내,승용,남,74세,상해없음,보행자,여,59세,중상
2023070600100101,2023년 7월 6일 08시,목요일,부산광역시 서구 서대신동3가,경상사고,0,0,1,0,차대차 - 측면충돌,안전거리미확보,건조,맑음,단일로 - 기타,화물,남,73세,상해없음,승용,여,42세,경상
2023070600100102,2023년 7월 6일 08시,목요일,부산광역시 북구 만덕동,경상사고,0,0,2,0,차대차 - 측면충돌,안전운전불이행,건조,맑음,교차로 - 교차로안,승용,남,40세,기타불명,승용,남,41세,경상
2023070600100151,2023년 7월 6일 09시,목요일,부산광역시 부산진구 개금동,경상사고,0,0,1,0,차대차 - 측면충돌,안전운전불이행,건조,맑음,단일로 - 기타,승용,여,51세,상해없음,승용,남,34세,경상
2023070600100152,2023년 7월 6일 09시,목요일,부산광역시 부산진구 개금동,경상사고,0,0,1,0,차대차 - 추돌,안전운전불이행,건조,맑음,교차로 - 교차로부근,승용,남,33세,상해없음,이륜,남,40세,경상
2023070600100153,2023년 7월 6일 09시,목요일,부산광역시 금정구 부곡동,경상사고,0,0,1,0,차대차 - 기타,교차로운행방법위반,건조,맑음,교차로 - 교차로안,승용,여,65세,상해없음,승용,여,43세,경상
2023070600100154,2023년 7월 6일 09시,목요일,부산광역시 기장군 정관읍,경상사고,0,0,1,0,차대차 - 기타,안전거리미확보,건조,맑음,교차로 - 교차로부근,건설기계,남,67세,상해없음,승용,여,37세,경상
2023070600100187,2023년 7월 6일 10시,목요일,부산광역시 중구 부평동2가,중상사고,0,1,0,0,차량단독 - 기타,안전운전불이행,건조,맑음,교차로 - 교차로부근,승합,남,56세,상해없음,,,,
2023070600100188,2023년 7월 6일 10시,목요일,부산광역시 수영구 광안동,경상사고,0,0,1,0,차대차 - 기타,안전운전불이행,건조,맑음,단일로 - 기타,원동기,남,62세,경상,승용,여,44세,상해없음
2023070600100189,2023년 7월 6일 10시,목요일,부산광역시 기장군 기장읍,중상사고,0,2,0,0,차대차 - 기타,안전운전불이행,건조,맑음,단일로 - 기타,승용,남,64세,상해없음,승합,남,58세,상해없음
2023070600100216,2023년 7월 6일 11시,목요일,부산광역시 부산진구 부전동,경상사고,0,0,1,0,차대사람 - 횡단중,안전운전불이행,건조,맑음,단일로 - 기타,승용,여,63세,상해없음,보행자,남,42세,경상
2023070600100248,2023년 7월 6일 12시,목요일,부산광역시 수영구 광안동,중상사고,0,1,0,0,차량단독 - 기타,안전거리미확보,건조,맑음,단일로 - 기타,승합,남,48세,상해없음,,,,
2023070600100249,2023년 7월 6일 12시,목요일,부산광역시 남구 용호동,경상사고,0,0,1,0,차대차 - 추돌,안전거리미확보,건조,맑음,단일로 - 기타,승용,남,52세,상해없음,승합,남,50세,상해없음
2023070600100250,2023년 7월 6일 12시,목요일,부산광역시 북구 만덕동,경상사고,0,0,1,0,차대차 - 기타,차로위반,건조,맑음,단일로 - 기타,화물,남,56세,상해없음,승용,남,49세,경상
2023070600100251,2023년 7월 6일 12시,목요일,부산광역시 연제구 연산동,경상사고,0,0,1,0,차대차 - 기타,안전운전불이행,건조,맑음,교차로 - 교차로부근,승용,남,62세,상해없음,승용,여,31세,경상
2023070600100274,2023년 7월 6일 13시,목요일,부산광역시 해운대구 재송동,중상사고,0,1,0,0,차대사람 - 기타,안전운전불이행,건조,맑음,단일로 - 기타,승용,남,65세,상해없음,보행자,여,57세,중상
2023070600100303,2023년 7월 6일 14시,목요일,부산광역시 강서구 송정동,중상사고,0,1,0,0,차대차 - 측면충돌,신호위반,건조,맑음,교차로 - 교차로안,승용,여,52세,상해없음,승용,남,46세,중상
2023070600100304,2023년 7월 6일 14시,목요일,부산광역시 사상구 학장동,경상사고,0,0,1,0,차대사람 - 기타,안전운전불이행,건조,맑음,교차로 - 교차로부근,승용,남,70세,상해없음,보행자,여,12세,경상
2023070600100336,2023년 7월 6일 15시,목요일,부산광역시 사상구 주례동,중상사고,0,1,0,0,차대사람 - 횡단중,신호위반,건조,맑음,교차로 - 교차로부근,승합,남,68세,상해없음,보행자,여,62세,중상
2023070600100364,2023년 7월 6일 16시,목요일,부산광역시 사하구 당리동,경상사고,0,0,1,0,차대차 - 측면충돌,안전운전불이행,건조,맑음,교차로 - 교차로안,승용,여,67세,상해없음,승용,여,40세,경상
2023070600100365,2023년 7월 6일 16시,목요일,부산광역시 사상구 엄궁동,경상사고,0,0,1,0,차대차 - 기타,안전운전불이행,건조,기타,교차로 - 교차로부근,화물,남,64세,상해없음,승용,남,44세,경상
2023070600100410,2023년 7월 6일 17시,목요일,부산광역시 북구 화명동,중상사고,0,1,0,0,차대차 - 정면충돌,신호위반,건조,맑음,교차로 - 교차로안,이륜,남,42세,중상,승용,남,57세,상해없음
2023070600100411,2023년 7월 6일 17시,목요일,부산광역시 강서구 생곡동,중상사고,0,1,0,0,차대차 - 측면충돌,안전거리미확보,건조,맑음,단일로 - 기타,화물,남,44세,상해없음,승용,여,43세,중상
2023070600100444,2023년 7월 6일 18시,목요일,부산광역시 북구 구포동,중상사고,0,1,0,0,차대차 - 기타,안전운전불이행,건조,맑음,단일로 - 기타,승용,남,51세,상해없음,원동기,남,44세,중상
2023070600100445,2023년 7월 6일 18시,목요일,부산광역시 동래구 명장동,중상사고,0,1,0,0,차대차 - 측면충돌,교차로운행방법위반,건조,맑음,교차로 - 교차로안,승용,남,38세,상해없음,자전거,남,13세,중상
2023070600100446,2023년 7월 6일 18시,목요일,부산광역시 부산진구 부전동,경상사고,0,0,7,1,차대차 - 기타,신호위반,건조,맑음,교차로 - 교차로안,이륜,남,21세,상해없음,승합,남,58세,상해없음
2023070600100484,2023년 7월 6일 19시,목요일,부산광역시 사상구 괘법동,부상신고사고,0,0,0,1,차대사람 - 길가장자리구역통행중,안전운전불이행,건조,맑음,단일로 - 기타,승용,남,66세,상해없음,보행자,남,57세,부상신고
2023070600100555,2023년 7월 6일 22시,목요일,부산광역시 동래구 온천동,경상사고,0,0,1,0,차대차 - 측면충돌,안전운전불이행,건조,맑음,단일로 - 기타,승용,여,47세,기타불명,승용,남,45세,경상
2023070700100006,2023년 7월 7일 01시,금요일,부산광역시 동래구 명륜동,경상사고,0,0,1,0,차대차 - 측면충돌,중앙선침범,건조,맑음,기타 - 기타,승용,남,29세,상해없음,개인형이동수단(PM),남,46세,경상
2023070700100014,2023년 7월 7일 02시,금요일,부산광역시 연제구 거제동,중상사고,0,2,0,0,차량단독 - 기타,안전운전불이행,건조,맑음,교차로 - 교차로안,원동기,남,19세,중상,,,,
2023070700100052,2023년 7월 7일 07시,금요일,부산광역시 서구 암남동,중상사고,0,1,0,0,차대차 - 측면충돌,안전운전불이행,건조,맑음,교차로 - 교차로부근,승용,남,37세,상해없음,자전거,남,63세,중상
2023070700100053,2023년 7월 7일 07시,금요일,부산광역시 해운대구 반여동,경상사고,0,0,1,0,차대차 - 기타,안전운전불이행,건조,맑음,단일로 - 기타,승용,남,48세,상해없음,승용,남,45세,경상
2023070700100083,2023년 7월 7일 08시,금요일,부산광역시 북구 덕천동,경상사고,0,0,1,0,차대차 - 기타,안전운전불이행,건조,맑음,기타 - 기타,화물,남,46세,상해없음,개인형이동수단(PM),여,52세,경상
2023070700100084,2023년 7월 7일 08시,금요일,부산광역시 부산진구 양정동,중상사고,0,1,0,0,차대사람 - 횡단중,신호위반,건조,흐림,교차로 - 교차로안,승용,남,67세,상해없음,보행자,여,65세,중상
2023070700100126,2023년 7월 7일 09시,금요일,부산광역시 부산진구 부암동,경상사고,0,0,1,0,차대차 - 정면충돌,안전운전불이행,건조,맑음,단일로 - 기타,화물,남,28세,상해없음,승용,여,30세,경상
2023070700100155,2023년 7월 7일 10시,금요일,부산광역시 남구 용호동,경상사고,0,0,2,0,차대차 - 기타,안전운전불이행,젖음/습기,비,단일로 - 기타,승용,남,74세,상해없음,승용,남,57세,상해없음
2023070700100192,2023년 7월 7일 11시,금요일,부산광역시 연제구 연산동,경상사고,0,0,1,0,차대차 - 추돌,안전운전불이행,젖음/습기,비,기타 - 기타,승용,남,62세,상해없음,승용,남,49세,경상
2023070700100228,2023년 7월 7일 12시,금요일,부산광역시 북구 덕천동,중상사고,0,1,0,0,차대사람 - 기타,안전운전불이행,건조,맑음,단일로 - 기타,승용,남,78세,상해없음,보행자,여,59세,중상
2023070700100229,2023년 7월 7일 12시,금요일,부산광역시 동래구 온천동,경상사고,0,0,1,0,차대사람 - 횡단중,보행자보호의무위반,건조,맑음,단일로 - 기타,자전거,남,15세,상해없음,보행자,여,55세,경상
2023070700100265,2023년 7월 7일 13시,금요일,부산광역시 서구 서대신동2가,부상신고사고,0,0,0,2,차대차 - 측면충돌,신호위반,젖음/습기,비,교차로 - 교차로부근,승용,여,63세,부상신고,승용,여,61세,부상신고
2023070700100266,2023년 7월 7일 13시,금요일,부산광역시 북구 금곡동,경상사고,0,0,1,0,차대차 - 측면충돌,신호위반,건조,맑음,교차로 - 교차로안,승용,여,62세,상해없음,이륜,남,63세,경상
2023070700100267,2023년 7월 7일 13시,금요일,부산광역시 강서구 명지동,경상사고,0,0,1,0,차대차 - 측면충돌,신호위반,젖음/습기,맑음,교차로 - 교차로부근,화물,남,62세,상해없음,승용,남,27세,경상
2023070700100305,2023년 7월 7일 14시,금요일,부산광역시 영도구 영선동4가,중상사고,0,1,0,0,차대차 - 측면충돌,기타,젖음/습기,비,주차장 - 주차장,승용,여,82세,상해없음,이륜,남,52세,중상
2023070700100306,2023년 7월 7일 14시,금요일,부산광역시 강서구 명지동,경상사고,0,0,1,0,차대차 - 측면충돌,교차로운행방법위반,젖음/습기,맑음,교차로 - 교차로안,승용,여,58세,상해없음,승용,남,69세,경상
2023070700100339,2023년 7월 7일 15시,금요일,부산광역시 영도구 대평동1가,중상사고,0,1,0,0,차대차 - 기타,안전운전불이행,건조,흐림,단일로 - 기타,화물,남,68세,상해없음,화물,남,62세,상해없음
2023070700100383,2023년 7월 7일 16시,금요일,부산광역시 부산진구 부전동,경상사고,0,0,1,0,차대차 - 기타,안전운전불이행,젖음/습기,비,단일로 - 기타,화물,남,43세,기타불명,승용,여,54세,경상
2023070700100384,2023년 7월 7일 16시,금요일,부산광역시 사하구 구평동,중상사고,0,1,0,0,차량단독 - 기타,안전운전불이행,젖음/습기,비,단일로 - 기타,승합,남,43세,상해없음,,,,
2023070700100385,2023년 7월 7일 16시,금요일,부산광역시 사하구 괴정동,경상사고,0,0,1,0,차대차 - 측면충돌,안전운전불이행,젖음/습기,비,단일로 - 기타,승용,남,57세,상해없음,승용,남,39세,경상
2023070700100442,2023년 7월 7일 17시,금요일,부산광역시 강서구 구랑동,중상사고,0,2,0,0,차대차 - 측면충돌,기타,젖음/습기,비,단일로 - 기타,승용,남,47세,상해없음,화물,남,58세,중상
2023070700100497,2023년 7월 7일 18시,금요일,부산광역시 동래구 명륜동,경상사고,0,0,1,0,차대차 - 후진중충돌,안전운전불이행,젖음/습기,비,단일로 - 기타,승용,남,26세,기타불명,이륜,남,32세,경상
2023070700100498,2023년 7월 7일 18시,금요일,부산광역시 동래구 온천동,중상사고,0,1,0,0,차대사람 - 횡단중,보행자보호의무위반,젖음/습기,비,교차로 - 교차로횡단보도내,화물,남,70세,상해없음,보행자,남,36세,중상
2023070700100499,2023년 7월 7일 18시,금요일,부산광역시 부산진구 양정동,경상사고,0,0,1,0,차대차 - 측면충돌,신호위반,젖음/습기,비,교차로 - 교차로안,승용,여,51세,상해없음,승용,남,29세,경상
2023070700100500,2023년 7월 7일 18시,금요일,부산광역시 금정구 구서동,경상사고,0,0,1,0,차대차 - 추돌,안전거리미확보,젖음/습기,비,단일로 - 기타,승용,여,60세,상해없음,승용,남,29세,경상
2023070700100538,2023년 7월 7일 19시,금요일,부산광역시 남구 문현동,중상사고,0,1,0,0,차대차 - 추돌,안전운전불이행,젖음/습기,비,단일로 - 기타,승용,남,53세,상해없음,이륜,남,58세,중상
2023070700100539,2023년 7월 7일 19시,금요일,부산광역시 해운대구 좌동,중상사고,0,1,3,0,차대차 - 추돌,안전운전불이행,젖음/습기,비,단일로 - 기타,승용,남,24세,상해없음,승용,남,61세,경상
2023070700100540,2023년 7월 7일 19시,금요일,부산광역시 해운대구 우동,경상사고,0,0,2,0,차대사람 - 횡단중,보행자보호의무위반,젖음/습기,비,교차로 - 교차로안,기타불명,기타불명,미분류,기타불명,보행자,남,26세,경상
2023070700100541,2023년 7월 7일 19시,금요일,부산광역시 부산진구 전포동,경상사고,0,0,1,0,차대차 - 기타,안전운전불이행,젖음/습기,비,단일로 - 기타,승용,여,54세,상해없음,이륜,남,35세,경상
2023070700100542,2023년 7월 7일 19시,금요일,부산광역시 사상구 괘법동,중상사고,0,1,0,0,차대차 - 측면충돌,직진우회전진행방해,젖음/습기,비,교차로 - 교차로안,이륜,남,50세,중상,승용,남,65세,상해없음
2023070700100573,2023년 7월 7일 20시,금요일,부산광역시 부산진구 당감동,경상사고,0,0,1,0,차대차 - 측면충돌,신호위반,젖음/습기,비,교차로 - 교차로안,승용,남,57세,상해없음,이륜,남,53세,경상
2023070800100003,2023년 7월 8일 00시,토요일,부산광역시 동구 범일동,중상사고,0,1,0,0,차대차 - 측면충돌,안전운전불이행,건조,맑음,단일로 - 기타,승용,남,30세,상해없음,승용,여,65세,중상
2023070800100039,2023년 7월 8일 03시,토요일,부산광역시 강서구 대저2동,중상사고,0,1,0,0,차대차 - 측면충돌,신호위반,젖음/습기,흐림,교차로 - 교차로안,승용,여,29세,상해없음,승용,남,42세,중상
2023070800100054,2023년 7월 8일 05시,토요일,부산광역시 남구 대연동,경상사고,0,0,2,0,차대차 - 추돌,안전운전불이행,젖음/습기,비,단일로 - 터널,승용,남,24세,상해없음,승용,남,44세,경상
2023070800100064,2023년 7월 8일 06시,토요일,부산광역시 서구 암남동,중상사고,0,1,0,0,차량단독 - 전도전복 - 전도,중앙선침범,젖음/습기,비,단일로 - 기타,자전거,남,81세,중상,,,,
2023070800100073,2023년 7월 8일 07시,토요일,부산광역시 강서구 대저1동,사망사고,1,0,0,0,차대차 - 측면충돌,안전거리미확보,젖음/습기,흐림,단일로 - 교량,이륜,남,80세,사망,승용,남,43세,상해없음
2023070800100108,2023년 7월 8일 09시,토요일,부산광역시 금정구 두구동,중상사고,0,1,0,1,차대차 - 기타,안전운전불이행,젖음/습기,비,단일로 - 기타,승용,남,69세,상해없음,승용,남,45세,기타불명
2023070800100159,2023년 7월 8일 11시,토요일,부산광역시 기장군 기장읍,중상사고,0,5,0,0,차대차 - 측면충돌,신호위반,젖음/습기,비,교차로 - 교차로안,승용,남,31세,상해없음,승용,여,66세,중상
2023070800100184,2023년 7월 8일 12시,토요일,부산광역시 남구 대연동,경상사고,0,0,1,0,차대차 - 측면충돌,교차로운행방법위반,건조,맑음,교차로 - 교차로안,이륜,남,40세,경상,승용,남,73세,상해없음
2023070800100185,2023년 7월 8일 12시,토요일,부산광역시 남구 문현동,경상사고,0,0,1,0,차대차 - 측면충돌,안전거리미확보,건조,맑음,교차로 - 교차로부근,승용,여,70세,상해없음,승합,남,53세,상해없음
2023070800100186,2023년 7월 8일 12시,토요일,부산광역시 남구 문현동,경상사고,0,0,1,0,차대차 - 추돌,안전운전불이행,젖음/습기,비,단일로 - 기타,승용,남,28세,상해없음,승용,여,31세,경상
2023070800100187,2023년 7월 8일 12시,토요일,부산광역시 동래구 안락동,경상사고,0,0,2,0,차대차 - 기타,직진우회전진행방해,젖음/습기,비,교차로 - 교차로안,승용,남,43세,상해없음,승용,여,39세,경상
2023070800100188,2023년 7월 8일 12시,토요일,부산광역시 강서구 명지동,경상사고,0,0,3,0,차대차 - 측면충돌,기타,젖음/습기,비,단일로 - 지하차도(도로)내,승용,남,47세,경상,승용,여,40세,경상
2023070800100224,2023년 7월 8일 13시,토요일,부산광역시 서구 아미동1가,경상사고,0,0,1,0,차대차 - 기타,안전거리미확보,젖음/습기,비,단일로 - 기타,승용,남,60세,상해없음,이륜,남,29세,경상
2023070800100225,2023년 7월 8일 13시,토요일,부산광역시 남구 대연동,경상사고,0,0,1,0,차대차 - 기타,기타,젖음/습기,비,단일로 - 기타,승용,남,48세,상해없음,이륜,남,52세,경상
2023070800100226,2023년 7월 8일 13시,토요일,부산광역시 해운대구 반여동,경상사고,0,0,1,0,차대차 - 기타,안전운전불이행,젖음/습기,흐림,단일로 - 기타,승용,남,23세,상해없음,개인형이동수단(PM),남,41세,경상
2023070800100298,2023년 7월 8일 15시,토요일,부산광역시 기장군 기장읍,중상사고,0,1,0,0,차대차 - 측면충돌,안전운전불이행,젖음/습기,비,교차로 - 교차로안,승용,남,22세,상해없음,승용,남,73세,상해없음
2023070800100327,2023년 7월 8일 16시,토요일,부산광역시 동래구 온천동,경상사고,0,0,2,0,차대차 - 기타,안전운전불이행,젖음/습기,비,단일로 - 기타,승용,남,23세,상해없음,승용,남,45세,경상
2023070800100359,2023년 7월 8일 17시,토요일,부산광역시 수영구 광안동,경상사고,0,0,1,0,차대차 - 측면충돌,안전운전불이행,젖음/습기,맑음,교차로 - 교차로안,승용,여,70세,상해없음,자전거,남,63세,경상
2023070800100392,2023년 7월 8일 18시,토요일,부산광역시 서구 동대신동2가,경상사고,0,0,1,0,차대차 - 추돌,안전운전불이행,젖음/습기,흐림,단일로 - 기타,이륜,남,22세,경상,승용,남,69세,상해없음
2023070800100393,2023년 7월 8일 18시,토요일,부산광역시 동래구 온천동,중상사고,0,1,0,0,차대사람 - 횡단중,신호위반,젖음/습기,비,교차로 - 교차로안,화물,남,74세,상해없음,보행자,남,76세,중상
2023070800100394,2023년 7월 8일 18시,토요일,부산광역시 기장군 정관읍,경상사고,0,0,2,0,차대사람 - 횡단중,신호위반,젖음/습기,흐림,교차로 - 교차로횡단보도내,승용,남,23세,기타불명,보행자,남,11세,경상
2023070800100422,2023년 7월 8일 19시,토요일,부산광역시 사하구 하단동,중상사고,0,1,0,0,차량단독 - 기타,안전운전불이행,젖음/습기,흐림,단일로 - 기타,이륜,남,65세,중상,,,,
2023070800100423,2023년 7월 8일 19시,토요일,부산광역시 강서구 강동동,중상사고,0,1,0,0,차대차 - 기타,안전운전불이행,젖음/습기,비,단일로 - 기타,승용,남,65세,상해없음,이륜,여,67세,중상
2023070800100424,2023년 7월 8일 19시,토요일,부산광역시 기장군 일광읍,경상사고,0,0,1,0,차대차 - 기타,안전운전불이행,젖음/습기,비,단일로 - 기타,승용,남,32세,상해없음,이륜,남,47세,경상
2023070800100449,2023년 7월 8일 20시,토요일,부산광역시 북구 덕천동,경상사고,0,0,1,0,차대사람 - 기타,안전운전불이행,건조,맑음,단일로 - 기타,승용,남,29세,상해없음,보행자,남,57세,경상
2023070800100479,2023년 7월 8일 21시,토요일,부산광역시 남구 용당동,중상사고,0,1,1,0,차량단독 - 공작물충돌,안전운전불이행,젖음/습기,비,교차로 - 교차로부근,승용,남,69세,상해없음,,,,
2023070800100502,2023년 7월 8일 22시,토요일,부산광역시 사상구 덕포동,부상신고사고,0,0,0,1,차대사람 - 기타,안전운전불이행,건조,맑음,교차로 - 교차로부근,승용,남,24세,상해없음,보행자,남,66세,부상신고
2023070800100503,2023년 7월 8일 22시,토요일,부산광역시 기장군 장안읍,중상사고,0,1,0,0,차대차 - 후진중충돌,안전운전불이행,젖음/습기,비,단일로 - 기타,승용,남,39세,중상,승용,남,37세,기타불명
2023070800100522,2023년 7월 8일 23시,토요일,부산광역시 수영구 민락동,경상사고,0,0,3,0,차대차 - 추돌,안전운전불이행,건조,맑음,단일로 - 기타,승용,남,46세,상해없음,승용,남,23세,경상
2023070800100523,2023년 7월 8일 23시,토요일,부산광역시 동래구 명륜동,경상사고,0,0,1,0,차대차 - 기타,직진우회전진행방해,건조,맑음,단일로 - 기타,승합,남,41세,상해없음,승용,남,33세,경상
2023070900100052,2023년 7월 9일 07시,일요일,부산광역시 부산진구 부전동,중상사고,0,1,0,0,차대차 - 기타,안전운전불이행,건조,맑음,교차로 - 교차로안,승용,남,26세,상해없음,이륜,여,41세,중상
2023070900100065,2023년 7월 9일 09시,일요일,부산광역시 사하구 감천동,경상사고,0,0,1,0,차대차 - 측면충돌,안전운전불이행,건조,맑음,단일로 - 기타,승용,남,63세,상해없음,승용,남,30세,경상
2023070900100133,2023년 7월 9일 12시,일요일,부산광역시 남구 대연동,경상사고,0,0,1,0,차대차 - 측면충돌,안전거리미확보,건조,맑음,교차로 - 교차로부근,승용,남,70세,상해없음,승용,남,44세,경상
2023070900100162,2023년 7월 9일 13시,일요일,부산광역시 영도구 동삼동,중상사고,0,1,0,0,차대사람 - 기타,안전운전불이행,젖음/습기,흐림,교차로 - 교차로안,승용,남,74세,상해없음,보행자,여,61세,중상
2023070900100163,2023년 7월 9일 13시,일요일,부산광역시 해운대구 재송동,중상사고,0,1,1,0,차대사람 - 차도통행중,불법유턴,건조,맑음,단일로 - 기타,승용,여,55세,상해없음,보행자,여,54세,중상
2023070900100164,2023년 7월 9일 13시,일요일,부산광역시 부산진구 개금동,경상사고,0,0,1,0,차대사람 - 기타,기타,건조,맑음,단일로 - 기타,승용,남,49세,상해없음,보행자,여,21세,경상
2023070900100215,2023년 7월 9일 15시,일요일,부산광역시 서구 암남동,경상사고,0,0,1,0,차대차 - 추돌,안전운전불이행,건조,맑음,단일로 - 기타,승합,남,75세,상해없음,승용,남,71세,경상
2023070900100216,2023년 7월 9일 15시,일요일,부산광역시 부산진구 가야동,경상사고,0,0,1,0,차대사람 - 길가장자리구역통행중,안전운전불이행,건조,맑음,단일로 - 기타,화물,남,32세,상해없음,보행자,여,61세,경상
2023070900100217,2023년 7월 9일 15시,일요일,부산광역시 부산진구 범천동,경상사고,0,0,1,0,차대차 - 기타,안전운전불이행,건조,맑음,기타 - 기타,승용,남,67세,상해없음,승용,여,58세,경상
2023070900100218,2023년 7월 9일 15시,일요일,부산광역시 금정구 오륜동,중상사고,0,1,5,2,차대차 - 추돌,안전운전불이행,건조,맑음,단일로 - 기타,승용,남,49세,경상,승용,남,39세,경상
2023070900100219,2023년 7월 9일 15시,일요일,부산광역시 연제구 연산동,경상사고,0,0,1,0,차대차 - 기타,차로위반,건조,맑음,단일로 - 기타,승용,남,70세,상해없음,승용,남,63세,상해없음
2023070900100241,2023년 7월 9일 16시,일요일,부산광역시 해운대구 반송동,경상사고,0,0,1,0,차대차 - 기타,교차로운행방법위반,건조,맑음,교차로 - 교차로안,승용,남,26세,상해없음,승용,남,66세,경상
2023070900100242,2023년 7월 9일 16시,일요일,부산광역시 사상구 주례동,경상사고,0,0,3,0,차대차 - 측면충돌,안전거리미확보,젖음/습기,흐림,단일로 - 기타,승용,여,61세,경상,승용,여,47세,경상
2023070900100272,2023년 7월 9일 17시,일요일,부산광역시 남구 문현동,경상사고,0,0,1,0,차대차 - 측면충돌,신호위반,젖음/습기,흐림,단일로 - 기타,승용,남,44세,상해없음,개인형이동수단(PM),남,31세,경상
2023070900100273,2023년 7월 9일 17시,일요일,부산광역시 해운대구 재송동,경상사고,0,0,1,0,차대차 - 후진중충돌,안전운전불이행,건조,맑음,단일로 - 기타,승용,남,72세,상해없음,이륜,남,39세,경상
2023070900100275,2023년 7월 9일 17시,일요일,부산광역시 연제구 연산동,경상사고,0,0,1,0,차대사람 - 보도통행중,안전운전불이행,건조,맑음,단일로 - 기타,승용,여,61세,상해없음,보행자,여,28세,경상
2023070900100276,2023년 7월 9일 17시,일요일,부산광역시 강서구 신호동,중상사고,0,1,2,0,차대차 - 측면충돌,신호위반,건조,맑음,교차로 - 교차로안,이륜,남,18세,중상,승용,남,38세,경상
2023070900100299,2023년 7월 9일 18시,일요일,부산광역시 부산진구 부전동,경상사고,0,0,2,0,차대차 - 기타,안전운전불이행,건조,맑음,교차로 - 교차로부근,승용,여,44세,상해없음,승용,남,47세,경상
2023070900100321,2023년 7월 9일 19시,일요일,부산광역시 동래구 온천동,중상사고,0,1,2,0,차대차 - 추돌,안전운전불이행,건조,맑음,단일로 - 지하차도(도로)내,승용,남,33세,상해없음,승용,남,68세,중상
2023070900100322,2023년 7월 9일 19시,일요일,부산광역시 부산진구 부전동,중상사고,0,1,0,0,차대차 - 측면충돌,신호위반,건조,맑음,교차로 - 교차로안,이륜,남,27세,상해없음,이륜,남,30세,중상
2023070900100323,2023년 7월 9일 19시,일요일,부산광역시 부산진구 범천동,경상사고,0,0,3,0,차대차 - 측면충돌,신호위반,건조,맑음,교차로 - 교차로부근,승용,남,31세,상해없음,승합,남,46세,경상
2023070900100337,2023년 7월 9일 20시,일요일,부산광역시 수영구 광안동,경상사고,0,0,1,0,차대사람 - 횡단중,보행자보호의무위반,건조,맑음,단일로 - 기타,승용,여,78세,상해없음,보행자,남,31세,경상
2023070900100338,2023년 7월 9일 20시,일요일,부산광역시 부산진구 당감동,중상사고,0,1,0,0,차대차 - 측면충돌,신호위반,건조,맑음,교차로 - 교차로안,승용,남,60세,상해없음,원동기,남,40세,중상
2023070900100358,2023년 7월 9일 21시,일요일,부산광역시 사하구 감천동,경상사고,0,0,1,0,차대차 - 측면충돌,신호위반,건조,흐림,교차로 - 교차로부근,승용,여,59세,기타불명,승용,남,57세,경상