사고번호,사고일시,요일,시군구,사고내용,사망자수,중상자수,경상자수,부상신고자수,사고유형,법규위반,노면상태,기상상태,도로형태,가해운전자 차종,가해운전자 성별,가해운전자 연령,가해운전자 상해정도,피해운전자 차종,피해운전자 성별,피해운전자 연령,피해운전자 상해정도
2023071700100477,2023년 7월 17일 19시,월요일,부산광역시 수영구 망미동,경상사고,0,0,2,0,차대차 - 측면충돌,교차로운행방법위반,건조,맑음,교차로 - 교차로안,승용,남,53세,상해없음,승용,남,29세,상해없음
2023071700100500,2023년 7월 17일 20시,월요일,부산광역시 북구 금곡동,경상사고,0,0,1,0,차대차 - 측면충돌,안전운전불이행,젖음/습기,비,기타 - 기타,승용,남,46세,상해없음,승용,여,27세,경상
2023071700100526,2023년 7월 17일 21시,월요일,부산광역시 연제구 연산동,경상사고,0,0,2,0,차대차 - 측면충돌,직진우회전진행방해,건조,맑음,교차로 - 교차로안,이륜,남,38세,상해없음,이륜,남,26세,상해없음
2023071700100569,2023년 7월 17일 23시,월요일,부산광역시 수영구 남천동,중상사고,0,1,0,0,차대사람 - 횡단중,신호위반,건조,맑음,교차로 - 교차로안,승용,남,62세,상해없음,보행자,남,15세,중상
2023071800100035,2023년 7월 18일 04시,화요일,부산광역시 동래구 사직동,부상신고사고,0,0,0,1,차량단독 - 기타,안전운전불이행,건조,맑음,단일로 - 기타,승용,남,68세,상해없음,,,,
2023071800100047,2023년 7월 18일 06시,화요일,부산광역시 해운대구 우동,경상사고,0,0,1,0,차대차 - 측면충돌,안전운전불이행,건조,맑음,교차로 - 교차로안,승용,남,26세,상해없음,승용,여,65세,경상
2023071800100079,2023년 7월 18일 08시,화요일,부산광역시 동구 초량동,경상사고,0,0,1,0,차대차 - 측면충돌,안전거리미확보,건조,맑음,단일로 - 기타,승용,남,68세,상해없음,승용,남,74세,상해없음
2023071800100118,2023년 7월 18일 09시,화요일,부산광역시 남구 문현동,중상사고,0,1,0,0,차대사람 - 기타,안전운전불이행,건조,흐림,단일로 - 기타,화물,남,64세,상해없음,보행자,남,80세,중상
2023071800100120,2023년 7월 18일 09시,화요일,부산광역시 동래구 명장동,경상사고,0,0,1,0,차대차 - 기타,교차로운행방법위반,젖음/습기,흐림,교차로 - 교차로안,화물,남,69세,상해없음,이륜,남,37세,경상
2023071800100155,2023년 7월 18일 10시,화요일,부산광역시 동래구 온천동,경상사고,0,0,1,0,차대사람 - 기타,안전운전불이행,건조,맑음,단일로 - 기타,승용,남,62세,상해없음,보행자,남,65세,경상
2023071800100174,2023년 7월 18일 11시,화요일,부산광역시 사하구 괴정동,경상사고,0,0,1,0,차대차 - 측면충돌,안전거리미확보,젖음/습기,비,교차로 - 교차로안,승용,남,71세,상해없음,승용,남,66세,경상
2023071800100175,2023년 7월 18일 11시,화요일,부산광역시 수영구 망미동,중상사고,0,1,0,0,차대차 - 측면충돌,신호위반,건조,맑음,교차로 - 교차로안,화물,남,65세,상해없음,승용,여,47세,중상
2023071800100176,2023년 7월 18일 11시,화요일,부산광역시 강서구 송정동,경상사고,0,0,1,0,차대차 - 추돌,안전운전불이행,건조,맑음,단일로 - 기타,화물,남,62세,상해없음,승합,남,58세,경상
2023071800100207,2023년 7월 18일 12시,화요일,부산광역시 해운대구 중동,경상사고,0,0,1,0,차대차 - 추돌,안전운전불이행,젖음/습기,비,교차로 - 교차로부근,승용,남,28세,상해없음,승용,남,45세,경상
2023071800100208,2023년 7월 18일 12시,화요일,부산광역시 기장군 정관읍,경상사고,0,0,1,0,차대차 - 측면충돌,안전거리미확보,건조,맑음,단일로 - 기타,승용,남,47세,상해없음,화물,남,38세,경상
2023071800100233,2023년 7월 18일 13시,화요일,부산광역시 수영구 광안동,경상사고,0,0,1,0,차대차 - 추돌,안전운전불이행,건조,맑음,단일로 - 기타,화물,남,69세,상해없음,승용,여,30세,경상
2023071800100234,2023년 7월 18일 13시,화요일,부산광역시 동래구 명륜동,경상사고,0,0,1,0,차대차 - 기타,안전운전불이행,젖음/습기,비,교차로 - 교차로안,화물,남,51세,상해없음,이륜,남,34세,경상
2023071800100267,2023년 7월 18일 14시,화요일,부산광역시 서구 서대신동2가,경상사고,0,0,1,0,차대사람 - 보도통행중,보행자보호의무위반,젖음/습기,비,기타 - 기타,승용,여,39세,상해없음,보행자,남,26세,경상
2023071800100268,2023년 7월 18일 14시,화요일,부산광역시 기장군 정관읍,경상사고,0,0,1,0,차량단독 - 기타,안전운전불이행,젖음/습기,비,단일로 - 기타,승합,남,42세,상해없음,,,,
2023071800100306,2023년 7월 18일 15시,화요일,부산광역시 금정구 부곡동,경상사고,0,0,1,0,차대사람 - 기타,안전운전불이행,젖음/습기,비,단일로 - 기타,화물,남,57세,상해없음,보행자,여,62세,경상
2023071800100307,2023년 7월 18일 15시,화요일,부산광역시 강서구 명지동,경상사고,0,0,1,0,차대차 - 측면충돌,안전거리미확보,젖음/습기,비,교차로 - 교차로부근,승용,남,69세,상해없음,승용,남,47세,경상
2023071800100338,2023년 7월 18일 16시,화요일,부산광역시 기장군 기장읍,경상사고,0,0,1,0,차대사람 - 횡단중,보행자보호의무위반,젖음/습기,비,교차로 - 교차로안,승용,남,52세,상해없음,보행자,여,10세,경상
2023071800100411,2023년 7월 18일 18시,화요일,부산광역시 부산진구 전포동,경상사고,0,0,1,0,차대사람 - 기타,안전운전불이행,젖음/습기,비,교차로 - 교차로횡단보도내,승용,남,31세,상해없음,보행자,여,19세,경상
2023071800100449,2023년 7월 18일 19시,화요일,부산광역시 사상구 감전동,중상사고,0,1,0,1,차대차 - 추돌,중앙선침범,젖음/습기,비,단일로 - 기타,이륜,남,38세,중상,승용,남,45세,부상신고
2023071800100473,2023년 7월 18일 20시,화요일,부산광역시 수영구 민락동,경상사고,0,0,1,0,차대사람 - 차도통행중,안전운전불이행,젖음/습기,비,교차로 - 교차로안,승용,여,41세,상해없음,보행자,여,46세,경상
2023071800100527,2023년 7월 18일 22시,화요일,부산광역시 남구 감만동,경상사고,0,0,1,0,차량단독 - 공작물충돌,안전운전불이행,젖음/습기,비,단일로 - 교량,승용,남,69세,기타불명,,,,
2023071900100016,2023년 7월 19일 02시,수요일,부산광역시 수영구 남천동,경상사고,0,0,1,0,차대차 - 추돌,안전운전불이행,건조,맑음,교차로 - 교차로부근,승용,남,64세,상해없음,승용,남,70세,경상
2023071900100041,2023년 7월 19일 06시,수요일,부산광역시 북구 만덕동,부상신고사고,0,0,0,1,차대사람 - 차도통행중,안전운전불이행,건조,맑음,교차로 - 교차로부근,승용,남,46세,상해없음,보행자,여,75세,부상신고
2023071900100089,2023년 7월 19일 08시,수요일,부산광역시 서구 암남동,경상사고,0,0,1,0,차대차 - 추돌,안전운전불이행,건조,맑음,교차로 - 교차로부근,승용,남,46세,상해없음,승용,남,55세,경상
2023071900100090,2023년 7월 19일 08시,수요일,부산광역시 남구 감만동,경상사고,0,0,1,0,차대차 - 기타,안전운전불이행,젖음/습기,흐림,단일로 - 기타,건설기계,남,38세,상해없음,승용,남,32세,경상
2023071900100206,2023년 7월 19일 11시,수요일,부산광역시 연제구 거제동,경상사고,0,0,1,0,차대사람 - 기타,보행자보호의무위반,건조,맑음,단일로 - 기타,승용,남,49세,상해없음,보행자,여,53세,경상
2023071900100245,2023년 7월 19일 12시,수요일,부산광역시 중구 신창동4가,경상사고,0,0,1,0,차대사람 - 기타,신호위반,건조,맑음,단일로 - 기타,승용,여,32세,상해없음,보행자,여,75세,경상
2023071900100246,2023년 7월 19일 12시,수요일,부산광역시 사하구 하단동,경상사고,0,0,1,0,차대사람 - 횡단중,보행자보호의무위반,건조,맑음,교차로 - 교차로안,승용,남,48세,상해없음,보행자,남,57세,경상
2023071900100282,2023년 7월 19일 13시,수요일,부산광역시 동래구 수안동,경상사고,0,0,3,0,차대차 - 기타,안전운전불이행,건조,맑음,교차로 - 교차로부근,승합,남,60세,상해없음,승용,여,48세,경상
2023071900100283,2023년 7월 19일 13시,수요일,부산광역시 금정구 서동,중상사고,0,1,0,0,차대사람 - 차도통행중,안전운전불이행,건조,맑음,교차로 - 교차로횡단보도내,이륜,남,54세,상해없음,보행자,여,69세,중상
2023071900100345,2023년 7월 19일 15시,수요일,부산광역시 금정구 구서동,중상사고,0,1,0,0,차대차 - 추돌,안전거리미확보,젖음/습기,흐림,교차로 - 교차로부근,승합,남,67세,상해없음,승용,여,78세,중상
2023071900100346,2023년 7월 19일 15시,수요일,부산광역시 사하구 괴정동,중상사고,0,1,0,0,차대차 - 추돌,안전거리미확보,건조,맑음,교차로 - 교차로부근,화물,남,45세,기타불명,승용,남,31세,중상
2023071900100387,2023년 7월 19일 16시,수요일,부산광역시 동래구 온천동,중상사고,0,1,0,0,차대사람 - 기타,안전운전불이행,건조,맑음,교차로 - 교차로안,승용,남,31세,상해없음,보행자,여,65세,중상
2023071900100388,2023년 7월 19일 16시,수요일,부산광역시 강서구 식만동,중상사고,0,1,0,0,차대차 - 추돌,안전거리미확보,건조,맑음,단일로 - 기타,승용,남,63세,상해없음,승용,여,58세,중상
2023071900100432,2023년 7월 19일 17시,수요일,부산광역시 해운대구 좌동,경상사고,0,0,1,0,차대차 - 추돌,안전거리미확보,건조,맑음,단일로 - 터널,승용,남,24세,상해없음,승용,남,25세,경상
2023071900100433,2023년 7월 19일 17시,수요일,부산광역시 사상구 괘법동,중상사고,0,1,0,0,차대차 - 측면충돌,안전운전불이행,건조,맑음,교차로 - 교차로안,화물,남,51세,상해없음,자전거,여,66세,중상
2023071900100523,2023년 7월 19일 19시,수요일,부산광역시 부산진구 초읍동,중상사고,0,1,0,0,차대사람 - 횡단중,안전운전불이행,건조,맑음,단일로 - 기타,승용,남,36세,상해없음,보행자,남,76세,중상
2023071900100546,2023년 7월 19일 20시,수요일,부산광역시 북구 덕천동,경상사고,0,0,1,0,차대차 - 기타,안전운전불이행,건조,맑음,단일로 - 기타,승용,남,41세,상해없음,승용,남,70세,경상
2023071900100573,2023년 7월 19일 21시,수요일,부산광역시 해운대구 우동,부상신고사고,0,0,0,1,차대차 - 측면충돌,안전거리미확보,건조,맑음,단일로 - 교량,승용,남,77세,기타불명,승용,남,50세,부상신고
2023071900100574,2023년 7월 19일 21시,수요일,부산광역시 동래구 명륜동,중상사고,0,1,0,0,차대차 - 측면충돌,안전운전불이행,건조,맑음,단일로 - 기타,승용,남,37세,기타불명,원동기,남,40세,중상
2023071900100575,2023년 7월 19일 21시,수요일,부산광역시 사상구 주례동,중상사고,0,1,0,0,차량단독 - 공작물충돌,안전운전불이행,건조,맑음,단일로 - 기타,승용,여,49세,중상,,,,
2023071900100576,2023년 7월 19일 21시,수요일,부산광역시 강서구 봉림동,경상사고,0,0,1,0,차대차 - 기타,기타,건조,맑음,단일로 - 기타,기타불명,기타불명,미분류,기타불명,승용,남,41세,경상
2023072000100003,2023년 7월 20일 00시,목요일,부산광역시 수영구 광안동,경상사고,0,0,1,0,차대차 - 측면충돌,안전운전불이행,건조,맑음,단일로 - 기타,이륜,남,38세,상해없음,이륜,남,39세,경상
2023072000100004,2023년 7월 20일 00시,목요일,부산광역시 부산진구 부전동,경상사고,0,0,1,0,차대차 - 추돌,안전거리미확보,건조,맑음,단일로 - 기타,이륜,남,21세,상해없음,이륜,남,39세,경상
2023072000100031,2023년 7월 20일 03시,목요일,부산광역시 동래구 안락동,경상사고,0,0,1,0,차대차 - 기타,안전운전불이행,건조,맑음,단일로 - 지하차도(도로)내,이륜,여,15세,상해없음,이륜,남,30세,경상
2023072000100041,2023년 7월 20일 05시,목요일,부산광역시 사하구 괴정동,중상사고,0,1,0,0,차대사람 - 횡단중,신호위반,건조,맑음,교차로 - 교차로횡단보도내,승용,남,31세,상해없음,보행자,여,74세,중상
2023072000100062,2023년 7월 20일 07시,목요일,부산광역시 남구 대연동,중상사고,0,1,0,0,차대차 - 측면충돌,교차로운행방법위반,건조,맑음,교차로 - 교차로안,화물,남,33세,상해없음,자전거,남,22세,중상
2023072000100086,2023년 7월 20일 08시,목요일,부산광역시 동래구 수안동,경상사고,0,0,1,0,차대차 - 기타,안전운전불이행,건조,맑음,기타 - 기타,개인형이동수단(PM),남,32세,상해없음,자전거,남,68세,경상
2023072000100119,2023년 7월 20일 09시,목요일,부산광역시 동래구 온천동,경상사고,0,0,1,0,차대차 - 측면충돌,안전거리미확보,건조,맑음,교차로 - 교차로부근,승용,여,26세,상해없음,건설기계,남,36세,경상
2023072000100120,2023년 7월 20일 09시,목요일,부산광역시 부산진구 가야동,경상사고,0,0,1,0,차대차 - 측면충돌,안전운전불이행,건조,맑음,교차로 - 교차로안,승용,여,23세,상해없음,화물,남,32세,경상
2023072000100121,2023년 7월 20일 09시,목요일,부산광역시 사하구 신평동,경상사고,0,0,2,0,차대차 - 추돌,안전운전불이행,건조,맑음,교차로 - 교차로부근,화물,남,45세,상해없음,승용,남,39세,경상
2023072000100188,2023년 7월 20일 11시,목요일,부산광역시 중구 동광동5가,중상사고,0,1,0,0,차대사람 - 횡단중,보행자보호의무위반,건조,맑음,단일로 - 기타,승용,남,76세,상해없음,보행자,남,84세,중상
2023072000100189,2023년 7월 20일 11시,목요일,부산광역시 사상구 감전동,중상사고,0,1,0,0,차대차 - 측면충돌,교차로운행방법위반,건조,맑음,교차로 - 교차로부근,승용,남,35세,기타불명,승용,여,39세,중상
2023072000100190,2023년 7월 20일 11시,목요일,부산광역시 강서구 봉림동,중상사고,0,1,0,0,차대차 - 측면충돌,안전거리미확보,건조,맑음,단일로 - 기타,화물,남,56세,상해없음,승용,여,64세,중상
2023072000100262,2023년 7월 20일 13시,목요일,부산광역시 수영구 남천동,경상사고,0,0,2,0,차대차 - 측면충돌,교차로운행방법위반,건조,맑음,교차로 - 교차로안,승용,남,68세,상해없음,승용,여,45세,경상
2023072000100263,2023년 7월 20일 13시,목요일,부산광역시 금정구 서동,경상사고,0,0,9,0,차대차 - 기타,안전운전불이행,건조,맑음,교차로 - 교차로안,승용,남,67세,경상,화물,남,61세,경상
2023072000100298,2023년 7월 20일 14시,목요일,부산광역시 서구 아미동2가,경상사고,0,0,1,0,차대사람 - 차도통행중,안전운전불이행,건조,맑음,교차로 - 교차로부근,승용,남,61세,상해없음,보행자,여,81세,경상
2023072000100334,2023년 7월 20일 15시,목요일,부산광역시 동래구 온천동,부상신고사고,0,0,0,1,차대사람 - 횡단중,보행자보호의무위반,건조,맑음,교차로 - 교차로횡단보도내,승용,여,40세,상해없음,보행자,남,10세,부상신고
2023072000100335,2023년 7월 20일 15시,목요일,부산광역시 해운대구 재송동,경상사고,0,0,1,0,차대사람 - 횡단중,보행자보호의무위반,건조,맑음,교차로 - 교차로부근,승용,남,61세,상해없음,보행자,여,32세,경상
2023072000100336,2023년 7월 20일 15시,목요일,부산광역시 부산진구 범천동,경상사고,0,0,1,0,차대차 - 기타,신호위반,건조,맑음,교차로 - 교차로안,승용,남,80세,상해없음,승용,남,34세,경상
2023072000100337,2023년 7월 20일 15시,목요일,부산광역시 금정구 구서동,경상사고,0,0,1,0,차대차 - 추돌,안전거리미확보,건조,맑음,교차로 - 교차로부근,승용,여,77세,상해없음,원동기,남,52세,경상
2023072000100339,2023년 7월 20일 15시,목요일,부산광역시 강서구 명지동,경상사고,0,0,1,0,차대차 - 추돌,안전운전불이행,건조,맑음,기타 - 기타,승용,여,57세,상해없음,승용,여,49세,상해없음
2023072000100377,2023년 7월 20일 16시,목요일,부산광역시 부산진구 개금동,경상사고,0,0,1,0,차대사람 - 횡단중,안전운전불이행,건조,맑음,교차로 - 교차로부근,승용,남,46세,상해없음,보행자,남,7세,경상
2023072000100378,2023년 7월 20일 16시,목요일,부산광역시 사하구 감천동,경상사고,0,0,1,0,차대차 - 기타,안전거리미확보,건조,맑음,단일로 - 기타,화물,남,72세,상해없음,승합,남,59세,경상
2023072000100379,2023년 7월 20일 16시,목요일,부산광역시 수영구 수영동,중상사고,0,1,1,0,차대차 - 측면충돌,안전운전불이행,건조,맑음,단일로 - 기타,자전거,여,31세,경상,자전거,남,15세,중상
2023072000100422,2023년 7월 20일 17시,목요일,부산광역시 연제구 연산동,경상사고,0,0,1,0,차대차 - 기타,기타,건조,맑음,단일로 - 기타,승합,남,30세,상해없음,승용,남,24세,상해없음
2023072000100457,2023년 7월 20일 18시,목요일,부산광역시 남구 대연동,경상사고,0,0,1,0,차대사람 - 기타,안전운전불이행,건조,맑음,기타 - 기타,승용,남,23세,상해없음,보행자,남,58세,경상
2023072000100523,2023년 7월 20일 20시,목요일,부산광역시 북구 만덕동,경상사고,0,0,1,0,차대사람 - 횡단중,안전운전불이행,건조,맑음,단일로 - 기타,승용,남,67세,상해없음,보행자,여,70세,경상
2023072000100524,2023년 7월 20일 20시,목요일,부산광역시 영도구 대교동1가,중상사고,0,1,0,0,차대사람 - 기타,안전운전불이행,건조,맑음,단일로 - 기타,승용,남,66세,상해없음,보행자,남,60세,중상
2023072000100525,2023년 7월 20일 20시,목요일,부산광역시 해운대구 우동,경상사고,0,0,1,0,차대차 - 측면충돌,안전거리미확보,건조,맑음,단일로 - 기타,승용,남,46세,상해없음,승용,남,63세,경상
2023072000100526,2023년 7월 20일 20시,목요일,부산광역시 연제구 거제동,경상사고,0,0,1,0,차대차 - 기타,안전운전불이행,건조,맑음,교차로 - 교차로안,승용,남,63세,상해없음,자전거,여,44세,경상
2023072000100580,2023년 7월 20일 23시,목요일,부산광역시 북구 구포동,경상사고,0,0,1,0,차대차 - 후진중충돌,안전운전불이행,건조,맑음,단일로 - 기타,승용,남,50세,상해없음,원동기,남,33세,경상
2023072100100012,2023년 7월 21일 01시,금요일,부산광역시 서구 초장동,경상사고,0,0,1,0,차대차 - 측면충돌,직진우회전진행방해,건조,기타,교차로 - 교차로안,이륜,남,30세,상해없음,승용,남,21세,경상
2023072100100013,2023년 7월 21일 01시,금요일,부산광역시 북구 만덕동,경상사고,0,0,2,0,차대사람 - 횡단중,안전운전불이행,건조,맑음,단일로 - 기타,승용,남,66세,상해없음,보행자,남,33세,경상
2023072100100020,2023년 7월 21일 02시,금요일,부산광역시 서구 토성동3가,경상사고,0,0,1,0,차대차 - 기타,안전운전불이행,건조,맑음,교차로 - 교차로안,승용,남,66세,상해없음,이륜,남,23세,경상
2023072100100027,2023년 7월 21일 03시,금요일,부산광역시 해운대구 반여동,중상사고,0,1,0,0,차량단독 - 공작물충돌,안전운전불이행,젖음/습기,흐림,단일로 - 기타,승용,남,23세,상해없음,,,,
2023072100100034,2023년 7월 21일 05시,금요일,부산광역시 부산진구 부전동,부상신고사고,0,0,0,1,차대차 - 기타,안전운전불이행,건조,맑음,단일로 - 기타,이륜,남,69세,부상신고,승용,남,67세,상해없음
2023072100100035,2023년 7월 21일 05시,금요일,부산광역시 강서구 녹산동,경상사고,0,0,3,0,차대차 - 추돌,기타,건조,맑음,단일로 - 기타,승용,남,38세,경상,승용,남,58세,경상
2023072100100045,2023년 7월 21일 06시,금요일,부산광역시 금정구 구서동,경상사고,0,0,1,0,차대차 - 추돌,안전운전불이행,건조,맑음,교차로 - 교차로부근,승용,남,63세,상해없음,승용,여,39세,경상
2023072100100063,2023년 7월 21일 07시,금요일,부산광역시 서구 남부민동,경상사고,0,0,1,0,차대차 - 측면충돌,안전운전불이행,건조,맑음,기타 - 기타,이륜,여,62세,상해없음,승용,남,39세,경상
2023072100100086,2023년 7월 21일 08시,금요일,부산광역시 해운대구 우동,경상사고,0,0,1,0,차대차 - 기타,안전운전불이행,기타,비,단일로 - 기타,기타불명,기타불명,미분류,기타불명,자전거,남,14세,경상
2023072100100124,2023년 7월 21일 09시,금요일,부산광역시 동래구 안락동,경상사고,0,0,1,0,차량단독 - 공작물충돌,안전운전불이행,건조,맑음,단일로 - 기타,승합,남,48세,상해없음,,,,
2023072100100152,2023년 7월 21일 10시,금요일,부산광역시 사하구 당리동,경상사고,0,0,1,0,차대사람 - 횡단중,신호위반,건조,맑음,교차로 - 교차로횡단보도내,이륜,남,21세,상해없음,보행자,여,49세,경상
2023072100100180,2023년 7월 21일 11시,금요일,부산광역시 수영구 수영동,경상사고,0,0,1,0,차대차 - 측면충돌,안전운전불이행,건조,맑음,교차로 - 교차로부근,승용,여,50세,상해없음,자전거,남,62세,경상
2023072100100181,2023년 7월 21일 11시,금요일,부산광역시 해운대구 좌동,경상사고,0,0,1,0,차대차 - 측면충돌,안전거리미확보,건조,맑음,단일로 - 기타,승용,여,58세,상해없음,승용,여,52세,경상
2023072100100216,2023년 7월 21일 12시,금요일,부산광역시 금정구 남산동,경상사고,0,0,1,0,차대차 - 측면충돌,중앙선침범,건조,맑음,단일로 - 기타,승용,남,75세,상해없음,승용,여,65세,경상
2023072100100217,2023년 7월 21일 12시,금요일,부산광역시 사상구 괘법동,경상사고,0,0,1,1,차대차 - 측면충돌,안전운전불이행,건조,맑음,단일로 - 기타,승용,여,62세,부상신고,승용,남,58세,경상
2023072100100267,2023년 7월 21일 13시,금요일,부산광역시 연제구 연산동,중상사고,0,1,0,0,차대차 - 측면충돌,안전운전불이행,건조,맑음,단일로 - 기타,승용,남,72세,상해없음,승용,남,58세,중상
2023072100100306,2023년 7월 21일 14시,금요일,부산광역시 중구 중앙동5가,부상신고사고,0,0,0,1,차대차 - 추돌,안전운전불이행,건조,맑음,교차로 - 교차로부근,이륜,여,41세,부상신고,승용,남,52세,상해없음
2023072100100307,2023년 7월 21일 14시,금요일,부산광역시 부산진구 양정동,부상신고사고,0,0,0,1,차대차 - 기타,안전운전불이행,건조,맑음,단일로 - 기타,이륜,남,52세,부상신고,건설기계,남,67세,상해없음
2023072100100308,2023년 7월 21일 14시,금요일,부산광역시 금정구 부곡동,경상사고,0,0,1,0,차대차 - 기타,안전운전불이행,건조,맑음,단일로 - 기타,승용,여,53세,상해없음,자전거,남,69세,경상
2023072100100349,2023년 7월 21일 15시,금요일,부산광역시 부산진구 양정동,경상사고,0,0,1,0,차대차 - 측면충돌,안전운전불이행,건조,맑음,단일로 - 기타,원동기,여,55세,상해없음,자전거,여,32세,경상
2023072100100350,2023년 7월 21일 15시,금요일,부산광역시 사하구 하단동,중상사고,0,1,0,0,차량단독 - 전도전복 - 전도,안전운전불이행,건조,맑음,단일로 - 기타,개인형이동수단(PM),남,54세,중상,,,,
2023072100100351,2023년 7월 21일 15시,금요일,부산광역시 강서구 명지동,중상사고,0,1,0,0,차대차 - 기타,안전운전불이행,건조,맑음,교차로 - 교차로안,승용,여,32세,상해없음,원동기,남,45세,중상
2023072100100394,2023년 7월 21일 16시,금요일,부산광역시 연제구 연산동,경상사고,0,0,1,0,차대사람 - 기타,안전운전불이행,건조,맑음,단일로 - 기타,화물,남,70세,상해없음,보행자,남,82세,경상
2023072100100395,2023년 7월 21일 16시,금요일,부산광역시 강서구 구랑동,경상사고,0,0,1,0,차대차 - 기타,안전운전불이행,건조,맑음,단일로 - 기타,승용,여,25세,상해없음,건설기계,남,66세,경상
2023072100100438,2023년 7월 21일 17시,금요일,부산광역시 동구 수정동,중상사고,0,1,0,0,차대차 - 기타,신호위반,건조,맑음,단일로 - 기타,승용,남,31세,상해없음,승합,남,47세,상해없음
2023072100100439,2023년 7월 21일 17시,금요일,부산광역시 동구 범일동,중상사고,0,1,2,0,차대차 - 측면충돌,신호위반,건조,맑음,교차로 - 교차로안,이륜,남,50세,중상,승합,남,37세,기타불명
2023072100100440,2023년 7월 21일 17시,금요일,부산광역시 동구 초량동,중상사고,0,1,1,0,차대차 - 측면충돌,기타,건조,맑음,교차로 - 교차로횡단보도내,이륜,남,46세,중상,이륜,남,33세,경상
2023072100100441,2023년 7월 21일 17시,금요일,부산광역시 남구 용호동,중상사고,0,1,0,0,차대사람 - 차도통행중,안전운전불이행,건조,맑음,교차로 - 교차로부근,승용,여,36세,기타불명,보행자,여,84세,중상
2023072100100442,2023년 7월 21일 17시,금요일,부산광역시 동래구 온천동,경상사고,0,0,1,0,차대차 - 후진중충돌,안전운전불이행,건조,맑음,단일로 - 기타,승용,여,59세,상해없음,승용,여,41세,경상
2023072100100443,2023년 7월 21일 17시,금요일,부산광역시 부산진구 부전동,경상사고,0,0,1,0,차대사람 - 횡단중,보행자보호의무위반,건조,맑음,교차로 - 교차로안,승용,여,57세,상해없음,보행자,여,75세,경상
2023072100100444,2023년 7월 21일 17시,금요일,부산광역시 금정구 부곡동,경상사고,0,0,2,0,차대차 - 기타,안전운전불이행,건조,맑음,교차로 - 교차로부근,승합,남,49세,상해없음,승용,여,43세,상해없음
2023072100100445,2023년 7월 21일 17시,금요일,부산광역시 금정구 금사동,경상사고,0,0,1,0,차대차 - 기타,안전운전불이행,건조,맑음,교차로 - 교차로안,승용,남,54세,상해없음,승용,남,59세,경상
2023072100100446,2023년 7월 21일 17시,금요일,부산광역시 기장군 정관읍,중상사고,0,1,0,0,차대차 - 측면충돌,신호위반,건조,맑음,교차로 - 교차로부근,화물,남,63세,상해없음,자전거,남,68세,중상
2023072100100508,2023년 7월 21일 18시,금요일,부산광역시 금정구 금사동,중상사고,0,1,1,0,차대차 - 기타,중앙선침범,건조,맑음,교차로 - 교차로부근,승용,남,65세,상해없음,화물,남,49세,중상
2023072100100509,2023년 7월 21일 18시,금요일,부산광역시 사하구 하단동,경상사고,0,0,1,0,차대차 - 후진중충돌,안전운전불이행,건조,맑음,교차로 - 교차로부근,화물,남,65세,상해없음,이륜,남,20세,경상
2023072100100510,2023년 7월 21일 18시,금요일,부산광역시 사하구 괴정동,중상사고,0,1,0,0,차대사람 - 기타,신호위반,건조,맑음,교차로 - 교차로부근,이륜,남,20세,상해없음,보행자,여,61세,중상
2023072100100511,2023년 7월 21일 18시,금요일,부산광역시 강서구 대저1동,경상사고,0,0,1,0,차대차 - 측면충돌,안전거리미확보,건조,맑음,단일로 - 기타,화물,남,35세,상해없음,화물,남,50세,경상
2023072100100590,2023년 7월 21일 20시,금요일,부산광역시 강서구 대저2동,경상사고,0,0,1,0,차대차 - 측면충돌,안전운전불이행,건조,맑음,단일로 - 기타,승용,남,27세,상해없음,승용,여,32세,경상
2023072100100620,2023년 7월 21일 21시,금요일,부산광역시 강서구 송정동,경상사고,0,0,1,0,차대차 - 정면충돌,신호위반,건조,맑음,교차로 - 교차로안,승용,남,42세,상해없음,승용,여,31세,경상
2023072100100621,2023년 7월 21일 21시,금요일,부산광역시 사상구 모라동,중상사고,0,1,0,0,차대사람 - 횡단중,안전운전불이행,건조,맑음,교차로 - 교차로안,승용,남,41세,기타불명,보행자,남,61세,중상
2023072100100651,2023년 7월 21일 22시,금요일,부산광역시 북구 덕천동,경상사고,0,0,1,0,차대차 - 기타,안전운전불이행,건조,맑음,기타 - 기타,승용,남,57세,상해없음,승합,남,63세,상해없음
2023072100100652,2023년 7월 21일 22시,금요일,부산광역시 부산진구 부전동,경상사고,0,0,1,0,차대차 - 기타,교차로운행방법위반,건조,맑음,교차로 - 교차로안,승용,남,43세,상해없음,자전거,남,66세,경상
2023072100100676,2023년 7월 21일 23시,금요일,부산광역시 수영구 민락동,경상사고,0,0,1,0,차대사람 - 보도통행중,보행자보호의무위반,건조,맑음,교차로 - 교차로횡단보도내,승용,남,57세,상해없음,보행자,남,65세,경상
2023072100100677,2023년 7월 21일 23시,금요일,부산광역시 북구 덕천동,경상사고,0,0,1,0,차대사람 - 기타,안전운전불이행,건조,맑음,교차로 - 교차로안,승용,남,27세,상해없음,보행자,남,29세,경상
2023072100100678,2023년 7월 21일 23시,금요일,부산광역시 해운대구 반여동,경상사고,0,0,2,0,차대차 - 추돌,안전운전불이행,건조,맑음,교차로 - 교차로부근,승용,남,36세,상해없음,승합,남,30세,경상