사고번호,사고일시,요일,시군구,사고내용,사망자수,중상자수,경상자수,부상신고자수,사고유형,법규위반,노면상태,기상상태,도로형태,가해운전자 차종,가해운전자 성별,가해운전자 연령,가해운전자 상해정도,피해운전자 차종,피해운전자 성별,피해운전자 연령,피해운전자 상해정도
2023072200100002,2023년 7월 22일 00시,토요일,부산광역시 남구 용호동,경상사고,0,0,1,0,차대차 - 측면충돌,안전운전불이행,건조,맑음,단일로 - 기타,승용,남,24세,상해없음,승용,남,35세,경상
2023072200100016,2023년 7월 22일 01시,토요일,부산광역시 동구 초량동,경상사고,0,0,1,1,차대차 - 측면충돌,신호위반,건조,맑음,단일로 - 지하차도(도로)내,승용,남,65세,부상신고,승합,남,53세,경상
2023072200100017,2023년 7월 22일 01시,토요일,부산광역시 사하구 하단동,중상사고,0,1,0,0,차대차 - 정면충돌,안전운전불이행,건조,흐림,교차로 - 교차로부근,승용,여,64세,기타불명,이륜,남,18세,중상
2023072200100024,2023년 7월 22일 02시,토요일,부산광역시 사하구 괴정동,경상사고,0,0,2,0,차대차 - 후진중충돌,안전운전불이행,건조,흐림,단일로 - 기타,승용,여,49세,기타불명,승용,남,56세,경상
2023072200100052,2023년 7월 22일 05시,토요일,부산광역시 남구 감만동,경상사고,0,0,1,0,차대차 - 기타,중앙선침범,건조,맑음,단일로 - 고가도로위,특수,남,42세,상해없음,특수,남,51세,경상
2023072200100053,2023년 7월 22일 05시,토요일,부산광역시 영도구 동삼동,경상사고,0,0,1,0,차대차 - 측면충돌,안전운전불이행,건조,맑음,단일로 - 기타,승용,여,57세,상해없음,승용,남,34세,경상
2023072200100054,2023년 7월 22일 05시,토요일,부산광역시 기장군 정관읍,경상사고,0,0,1,0,차대차 - 추돌,안전운전불이행,건조,맑음,단일로 - 터널,승용,남,20세,상해없음,승용,남,34세,경상
2023072200100065,2023년 7월 22일 06시,토요일,부산광역시 서구 동대신동3가,경상사고,0,0,1,0,차대사람 - 길가장자리구역통행중,안전운전불이행,건조,맑음,교차로 - 교차로부근,승용,남,38세,상해없음,보행자,여,78세,경상
2023072200100076,2023년 7월 22일 07시,토요일,부산광역시 부산진구 양정동,경상사고,0,0,1,0,차대차 - 측면충돌,신호위반,건조,맑음,교차로 - 교차로안,승합,남,46세,상해없음,승용,남,48세,경상
2023072200100108,2023년 7월 22일 09시,토요일,부산광역시 동래구 온천동,경상사고,0,0,2,0,차대차 - 추돌,안전운전불이행,건조,맑음,단일로 - 기타,승용,남,21세,상해없음,승용,남,49세,경상
2023072200100109,2023년 7월 22일 09시,토요일,부산광역시 강서구 대저2동,경상사고,0,0,1,0,차대차 - 측면충돌,교차로운행방법위반,건조,맑음,교차로 - 교차로안,승용,여,49세,기타불명,승용,남,46세,경상
2023072200100110,2023년 7월 22일 09시,토요일,부산광역시 사상구 모라동,중상사고,0,1,0,0,차대차 - 측면충돌,안전운전불이행,건조,맑음,교차로 - 교차로부근,승용,남,58세,상해없음,자전거,남,70세,중상
2023072200100142,2023년 7월 22일 10시,토요일,부산광역시 북구 금곡동,중상사고,0,1,0,0,차대차 - 기타,안전운전불이행,건조,맑음,단일로 - 기타,화물,남,74세,상해없음,이륜,남,48세,중상
2023072200100143,2023년 7월 22일 10시,토요일,부산광역시 연제구 연산동,중상사고,0,1,0,0,차대차 - 기타,기타,건조,맑음,단일로 - 기타,승용,여,50세,상해없음,이륜,남,39세,중상
2023072200100181,2023년 7월 22일 11시,토요일,부산광역시 북구 덕천동,경상사고,0,0,1,0,차대차 - 기타,신호위반,건조,맑음,교차로 - 교차로안,승용,남,74세,상해없음,승용,남,78세,경상
2023072200100182,2023년 7월 22일 11시,토요일,부산광역시 북구 구포동,경상사고,0,0,1,0,차대차 - 기타,안전운전불이행,건조,맑음,단일로 - 기타,승용,남,62세,상해없음,승용,남,48세,상해없음
2023072200100183,2023년 7월 22일 11시,토요일,부산광역시 동래구 안락동,경상사고,0,0,2,0,차대차 - 측면충돌,신호위반,건조,맑음,교차로 - 교차로안,화물,남,63세,상해없음,승합,남,53세,경상
2023072200100184,2023년 7월 22일 11시,토요일,부산광역시 부산진구 당감동,경상사고,0,0,1,0,차대차 - 추돌,안전운전불이행,젖음/습기,흐림,단일로 - 고가도로위,승용,남,68세,상해없음,화물,남,33세,경상
2023072200100185,2023년 7월 22일 11시,토요일,부산광역시 사하구 신평동,경상사고,0,0,2,0,차대차 - 기타,안전운전불이행,건조,맑음,교차로 - 교차로부근,화물,남,28세,기타불명,승용,남,32세,경상
2023072200100186,2023년 7월 22일 11시,토요일,부산광역시 강서구 대저2동,중상사고,0,1,0,0,차대차 - 기타,교차로운행방법위반,건조,맑음,교차로 - 교차로안,승용,남,37세,상해없음,자전거,남,70세,중상
2023072200100222,2023년 7월 22일 12시,토요일,부산광역시 동구 초량동,경상사고,0,0,1,0,차대사람 - 보도통행중,보행자보호의무위반,건조,맑음,교차로 - 교차로안,승용,남,40세,상해없음,보행자,여,64세,경상
2023072200100223,2023년 7월 22일 12시,토요일,부산광역시 남구 문현동,경상사고,0,0,2,0,차대차 - 측면충돌,안전운전불이행,건조,맑음,교차로 - 교차로부근,승용,여,65세,상해없음,승용,남,39세,경상
2023072200100224,2023년 7월 22일 12시,토요일,부산광역시 강서구 명지동,부상신고사고,0,0,0,1,차량단독 - 기타,안전운전불이행,건조,맑음,교차로 - 교차로부근,자전거,남,31세,부상신고,,,,
2023072200100293,2023년 7월 22일 14시,토요일,부산광역시 기장군 장안읍,중상사고,0,1,0,0,차대사람 - 기타,안전운전불이행,건조,맑음,교차로 - 교차로안,승용,남,46세,상해없음,보행자,남,45세,중상
2023072200100339,2023년 7월 22일 16시,토요일,부산광역시 동구 범일동,중상사고,0,1,0,0,차대차 - 추돌,안전거리미확보,건조,맑음,단일로 - 기타,승용,남,68세,상해없음,승용,남,50세,중상
2023072200100340,2023년 7월 22일 16시,토요일,부산광역시 서구 아미동1가,경상사고,0,0,1,0,차대차 - 추돌,안전운전불이행,건조,맑음,단일로 - 지하차도(도로)내,승용,남,53세,상해없음,승용,남,50세,경상
2023072200100374,2023년 7월 22일 17시,토요일,부산광역시 중구 중앙동4가,중상사고,0,1,1,0,차대차 - 정면충돌,교차로운행방법위반,건조,맑음,교차로 - 교차로안,이륜,남,53세,중상,승용,여,28세,상해없음
2023072200100375,2023년 7월 22일 17시,토요일,부산광역시 부산진구 당감동,경상사고,0,0,1,0,차대차 - 기타,신호위반,건조,맑음,교차로 - 교차로안,자전거,남,13세,상해없음,이륜,남,62세,경상
2023072200100376,2023년 7월 22일 17시,토요일,부산광역시 사하구 다대동,경상사고,0,0,1,0,차대차 - 기타,차로위반,건조,맑음,단일로 - 기타,승용,남,39세,상해없음,승용,남,26세,경상
2023072200100408,2023년 7월 22일 18시,토요일,부산광역시 서구 암남동,경상사고,0,0,1,0,차대차 - 추돌,안전운전불이행,건조,맑음,교차로 - 교차로안,승용,남,53세,상해없음,승합,남,49세,상해없음
2023072200100409,2023년 7월 22일 18시,토요일,부산광역시 연제구 연산동,중상사고,0,1,0,0,차량단독 - 기타,안전운전불이행,젖음/습기,맑음,단일로 - 기타,승합,남,53세,상해없음,,,,
2023072200100431,2023년 7월 22일 19시,토요일,부산광역시 부산진구 부전동,중상사고,0,1,0,0,차대사람 - 차도통행중,안전운전불이행,건조,맑음,교차로 - 교차로안,승용,여,28세,상해없음,보행자,여,57세,중상
2023072200100449,2023년 7월 22일 20시,토요일,부산광역시 강서구 명지동,경상사고,0,0,2,0,차대차 - 측면충돌,신호위반,건조,맑음,교차로 - 교차로안,승용,남,63세,상해없음,승용,남,20세,경상
2023072200100479,2023년 7월 22일 21시,토요일,부산광역시 영도구 동삼동,중상사고,0,1,1,0,차대차 - 기타,안전운전불이행,젖음/습기,비,단일로 - 기타,승용,여,26세,상해없음,승합,남,38세,경상
2023072200100480,2023년 7월 22일 21시,토요일,부산광역시 해운대구 재송동,부상신고사고,0,0,0,2,차대차 - 추돌,안전운전불이행,젖음/습기,비,교차로 - 교차로부근,승용,남,34세,상해없음,승용,남,30세,부상신고
2023072200100509,2023년 7월 22일 22시,토요일,부산광역시 부산진구 양정동,중상사고,0,1,0,0,차대차 - 측면충돌,신호위반,건조,맑음,교차로 - 교차로안,승용,남,47세,상해없음,이륜,남,19세,중상
2023072200100510,2023년 7월 22일 22시,토요일,부산광역시 부산진구 부암동,중상사고,0,1,0,0,차대사람 - 횡단중,안전운전불이행,건조,맑음,단일로 - 기타,승용,남,60세,상해없음,보행자,남,12세,중상
2023072200100536,2023년 7월 22일 23시,토요일,부산광역시 사하구 다대동,경상사고,0,0,4,0,차대차 - 추돌,안전운전불이행,젖음/습기,비,교차로 - 교차로부근,승용,남,23세,상해없음,승용,남,43세,경상
2023072200100537,2023년 7월 22일 23시,토요일,부산광역시 사상구 덕포동,경상사고,0,0,1,0,차대사람 - 횡단중,보행자보호의무위반,젖음/습기,비,교차로 - 교차로횡단보도내,승용,남,44세,상해없음,보행자,남,69세,경상
2023072300100003,2023년 7월 23일 00시,일요일,부산광역시 북구 덕천동,중상사고,0,1,0,0,차대사람 - 차도통행중,안전운전불이행,젖음/습기,흐림,교차로 - 교차로안,승용,남,54세,상해없음,보행자,남,34세,중상
2023072300100004,2023년 7월 23일 00시,일요일,부산광역시 사하구 괴정동,중상사고,0,1,0,0,차량단독 - 기타,안전운전불이행,젖음/습기,흐림,단일로 - 기타,승합,남,56세,상해없음,,,,
2023072300100020,2023년 7월 23일 02시,일요일,부산광역시 부산진구 전포동,경상사고,0,0,1,0,차대사람 - 횡단중,안전운전불이행,건조,맑음,단일로 - 기타,승용,남,29세,상해없음,보행자,여,27세,경상
2023072300100029,2023년 7월 23일 03시,일요일,부산광역시 강서구 명지동,중상사고,0,1,1,0,차대차 - 추돌,안전운전불이행,건조,맑음,교차로 - 교차로안,승용,여,54세,중상,승용,여,48세,경상
2023072300100106,2023년 7월 23일 11시,일요일,부산광역시 수영구 광안동,중상사고,0,1,1,0,차대차 - 추돌,안전운전불이행,건조,맑음,단일로 - 기타,승용,남,43세,상해없음,승용,여,51세,중상
2023072300100131,2023년 7월 23일 12시,일요일,부산광역시 중구 중앙동4가,경상사고,0,0,1,0,차대차 - 추돌,안전운전불이행,건조,맑음,단일로 - 기타,승용,남,45세,상해없음,자전거,남,70세,경상
2023072300100132,2023년 7월 23일 12시,일요일,부산광역시 북구 구포동,경상사고,0,0,3,0,차대차 - 기타,신호위반,건조,맑음,교차로 - 교차로안,승합,남,61세,상해없음,승용,남,53세,경상
2023072300100153,2023년 7월 23일 13시,일요일,부산광역시 남구 대연동,경상사고,0,0,1,0,차대차 - 정면충돌,안전운전불이행,건조,맑음,교차로 - 교차로부근,승용,여,54세,기타불명,승용,남,65세,경상
2023072300100154,2023년 7월 23일 13시,일요일,부산광역시 사하구 다대동,부상신고사고,0,0,0,2,차대차 - 측면충돌,안전운전불이행,건조,맑음,교차로 - 교차로부근,승용,남,69세,상해없음,승용,남,38세,부상신고
2023072300100228,2023년 7월 23일 16시,일요일,부산광역시 금정구 구서동,중상사고,0,1,0,0,차대사람 - 횡단중,안전운전불이행,건조,맑음,교차로 - 교차로안,승용,남,58세,상해없음,보행자,남,67세,중상
2023072300100229,2023년 7월 23일 16시,일요일,부산광역시 연제구 거제동,경상사고,0,0,1,0,차대차 - 측면충돌,교차로운행방법위반,건조,맑음,교차로 - 교차로부근,승용,남,57세,기타불명,승용,남,42세,경상
2023072300100272,2023년 7월 23일 18시,일요일,부산광역시 수영구 광안동,경상사고,0,0,1,0,차대사람 - 기타,안전운전불이행,건조,맑음,교차로 - 교차로안,승용,남,63세,기타불명,보행자,여,24세,경상
2023072300100314,2023년 7월 23일 20시,일요일,부산광역시 해운대구 좌동,중상사고,0,1,0,0,차대차 - 기타,교차로운행방법위반,건조,맑음,교차로 - 교차로안,승용,여,39세,상해없음,이륜,남,48세,중상
2023072300100315,2023년 7월 23일 20시,일요일,부산광역시 사상구 감전동,경상사고,0,0,1,0,차대차 - 측면충돌,안전운전불이행,젖음/습기,흐림,교차로 - 교차로안,승용,여,42세,상해없음,승용,남,51세,상해없음
2023072300100341,2023년 7월 23일 21시,일요일,부산광역시 중구 부평동3가,경상사고,0,0,1,0,차대차 - 기타,신호위반,건조,맑음,단일로 - 기타,이륜,남,46세,상해없음,자전거,남,56세,경상
2023072300100342,2023년 7월 23일 21시,일요일,부산광역시 남구 대연동,중상사고,0,1,0,0,차대사람 - 횡단중,안전운전불이행,건조,맑음,단일로 - 기타,승용,남,48세,상해없음,보행자,남,61세,중상
2023072300100365,2023년 7월 23일 22시,일요일,부산광역시 남구 대연동,경상사고,0,0,3,0,차대차 - 측면충돌,안전거리미확보,건조,맑음,단일로 - 기타,승용,여,36세,상해없음,승용,남,28세,경상
2023072400100003,2023년 7월 24일 00시,월요일,부산광역시 수영구 민락동,경상사고,0,0,1,0,차대사람 - 횡단중,안전운전불이행,건조,맑음,교차로 - 교차로부근,승용,남,73세,상해없음,보행자,남,19세,경상
2023072400100020,2023년 7월 24일 02시,월요일,부산광역시 강서구 녹산동,경상사고,0,0,1,0,차대차 - 측면충돌,신호위반,건조,맑음,교차로 - 교차로안,승용,남,62세,상해없음,승용,남,51세,경상
2023072400100030,2023년 7월 24일 05시,월요일,부산광역시 부산진구 가야동,중상사고,0,1,0,0,차대차 - 기타,신호위반,젖음/습기,비,단일로 - 기타,승용,남,25세,기타불명,자전거,남,67세,중상
2023072400100044,2023년 7월 24일 06시,월요일,부산광역시 부산진구 가야동,중상사고,0,1,0,0,차대차 - 기타,신호위반,젖음/습기,비,단일로 - 기타,승용,남,71세,상해없음,승합,남,64세,상해없음
2023072400100085,2023년 7월 24일 08시,월요일,부산광역시 동래구 온천동,경상사고,0,0,1,0,차대차 - 측면충돌,직진우회전진행방해,건조,맑음,교차로 - 교차로안,승용,여,33세,상해없음,승용,남,61세,경상
2023072400100086,2023년 7월 24일 08시,월요일,부산광역시 사하구 괴정동,경상사고,0,0,1,0,차대차 - 추돌,안전거리미확보,건조,맑음,교차로 - 교차로부근,승용,남,65세,기타불명,승용,남,31세,경상
2023072400100087,2023년 7월 24일 08시,월요일,부산광역시 강서구 명지동,경상사고,0,0,1,0,차대차 - 측면충돌,교차로운행방법위반,건조,맑음,교차로 - 교차로안,승용,여,66세,상해없음,승용,여,47세,경상
2023072400100088,2023년 7월 24일 08시,월요일,부산광역시 강서구 송정동,중상사고,0,1,0,0,차대차 - 측면충돌,중앙선침범,건조,맑음,교차로 - 교차로부근,승용,남,23세,상해없음,승용,남,53세,중상
2023072400100151,2023년 7월 24일 10시,월요일,부산광역시 수영구 망미동,중상사고,0,1,0,0,차대사람 - 횡단중,보행자보호의무위반,건조,맑음,교차로 - 교차로부근,승용,남,58세,상해없음,보행자,여,70세,중상
2023072400100182,2023년 7월 24일 11시,월요일,부산광역시 부산진구 범천동,경상사고,0,0,1,0,차대차 - 측면충돌,안전운전불이행,건조,맑음,교차로 - 교차로부근,이륜,남,49세,경상,승용,여,66세,상해없음
2023072400100183,2023년 7월 24일 11시,월요일,부산광역시 부산진구 전포동,중상사고,0,1,0,0,차대사람 - 기타,기타,건조,맑음,교차로 - 교차로안,기타불명,기타불명,미분류,기타불명,보행자,여,80세,중상
2023072400100184,2023년 7월 24일 11시,월요일,부산광역시 금정구 부곡동,경상사고,0,0,1,0,차대사람 - 기타,안전운전불이행,건조,맑음,단일로 - 기타,승용,남,64세,상해없음,보행자,남,46세,경상
2023072400100211,2023년 7월 24일 12시,월요일,부산광역시 남구 대연동,경상사고,0,0,1,0,차대차 - 측면충돌,안전운전불이행,건조,맑음,주차장 - 주차장,이륜,남,53세,상해없음,이륜,남,28세,경상
2023072400100212,2023년 7월 24일 12시,월요일,부산광역시 북구 덕천동,경상사고,0,0,1,0,차대사람 - 차도통행중,안전운전불이행,건조,맑음,단일로 - 기타,승용,남,73세,상해없음,보행자,여,80세,경상
2023072400100213,2023년 7월 24일 12시,월요일,부산광역시 동래구 명륜동,경상사고,0,0,1,0,차대사람 - 횡단중,안전운전불이행,젖음/습기,비,단일로 - 기타,이륜,남,39세,상해없음,보행자,여,47세,경상
2023072400100214,2023년 7월 24일 12시,월요일,부산광역시 사하구 다대동,경상사고,0,0,1,0,차대차 - 추돌,신호위반,건조,맑음,단일로 - 기타,화물,남,71세,상해없음,승용,남,61세,경상
2023072400100215,2023년 7월 24일 12시,월요일,부산광역시 강서구 대저2동,중상사고,0,1,1,0,차대차 - 측면충돌,안전운전불이행,건조,맑음,교차로 - 교차로안,승용,남,34세,상해없음,승용,여,57세,중상
2023072400100259,2023년 7월 24일 13시,월요일,부산광역시 부산진구 양정동,경상사고,0,0,1,0,차대차 - 추돌,신호위반,건조,맑음,교차로 - 교차로안,승합,남,45세,상해없음,승용,남,67세,상해없음
2023072400100260,2023년 7월 24일 13시,월요일,부산광역시 사하구 괴정동,중상사고,0,1,0,0,차대사람 - 기타,안전운전불이행,건조,맑음,단일로 - 기타,이륜,남,60세,상해없음,보행자,여,25세,중상
2023072400100261,2023년 7월 24일 13시,월요일,부산광역시 기장군 정관읍,중상사고,0,1,0,0,차대차 - 추돌,안전운전불이행,건조,맑음,교차로 - 교차로부근,승용,여,22세,상해없음,승용,남,52세,중상
2023072400100293,2023년 7월 24일 14시,월요일,부산광역시 동래구 온천동,경상사고,0,0,1,0,차대사람 - 기타,안전운전불이행,젖음/습기,비,단일로 - 기타,화물,남,52세,상해없음,보행자,남,12세,경상
2023072400100295,2023년 7월 24일 14시,월요일,부산광역시 해운대구 재송동,경상사고,0,0,1,0,차대차 - 기타,안전운전불이행,건조,맑음,단일로 - 기타,승용,여,50세,상해없음,원동기,남,35세,경상
2023072400100296,2023년 7월 24일 14시,월요일,부산광역시 연제구 거제동,중상사고,0,1,1,0,차대차 - 추돌,안전운전불이행,젖음/습기,비,교차로 - 교차로부근,건설기계,남,51세,상해없음,승용,남,72세,중상
2023072400100334,2023년 7월 24일 15시,월요일,부산광역시 동구 범일동,경상사고,0,0,1,0,차대차 - 측면충돌,안전거리미확보,젖음/습기,비,단일로 - 기타,승용,여,64세,상해없음,승용,남,72세,경상
2023072400100335,2023년 7월 24일 15시,월요일,부산광역시 남구 대연동,중상사고,0,1,0,0,차량단독 - 기타,안전운전불이행,건조,맑음,단일로 - 기타,승합,남,40세,상해없음,,,,
2023072400100336,2023년 7월 24일 15시,월요일,부산광역시 영도구 봉래동3가,경상사고,0,0,2,0,차대차 - 추돌,안전운전불이행,건조,맑음,교차로 - 교차로부근,승용,여,28세,상해없음,승용,남,34세,경상
2023072400100379,2023년 7월 24일 16시,월요일,부산광역시 동구 초량동,경상사고,0,0,1,0,차대차 - 측면충돌,교차로운행방법위반,젖음/습기,비,교차로 - 교차로안,승용,여,60세,상해없음,승용,여,58세,경상
2023072400100380,2023년 7월 24일 16시,월요일,부산광역시 북구 만덕동,경상사고,0,0,3,0,차대차 - 기타,안전운전불이행,건조,맑음,교차로 - 교차로안,승용,남,69세,상해없음,승용,남,56세,경상
2023072400100381,2023년 7월 24일 16시,월요일,부산광역시 부산진구 가야동,중상사고,0,1,0,0,차대차 - 기타,안전운전불이행,건조,맑음,기타 - 기타,승용,남,69세,상해없음,이륜,남,37세,중상
2023072400100411,2023년 7월 24일 17시,월요일,부산광역시 강서구 명지동,중상사고,0,1,0,0,차대차 - 기타,기타,젖음/습기,흐림,단일로 - 기타,승용,남,34세,기타불명,이륜,남,43세,중상
2023072400100458,2023년 7월 24일 18시,월요일,부산광역시 중구 중앙동4가,경상사고,0,0,2,0,차대차 - 추돌,신호위반,건조,맑음,교차로 - 교차로안,승용,남,48세,상해없음,승용,남,40세,경상
2023072400100459,2023년 7월 24일 18시,월요일,부산광역시 북구 구포동,경상사고,0,0,1,0,차대차 - 기타,중앙선침범,건조,맑음,단일로 - 기타,승합,남,22세,상해없음,이륜,남,30세,경상
2023072400100486,2023년 7월 24일 19시,월요일,부산광역시 수영구 망미동,경상사고,0,0,2,0,차대차 - 추돌,안전운전불이행,젖음/습기,흐림,교차로 - 교차로부근,이륜,남,40세,경상,승용,남,28세,경상
2023072400100543,2023년 7월 24일 21시,월요일,부산광역시 서구 남부민동,중상사고,0,1,0,0,차대사람 - 횡단중,안전운전불이행,건조,맑음,단일로 - 기타,승용,남,71세,상해없음,보행자,남,62세,중상
2023072400100544,2023년 7월 24일 21시,월요일,부산광역시 부산진구 양정동,경상사고,0,0,3,0,차대차 - 추돌,안전운전불이행,건조,맑음,단일로 - 기타,이륜,남,22세,기타불명,이륜,남,22세,경상
2023072400100545,2023년 7월 24일 21시,월요일,부산광역시 부산진구 당감동,경상사고,0,0,1,0,차대차 - 정면충돌,안전운전불이행,건조,맑음,교차로 - 교차로안,화물,남,54세,상해없음,이륜,남,58세,경상
2023072400100546,2023년 7월 24일 21시,월요일,부산광역시 사하구 감천동,경상사고,0,0,1,0,차대차 - 측면충돌,안전운전불이행,건조,맑음,단일로 - 기타,승용,남,65세,기타불명,승용,여,63세,경상
2023072400100570,2023년 7월 24일 22시,월요일,부산광역시 북구 구포동,경상사고,0,0,4,0,차대차 - 측면충돌,중앙선침범,건조,맑음,단일로 - 기타,이륜,남,29세,상해없음,승용,남,29세,경상
2023072400100571,2023년 7월 24일 22시,월요일,부산광역시 부산진구 가야동,경상사고,0,0,1,0,차대사람 - 횡단중,보행자보호의무위반,건조,맑음,교차로 - 교차로횡단보도내,승용,여,67세,상해없음,보행자,여,43세,경상
2023072400100597,2023년 7월 24일 23시,월요일,부산광역시 해운대구 우동,경상사고,0,0,1,0,차대차 - 측면충돌,안전운전불이행,건조,맑음,단일로 - 기타,승용,남,26세,상해없음,승용,남,53세,경상
2023072400100599,2023년 7월 24일 23시,월요일,부산광역시 사하구 하단동,경상사고,0,0,1,0,차대사람 - 보도통행중,보행자보호의무위반,건조,맑음,단일로 - 기타,개인형이동수단(PM),남,16세,상해없음,보행자,남,55세,경상
2023072500100028,2023년 7월 25일 05시,화요일,부산광역시 남구 대연동,경상사고,0,0,1,0,차대차 - 기타,안전운전불이행,건조,맑음,단일로 - 교량,승용,남,18세,상해없음,승용,남,77세,상해없음
2023072500100035,2023년 7월 25일 06시,화요일,부산광역시 사상구 덕포동,경상사고,0,0,1,0,차대사람 - 기타,안전운전불이행,건조,기타,기타 - 기타,승용,남,60세,상해없음,보행자,여,82세,경상
2023072500100049,2023년 7월 25일 07시,화요일,부산광역시 해운대구 우동,중상사고,0,2,1,2,차대차 - 기타,신호위반,기타,맑음,교차로 - 교차로안,승용,남,54세,경상,승합,남,42세,부상신고
2023072500100050,2023년 7월 25일 07시,화요일,부산광역시 연제구 연산동,경상사고,0,0,1,0,차대차 - 측면충돌,교차로운행방법위반,건조,맑음,교차로 - 교차로안,승용,여,57세,상해없음,승용,남,61세,경상
2023072500100080,2023년 7월 25일 08시,화요일,부산광역시 연제구 연산동,경상사고,0,0,2,0,차대차 - 측면충돌,안전운전불이행,건조,맑음,교차로 - 교차로부근,승용,남,46세,경상,승용,여,44세,경상
2023072500100081,2023년 7월 25일 08시,화요일,부산광역시 강서구 지사동,중상사고,0,1,0,1,차대차 - 추돌,안전운전불이행,건조,맑음,단일로 - 터널,승용,여,22세,상해없음,화물,남,52세,부상신고
2023072500100144,2023년 7월 25일 10시,화요일,부산광역시 사상구 감전동,경상사고,0,0,1,0,차대차 - 측면충돌,안전거리미확보,건조,맑음,단일로 - 기타,화물,남,69세,기타불명,화물,남,41세,경상
2023072500100160,2023년 7월 25일 11시,화요일,부산광역시 동구 초량동,중상사고,0,3,1,0,차대차 - 기타,신호위반,건조,맑음,단일로 - 기타,이륜,남,51세,상해없음,승합,남,51세,상해없음
2023072500100198,2023년 7월 25일 12시,화요일,부산광역시 남구 대연동,부상신고사고,0,0,0,1,차대차 - 기타,안전운전불이행,건조,맑음,교차로 - 교차로안,승용,여,83세,상해없음,이륜,여,23세,부상신고
2023072500100199,2023년 7월 25일 12시,화요일,부산광역시 사하구 감천동,중상사고,0,1,0,0,차대사람 - 횡단중,신호위반,젖음/습기,비,단일로 - 기타,이륜,남,23세,상해없음,보행자,여,59세,중상
2023072500100243,2023년 7월 25일 13시,화요일,부산광역시 동래구 사직동,경상사고,0,0,4,0,차대차 - 측면충돌,안전운전불이행,젖음/습기,비,단일로 - 기타,승용,남,59세,상해없음,승용,남,55세,경상
2023072500100337,2023년 7월 25일 16시,화요일,부산광역시 부산진구 부전동,중상사고,0,1,0,0,차대사람 - 기타,안전운전불이행,건조,맑음,단일로 - 기타,이륜,남,61세,상해없음,보행자,여,75세,중상
2023072500100338,2023년 7월 25일 16시,화요일,부산광역시 사상구 모라동,중상사고,0,1,0,0,차대차 - 측면충돌,안전거리미확보,건조,맑음,단일로 - 기타,승용,남,62세,상해없음,이륜,남,54세,중상
2023072500100410,2023년 7월 25일 18시,화요일,부산광역시 영도구 봉래동3가,경상사고,0,0,1,0,차대차 - 기타,안전운전불이행,건조,맑음,단일로 - 기타,이륜,남,23세,상해없음,자전거,남,14세,경상
2023072500100412,2023년 7월 25일 18시,화요일,부산광역시 강서구 대저2동,경상사고,0,0,1,0,차대사람 - 횡단중,보행자보호의무위반,건조,맑음,단일로 - 기타,승용,남,62세,상해없음,보행자,남,57세,경상
2023072500100467,2023년 7월 25일 20시,화요일,부산광역시 금정구 서동,중상사고,0,1,0,0,차대사람 - 기타,안전운전불이행,건조,맑음,단일로 - 기타,승용,여,49세,기타불명,보행자,남,48세,중상
2023072500100489,2023년 7월 25일 21시,화요일,부산광역시 남구 대연동,경상사고,0,0,1,0,차대차 - 기타,안전거리미확보,건조,맑음,단일로 - 기타,승용,남,45세,상해없음,승용,남,60세,상해없음
2023072500100490,2023년 7월 25일 21시,화요일,부산광역시 부산진구 전포동,중상사고,0,1,0,0,차대사람 - 기타,안전운전불이행,건조,맑음,단일로 - 기타,승용,남,51세,상해없음,보행자,여,85세,중상
2023072600100016,2023년 7월 26일 02시,수요일,부산광역시 금정구 부곡동,경상사고,0,0,3,0,차대차 - 추돌,안전운전불이행,건조,맑음,단일로 - 기타,승용,남,58세,상해없음,승용,남,55세,경상
2023072600100027,2023년 7월 26일 05시,수요일,부산광역시 남구 대연동,중상사고,0,1,0,0,차대차 - 측면충돌,기타,건조,맑음,교차로 - 교차로안,승용,남,24세,상해없음,이륜,남,65세,중상
2023072600100074,2023년 7월 26일 08시,수요일,부산광역시 북구 구포동,중상사고,0,1,0,0,차대차 - 측면충돌,안전운전불이행,건조,맑음,단일로 - 기타,승용,남,67세,상해없음,이륜,남,64세,중상
2023072600100114,2023년 7월 26일 09시,수요일,부산광역시 북구 구포동,경상사고,0,0,1,0,차대차 - 기타,안전운전불이행,건조,맑음,단일로 - 기타,승용,남,29세,상해없음,승합,남,63세,상해없음
2023072600100140,2023년 7월 26일 10시,수요일,부산광역시 해운대구 반송동,경상사고,0,0,1,0,차대사람 - 차도통행중,안전운전불이행,건조,맑음,교차로 - 교차로부근,승용,남,38세,상해없음,보행자,남,84세,경상
2023072600100195,2023년 7월 26일 12시,수요일,부산광역시 서구 토성동4가,부상신고사고,0,0,0,1,차대사람 - 차도통행중,안전운전불이행,건조,맑음,단일로 - 기타,이륜,기타불명,미분류,기타불명,보행자,남,25세,부상신고
2023072600100196,2023년 7월 26일 12시,수요일,부산광역시 서구 서대신동3가,경상사고,0,0,2,0,차대차 - 측면충돌,안전운전불이행,건조,맑음,교차로 - 교차로부근,승용,남,70세,상해없음,승용,남,61세,상해없음