사고번호,사고일시,요일,시군구,사고내용,사망자수,중상자수,경상자수,부상신고자수,사고유형,법규위반,노면상태,기상상태,도로형태,가해운전자 차종,가해운전자 성별,가해운전자 연령,가해운전자 상해정도,피해운전자 차종,피해운전자 성별,피해운전자 연령,피해운전자 상해정도
2023072600100197,2023년 7월 26일 12시,수요일,부산광역시 부산진구 부전동,경상사고,0,0,1,0,차대차 - 기타,신호위반,건조,맑음,단일로 - 기타,승용,여,53세,상해없음,이륜,여,35세,경상
2023072600100199,2023년 7월 26일 12시,수요일,부산광역시 연제구 연산동,중상사고,0,1,0,0,차대차 - 기타,안전운전불이행,건조,맑음,단일로 - 기타,승용,남,30세,상해없음,이륜,남,53세,중상
2023072600100200,2023년 7월 26일 12시,수요일,부산광역시 강서구 명지동,경상사고,0,0,1,0,차대차 - 측면충돌,신호위반,건조,맑음,교차로 - 교차로안,승용,여,49세,상해없음,화물,남,43세,경상
2023072600100242,2023년 7월 26일 13시,수요일,부산광역시 동구 초량동,경상사고,0,0,1,0,차대차 - 측면충돌,기타,건조,맑음,단일로 - 기타,승용,남,70세,상해없음,자전거,남,13세,경상
2023072600100243,2023년 7월 26일 13시,수요일,부산광역시 사하구 감천동,경상사고,0,0,1,0,차대사람 - 기타,안전운전불이행,건조,맑음,단일로 - 기타,승용,여,49세,상해없음,보행자,남,65세,경상
2023072600100244,2023년 7월 26일 13시,수요일,부산광역시 사하구 장림동,경상사고,0,0,4,0,차대차 - 정면충돌,중앙선침범,건조,맑음,교차로 - 교차로부근,승용,여,49세,경상,승합,남,72세,경상
2023072600100245,2023년 7월 26일 13시,수요일,부산광역시 연제구 거제동,경상사고,0,0,1,0,차대차 - 기타,신호위반,건조,맑음,교차로 - 교차로부근,원동기,남,39세,상해없음,승용,남,23세,경상
2023072600100246,2023년 7월 26일 13시,수요일,부산광역시 강서구 명지동,경상사고,0,0,1,0,차대차 - 추돌,안전운전불이행,건조,맑음,단일로 - 기타,화물,남,31세,상해없음,화물,남,39세,경상
2023072600100247,2023년 7월 26일 13시,수요일,부산광역시 기장군 기장읍,경상사고,0,0,2,1,차대차 - 측면충돌,차로위반,건조,맑음,교차로 - 교차로안,승용,여,42세,경상,건설기계,남,36세,경상
2023072600100316,2023년 7월 26일 15시,수요일,부산광역시 서구 토성동3가,경상사고,0,0,1,0,차대차 - 측면충돌,교차로운행방법위반,건조,맑음,교차로 - 교차로안,화물,남,70세,상해없음,승용,남,63세,경상
2023072600100317,2023년 7월 26일 15시,수요일,부산광역시 서구 암남동,경상사고,0,0,3,0,차대차 - 측면충돌,안전거리미확보,건조,맑음,교차로 - 교차로부근,승용,남,33세,상해없음,승용,남,68세,경상
2023072600100318,2023년 7월 26일 15시,수요일,부산광역시 부산진구 부전동,중상사고,0,1,0,0,차대사람 - 횡단중,안전운전불이행,건조,맑음,교차로 - 교차로부근,승용,남,63세,상해없음,보행자,여,75세,중상
2023072600100349,2023년 7월 26일 16시,수요일,부산광역시 북구 덕천동,경상사고,0,0,1,0,차대사람 - 기타,안전운전불이행,건조,맑음,단일로 - 기타,승용,남,25세,상해없음,보행자,남,49세,경상
2023072600100350,2023년 7월 26일 16시,수요일,부산광역시 사상구 모라동,경상사고,0,0,4,0,차대차 - 측면충돌,안전운전불이행,건조,맑음,교차로 - 교차로안,승용,여,66세,기타불명,승용,여,32세,기타불명
2023072600100393,2023년 7월 26일 17시,수요일,부산광역시 부산진구 양정동,중상사고,0,1,0,0,차대사람 - 기타,안전운전불이행,건조,맑음,단일로 - 기타,승용,여,69세,상해없음,보행자,여,24세,중상
2023072600100443,2023년 7월 26일 18시,수요일,부산광역시 남구 문현동,경상사고,0,0,3,0,차대차 - 기타,안전운전불이행,건조,맑음,교차로 - 교차로안,승용,여,37세,경상,이륜,남,29세,경상
2023072600100444,2023년 7월 26일 18시,수요일,부산광역시 사하구 다대동,경상사고,0,0,1,0,차대차 - 기타,안전운전불이행,건조,맑음,단일로 - 기타,화물,남,67세,상해없음,화물,남,40세,경상
2023072600100445,2023년 7월 26일 18시,수요일,부산광역시 강서구 성북동,경상사고,0,0,1,0,차대차 - 측면충돌,신호위반,건조,맑음,교차로 - 교차로안,특수,남,52세,상해없음,승용,남,38세,경상
2023072600100446,2023년 7월 26일 18시,수요일,부산광역시 사상구 감전동,경상사고,0,0,2,0,차대차 - 측면충돌,기타,건조,맑음,교차로 - 교차로안,승용,남,53세,경상,화물,남,25세,경상
2023072600100485,2023년 7월 26일 19시,수요일,부산광역시 수영구 남천동,부상신고사고,0,0,0,1,차대차 - 추돌,안전운전불이행,건조,맑음,기타 - 기타,승용,남,57세,상해없음,승용,남,59세,상해없음
2023072600100486,2023년 7월 26일 19시,수요일,부산광역시 동래구 안락동,중상사고,0,1,0,0,차대사람 - 횡단중,안전운전불이행,건조,맑음,단일로 - 기타,승용,남,43세,상해없음,보행자,남,8세,중상
2023072600100487,2023년 7월 26일 19시,수요일,부산광역시 해운대구 반여동,경상사고,0,0,1,0,차대차 - 추돌,안전운전불이행,건조,맑음,단일로 - 고가도로위,승용,남,60세,상해없음,승용,여,33세,경상
2023072600100488,2023년 7월 26일 19시,수요일,부산광역시 수영구 수영동,부상신고사고,0,0,0,1,차대사람 - 길가장자리구역통행중,안전운전불이행,건조,맑음,단일로 - 기타,승용,남,63세,상해없음,보행자,남,70세,부상신고
2023072600100513,2023년 7월 26일 20시,수요일,부산광역시 중구 남포동5가,경상사고,0,0,1,0,차대사람 - 횡단중,안전운전불이행,건조,맑음,교차로 - 교차로안,승합,남,52세,상해없음,보행자,남,73세,경상
2023072600100535,2023년 7월 26일 21시,수요일,부산광역시 동래구 안락동,경상사고,0,0,2,0,차대차 - 측면충돌,안전거리미확보,건조,맑음,단일로 - 기타,승용,남,43세,상해없음,승용,남,38세,경상
2023072600100536,2023년 7월 26일 21시,수요일,부산광역시 해운대구 우동,중상사고,0,1,0,0,차대차 - 측면충돌,신호위반,건조,맑음,교차로 - 교차로안,승용,남,66세,상해없음,이륜,남,43세,중상
2023072600100537,2023년 7월 26일 21시,수요일,부산광역시 연제구 거제동,중상사고,0,1,0,0,차대사람 - 보도통행중,보행자보호의무위반,건조,맑음,단일로 - 기타,승용,여,45세,상해없음,보행자,남,23세,중상
2023072600100538,2023년 7월 26일 21시,수요일,부산광역시 사상구 주례동,경상사고,0,0,1,0,차대차 - 추돌,안전운전불이행,건조,맑음,단일로 - 기타,승용,남,55세,기타불명,승용,남,37세,경상
2023072700100049,2023년 7월 27일 06시,목요일,부산광역시 해운대구 우동,중상사고,0,1,0,0,차대사람 - 횡단중,안전운전불이행,건조,맑음,단일로 - 기타,승용,남,38세,상해없음,보행자,여,81세,중상
2023072700100050,2023년 7월 27일 06시,목요일,부산광역시 금정구 노포동,경상사고,0,0,2,0,차대차 - 측면충돌,안전운전불이행,건조,맑음,교차로 - 교차로안,승합,남,31세,상해없음,승용,남,61세,경상
2023072700100064,2023년 7월 27일 07시,목요일,부산광역시 해운대구 좌동,경상사고,0,0,1,0,차대사람 - 기타,안전운전불이행,건조,맑음,단일로 - 기타,승용,남,63세,상해없음,보행자,남,71세,경상
2023072700100088,2023년 7월 27일 08시,목요일,부산광역시 연제구 거제동,경상사고,0,0,1,0,차대차 - 측면충돌,차로위반,건조,맑음,단일로 - 기타,화물,남,49세,상해없음,승용,남,76세,경상
2023072700100130,2023년 7월 27일 09시,목요일,부산광역시 사상구 덕포동,경상사고,0,0,1,0,차대사람 - 기타,안전운전불이행,건조,맑음,교차로 - 교차로안,화물,남,62세,상해없음,보행자,여,58세,경상
2023072700100157,2023년 7월 27일 10시,목요일,부산광역시 해운대구 재송동,부상신고사고,0,0,0,2,차대차 - 측면충돌,안전거리미확보,건조,맑음,교차로 - 교차로안,승용,남,64세,상해없음,승용,남,45세,부상신고
2023072700100158,2023년 7월 27일 10시,목요일,부산광역시 해운대구 좌동,중상사고,0,1,0,0,차대차 - 기타,안전운전불이행,건조,맑음,단일로 - 터널,기타불명,기타불명,미분류,기타불명,개인형이동수단(PM),남,23세,중상
2023072700100159,2023년 7월 27일 10시,목요일,부산광역시 사상구 주례동,경상사고,0,0,3,0,차대차 - 추돌,안전운전불이행,건조,맑음,단일로 - 고가도로위,특수,남,65세,상해없음,화물,남,34세,경상
2023072700100191,2023년 7월 27일 11시,목요일,부산광역시 북구 화명동,중상사고,0,1,0,0,차대차 - 기타,신호위반,건조,맑음,교차로 - 교차로안,승용,남,42세,상해없음,이륜,남,63세,중상
2023072700100192,2023년 7월 27일 11시,목요일,부산광역시 사하구 당리동,중상사고,0,1,0,0,차대사람 - 기타,기타,건조,맑음,단일로 - 기타,화물,남,30세,상해없음,보행자,남,57세,중상
2023072700100233,2023년 7월 27일 12시,목요일,부산광역시 사하구 괴정동,경상사고,0,0,1,0,차대차 - 기타,안전운전불이행,건조,맑음,단일로 - 기타,승합,남,64세,상해없음,승용,남,42세,경상
2023072700100263,2023년 7월 27일 13시,목요일,부산광역시 서구 서대신동1가,경상사고,0,0,1,0,차대차 - 추돌,안전거리미확보,건조,맑음,교차로 - 교차로부근,이륜,남,51세,상해없음,승용,여,50세,경상
2023072700100264,2023년 7월 27일 13시,목요일,부산광역시 해운대구 중동,중상사고,0,1,0,0,차대차 - 기타,기타,건조,맑음,단일로 - 기타,건설기계,남,48세,상해없음,개인형이동수단(PM),여,20세,중상
2023072700100336,2023년 7월 27일 15시,목요일,부산광역시 금정구 부곡동,경상사고,0,0,2,0,차대차 - 추돌,안전운전불이행,건조,맑음,단일로 - 기타,승용,남,71세,상해없음,승합,남,47세,경상
2023072700100337,2023년 7월 27일 15시,목요일,부산광역시 사하구 신평동,경상사고,0,0,1,0,차대차 - 추돌,안전운전불이행,건조,맑음,교차로 - 교차로부근,승용,여,68세,상해없음,화물,남,60세,경상
2023072700100338,2023년 7월 27일 15시,목요일,부산광역시 강서구 명지동,경상사고,0,0,7,0,차대차 - 추돌,안전운전불이행,건조,맑음,교차로 - 교차로부근,승용,여,67세,상해없음,승용,여,70세,경상
2023072700100382,2023년 7월 27일 16시,목요일,부산광역시 서구 남부민동,경상사고,0,0,1,0,차대사람 - 기타,안전운전불이행,건조,맑음,기타 - 기타,승합,남,60세,상해없음,보행자,여,6세,경상
2023072700100383,2023년 7월 27일 16시,목요일,부산광역시 연제구 연산동,경상사고,0,0,1,0,차대사람 - 기타,보행자보호의무위반,건조,맑음,교차로 - 교차로횡단보도내,승용,남,67세,상해없음,보행자,여,9세,경상
2023072700100425,2023년 7월 27일 17시,목요일,부산광역시 동래구 온천동,경상사고,0,0,2,0,차대차 - 측면충돌,안전운전불이행,건조,맑음,교차로 - 교차로안,승용,여,59세,상해없음,승용,여,42세,경상
2023072700100426,2023년 7월 27일 17시,목요일,부산광역시 해운대구 반송동,경상사고,0,0,1,0,차대사람 - 차도통행중,신호위반,건조,맑음,교차로 - 교차로부근,이륜,남,45세,상해없음,보행자,여,57세,경상
2023072700100427,2023년 7월 27일 17시,목요일,부산광역시 해운대구 우동,경상사고,0,0,1,0,차대차 - 측면충돌,안전운전불이행,건조,맑음,단일로 - 기타,승합,남,62세,상해없음,승용,남,35세,상해없음
2023072700100428,2023년 7월 27일 17시,목요일,부산광역시 해운대구 송정동,경상사고,0,0,2,0,차대차 - 기타,교차로운행방법위반,건조,맑음,교차로 - 교차로부근,승용,남,30세,경상,승용,남,51세,경상
2023072700100429,2023년 7월 27일 17시,목요일,부산광역시 금정구 부곡동,경상사고,0,0,1,0,차대사람 - 횡단중,안전운전불이행,건조,맑음,단일로 - 기타,승용,남,62세,상해없음,보행자,여,9세,경상
2023072700100475,2023년 7월 27일 18시,목요일,부산광역시 중구 남포동2가,경상사고,0,0,2,0,차대차 - 측면충돌,안전운전불이행,건조,맑음,단일로 - 기타,승용,남,40세,경상,이륜,남,74세,경상
2023072700100476,2023년 7월 27일 18시,목요일,부산광역시 서구 서대신동2가,부상신고사고,0,0,0,1,차대차 - 정면충돌,중앙선침범,건조,맑음,교차로 - 교차로부근,개인형이동수단(PM),남,56세,부상신고,승용,남,64세,상해없음
2023072700100477,2023년 7월 27일 18시,목요일,부산광역시 남구 용호동,경상사고,0,0,5,0,차대차 - 기타,안전운전불이행,건조,맑음,교차로 - 교차로안,승용,남,76세,경상,승용,남,47세,경상
2023072700100478,2023년 7월 27일 18시,목요일,부산광역시 부산진구 부전동,중상사고,0,1,0,0,차대차 - 추돌,안전거리미확보,건조,맑음,단일로 - 기타,승용,남,29세,상해없음,이륜,남,25세,중상
2023072700100543,2023년 7월 27일 20시,목요일,부산광역시 중구 남포동6가,부상신고사고,0,0,0,1,차대차 - 측면충돌,중앙선침범,건조,맑음,단일로 - 기타,화물,남,56세,상해없음,이륜,남,28세,부상신고
2023072700100544,2023년 7월 27일 20시,목요일,부산광역시 서구 토성동5가,경상사고,0,0,1,0,차대차 - 기타,안전운전불이행,건조,기타,교차로 - 교차로부근,승용,남,52세,상해없음,자전거,남,60세,경상
2023072700100545,2023년 7월 27일 20시,목요일,부산광역시 수영구 민락동,중상사고,0,1,0,0,차대사람 - 기타,안전운전불이행,건조,맑음,단일로 - 기타,승용,남,67세,상해없음,보행자,남,60세,중상
2023072700100546,2023년 7월 27일 20시,목요일,부산광역시 연제구 연산동,경상사고,0,0,2,0,차대차 - 기타,신호위반,건조,맑음,교차로 - 교차로안,원동기,남,17세,경상,원동기,남,59세,경상
2023072700100572,2023년 7월 27일 21시,목요일,부산광역시 해운대구 우동,경상사고,0,0,1,0,차대차 - 측면충돌,안전운전불이행,건조,맑음,교차로 - 교차로안,승용,여,66세,기타불명,승용,남,74세,경상
2023072800100005,2023년 7월 28일 00시,금요일,부산광역시 수영구 광안동,경상사고,0,0,2,0,차대차 - 정면충돌,중앙선침범,건조,맑음,단일로 - 기타,승용,남,24세,상해없음,승용,남,43세,경상
2023072800100028,2023년 7월 28일 04시,금요일,부산광역시 기장군 기장읍,중상사고,0,1,0,0,차대사람 - 기타,안전운전불이행,건조,맑음,단일로 - 기타,승용,남,64세,상해없음,보행자,여,36세,중상
2023072800100062,2023년 7월 28일 07시,금요일,부산광역시 동래구 안락동,경상사고,0,0,1,0,차대차 - 측면충돌,안전운전불이행,건조,맑음,교차로 - 교차로부근,승용,여,29세,상해없음,승용,여,40세,경상
2023072800100184,2023년 7월 28일 11시,금요일,부산광역시 동구 좌천동,중상사고,0,1,0,0,차대차 - 측면충돌,신호위반,건조,맑음,단일로 - 기타,건설기계,남,58세,상해없음,이륜,남,66세,중상
2023072800100185,2023년 7월 28일 11시,금요일,부산광역시 동래구 명륜동,중상사고,0,1,0,0,차대사람 - 기타,안전운전불이행,건조,맑음,단일로 - 기타,승합,남,58세,상해없음,보행자,남,83세,중상
2023072800100186,2023년 7월 28일 11시,금요일,부산광역시 해운대구 재송동,경상사고,0,0,2,0,차대차 - 추돌,안전운전불이행,건조,맑음,단일로 - 지하차도(도로)내,화물,남,67세,상해없음,화물,남,28세,경상
2023072800100220,2023년 7월 28일 12시,금요일,부산광역시 북구 덕천동,경상사고,0,0,1,0,차대사람 - 기타,안전운전불이행,건조,맑음,주차장 - 주차장,승용,남,61세,상해없음,보행자,여,39세,경상
2023072800100221,2023년 7월 28일 12시,금요일,부산광역시 부산진구 부전동,중상사고,0,1,0,0,차대사람 - 횡단중,보행자보호의무위반,건조,맑음,교차로 - 교차로횡단보도내,승합,남,58세,상해없음,보행자,여,71세,중상
2023072800100222,2023년 7월 28일 12시,금요일,부산광역시 금정구 부곡동,경상사고,0,0,1,0,차대차 - 측면충돌,직진우회전진행방해,건조,맑음,교차로 - 교차로안,승용,남,72세,기타불명,승용,여,28세,경상
2023072800100223,2023년 7월 28일 12시,금요일,부산광역시 기장군 기장읍,경상사고,0,0,1,0,차대차 - 추돌,차로위반,건조,맑음,단일로 - 기타,자전거,남,81세,경상,승용,남,39세,상해없음
2023072800100260,2023년 7월 28일 13시,금요일,부산광역시 해운대구 좌동,경상사고,0,0,1,0,차대사람 - 기타,안전운전불이행,건조,맑음,단일로 - 기타,승용,남,62세,상해없음,보행자,여,67세,경상
2023072800100261,2023년 7월 28일 13시,금요일,부산광역시 해운대구 송정동,경상사고,0,0,4,0,차대차 - 측면충돌,안전운전불이행,건조,맑음,단일로 - 기타,승용,여,52세,상해없음,승용,여,24세,경상
2023072800100262,2023년 7월 28일 13시,금요일,부산광역시 강서구 명지동,경상사고,0,0,1,0,차대차 - 기타,안전운전불이행,건조,맑음,기타 - 기타,승용,남,58세,경상,승용,남,65세,상해없음
2023072800100263,2023년 7월 28일 13시,금요일,부산광역시 기장군 기장읍,중상사고,0,1,1,0,차대차 - 기타,안전운전불이행,건조,맑음,교차로 - 교차로안,화물,남,63세,경상,승용,남,49세,중상
2023072800100307,2023년 7월 28일 14시,금요일,부산광역시 북구 만덕동,경상사고,0,0,1,0,차대차 - 기타,중앙선침범,건조,맑음,단일로 - 기타,승용,여,66세,상해없음,승합,여,49세,경상
2023072800100340,2023년 7월 28일 15시,금요일,부산광역시 동래구 온천동,경상사고,0,0,1,0,차대차 - 후진중충돌,안전운전불이행,건조,맑음,교차로 - 교차로부근,승용,여,63세,상해없음,승용,남,39세,경상
2023072800100371,2023년 7월 28일 16시,금요일,부산광역시 남구 대연동,경상사고,0,0,1,0,차량단독 - 기타,기타,건조,맑음,기타 - 기타,승합,남,51세,상해없음,,,,
2023072800100372,2023년 7월 28일 16시,금요일,부산광역시 부산진구 부암동,경상사고,0,0,1,0,차대사람 - 기타,안전운전불이행,건조,맑음,단일로 - 기타,승용,남,26세,상해없음,보행자,여,28세,경상
2023072800100373,2023년 7월 28일 16시,금요일,부산광역시 동래구 안락동,중상사고,0,1,0,0,차대차 - 측면충돌,안전거리미확보,건조,맑음,단일로 - 기타,승합,남,51세,상해없음,승용,남,19세,중상
2023072800100374,2023년 7월 28일 16시,금요일,부산광역시 연제구 연산동,경상사고,0,0,1,0,차대차 - 기타,교차로운행방법위반,건조,맑음,교차로 - 교차로안,승용,남,64세,상해없음,승용,여,59세,경상
2023072800100422,2023년 7월 28일 17시,금요일,부산광역시 수영구 광안동,경상사고,0,0,1,0,차대차 - 측면충돌,안전운전불이행,건조,맑음,교차로 - 교차로안,승용,여,36세,상해없음,승용,여,60세,경상
2023072800100423,2023년 7월 28일 17시,금요일,부산광역시 해운대구 송정동,경상사고,0,0,1,0,차대차 - 추돌,안전운전불이행,건조,맑음,단일로 - 기타,승용,남,31세,상해없음,승용,남,41세,경상
2023072800100424,2023년 7월 28일 17시,금요일,부산광역시 수영구 망미동,경상사고,0,0,2,0,차대차 - 측면충돌,안전운전불이행,건조,맑음,단일로 - 기타,승용,여,53세,상해없음,화물,남,64세,경상
2023072800100475,2023년 7월 28일 18시,금요일,부산광역시 부산진구 범천동,경상사고,0,0,1,0,차대차 - 측면충돌,안전운전불이행,건조,맑음,단일로 - 기타,승용,남,76세,기타불명,이륜,여,67세,경상
2023072800100476,2023년 7월 28일 18시,금요일,부산광역시 사하구 장림동,경상사고,0,0,1,0,차대차 - 측면충돌,신호위반,건조,맑음,기타 - 기타,승용,남,60세,상해없음,이륜,남,27세,경상
2023072800100478,2023년 7월 28일 18시,금요일,부산광역시 강서구 명지동,경상사고,0,0,1,0,차대차 - 측면충돌,안전운전불이행,건조,맑음,교차로 - 교차로부근,승합,남,61세,상해없음,승용,남,49세,경상
2023072800100550,2023년 7월 28일 20시,금요일,부산광역시 수영구 광안동,중상사고,0,1,0,0,차량단독 - 기타,기타,건조,맑음,단일로 - 기타,승합,남,52세,상해없음,,,,
2023072800100551,2023년 7월 28일 20시,금요일,부산광역시 북구 화명동,경상사고,0,0,1,0,차대사람 - 횡단중,보행자보호의무위반,건조,맑음,단일로 - 기타,승용,여,41세,상해없음,보행자,남,37세,경상
2023072800100552,2023년 7월 28일 20시,금요일,부산광역시 북구 덕천동,경상사고,0,0,2,0,차대차 - 기타,안전운전불이행,건조,맑음,교차로 - 교차로부근,승용,남,73세,상해없음,승용,여,47세,경상
2023072900100007,2023년 7월 29일 00시,토요일,부산광역시 수영구 광안동,경상사고,0,0,2,0,차대차 - 정면충돌,안전운전불이행,건조,맑음,단일로 - 지하차도(도로)내,승용,여,51세,상해없음,승용,여,70세,경상
2023072900100025,2023년 7월 29일 01시,토요일,부산광역시 부산진구 당감동,중상사고,0,1,0,0,차대차 - 측면충돌,신호위반,건조,맑음,교차로 - 교차로안,이륜,남,20세,상해없음,이륜,남,19세,중상
2023072900100026,2023년 7월 29일 01시,토요일,부산광역시 기장군 일광읍,경상사고,0,0,4,0,차대차 - 측면충돌,신호위반,건조,맑음,교차로 - 교차로안,승용,남,73세,상해없음,승용,남,28세,경상
2023072900100042,2023년 7월 29일 02시,토요일,부산광역시 동구 초량동,경상사고,0,0,2,0,차대차 - 기타,차로위반,건조,맑음,단일로 - 지하차도(도로)내,승용,남,78세,상해없음,승용,남,65세,경상
2023072900100058,2023년 7월 29일 04시,토요일,부산광역시 금정구 장전동,중상사고,0,1,0,0,차대사람 - 기타,안전운전불이행,건조,맑음,단일로 - 기타,승용,여,55세,상해없음,보행자,남,25세,중상
2023072900100073,2023년 7월 29일 06시,토요일,부산광역시 영도구 남항동3가,경상사고,0,0,2,0,차대차 - 측면충돌,안전운전불이행,건조,맑음,단일로 - 기타,승용,남,53세,상해없음,승용,남,83세,경상
2023072900100084,2023년 7월 29일 07시,토요일,부산광역시 기장군 기장읍,경상사고,0,0,1,0,차대차 - 추돌,안전거리미확보,건조,맑음,기타 - 기타,승용,남,31세,상해없음,승용,남,51세,경상
2023072900100106,2023년 7월 29일 08시,토요일,부산광역시 연제구 연산동,중상사고,0,1,0,0,차대차 - 측면충돌,안전운전불이행,건조,맑음,교차로 - 교차로안,승용,여,47세,상해없음,승용,여,38세,중상
2023072900100107,2023년 7월 29일 08시,토요일,부산광역시 강서구 구랑동,경상사고,0,0,1,0,차대차 - 측면충돌,안전거리미확보,건조,맑음,단일로 - 기타,화물,남,70세,상해없음,승합,남,60세,경상
2023072900100131,2023년 7월 29일 09시,토요일,부산광역시 금정구 부곡동,중상사고,0,1,1,0,차량단독 - 공작물충돌,안전운전불이행,건조,맑음,단일로 - 기타,승용,여,54세,경상,,,,
2023072900100156,2023년 7월 29일 10시,토요일,부산광역시 금정구 구서동,중상사고,0,1,0,0,차대사람 - 횡단중,안전운전불이행,건조,맑음,교차로 - 교차로안,승용,남,66세,상해없음,보행자,여,75세,중상
2023072900100188,2023년 7월 29일 11시,토요일,부산광역시 영도구 봉래동3가,경상사고,0,0,1,0,차대사람 - 기타,안전운전불이행,건조,맑음,단일로 - 기타,승용,여,68세,상해없음,보행자,남,60세,경상
2023072900100189,2023년 7월 29일 11시,토요일,부산광역시 부산진구 부전동,경상사고,0,0,2,0,차대차 - 기타,안전운전불이행,건조,맑음,단일로 - 기타,화물,남,55세,상해없음,승용,여,43세,경상
2023072900100227,2023년 7월 29일 12시,토요일,부산광역시 동구 초량동,중상사고,0,1,0,0,차대차 - 추돌,안전운전불이행,건조,맑음,단일로 - 기타,승용,남,37세,상해없음,승용,남,25세,중상
2023072900100228,2023년 7월 29일 12시,토요일,부산광역시 서구 암남동,중상사고,0,2,0,0,차대차 - 정면충돌,중앙선침범,건조,맑음,단일로 - 지하차도(도로)내,이륜,남,26세,중상,승용,여,57세,중상
2023072900100229,2023년 7월 29일 12시,토요일,부산광역시 강서구 봉림동,중상사고,0,1,1,0,차대차 - 측면충돌,안전거리미확보,건조,맑음,단일로 - 기타,승용,남,61세,상해없음,화물,남,72세,경상
2023072900100305,2023년 7월 29일 14시,토요일,부산광역시 사하구 다대동,경상사고,0,0,1,0,차대차 - 기타,안전운전불이행,건조,맑음,기타 - 기타,승용,남,68세,기타불명,이륜,여,42세,경상
2023072900100340,2023년 7월 29일 15시,토요일,부산광역시 남구 문현동,경상사고,0,0,1,0,차대사람 - 차도통행중,안전운전불이행,건조,맑음,교차로 - 교차로안,승용,남,67세,상해없음,보행자,여,71세,경상
2023072900100341,2023년 7월 29일 15시,토요일,부산광역시 해운대구 송정동,부상신고사고,0,0,0,1,차대차 - 측면충돌,교차로운행방법위반,건조,맑음,교차로 - 교차로안,승합,남,52세,상해없음,승용,여,33세,부상신고
2023072900100342,2023년 7월 29일 15시,토요일,부산광역시 수영구 수영동,경상사고,0,0,1,0,차대차 - 측면충돌,중앙선침범,건조,맑음,교차로 - 교차로부근,이륜,남,51세,기타불명,이륜,남,36세,경상
2023072900100378,2023년 7월 29일 16시,토요일,부산광역시 해운대구 재송동,경상사고,0,0,2,0,차대차 - 측면충돌,안전거리미확보,건조,맑음,단일로 - 기타,승용,여,71세,경상,승용,여,28세,경상
2023072900100379,2023년 7월 29일 16시,토요일,부산광역시 부산진구 부전동,경상사고,0,0,2,0,차대차 - 측면충돌,안전운전불이행,건조,맑음,단일로 - 기타,화물,남,64세,상해없음,승용,남,52세,경상
2023072900100380,2023년 7월 29일 16시,토요일,부산광역시 사상구 모라동,경상사고,0,0,1,0,차대사람 - 보도통행중,안전운전불이행,건조,맑음,교차로 - 교차로부근,화물,남,60세,상해없음,보행자,여,27세,경상
2023072900100427,2023년 7월 29일 17시,토요일,부산광역시 남구 대연동,중상사고,0,1,0,0,차대사람 - 길가장자리구역통행중,안전운전불이행,건조,맑음,교차로 - 교차로부근,승용,남,59세,상해없음,보행자,여,43세,중상
2023072900100470,2023년 7월 29일 18시,토요일,부산광역시 부산진구 개금동,경상사고,0,0,1,0,차대사람 - 횡단중,신호위반,건조,맑음,교차로 - 교차로횡단보도내,승용,남,63세,상해없음,보행자,여,85세,경상
2023072900100525,2023년 7월 29일 20시,토요일,부산광역시 사하구 다대동,중상사고,0,1,0,0,차대차 - 후진중충돌,안전운전불이행,건조,맑음,단일로 - 기타,승용,남,50세,상해없음,승용,남,34세,중상
2023072900100570,2023년 7월 29일 23시,토요일,부산광역시 중구 보수동1가,경상사고,0,0,1,0,차대차 - 정면충돌,신호위반,건조,맑음,교차로 - 교차로안,승용,남,67세,상해없음,이륜,남,21세,경상
2023072900100571,2023년 7월 29일 23시,토요일,부산광역시 동래구 사직동,경상사고,0,0,1,0,차대차 - 정면충돌,신호위반,건조,맑음,교차로 - 교차로안,승용,남,63세,상해없음,이륜,남,28세,경상
2023072900100572,2023년 7월 29일 23시,토요일,부산광역시 사하구 신평동,경상사고,0,0,1,0,차대사람 - 기타,안전운전불이행,건조,맑음,교차로 - 교차로부근,승용,남,47세,상해없음,보행자,남,48세,경상
2023073000100010,2023년 7월 30일 01시,일요일,부산광역시 부산진구 부전동,경상사고,0,0,1,0,차대차 - 기타,안전거리미확보,건조,맑음,교차로 - 교차로안,기타불명,기타불명,미분류,기타불명,승용,남,51세,상해없음
2023073000100011,2023년 7월 30일 01시,일요일,부산광역시 사하구 하단동,중상사고,0,1,1,0,차대차 - 추돌,안전운전불이행,건조,맑음,교차로 - 교차로부근,이륜,남,29세,상해없음,이륜,남,51세,경상
2023073000100020,2023년 7월 30일 02시,일요일,부산광역시 동래구 명륜동,중상사고,0,1,0,0,차대사람 - 기타,안전운전불이행,건조,맑음,단일로 - 기타,승용,남,61세,상해없음,보행자,남,50세,중상
2023073000100032,2023년 7월 30일 03시,일요일,부산광역시 부산진구 부전동,중상사고,0,1,0,0,차대사람 - 기타,안전운전불이행,건조,맑음,교차로 - 교차로안,승용,남,49세,상해없음,보행자,남,33세,중상
2023073000100038,2023년 7월 30일 04시,일요일,부산광역시 동래구 명륜동,중상사고,0,1,1,0,차대사람 - 횡단중,안전운전불이행,건조,맑음,단일로 - 기타,승용,남,68세,상해없음,보행자,여,42세,중상