사고번호,사고일시,요일,시군구,사고내용,사망자수,중상자수,경상자수,부상신고자수,사고유형,법규위반,노면상태,기상상태,도로형태,가해운전자 차종,가해운전자 성별,가해운전자 연령,가해운전자 상해정도,피해운전자 차종,피해운전자 성별,피해운전자 연령,피해운전자 상해정도
2023073000100045,2023년 7월 30일 06시,일요일,부산광역시 수영구 민락동,경상사고,0,0,1,0,차대차 - 정면충돌,안전운전불이행,건조,맑음,단일로 - 기타,이륜,남,27세,상해없음,승용,남,69세,경상
2023073000100046,2023년 7월 30일 06시,일요일,부산광역시 해운대구 우동,경상사고,0,0,1,0,차대차 - 추돌,안전운전불이행,건조,맑음,단일로 - 기타,승용,남,27세,상해없음,승용,남,62세,경상
2023073000100047,2023년 7월 30일 06시,일요일,부산광역시 부산진구 부전동,중상사고,0,1,0,0,차대차 - 추돌,교차로운행방법위반,건조,흐림,교차로 - 교차로안,승용,남,22세,상해없음,이륜,남,22세,중상
2023073000100069,2023년 7월 30일 09시,일요일,부산광역시 동래구 낙민동,경상사고,0,0,1,0,차대차 - 측면충돌,안전운전불이행,건조,맑음,단일로 - 기타,자전거,남,68세,상해없음,자전거,남,68세,경상
2023073000100070,2023년 7월 30일 09시,일요일,부산광역시 수영구 망미동,경상사고,0,0,2,0,차대차 - 측면충돌,안전거리미확보,건조,맑음,단일로 - 기타,승용,여,48세,기타불명,승용,남,57세,경상
2023073000100071,2023년 7월 30일 09시,일요일,부산광역시 강서구 대저1동,부상신고사고,0,0,0,1,차대차 - 측면충돌,안전거리미확보,건조,맑음,단일로 - 기타,승용,남,60세,상해없음,승용,여,60세,부상신고
2023073000100121,2023년 7월 30일 11시,일요일,부산광역시 영도구 영선동2가,경상사고,0,0,2,0,차대차 - 측면충돌,교차로운행방법위반,건조,맑음,교차로 - 교차로안,승용,여,55세,경상,승용,남,25세,경상
2023073000100122,2023년 7월 30일 11시,일요일,부산광역시 해운대구 반송동,경상사고,0,0,1,0,차대차 - 기타,안전운전불이행,건조,맑음,단일로 - 기타,원동기,남,54세,상해없음,이륜,남,60세,경상
2023073000100123,2023년 7월 30일 11시,일요일,부산광역시 부산진구 당감동,부상신고사고,0,0,0,1,차대차 - 측면충돌,신호위반,건조,맑음,교차로 - 교차로부근,이륜,남,50세,부상신고,승용,남,53세,상해없음
2023073000100175,2023년 7월 30일 13시,일요일,부산광역시 해운대구 우동,중상사고,0,3,4,0,차대차 - 기타,안전운전불이행,기타,맑음,단일로 - 터널,승용,남,59세,상해없음,승용,남,45세,중상
2023073000100176,2023년 7월 30일 13시,일요일,부산광역시 해운대구 우동,부상신고사고,0,0,0,1,차대차 - 기타,안전운전불이행,건조,맑음,단일로 - 터널,승용,남,30세,상해없음,승용,남,52세,부상신고
2023073000100221,2023년 7월 30일 14시,일요일,부산광역시 부산진구 범전동,경상사고,0,0,1,0,차대차 - 추돌,안전운전불이행,건조,맑음,단일로 - 기타,승용,남,39세,상해없음,승용,남,59세,경상
2023073000100258,2023년 7월 30일 15시,일요일,부산광역시 부산진구 범천동,경상사고,0,0,1,0,차대차 - 기타,안전거리미확보,건조,맑음,단일로 - 기타,승용,남,35세,상해없음,승용,남,75세,경상
2023073000100259,2023년 7월 30일 15시,일요일,부산광역시 기장군 철마면,경상사고,0,0,2,0,차대차 - 추돌,안전운전불이행,건조,맑음,교차로 - 교차로부근,승용,남,51세,상해없음,승용,남,35세,경상
2023073000100288,2023년 7월 30일 16시,일요일,부산광역시 수영구 광안동,경상사고,0,0,1,0,차대차 - 측면충돌,안전운전불이행,건조,맑음,교차로 - 교차로안,승용,여,70세,상해없음,승용,남,66세,경상
2023073000100289,2023년 7월 30일 16시,일요일,부산광역시 금정구 장전동,경상사고,0,0,1,0,차대사람 - 기타,안전운전불이행,건조,맑음,교차로 - 교차로부근,이륜,여,39세,상해없음,보행자,남,7세,경상
2023073000100310,2023년 7월 30일 17시,일요일,부산광역시 부산진구 양정동,경상사고,0,0,2,0,차대차 - 추돌,안전운전불이행,건조,맑음,단일로 - 기타,승용,여,55세,상해없음,승용,여,61세,경상
2023073000100335,2023년 7월 30일 18시,일요일,부산광역시 중구 부평동2가,중상사고,0,1,1,0,차대차 - 측면충돌,신호위반,건조,맑음,교차로 - 교차로안,자전거,여,87세,경상,이륜,남,54세,중상
2023073000100336,2023년 7월 30일 18시,일요일,부산광역시 부산진구 가야동,부상신고사고,0,0,0,1,차대사람 - 기타,안전운전불이행,건조,맑음,단일로 - 기타,승용,남,68세,상해없음,보행자,남,20세,부상신고
2023073000100337,2023년 7월 30일 18시,일요일,부산광역시 강서구 대저2동,경상사고,0,0,1,0,차대차 - 기타,안전운전불이행,건조,맑음,교차로 - 교차로안,승용,여,32세,상해없음,승용,남,65세,경상
2023073000100360,2023년 7월 30일 19시,일요일,부산광역시 서구 서대신동3가,경상사고,0,0,1,0,차대사람 - 횡단중,신호위반,건조,맑음,교차로 - 교차로횡단보도내,승용,남,32세,상해없음,보행자,남,32세,경상
2023073000100361,2023년 7월 30일 19시,일요일,부산광역시 수영구 민락동,중상사고,0,1,0,0,차대차 - 측면충돌,중앙선침범,건조,맑음,단일로 - 기타,화물,남,36세,상해없음,원동기,남,35세,중상
2023073000100362,2023년 7월 30일 19시,일요일,부산광역시 사하구 장림동,경상사고,0,0,1,0,차대차 - 측면충돌,직진우회전진행방해,건조,맑음,교차로 - 교차로안,승용,남,62세,상해없음,원동기,여,35세,경상
2023073000100378,2023년 7월 30일 20시,일요일,부산광역시 중구 중앙동6가,중상사고,0,2,3,0,차대차 - 측면충돌,신호위반,건조,맑음,교차로 - 교차로안,승용,남,28세,상해없음,승합,남,27세,상해없음
2023073000100379,2023년 7월 30일 20시,일요일,부산광역시 남구 용호동,경상사고,0,0,1,0,차대차 - 추돌,안전운전불이행,건조,맑음,단일로 - 기타,이륜,남,26세,상해없음,승용,남,41세,경상
2023073000100380,2023년 7월 30일 20시,일요일,부산광역시 수영구 망미동,경상사고,0,0,2,0,차대차 - 추돌,안전운전불이행,건조,맑음,교차로 - 교차로부근,승용,남,42세,상해없음,승용,남,64세,경상
2023073000100420,2023년 7월 30일 22시,일요일,부산광역시 사하구 장림동,중상사고,0,1,0,0,차대차 - 측면충돌,불법유턴,건조,맑음,단일로 - 기타,이륜,남,44세,상해없음,이륜,남,30세,중상
2023073000100431,2023년 7월 30일 23시,일요일,부산광역시 금정구 금사동,경상사고,0,0,2,0,차대차 - 측면충돌,기타,건조,맑음,교차로 - 교차로안,승용,남,61세,경상,승용,남,71세,상해없음
2023073000100432,2023년 7월 30일 23시,일요일,부산광역시 사하구 장림동,경상사고,0,0,1,0,차대차 - 기타,안전운전불이행,건조,맑음,교차로 - 교차로안,승용,남,65세,상해없음,이륜,남,37세,경상
2023073100100002,2023년 7월 31일 00시,월요일,부산광역시 연제구 연산동,경상사고,0,0,1,0,차대차 - 측면충돌,중앙선침범,건조,맑음,단일로 - 교량,승용,남,66세,상해없음,승용,남,24세,경상
2023073100100018,2023년 7월 31일 03시,월요일,부산광역시 부산진구 범천동,경상사고,0,0,2,0,차대차 - 기타,안전운전불이행,건조,맑음,단일로 - 기타,승용,남,26세,상해없음,승용,남,56세,경상
2023073100100029,2023년 7월 31일 05시,월요일,부산광역시 사상구 덕포동,중상사고,0,1,0,0,차대사람 - 횡단중,안전운전불이행,건조,맑음,교차로 - 교차로안,승용,여,64세,상해없음,보행자,여,68세,중상
2023073100100032,2023년 7월 31일 06시,월요일,부산광역시 사상구 삼락동,경상사고,0,0,1,0,차대사람 - 횡단중,보행자보호의무위반,건조,맑음,단일로 - 기타,승용,남,58세,상해없음,보행자,여,55세,경상
2023073100100062,2023년 7월 31일 08시,월요일,부산광역시 중구 동광동4가,경상사고,0,0,1,0,차대차 - 추돌,안전거리미확보,건조,맑음,교차로 - 교차로부근,승용,남,56세,상해없음,승용,남,41세,경상
2023073100100063,2023년 7월 31일 08시,월요일,부산광역시 해운대구 재송동,중상사고,0,1,0,0,차대사람 - 횡단중,안전운전불이행,건조,맑음,단일로 - 기타,승용,여,38세,상해없음,보행자,여,45세,중상
2023073100100064,2023년 7월 31일 08시,월요일,부산광역시 부산진구 연지동,경상사고,0,0,1,0,차대차 - 추돌,안전운전불이행,건조,맑음,단일로 - 기타,승용,여,39세,상해없음,승용,남,66세,상해없음
2023073100100065,2023년 7월 31일 08시,월요일,부산광역시 금정구 회동동,경상사고,0,0,1,0,차대차 - 측면충돌,차로위반,건조,맑음,단일로 - 기타,승용,여,45세,상해없음,승용,남,32세,경상
2023073100100066,2023년 7월 31일 08시,월요일,부산광역시 사하구 신평동,중상사고,0,1,0,0,차대사람 - 차도통행중,안전운전불이행,건조,맑음,교차로 - 교차로안,승용,남,61세,상해없음,보행자,여,73세,중상
2023073100100067,2023년 7월 31일 08시,월요일,부산광역시 연제구 거제동,중상사고,0,1,0,0,차대사람 - 기타,안전운전불이행,건조,맑음,단일로 - 기타,승용,여,45세,상해없음,보행자,남,33세,중상
2023073100100068,2023년 7월 31일 08시,월요일,부산광역시 사상구 덕포동,사망사고,1,0,0,0,차대차 - 추돌,기타,건조,맑음,교차로 - 교차로부근,승용,여,27세,상해없음,이륜,남,56세,사망
2023073100100101,2023년 7월 31일 09시,월요일,부산광역시 서구 아미동1가,경상사고,0,0,1,0,차대사람 - 기타,안전운전불이행,건조,맑음,기타 - 기타,승용,남,64세,상해없음,보행자,남,20세,경상
2023073100100132,2023년 7월 31일 10시,월요일,부산광역시 연제구 연산동,경상사고,0,0,1,0,차대차 - 추돌,안전거리미확보,건조,맑음,단일로 - 기타,승용,여,46세,상해없음,승용,여,30세,경상
2023073100100167,2023년 7월 31일 11시,월요일,부산광역시 남구 대연동,경상사고,0,0,1,1,차대차 - 측면충돌,안전운전불이행,건조,맑음,단일로 - 기타,화물,남,69세,상해없음,승용,남,25세,부상신고
2023073100100198,2023년 7월 31일 12시,월요일,부산광역시 영도구 봉래동3가,중상사고,0,1,0,0,차대사람 - 기타,안전운전불이행,건조,맑음,단일로 - 기타,승용,남,61세,상해없음,보행자,남,53세,중상
2023073100100199,2023년 7월 31일 12시,월요일,부산광역시 사상구 주례동,경상사고,0,0,1,0,차량단독 - 기타,기타,건조,맑음,기타 - 기타,승합,남,43세,기타불명,,,,
2023073100100200,2023년 7월 31일 12시,월요일,부산광역시 사상구 괘법동,경상사고,0,0,1,0,차대차 - 추돌,안전운전불이행,건조,맑음,교차로 - 교차로부근,화물,남,46세,상해없음,화물,남,44세,경상
2023073100100229,2023년 7월 31일 13시,월요일,부산광역시 사하구 하단동,경상사고,0,0,1,0,차대차 - 기타,안전운전불이행,건조,맑음,단일로 - 지하차도(도로)내,승용,남,40세,상해없음,승용,남,56세,경상
2023073100100230,2023년 7월 31일 13시,월요일,부산광역시 연제구 거제동,경상사고,0,0,1,0,차대차 - 기타,안전운전불이행,건조,맑음,단일로 - 기타,승용,여,71세,상해없음,승용,남,50세,경상
2023073100100231,2023년 7월 31일 13시,월요일,부산광역시 기장군 기장읍,경상사고,0,0,1,0,차대차 - 측면충돌,안전운전불이행,건조,맑음,교차로 - 교차로안,승용,여,63세,상해없음,원동기,남,49세,경상
2023073100100232,2023년 7월 31일 13시,월요일,부산광역시 기장군 장안읍,경상사고,0,0,2,0,차대차 - 측면충돌,안전운전불이행,건조,맑음,교차로 - 교차로부근,승용,여,52세,기타불명,승용,남,65세,경상
2023073100100263,2023년 7월 31일 14시,월요일,부산광역시 수영구 광안동,경상사고,0,0,3,0,차대차 - 측면충돌,안전운전불이행,건조,맑음,교차로 - 교차로안,이륜,남,48세,기타불명,승용,남,35세,경상
2023073100100264,2023년 7월 31일 14시,월요일,부산광역시 북구 구포동,사망사고,1,0,0,0,차대차 - 기타,안전운전불이행,건조,맑음,단일로 - 기타,화물,남,47세,상해없음,이륜,남,58세,사망
2023073100100265,2023년 7월 31일 14시,월요일,부산광역시 영도구 영선동2가,중상사고,0,1,0,0,차대사람 - 기타,안전운전불이행,건조,맑음,교차로 - 교차로부근,승용,여,51세,상해없음,보행자,여,59세,중상
2023073100100303,2023년 7월 31일 15시,월요일,부산광역시 서구 토성동3가,경상사고,0,0,3,0,차대차 - 측면충돌,안전운전불이행,건조,맑음,교차로 - 교차로안,승용,남,42세,상해없음,승합,남,39세,경상
2023073100100304,2023년 7월 31일 15시,월요일,부산광역시 사하구 다대동,부상신고사고,0,0,0,1,차대차 - 측면충돌,안전운전불이행,건조,맑음,기타 - 기타,승합,남,65세,상해없음,승용,남,41세,상해없음
2023073100100339,2023년 7월 31일 16시,월요일,부산광역시 동래구 온천동,경상사고,0,0,1,0,차대차 - 정면충돌,교차로운행방법위반,건조,맑음,교차로 - 교차로안,개인형이동수단(PM),남,15세,기타불명,승용,여,31세,경상
2023073100100340,2023년 7월 31일 16시,월요일,부산광역시 부산진구 개금동,경상사고,0,0,1,0,차대차 - 기타,안전거리미확보,건조,맑음,단일로 - 기타,승용,남,66세,상해없음,승용,남,30세,경상
2023073100100388,2023년 7월 31일 17시,월요일,부산광역시 수영구 남천동,경상사고,0,0,2,0,차대차 - 측면충돌,교차로운행방법위반,건조,맑음,교차로 - 교차로안,승용,여,52세,경상,승용,남,24세,경상
2023073100100389,2023년 7월 31일 17시,월요일,부산광역시 북구 덕천동,경상사고,0,0,1,0,차대차 - 기타,안전운전불이행,건조,맑음,단일로 - 기타,승용,남,54세,상해없음,승용,남,31세,경상
2023073100100390,2023년 7월 31일 17시,월요일,부산광역시 해운대구 반여동,경상사고,0,0,4,0,차대차 - 측면충돌,안전운전불이행,건조,맑음,교차로 - 교차로부근,승용,여,41세,상해없음,승용,남,43세,경상
2023073100100391,2023년 7월 31일 17시,월요일,부산광역시 강서구 송정동,경상사고,0,0,2,0,차대차 - 기타,안전운전불이행,건조,맑음,단일로 - 기타,승용,여,46세,상해없음,승용,남,38세,경상
2023073100100430,2023년 7월 31일 18시,월요일,부산광역시 수영구 남천동,경상사고,0,0,1,0,차대사람 - 횡단중,안전운전불이행,건조,맑음,교차로 - 교차로부근,승용,여,54세,상해없음,보행자,남,29세,경상
2023073100100485,2023년 7월 31일 19시,월요일,부산광역시 동래구 명장동,경상사고,0,0,1,0,차대차 - 기타,안전운전불이행,건조,맑음,단일로 - 지하차도(도로)내,승용,남,72세,상해없음,이륜,남,29세,경상
2023073100100496,2023년 7월 31일 20시,월요일,부산광역시 수영구 민락동,중상사고,0,1,0,0,차대차 - 기타,안전운전불이행,건조,맑음,단일로 - 기타,자전거,남,22세,상해없음,자전거,여,27세,중상
2023073100100526,2023년 7월 31일 21시,월요일,부산광역시 사상구 엄궁동,경상사고,0,0,4,0,차대차 - 추돌,안전운전불이행,건조,맑음,교차로 - 교차로부근,화물,남,32세,상해없음,승용,남,58세,상해없음
2023073100100543,2023년 7월 31일 22시,월요일,부산광역시 동래구 사직동,경상사고,0,0,1,0,차대차 - 기타,안전거리미확보,건조,맑음,단일로 - 지하차도(도로)내,승용,남,18세,상해없음,승용,여,38세,경상
2023073100100544,2023년 7월 31일 22시,월요일,부산광역시 금정구 회동동,경상사고,0,0,1,0,차대차 - 기타,안전운전불이행,건조,맑음,단일로 - 터널,화물,남,45세,상해없음,승용,남,45세,경상
2023073100100545,2023년 7월 31일 22시,월요일,부산광역시 사하구 다대동,사망사고,1,0,0,0,차대사람 - 기타,안전운전불이행,건조,맑음,단일로 - 기타,승용,여,46세,상해없음,보행자,남,63세,사망
2023073100100560,2023년 7월 31일 23시,월요일,부산광역시 강서구 송정동,경상사고,0,0,2,0,차대차 - 추돌,안전운전불이행,건조,맑음,교차로 - 교차로부근,특수,남,38세,상해없음,승용,남,61세,경상
2023080100100019,2023년 8월 1일 03시,화요일,부산광역시 부산진구 부전동,경상사고,0,0,1,0,차대사람 - 기타,안전운전불이행,건조,맑음,단일로 - 기타,승용,남,24세,상해없음,보행자,남,23세,경상
2023080100100034,2023년 8월 1일 05시,화요일,부산광역시 동래구 안락동,경상사고,0,0,3,0,차대차 - 측면충돌,기타,건조,맑음,교차로 - 교차로안,화물,남,64세,경상,승용,남,61세,경상
2023080100100055,2023년 8월 1일 07시,화요일,부산광역시 동래구 온천동,경상사고,0,0,1,0,차대사람 - 횡단중,신호위반,건조,맑음,단일로 - 기타,승용,남,64세,상해없음,보행자,여,54세,경상
2023080100100056,2023년 8월 1일 07시,화요일,부산광역시 금정구 구서동,중상사고,0,1,0,0,차대사람 - 기타,안전운전불이행,건조,맑음,교차로 - 교차로횡단보도내,승용,남,63세,기타불명,보행자,여,74세,중상
2023080100100057,2023년 8월 1일 07시,화요일,부산광역시 강서구 명지동,경상사고,0,0,1,0,차대차 - 추돌,안전운전불이행,건조,맑음,단일로 - 지하차도(도로)내,이륜,남,19세,기타불명,승용,남,34세,경상
2023080100100081,2023년 8월 1일 08시,화요일,부산광역시 연제구 연산동,경상사고,0,0,1,0,차대차 - 추돌,안전운전불이행,건조,맑음,단일로 - 기타,승용,여,43세,상해없음,승용,남,50세,경상
2023080100100082,2023년 8월 1일 08시,화요일,부산광역시 기장군 기장읍,중상사고,0,1,1,0,차대차 - 측면충돌,교차로운행방법위반,건조,맑음,교차로 - 교차로안,승용,남,52세,기타불명,화물,남,61세,중상
2023080100100107,2023년 8월 1일 09시,화요일,부산광역시 동래구 명장동,경상사고,0,0,1,0,차대차 - 측면충돌,교차로운행방법위반,건조,맑음,교차로 - 교차로안,승용,남,45세,상해없음,승용,남,28세,경상
2023080100100108,2023년 8월 1일 09시,화요일,부산광역시 해운대구 우동,중상사고,0,1,0,0,차대사람 - 차도통행중,안전운전불이행,건조,맑음,교차로 - 교차로안,승용,남,70세,상해없음,보행자,남,68세,중상
2023080100100137,2023년 8월 1일 10시,화요일,부산광역시 해운대구 반여동,경상사고,0,0,1,0,차대차 - 기타,교차로운행방법위반,건조,맑음,단일로 - 기타,승용,남,48세,상해없음,승용,여,40세,경상
2023080100100138,2023년 8월 1일 10시,화요일,부산광역시 부산진구 부전동,중상사고,0,1,0,0,차대사람 - 기타,보행자보호의무위반,건조,맑음,교차로 - 교차로횡단보도내,승용,남,63세,상해없음,보행자,여,16세,중상
2023080100100139,2023년 8월 1일 10시,화요일,부산광역시 사하구 괴정동,경상사고,0,0,1,0,차대차 - 측면충돌,신호위반,건조,맑음,교차로 - 교차로부근,승용,여,38세,기타불명,승용,남,62세,경상
2023080100100167,2023년 8월 1일 11시,화요일,부산광역시 북구 덕천동,경상사고,0,0,1,0,차대차 - 기타,안전운전불이행,건조,맑음,단일로 - 기타,승용,여,50세,상해없음,이륜,남,34세,경상
2023080100100168,2023년 8월 1일 11시,화요일,부산광역시 북구 만덕동,경상사고,0,0,1,0,차대차 - 기타,직진우회전진행방해,건조,맑음,교차로 - 교차로안,승용,여,51세,상해없음,승합,남,48세,경상
2023080100100197,2023년 8월 1일 12시,화요일,부산광역시 수영구 남천동,경상사고,0,0,1,0,차대사람 - 기타,안전운전불이행,건조,맑음,단일로 - 기타,승용,남,65세,상해없음,보행자,남,60세,경상
2023080100100198,2023년 8월 1일 12시,화요일,부산광역시 북구 덕천동,중상사고,0,1,0,0,차대차 - 기타,안전운전불이행,건조,맑음,단일로 - 기타,승용,남,42세,기타불명,승용,남,28세,중상
2023080100100199,2023년 8월 1일 12시,화요일,부산광역시 북구 덕천동,경상사고,0,0,1,0,차대사람 - 기타,기타,건조,맑음,단일로 - 기타,승합,남,62세,상해없음,보행자,여,81세,경상
2023080100100316,2023년 8월 1일 15시,화요일,부산광역시 서구 동대신동2가,경상사고,0,0,1,0,차대차 - 측면충돌,안전운전불이행,건조,맑음,단일로 - 기타,이륜,남,80세,경상,승용,남,69세,상해없음
2023080100100317,2023년 8월 1일 15시,화요일,부산광역시 수영구 남천동,경상사고,0,0,3,0,차대차 - 기타,안전운전불이행,건조,맑음,교차로 - 교차로부근,승용,남,59세,경상,승용,남,25세,경상
2023080100100318,2023년 8월 1일 15시,화요일,부산광역시 영도구 봉래동3가,경상사고,0,0,1,0,차대차 - 측면충돌,중앙선침범,건조,맑음,기타 - 기타,화물,남,52세,상해없음,이륜,남,35세,경상
2023080100100319,2023년 8월 1일 15시,화요일,부산광역시 기장군 정관읍,경상사고,0,0,1,0,차대차 - 기타,안전거리미확보,건조,맑음,교차로 - 교차로부근,화물,남,41세,상해없음,승용,남,32세,경상
2023080100100344,2023년 8월 1일 16시,화요일,부산광역시 수영구 망미동,경상사고,0,0,1,0,차대차 - 추돌,안전운전불이행,건조,맑음,단일로 - 고가도로위,승용,여,35세,상해없음,승용,남,75세,경상
2023080100100400,2023년 8월 1일 18시,화요일,부산광역시 서구 충무동3가,중상사고,0,1,0,0,차대차 - 측면충돌,중앙선침범,건조,맑음,단일로 - 기타,승용,여,64세,상해없음,이륜,남,63세,중상
2023080100100401,2023년 8월 1일 18시,화요일,부산광역시 남구 용호동,경상사고,0,0,1,0,차대차 - 기타,안전운전불이행,건조,맑음,교차로 - 교차로부근,승용,남,38세,상해없음,이륜,남,56세,경상
2023080100100402,2023년 8월 1일 18시,화요일,부산광역시 남구 대연동,경상사고,0,0,4,0,차대차 - 기타,안전운전불이행,건조,맑음,교차로 - 교차로안,승용,여,52세,경상,승용,여,37세,경상
2023080100100403,2023년 8월 1일 18시,화요일,부산광역시 동래구 안락동,경상사고,0,0,1,0,차대차 - 측면충돌,교차로운행방법위반,건조,맑음,교차로 - 교차로안,승용,남,78세,상해없음,화물,남,57세,상해없음
2023080100100445,2023년 8월 1일 19시,화요일,부산광역시 강서구 미음동,경상사고,0,0,1,0,차대차 - 추돌,안전운전불이행,건조,맑음,단일로 - 기타,승용,남,66세,기타불명,승용,남,29세,경상
2023080100100498,2023년 8월 1일 21시,화요일,부산광역시 남구 감만동,경상사고,0,0,1,0,차대차 - 기타,안전운전불이행,건조,맑음,단일로 - 교량,승용,남,64세,상해없음,승용,남,69세,경상
2023080100100499,2023년 8월 1일 21시,화요일,부산광역시 영도구 봉래동3가,경상사고,0,0,1,0,차대차 - 추돌,신호위반,건조,맑음,교차로 - 교차로부근,승용,남,47세,상해없음,승용,남,52세,경상
2023080100100525,2023년 8월 1일 22시,화요일,부산광역시 강서구 신호동,경상사고,0,0,1,0,차대차 - 후진중충돌,안전운전불이행,건조,맑음,교차로 - 교차로부근,승용,여,43세,상해없음,승용,남,62세,경상
2023080100100546,2023년 8월 1일 23시,화요일,부산광역시 금정구 서동,경상사고,0,0,1,0,차대차 - 기타,안전운전불이행,건조,맑음,교차로 - 교차로안,승용,남,75세,상해없음,승용,남,61세,상해없음
2023080200100011,2023년 8월 2일 02시,수요일,부산광역시 영도구 남항동1가,경상사고,0,0,1,0,차대차 - 기타,안전운전불이행,건조,맑음,단일로 - 기타,승용,남,40세,상해없음,승용,남,65세,상해없음
2023080200100046,2023년 8월 2일 07시,수요일,부산광역시 영도구 청학동,중상사고,0,1,1,0,차대차 - 측면충돌,교차로운행방법위반,건조,맑음,교차로 - 교차로안,승용,남,71세,상해없음,승용,남,38세,중상
2023080200100047,2023년 8월 2일 07시,수요일,부산광역시 연제구 연산동,경상사고,0,0,1,0,차대사람 - 길가장자리구역통행중,기타,건조,맑음,단일로 - 기타,승합,남,43세,상해없음,보행자,여,71세,경상
2023080200100070,2023년 8월 2일 08시,수요일,부산광역시 동래구 온천동,경상사고,0,0,1,0,차대사람 - 차도통행중,안전운전불이행,건조,맑음,단일로 - 기타,화물,남,60세,상해없음,보행자,남,82세,경상
2023080200100095,2023년 8월 2일 09시,수요일,부산광역시 해운대구 반송동,경상사고,0,0,1,0,차대사람 - 차도통행중,안전운전불이행,건조,맑음,교차로 - 교차로안,승용,남,66세,상해없음,보행자,여,60세,경상
2023080200100096,2023년 8월 2일 09시,수요일,부산광역시 해운대구 중동,경상사고,0,0,2,0,차대차 - 기타,신호위반,건조,맑음,교차로 - 교차로안,승용,여,75세,상해없음,승용,남,37세,경상
2023080200100097,2023년 8월 2일 09시,수요일,부산광역시 금정구 서동,중상사고,0,1,0,0,차대사람 - 횡단중,안전운전불이행,건조,맑음,교차로 - 교차로안,승용,남,54세,기타불명,보행자,여,67세,중상
2023080200100120,2023년 8월 2일 10시,수요일,부산광역시 남구 용당동,경상사고,0,0,1,0,차대차 - 추돌,안전운전불이행,건조,맑음,단일로 - 기타,승용,남,22세,상해없음,승용,남,30세,경상
2023080200100121,2023년 8월 2일 10시,수요일,부산광역시 남구 대연동,경상사고,0,0,1,0,차대사람 - 보도통행중,기타,건조,맑음,교차로 - 교차로부근,자전거,여,20세,상해없음,보행자,여,63세,경상
2023080200100122,2023년 8월 2일 10시,수요일,부산광역시 사하구 하단동,중상사고,0,1,0,0,차대차 - 측면충돌,불법유턴,건조,맑음,기타 - 기타,화물,남,61세,상해없음,개인형이동수단(PM),남,36세,중상
2023080200100147,2023년 8월 2일 11시,수요일,부산광역시 서구 암남동,중상사고,0,1,0,0,차대차 - 정면충돌,안전운전불이행,건조,맑음,교차로 - 교차로안,승용,여,38세,상해없음,이륜,남,32세,중상
2023080200100148,2023년 8월 2일 11시,수요일,부산광역시 동래구 낙민동,사망사고,2,0,0,0,차대차 - 기타,안전운전불이행,건조,맑음,교차로 - 교차로안,건설기계,남,45세,상해없음,원동기,남,64세,사망
2023080200100220,2023년 8월 2일 13시,수요일,부산광역시 중구 중앙동6가,중상사고,0,1,0,0,차대사람 - 보도통행중,보행자보호의무위반,건조,맑음,교차로 - 교차로횡단보도내,승용,여,28세,상해없음,보행자,여,68세,중상
2023080200100221,2023년 8월 2일 13시,수요일,부산광역시 동래구 낙민동,경상사고,0,0,1,0,차대차 - 측면충돌,안전운전불이행,건조,맑음,교차로 - 교차로안,승용,여,44세,상해없음,자전거,남,79세,경상
2023080200100222,2023년 8월 2일 13시,수요일,부산광역시 연제구 연산동,경상사고,0,0,1,0,차대차 - 측면충돌,안전운전불이행,건조,맑음,교차로 - 교차로안,승용,남,63세,상해없음,승용,남,45세,경상
2023080200100249,2023년 8월 2일 14시,수요일,부산광역시 남구 용호동,경상사고,0,0,1,0,차대차 - 정면충돌,안전운전불이행,건조,맑음,교차로 - 교차로부근,승용,남,56세,기타불명,자전거,남,71세,경상
2023080200100250,2023년 8월 2일 14시,수요일,부산광역시 해운대구 재송동,경상사고,0,0,1,0,차대차 - 기타,신호위반,기타,맑음,교차로 - 교차로안,이륜,남,28세,경상,승합,남,55세,상해없음
2023080200100283,2023년 8월 2일 15시,수요일,부산광역시 사상구 주례동,경상사고,0,0,2,0,차대차 - 측면충돌,안전운전불이행,건조,맑음,단일로 - 기타,승용,남,66세,상해없음,승용,여,39세,경상
2023080200100319,2023년 8월 2일 16시,수요일,부산광역시 금정구 장전동,중상사고,0,1,1,1,차대차 - 추돌,안전운전불이행,건조,맑음,단일로 - 기타,화물,남,47세,부상신고,화물,남,49세,경상
2023080200100320,2023년 8월 2일 16시,수요일,부산광역시 해운대구 재송동,부상신고사고,0,0,0,1,차대차 - 기타,안전운전불이행,건조,맑음,단일로 - 기타,승용,여,32세,상해없음,승합,남,61세,부상신고
2023080200100321,2023년 8월 2일 16시,수요일,부산광역시 해운대구 우동,경상사고,0,0,1,0,차대차 - 측면충돌,차로위반,건조,맑음,교차로 - 교차로부근,승용,남,53세,상해없음,승용,남,34세,경상
2023080200100358,2023년 8월 2일 17시,수요일,부산광역시 서구 동대신동2가,경상사고,0,0,1,0,차대사람 - 길가장자리구역통행중,안전운전불이행,건조,맑음,단일로 - 기타,승용,여,54세,상해없음,보행자,남,63세,경상