사고번호,사고일시,요일,시군구,사고내용,사망자수,중상자수,경상자수,부상신고자수,사고유형,법규위반,노면상태,기상상태,도로형태,가해운전자 차종,가해운전자 성별,가해운전자 연령,가해운전자 상해정도,피해운전자 차종,피해운전자 성별,피해운전자 연령,피해운전자 상해정도
2023081900100479,2023년 8월 19일 21시,토요일,부산광역시 남구 대연동,경상사고,0,0,1,0,차대차 - 기타,중앙선침범,젖음/습기,비,교차로 - 교차로부근,승용,여,54세,상해없음,이륜,남,54세,경상
2023081900100503,2023년 8월 19일 22시,토요일,부산광역시 기장군 기장읍,부상신고사고,0,0,0,4,차대차 - 기타,안전운전불이행,건조,맑음,교차로 - 교차로부근,화물,남,64세,상해없음,승용,남,66세,상해없음
2023081900100514,2023년 8월 19일 23시,토요일,부산광역시 해운대구 좌동,경상사고,0,0,1,0,차대차 - 정면충돌,신호위반,젖음/습기,비,교차로 - 교차로안,승용,남,47세,상해없음,원동기,남,28세,경상
2023081900100515,2023년 8월 19일 23시,토요일,부산광역시 부산진구 부전동,중상사고,0,1,0,0,차대차 - 기타,안전운전불이행,젖음/습기,비,단일로 - 기타,승용,남,42세,상해없음,이륜,남,50세,중상
2023081900100516,2023년 8월 19일 23시,토요일,부산광역시 부산진구 당감동,경상사고,0,0,1,0,차대차 - 측면충돌,신호위반,젖음/습기,비,교차로 - 교차로안,승용,남,55세,상해없음,승용,남,68세,경상
2023082000100043,2023년 8월 20일 05시,일요일,부산광역시 남구 문현동,경상사고,0,0,1,0,차대차 - 추돌,안전운전불이행,건조,맑음,교차로 - 교차로부근,승용,남,36세,상해없음,승용,남,54세,경상
2023082000100049,2023년 8월 20일 06시,일요일,부산광역시 북구 만덕동,경상사고,0,0,1,0,차대차 - 추돌,안전운전불이행,젖음/습기,흐림,단일로 - 기타,승용,남,23세,상해없음,승용,남,31세,경상
2023082000100050,2023년 8월 20일 06시,일요일,부산광역시 북구 구포동,경상사고,0,0,3,0,차대차 - 추돌,안전운전불이행,젖음/습기,비,교차로 - 교차로부근,승용,여,54세,경상,승용,남,51세,경상
2023082000100051,2023년 8월 20일 06시,일요일,부산광역시 부산진구 전포동,중상사고,0,1,2,0,차대차 - 기타,신호위반,건조,맑음,교차로 - 교차로안,이륜,남,61세,중상,승용,남,67세,경상
2023082000100061,2023년 8월 20일 08시,일요일,부산광역시 강서구 대저1동,경상사고,0,0,1,0,차대차 - 기타,안전운전불이행,건조,맑음,단일로 - 기타,승용,여,56세,기타불명,승용,여,51세,경상
2023082000100071,2023년 8월 20일 09시,일요일,부산광역시 연제구 연산동,경상사고,0,0,2,0,차대차 - 추돌,안전운전불이행,건조,맑음,기타 - 기타,승용,남,53세,상해없음,승합,남,53세,경상
2023082000100161,2023년 8월 20일 13시,일요일,부산광역시 남구 문현동,경상사고,0,0,1,0,차대차 - 측면충돌,안전거리미확보,건조,맑음,기타 - 기타,승용,남,57세,상해없음,이륜,남,30세,경상
2023082000100225,2023년 8월 20일 15시,일요일,부산광역시 동구 초량동,경상사고,0,0,1,0,차대차 - 기타,안전운전불이행,건조,맑음,단일로 - 기타,이륜,남,20세,상해없음,이륜,남,26세,경상
2023082000100309,2023년 8월 20일 18시,일요일,부산광역시 남구 대연동,중상사고,0,1,0,0,차대차 - 측면충돌,안전운전불이행,건조,맑음,단일로 - 기타,승용,남,41세,상해없음,이륜,남,27세,중상
2023082000100310,2023년 8월 20일 18시,일요일,부산광역시 금정구 노포동,중상사고,0,1,0,0,차대차 - 측면충돌,안전운전불이행,건조,맑음,교차로 - 교차로안,화물,남,68세,기타불명,승용,여,54세,중상
2023082000100311,2023년 8월 20일 18시,일요일,부산광역시 강서구 송정동,중상사고,0,1,0,0,차대차 - 기타,중앙선침범,건조,맑음,교차로 - 교차로부근,승용,남,42세,기타불명,승용,남,70세,중상
2023082000100338,2023년 8월 20일 19시,일요일,부산광역시 북구 화명동,경상사고,0,0,1,0,차대차 - 기타,교차로운행방법위반,건조,맑음,교차로 - 교차로안,승용,여,55세,상해없음,승용,남,29세,경상
2023082000100339,2023년 8월 20일 19시,일요일,부산광역시 사하구 다대동,경상사고,0,0,2,0,차대차 - 기타,안전운전불이행,건조,맑음,단일로 - 기타,승용,남,30세,상해없음,승용,남,44세,경상
2023082000100365,2023년 8월 20일 20시,일요일,부산광역시 서구 암남동,중상사고,0,1,0,0,차대사람 - 횡단중,안전운전불이행,건조,맑음,단일로 - 기타,승용,남,68세,상해없음,보행자,여,80세,중상
2023082000100403,2023년 8월 20일 22시,일요일,부산광역시 북구 덕천동,중상사고,0,1,0,0,차대차 - 정면충돌,신호위반,건조,맑음,교차로 - 교차로안,승용,여,40세,기타불명,승용,남,30세,중상
2023082100100018,2023년 8월 21일 04시,월요일,부산광역시 연제구 연산동,경상사고,0,0,2,0,차대차 - 추돌,신호위반,건조,맑음,교차로 - 교차로안,승용,남,69세,경상,화물,남,26세,경상
2023082100100054,2023년 8월 21일 07시,월요일,부산광역시 강서구 신호동,부상신고사고,0,0,0,1,차대차 - 기타,안전운전불이행,건조,맑음,단일로 - 기타,승용,남,66세,상해없음,승용,여,67세,부상신고
2023082100100087,2023년 8월 21일 08시,월요일,부산광역시 수영구 수영동,경상사고,0,0,1,0,차대차 - 측면충돌,안전거리미확보,건조,맑음,교차로 - 교차로부근,승용,남,72세,상해없음,승용,여,32세,경상
2023082100100131,2023년 8월 21일 09시,월요일,부산광역시 동구 범일동,중상사고,0,1,0,0,차대사람 - 기타,안전운전불이행,건조,맑음,단일로 - 지하차도(도로)내,승합,남,44세,상해없음,보행자,남,84세,중상
2023082100100132,2023년 8월 21일 09시,월요일,부산광역시 부산진구 개금동,경상사고,0,0,1,0,차대차 - 정면충돌,중앙선침범,건조,맑음,교차로 - 교차로부근,승용,남,68세,상해없음,화물,남,61세,경상
2023082100100133,2023년 8월 21일 09시,월요일,부산광역시 강서구 명지동,중상사고,0,1,0,0,차대차 - 기타,안전운전불이행,건조,맑음,교차로 - 교차로부근,승용,남,61세,기타불명,승용,여,45세,중상
2023082100100176,2023년 8월 21일 10시,월요일,부산광역시 부산진구 범전동,경상사고,0,0,1,0,차대차 - 추돌,안전운전불이행,건조,맑음,단일로 - 기타,승용,남,68세,상해없음,기타불명,기타불명,미분류,기타불명
2023082100100177,2023년 8월 21일 10시,월요일,부산광역시 기장군 정관읍,경상사고,0,0,1,0,차대차 - 측면충돌,교차로운행방법위반,건조,맑음,교차로 - 교차로안,화물,남,62세,상해없음,승용,남,34세,경상
2023082100100212,2023년 8월 21일 11시,월요일,부산광역시 금정구 회동동,경상사고,0,0,2,0,차대차 - 기타,안전운전불이행,건조,맑음,단일로 - 기타,승용,남,63세,경상,승용,남,42세,경상
2023082100100249,2023년 8월 21일 12시,월요일,부산광역시 서구 아미동2가,중상사고,0,1,1,0,차대차 - 측면충돌,안전운전불이행,건조,맑음,교차로 - 교차로부근,승용,남,72세,상해없음,승용,여,40세,경상
2023082100100251,2023년 8월 21일 12시,월요일,부산광역시 해운대구 좌동,중상사고,0,1,0,0,차대차 - 측면충돌,교차로운행방법위반,건조,맑음,교차로 - 교차로부근,승용,남,33세,상해없음,자전거,남,44세,중상
2023082100100252,2023년 8월 21일 12시,월요일,부산광역시 강서구 강동동,중상사고,0,1,0,0,차대차 - 추돌,안전운전불이행,건조,맑음,단일로 - 기타,화물,남,58세,기타불명,화물,남,24세,중상
2023082100100287,2023년 8월 21일 13시,월요일,부산광역시 사하구 감천동,경상사고,0,0,1,0,차대차 - 측면충돌,중앙선침범,건조,맑음,교차로 - 교차로부근,승용,남,72세,상해없음,이륜,남,65세,경상
2023082100100320,2023년 8월 21일 14시,월요일,부산광역시 동래구 사직동,경상사고,0,0,1,0,차대차 - 기타,중앙선침범,건조,맑음,교차로 - 교차로부근,승합,남,67세,상해없음,자전거,남,62세,경상
2023082100100356,2023년 8월 21일 15시,월요일,부산광역시 부산진구 당감동,중상사고,0,1,0,0,차대사람 - 횡단중,보행자보호의무위반,건조,맑음,단일로 - 기타,승용,남,66세,상해없음,보행자,여,72세,중상
2023082100100357,2023년 8월 21일 15시,월요일,부산광역시 부산진구 전포동,경상사고,0,0,1,0,차대사람 - 보도통행중,안전운전불이행,건조,맑음,단일로 - 기타,승용,남,64세,상해없음,보행자,여,23세,경상
2023082100100358,2023년 8월 21일 15시,월요일,부산광역시 금정구 서동,경상사고,0,0,1,0,차대차 - 기타,안전거리미확보,건조,맑음,단일로 - 기타,화물,남,42세,상해없음,승용,남,42세,경상
2023082100100359,2023년 8월 21일 15시,월요일,부산광역시 연제구 연산동,경상사고,0,0,1,0,차대사람 - 기타,안전운전불이행,건조,맑음,단일로 - 기타,승용,남,77세,상해없음,보행자,여,72세,경상
2023082100100389,2023년 8월 21일 16시,월요일,부산광역시 중구 중앙동6가,중상사고,0,1,0,0,차대사람 - 기타,안전운전불이행,건조,맑음,단일로 - 기타,승용,남,65세,상해없음,보행자,여,65세,중상
2023082100100390,2023년 8월 21일 16시,월요일,부산광역시 동래구 명륜동,경상사고,0,0,1,0,차대사람 - 횡단중,보행자보호의무위반,건조,맑음,단일로 - 기타,자전거,남,14세,상해없음,보행자,남,47세,경상
2023082100100391,2023년 8월 21일 16시,월요일,부산광역시 부산진구 범천동,중상사고,0,1,0,0,차대차 - 추돌,안전거리미확보,건조,맑음,단일로 - 기타,이륜,남,53세,중상,승용,남,81세,상해없음
2023082100100429,2023년 8월 21일 17시,월요일,부산광역시 남구 대연동,경상사고,0,0,1,0,차대사람 - 횡단중,신호위반,건조,맑음,교차로 - 교차로안,승용,남,58세,상해없음,보행자,여,44세,경상
2023082100100430,2023년 8월 21일 17시,월요일,부산광역시 수영구 민락동,경상사고,0,0,1,0,차대사람 - 횡단중,신호위반,건조,맑음,단일로 - 기타,승용,여,30세,상해없음,보행자,남,68세,경상
2023082100100431,2023년 8월 21일 17시,월요일,부산광역시 사하구 감천동,경상사고,0,0,1,0,차대차 - 측면충돌,안전운전불이행,건조,맑음,단일로 - 기타,승용,여,68세,상해없음,이륜,남,58세,경상
2023082100100432,2023년 8월 21일 17시,월요일,부산광역시 강서구 대저1동,경상사고,0,0,1,0,차대차 - 측면충돌,안전운전불이행,건조,맑음,단일로 - 기타,승용,여,32세,상해없음,승용,여,29세,경상
2023082100100482,2023년 8월 21일 18시,월요일,부산광역시 동구 초량동,경상사고,0,0,2,0,차대차 - 측면충돌,안전운전불이행,건조,맑음,단일로 - 지하차도(도로)내,승용,여,44세,경상,이륜,남,37세,경상
2023082100100483,2023년 8월 21일 18시,월요일,부산광역시 금정구 부곡동,경상사고,0,0,1,0,차대차 - 기타,안전운전불이행,건조,맑음,교차로 - 교차로안,승용,여,63세,상해없음,승합,남,53세,상해없음
2023082100100484,2023년 8월 21일 18시,월요일,부산광역시 사하구 하단동,경상사고,0,0,1,0,차대차 - 측면충돌,안전운전불이행,건조,맑음,단일로 - 기타,승용,여,54세,기타불명,이륜,남,34세,경상
2023082100100533,2023년 8월 21일 19시,월요일,부산광역시 연제구 연산동,경상사고,0,0,1,0,차대차 - 기타,안전운전불이행,건조,맑음,교차로 - 교차로부근,기타불명,기타불명,미분류,기타불명,이륜,남,38세,경상
2023082100100560,2023년 8월 21일 20시,월요일,부산광역시 동래구 온천동,중상사고,0,1,0,0,차량단독 - 공작물충돌,안전운전불이행,건조,맑음,단일로 - 기타,승용,남,77세,중상,,,,
2023082100100585,2023년 8월 21일 21시,월요일,부산광역시 기장군 일광읍,중상사고,0,1,0,3,차대차 - 측면충돌,교차로운행방법위반,건조,맑음,교차로 - 교차로안,승용,남,33세,부상신고,승용,남,31세,중상
2023082100100619,2023년 8월 21일 23시,월요일,부산광역시 연제구 거제동,경상사고,0,0,2,0,차대차 - 추돌,안전거리미확보,건조,맑음,교차로 - 교차로부근,이륜,남,28세,상해없음,승용,여,42세,경상
2023082200100044,2023년 8월 22일 06시,화요일,부산광역시 강서구 강동동,중상사고,0,1,0,0,차대차 - 측면충돌,안전운전불이행,건조,맑음,교차로 - 교차로안,승용,남,63세,상해없음,자전거,남,65세,중상
2023082200100086,2023년 8월 22일 08시,화요일,부산광역시 강서구 지사동,경상사고,0,0,1,0,차대차 - 기타,중앙선침범,건조,맑음,교차로 - 교차로부근,건설기계,남,63세,상해없음,승용,남,44세,경상
2023082200100087,2023년 8월 22일 08시,화요일,부산광역시 강서구 송정동,경상사고,0,0,2,0,차대차 - 측면충돌,안전거리미확보,건조,맑음,단일로 - 기타,승용,여,63세,상해없음,승용,남,30세,경상
2023082200100134,2023년 8월 22일 09시,화요일,부산광역시 해운대구 좌동,경상사고,0,0,1,0,차대차 - 추돌,안전거리미확보,건조,맑음,단일로 - 기타,승용,여,26세,상해없음,승용,여,38세,경상
2023082200100135,2023년 8월 22일 09시,화요일,부산광역시 사하구 하단동,중상사고,0,1,0,0,차대차 - 측면충돌,안전거리미확보,건조,맑음,단일로 - 기타,이륜,여,61세,중상,승용,여,58세,상해없음
2023082200100136,2023년 8월 22일 09시,화요일,부산광역시 사하구 괴정동,경상사고,0,0,1,0,차대차 - 측면충돌,중앙선침범,건조,맑음,단일로 - 기타,승용,남,70세,기타불명,승합,남,64세,경상
2023082200100163,2023년 8월 22일 10시,화요일,부산광역시 수영구 민락동,경상사고,0,0,1,0,차대사람 - 길가장자리구역통행중,안전운전불이행,건조,맑음,교차로 - 교차로부근,기타불명,기타불명,미분류,기타불명,보행자,남,49세,경상
2023082200100164,2023년 8월 22일 10시,화요일,부산광역시 기장군 정관읍,경상사고,0,0,2,0,차대차 - 추돌,신호위반,건조,맑음,교차로 - 교차로안,승용,여,46세,상해없음,승용,여,33세,경상
2023082200100224,2023년 8월 22일 12시,화요일,부산광역시 중구 보수동3가,경상사고,0,0,1,1,차대차 - 기타,안전운전불이행,건조,맑음,교차로 - 교차로안,화물,남,33세,경상,이륜,남,54세,부상신고
2023082200100225,2023년 8월 22일 12시,화요일,부산광역시 동구 좌천동,중상사고,0,1,0,0,차대차 - 측면충돌,안전거리미확보,건조,맑음,단일로 - 기타,이륜,남,65세,중상,화물,남,70세,상해없음
2023082200100226,2023년 8월 22일 12시,화요일,부산광역시 수영구 광안동,경상사고,0,0,1,0,차대차 - 후진중충돌,안전운전불이행,건조,맑음,교차로 - 교차로부근,화물,남,39세,기타불명,자전거,남,28세,경상
2023082200100259,2023년 8월 22일 13시,화요일,부산광역시 남구 대연동,중상사고,0,1,0,0,차대차 - 기타,안전운전불이행,건조,맑음,교차로 - 교차로부근,이륜,남,41세,중상,승합,남,52세,상해없음
2023082200100260,2023년 8월 22일 13시,화요일,부산광역시 동래구 온천동,중상사고,0,1,1,0,차대차 - 추돌,안전운전불이행,건조,맑음,기타 - 기타,승용,여,61세,상해없음,승용,여,42세,경상
2023082200100299,2023년 8월 22일 14시,화요일,부산광역시 부산진구 범천동,경상사고,0,0,2,0,차대차 - 추돌,안전거리미확보,건조,맑음,단일로 - 기타,승용,여,39세,경상,승용,남,44세,경상
2023082200100300,2023년 8월 22일 14시,화요일,부산광역시 강서구 명지동,경상사고,0,0,1,0,차대차 - 추돌,기타,건조,맑음,단일로 - 기타,승용,여,66세,상해없음,승용,남,46세,경상
2023082200100326,2023년 8월 22일 15시,화요일,부산광역시 북구 화명동,경상사고,0,0,1,0,차대차 - 측면충돌,신호위반,건조,맑음,교차로 - 교차로안,승용,여,64세,상해없음,이륜,남,50세,경상
2023082200100327,2023년 8월 22일 15시,화요일,부산광역시 기장군 기장읍,경상사고,0,0,1,0,차대차 - 측면충돌,안전운전불이행,건조,맑음,교차로 - 교차로안,승용,남,73세,상해없음,승용,남,43세,경상
2023082200100372,2023년 8월 22일 16시,화요일,부산광역시 영도구 동삼동,경상사고,0,0,1,0,차대차 - 기타,안전운전불이행,건조,맑음,교차로 - 교차로부근,승용,남,70세,상해없음,승용,남,51세,경상
2023082200100373,2023년 8월 22일 16시,화요일,부산광역시 부산진구 범천동,중상사고,0,1,0,0,차대차 - 기타,안전거리미확보,건조,맑음,기타 - 기타,승용,남,57세,상해없음,승용,여,63세,상해없음
2023082200100374,2023년 8월 22일 16시,화요일,부산광역시 사상구 괘법동,경상사고,0,0,1,0,차대사람 - 차도통행중,안전운전불이행,건조,맑음,교차로 - 교차로안,승용,여,53세,상해없음,보행자,여,26세,경상
2023082200100420,2023년 8월 22일 17시,화요일,부산광역시 남구 문현동,경상사고,0,0,2,0,차대차 - 정면충돌,안전운전불이행,건조,맑음,교차로 - 교차로안,승용,남,50세,경상,승용,남,41세,경상
2023082200100421,2023년 8월 22일 17시,화요일,부산광역시 해운대구 반여동,경상사고,0,0,1,0,차대사람 - 횡단중,안전운전불이행,건조,맑음,단일로 - 기타,이륜,남,17세,상해없음,보행자,남,17세,경상
2023082200100504,2023년 8월 22일 19시,화요일,부산광역시 부산진구 부전동,경상사고,0,0,2,0,차대차 - 후진중충돌,중앙선침범,건조,맑음,단일로 - 기타,승용,남,41세,상해없음,승용,여,60세,경상
2023082200100505,2023년 8월 22일 19시,화요일,부산광역시 금정구 부곡동,경상사고,0,0,2,0,차대차 - 측면충돌,교차로운행방법위반,건조,맑음,교차로 - 교차로안,이륜,남,55세,상해없음,승용,여,35세,경상
2023082200100506,2023년 8월 22일 19시,화요일,부산광역시 연제구 연산동,중상사고,0,1,0,0,차대차 - 측면충돌,중앙선침범,건조,맑음,단일로 - 기타,이륜,남,31세,상해없음,이륜,남,32세,중상
2023082200100507,2023년 8월 22일 19시,화요일,부산광역시 기장군 정관읍,경상사고,0,0,1,0,차대차 - 측면충돌,안전운전불이행,건조,맑음,단일로 - 기타,자전거,남,44세,상해없음,이륜,남,49세,경상
2023082200100552,2023년 8월 22일 20시,화요일,부산광역시 남구 문현동,중상사고,0,1,1,0,차대차 - 기타,안전거리미확보,건조,맑음,교차로 - 교차로안,승용,여,55세,상해없음,승합,남,48세,상해없음
2023082200100553,2023년 8월 22일 20시,화요일,부산광역시 기장군 정관읍,경상사고,0,0,1,0,차대사람 - 기타,안전운전불이행,건조,맑음,기타 - 기타,승용,남,61세,상해없음,보행자,남,12세,경상
2023082200100589,2023년 8월 22일 21시,화요일,부산광역시 동래구 낙민동,경상사고,0,0,1,0,차대차 - 기타,안전운전불이행,건조,맑음,교차로 - 교차로부근,승용,여,43세,상해없음,이륜,남,23세,경상
2023082200100590,2023년 8월 22일 21시,화요일,부산광역시 금정구 구서동,경상사고,0,0,1,0,차대차 - 기타,안전운전불이행,건조,맑음,교차로 - 교차로안,승용,여,41세,상해없음,이륜,남,34세,경상
2023082200100624,2023년 8월 22일 23시,화요일,부산광역시 북구 화명동,경상사고,0,0,2,0,차대차 - 측면충돌,신호위반,건조,맑음,교차로 - 교차로안,이륜,남,22세,기타불명,승용,남,77세,경상
2023082200100625,2023년 8월 22일 23시,화요일,부산광역시 부산진구 부전동,중상사고,0,1,0,0,차대차 - 기타,교차로운행방법위반,건조,맑음,교차로 - 교차로부근,승용,남,23세,상해없음,이륜,남,32세,중상
2023082300100038,2023년 8월 23일 06시,수요일,부산광역시 서구 암남동,경상사고,0,0,2,0,차대차 - 정면충돌,안전운전불이행,건조,맑음,기타 - 기타,승용,남,80세,기타불명,승용,남,63세,경상
2023082300100051,2023년 8월 23일 07시,수요일,부산광역시 동구 범일동,경상사고,0,0,1,0,차량단독 - 기타,안전운전불이행,건조,맑음,교차로 - 교차로안,승합,남,50세,상해없음,,,,
2023082300100121,2023년 8월 23일 09시,수요일,부산광역시 부산진구 부암동,부상신고사고,0,0,0,1,차대차 - 기타,신호위반,건조,맑음,교차로 - 교차로안,승용,여,45세,상해없음,이륜,남,42세,부상신고
2023082300100145,2023년 8월 23일 10시,수요일,부산광역시 남구 우암동,경상사고,0,0,1,0,차대차 - 기타,안전운전불이행,건조,맑음,기타 - 기타,승용,남,73세,상해없음,화물,남,31세,경상
2023082300100172,2023년 8월 23일 11시,수요일,부산광역시 남구 우암동,중상사고,0,1,0,0,차대사람 - 기타,안전운전불이행,건조,맑음,단일로 - 기타,승합,남,61세,상해없음,보행자,남,83세,중상
2023082300100173,2023년 8월 23일 11시,수요일,부산광역시 금정구 장전동,경상사고,0,0,1,0,차대차 - 측면충돌,안전운전불이행,건조,맑음,교차로 - 교차로안,화물,남,32세,상해없음,이륜,남,47세,경상
2023082300100203,2023년 8월 23일 12시,수요일,부산광역시 수영구 광안동,중상사고,0,1,0,0,차대사람 - 길가장자리구역통행중,교차로운행방법위반,건조,맑음,교차로 - 교차로부근,화물,남,44세,상해없음,보행자,남,66세,중상
2023082300100204,2023년 8월 23일 12시,수요일,부산광역시 동래구 안락동,중상사고,0,1,0,0,차대차 - 기타,교차로운행방법위반,건조,맑음,교차로 - 교차로안,승용,여,33세,상해없음,이륜,남,32세,중상
2023082300100205,2023년 8월 23일 12시,수요일,부산광역시 영도구 대교동2가,경상사고,0,0,1,0,차대사람 - 기타,안전운전불이행,건조,맑음,단일로 - 기타,승용,여,33세,상해없음,보행자,여,68세,경상
2023082300100206,2023년 8월 23일 12시,수요일,부산광역시 부산진구 연지동,경상사고,0,0,1,0,차대차 - 추돌,안전거리미확보,건조,맑음,단일로 - 기타,승용,남,28세,상해없음,승용,남,41세,경상
2023082300100207,2023년 8월 23일 12시,수요일,부산광역시 금정구 부곡동,경상사고,0,0,1,0,차대사람 - 횡단중,안전운전불이행,건조,맑음,교차로 - 교차로안,승용,여,39세,상해없음,보행자,여,61세,경상
2023082300100238,2023년 8월 23일 13시,수요일,부산광역시 북구 화명동,경상사고,0,0,1,0,차대차 - 후진중충돌,안전운전불이행,건조,맑음,단일로 - 기타,화물,남,55세,상해없음,이륜,남,29세,경상
2023082300100239,2023년 8월 23일 13시,수요일,부산광역시 부산진구 양정동,경상사고,0,0,1,0,차대차 - 측면충돌,안전거리미확보,건조,맑음,단일로 - 기타,승용,남,34세,상해없음,승용,남,26세,경상
2023082300100240,2023년 8월 23일 13시,수요일,부산광역시 사상구 감전동,경상사고,0,0,2,0,차대차 - 추돌,안전운전불이행,건조,맑음,단일로 - 기타,승용,남,58세,상해없음,승용,여,38세,경상
2023082300100267,2023년 8월 23일 14시,수요일,부산광역시 서구 암남동,경상사고,0,0,1,0,차대차 - 측면충돌,안전운전불이행,건조,맑음,교차로 - 교차로안,화물,남,29세,상해없음,화물,남,45세,경상
2023082300100268,2023년 8월 23일 14시,수요일,부산광역시 부산진구 부전동,중상사고,0,1,0,0,차대차 - 측면충돌,안전운전불이행,건조,맑음,단일로 - 기타,이륜,남,32세,중상,승용,남,67세,상해없음
2023082300100298,2023년 8월 23일 15시,수요일,부산광역시 연제구 연산동,경상사고,0,0,1,0,차대차 - 측면충돌,중앙선침범,건조,맑음,교차로 - 교차로부근,승용,남,75세,상해없음,승용,남,43세,경상
2023082300100326,2023년 8월 23일 16시,수요일,부산광역시 중구 영주동,경상사고,0,0,1,0,차대차 - 추돌,안전운전불이행,건조,맑음,단일로 - 기타,승용,여,63세,상해없음,승용,남,48세,경상
2023082300100327,2023년 8월 23일 16시,수요일,부산광역시 금정구 남산동,경상사고,0,0,1,0,차대차 - 추돌,안전운전불이행,건조,맑음,교차로 - 교차로부근,승용,남,59세,상해없음,승용,남,63세,경상
2023082300100328,2023년 8월 23일 16시,수요일,부산광역시 사하구 하단동,경상사고,0,0,1,0,차대차 - 기타,안전운전불이행,건조,맑음,단일로 - 기타,승합,남,69세,상해없음,승용,남,43세,경상
2023082300100329,2023년 8월 23일 16시,수요일,부산광역시 사하구 다대동,중상사고,0,1,0,0,차대차 - 기타,안전운전불이행,건조,맑음,교차로 - 교차로부근,승용,남,59세,상해없음,기타불명,남,80세,중상
2023082300100330,2023년 8월 23일 16시,수요일,부산광역시 수영구 망미동,중상사고,0,2,0,0,차대차 - 측면충돌,안전운전불이행,건조,맑음,단일로 - 기타,화물,남,48세,상해없음,승용,여,43세,중상
2023082300100391,2023년 8월 23일 18시,수요일,부산광역시 동구 범일동,경상사고,0,0,1,0,차대차 - 측면충돌,안전운전불이행,건조,맑음,단일로 - 지하차도(도로)내,화물,남,32세,상해없음,승용,남,26세,경상
2023082300100392,2023년 8월 23일 18시,수요일,부산광역시 동래구 명륜동,경상사고,0,0,1,0,차대사람 - 횡단중,보행자보호의무위반,건조,맑음,단일로 - 기타,승용,여,32세,상해없음,보행자,여,53세,경상
2023082300100393,2023년 8월 23일 18시,수요일,부산광역시 부산진구 부전동,경상사고,0,0,2,0,차대차 - 기타,안전운전불이행,건조,맑음,단일로 - 기타,원동기,남,41세,상해없음,승합,남,60세,상해없음
2023082300100394,2023년 8월 23일 18시,수요일,부산광역시 연제구 연산동,경상사고,0,0,1,0,차대차 - 기타,차로위반,건조,맑음,교차로 - 교차로안,승용,남,58세,상해없음,승용,남,24세,경상
2023082300100434,2023년 8월 23일 19시,수요일,부산광역시 중구 대창동1가,부상신고사고,0,0,0,1,차대사람 - 차도통행중,안전운전불이행,건조,맑음,단일로 - 기타,승합,남,53세,상해없음,보행자,남,51세,부상신고
2023082300100482,2023년 8월 23일 20시,수요일,부산광역시 연제구 연산동,경상사고,0,0,1,0,차대사람 - 기타,안전운전불이행,건조,맑음,단일로 - 기타,승용,남,55세,상해없음,보행자,남,23세,경상
2023082300100508,2023년 8월 23일 21시,수요일,부산광역시 중구 신창동2가,경상사고,0,0,1,0,차대차 - 추돌,교차로운행방법위반,건조,맑음,교차로 - 교차로안,승용,남,54세,상해없음,이륜,남,42세,경상
2023082300100509,2023년 8월 23일 21시,수요일,부산광역시 부산진구 개금동,경상사고,0,0,2,0,차대차 - 추돌,안전거리미확보,젖음/습기,비,단일로 - 기타,승용,남,23세,상해없음,승용,여,23세,경상
2023082300100510,2023년 8월 23일 21시,수요일,부산광역시 수영구 망미동,경상사고,0,0,1,0,차대사람 - 횡단중,보행자보호의무위반,건조,맑음,교차로 - 교차로횡단보도내,승용,여,32세,상해없음,보행자,남,45세,경상
2023082300100539,2023년 8월 23일 22시,수요일,부산광역시 부산진구 부암동,경상사고,0,0,1,0,차대차 - 기타,안전운전불이행,건조,맑음,단일로 - 기타,이륜,기타불명,미분류,기타불명,승용,남,70세,상해없음
2023082300100540,2023년 8월 23일 22시,수요일,부산광역시 사하구 하단동,경상사고,0,0,2,0,차대차 - 측면충돌,안전거리미확보,젖음/습기,흐림,단일로 - 기타,승용,남,26세,상해없음,이륜,남,62세,경상
2023082300100563,2023년 8월 23일 23시,수요일,부산광역시 동구 범일동,경상사고,0,0,1,0,차대사람 - 기타,보행자보호의무위반,건조,맑음,단일로 - 기타,승합,남,37세,상해없음,보행자,남,39세,경상
2023082400100001,2023년 8월 24일 00시,목요일,부산광역시 남구 대연동,부상신고사고,0,0,0,3,차대차 - 추돌,안전운전불이행,젖음/습기,비,단일로 - 기타,승용,남,19세,상해없음,승용,남,47세,부상신고
2023082400100002,2023년 8월 24일 00시,목요일,부산광역시 금정구 장전동,부상신고사고,0,0,0,1,차량단독 - 기타,안전운전불이행,건조,맑음,교차로 - 교차로부근,승용,남,59세,상해없음,,,,
2023082400100027,2023년 8월 24일 03시,목요일,부산광역시 부산진구 전포동,중상사고,0,1,0,0,차대차 - 추돌,안전운전불이행,젖음/습기,비,교차로 - 교차로안,승용,남,20세,상해없음,승용,남,36세,중상
2023082400100038,2023년 8월 24일 05시,목요일,부산광역시 동래구 사직동,경상사고,0,0,3,0,차대차 - 측면충돌,중앙선침범,젖음/습기,비,교차로 - 교차로횡단보도내,이륜,남,74세,상해없음,승용,남,19세,경상