사고번호,사고일시,요일,시군구,사고내용,사망자수,중상자수,경상자수,부상신고자수,사고유형,법규위반,노면상태,기상상태,도로형태,가해운전자 차종,가해운전자 성별,가해운전자 연령,가해운전자 상해정도,피해운전자 차종,피해운전자 성별,피해운전자 연령,피해운전자 상해정도
2023082400100039,2023년 8월 24일 05시,목요일,부산광역시 사상구 모라동,중상사고,0,2,0,0,차량단독 - 공작물충돌,안전운전불이행,젖음/습기,비,단일로 - 터널,승용,남,73세,중상,,,,
2023082400100050,2023년 8월 24일 06시,목요일,부산광역시 강서구 신호동,경상사고,0,0,1,0,차대차 - 측면충돌,안전운전불이행,젖음/습기,비,교차로 - 교차로부근,화물,남,53세,기타불명,승용,남,67세,경상
2023082400100051,2023년 8월 24일 06시,목요일,부산광역시 사상구 주례동,중상사고,0,1,0,0,차대사람 - 횡단중,안전운전불이행,젖음/습기,비,교차로 - 교차로횡단보도내,승용,남,71세,상해없음,보행자,남,79세,중상
2023082400100072,2023년 8월 24일 07시,목요일,부산광역시 강서구 명지동,경상사고,0,0,2,0,차대차 - 추돌,신호위반,건조,맑음,교차로 - 교차로부근,승용,남,65세,상해없음,승용,남,51세,경상
2023082400100099,2023년 8월 24일 08시,목요일,부산광역시 북구 구포동,중상사고,0,1,0,0,차대사람 - 기타,안전운전불이행,건조,맑음,기타 - 기타,승용,여,43세,상해없음,보행자,남,51세,중상
2023082400100136,2023년 8월 24일 09시,목요일,부산광역시 사상구 주례동,부상신고사고,0,0,0,1,차대차 - 기타,교차로운행방법위반,건조,맑음,교차로 - 교차로안,승용,남,65세,상해없음,이륜,남,18세,부상신고
2023082400100187,2023년 8월 24일 11시,목요일,부산광역시 금정구 부곡동,경상사고,0,0,1,0,차대차 - 측면충돌,안전운전불이행,건조,맑음,교차로 - 교차로안,승용,여,39세,상해없음,이륜,남,41세,경상
2023082400100220,2023년 8월 24일 12시,목요일,부산광역시 동래구 온천동,경상사고,0,0,1,0,차대차 - 측면충돌,안전운전불이행,건조,맑음,단일로 - 기타,승용,남,81세,상해없음,승용,여,23세,경상
2023082400100221,2023년 8월 24일 12시,목요일,부산광역시 강서구 대저1동,중상사고,0,1,0,0,차대차 - 측면충돌,안전거리미확보,건조,맑음,단일로 - 기타,승용,남,71세,상해없음,승용,남,44세,중상
2023082400100353,2023년 8월 24일 16시,목요일,부산광역시 해운대구 우동,중상사고,0,1,2,0,차대차 - 기타,안전운전불이행,젖음/습기,흐림,단일로 - 기타,이륜,남,30세,경상,승용,여,33세,중상
2023082400100354,2023년 8월 24일 16시,목요일,부산광역시 금정구 두구동,경상사고,0,0,2,0,차대차 - 기타,안전운전불이행,젖음/습기,비,교차로 - 교차로안,화물,남,59세,상해없음,승용,남,58세,경상
2023082400100391,2023년 8월 24일 17시,목요일,부산광역시 해운대구 우동,중상사고,0,1,0,0,차대사람 - 횡단중,보행자보호의무위반,건조,맑음,교차로 - 교차로안,자전거,기타불명,미분류,기타불명,보행자,여,24세,중상
2023082400100392,2023년 8월 24일 17시,목요일,부산광역시 해운대구 재송동,경상사고,0,0,1,0,차대차 - 정면충돌,안전운전불이행,건조,맑음,단일로 - 기타,승용,여,49세,상해없음,승용,여,39세,경상
2023082400100393,2023년 8월 24일 17시,목요일,부산광역시 부산진구 부암동,경상사고,0,0,1,0,차대차 - 측면충돌,안전운전불이행,건조,맑음,교차로 - 교차로안,승용,남,74세,상해없음,승용,여,47세,경상
2023082400100394,2023년 8월 24일 17시,목요일,부산광역시 강서구 신호동,경상사고,0,0,4,0,차대차 - 추돌,안전운전불이행,건조,맑음,단일로 - 기타,승용,남,67세,상해없음,승용,남,38세,경상
2023082400100430,2023년 8월 24일 18시,목요일,부산광역시 해운대구 좌동,경상사고,0,0,1,0,차대차 - 측면충돌,안전운전불이행,젖음/습기,비,교차로 - 교차로부근,승용,여,34세,상해없음,승용,여,64세,경상
2023082400100431,2023년 8월 24일 18시,목요일,부산광역시 사하구 장림동,경상사고,0,0,1,0,차대차 - 측면충돌,안전운전불이행,건조,맑음,교차로 - 교차로부근,화물,남,24세,기타불명,승용,여,41세,경상
2023082400100432,2023년 8월 24일 18시,목요일,부산광역시 연제구 연산동,중상사고,0,1,0,0,차대차 - 측면충돌,신호위반,건조,맑음,교차로 - 교차로안,승용,여,55세,상해없음,이륜,남,35세,중상
2023082400100474,2023년 8월 24일 19시,목요일,부산광역시 부산진구 양정동,중상사고,0,1,0,0,차대차 - 기타,신호위반,젖음/습기,비,교차로 - 교차로부근,이륜,남,54세,중상,승용,여,29세,기타불명
2023082400100514,2023년 8월 24일 20시,목요일,부산광역시 동래구 온천동,경상사고,0,0,1,0,차대차 - 기타,안전운전불이행,젖음/습기,비,단일로 - 기타,승용,남,47세,상해없음,승용,여,61세,경상
2023082400100515,2023년 8월 24일 20시,목요일,부산광역시 금정구 장전동,부상신고사고,0,0,0,1,차대차 - 측면충돌,기타,젖음/습기,비,교차로 - 교차로안,승용,여,35세,상해없음,개인형이동수단(PM),남,26세,부상신고
2023082400100516,2023년 8월 24일 20시,목요일,부산광역시 기장군 정관읍,경상사고,0,0,1,0,차대사람 - 횡단중,안전운전불이행,젖음/습기,흐림,교차로 - 교차로부근,승용,남,40세,상해없음,보행자,남,49세,경상
2023082500100003,2023년 8월 25일 00시,금요일,부산광역시 부산진구 부전동,부상신고사고,0,0,0,1,차대사람 - 기타,안전운전불이행,젖음/습기,비,교차로 - 교차로부근,이륜,남,33세,부상신고,보행자,남,54세,상해없음
2023082500100020,2023년 8월 25일 02시,금요일,부산광역시 사상구 주례동,경상사고,0,0,2,0,차대차 - 추돌,안전운전불이행,젖음/습기,흐림,교차로 - 교차로부근,승용,여,34세,상해없음,승용,남,62세,경상
2023082500100104,2023년 8월 25일 08시,금요일,부산광역시 해운대구 좌동,경상사고,0,0,1,0,차대사람 - 횡단중,보행자보호의무위반,건조,맑음,교차로 - 교차로부근,승용,여,55세,상해없음,보행자,여,43세,경상
2023082500100105,2023년 8월 25일 08시,금요일,부산광역시 부산진구 범천동,경상사고,0,0,1,0,차대사람 - 횡단중,보행자보호의무위반,건조,맑음,단일로 - 기타,승용,남,28세,상해없음,보행자,여,66세,경상
2023082500100106,2023년 8월 25일 08시,금요일,부산광역시 부산진구 부암동,중상사고,0,1,0,0,차대차 - 기타,안전운전불이행,건조,맑음,단일로 - 기타,화물,남,61세,상해없음,이륜,남,27세,중상
2023082500100107,2023년 8월 25일 08시,금요일,부산광역시 사상구 모라동,경상사고,0,0,1,0,차대차 - 추돌,안전운전불이행,건조,맑음,교차로 - 교차로부근,승합,남,54세,상해없음,승용,남,39세,경상
2023082500100191,2023년 8월 25일 10시,금요일,부산광역시 동래구 명장동,경상사고,0,0,1,0,차대차 - 기타,교차로운행방법위반,건조,맑음,교차로 - 교차로안,승용,남,68세,상해없음,승용,남,66세,경상
2023082500100192,2023년 8월 25일 10시,금요일,부산광역시 부산진구 개금동,경상사고,0,0,2,0,차대차 - 기타,차로위반,건조,맑음,단일로 - 기타,특수,남,61세,상해없음,승용,여,36세,경상
2023082500100227,2023년 8월 25일 11시,금요일,부산광역시 남구 대연동,경상사고,0,0,1,0,차대차 - 측면충돌,안전운전불이행,건조,맑음,단일로 - 기타,이륜,남,19세,상해없음,승용,남,54세,상해없음
2023082500100293,2023년 8월 25일 13시,금요일,부산광역시 남구 용호동,경상사고,0,0,1,0,차대사람 - 차도통행중,안전운전불이행,건조,맑음,단일로 - 기타,승용,남,51세,상해없음,보행자,남,12세,경상
2023082500100341,2023년 8월 25일 14시,금요일,부산광역시 중구 남포동6가,경상사고,0,0,1,0,차대사람 - 기타,안전운전불이행,건조,맑음,단일로 - 기타,승용,남,62세,상해없음,보행자,남,42세,경상
2023082500100385,2023년 8월 25일 15시,금요일,부산광역시 해운대구 좌동,경상사고,0,0,1,0,차대차 - 측면충돌,직진우회전진행방해,건조,맑음,기타 - 기타,승용,남,54세,상해없음,승용,여,55세,경상
2023082500100386,2023년 8월 25일 15시,금요일,부산광역시 금정구 구서동,경상사고,0,0,1,0,차대사람 - 기타,신호위반,건조,맑음,교차로 - 교차로횡단보도내,화물,남,67세,상해없음,보행자,여,39세,경상
2023082500100387,2023년 8월 25일 15시,금요일,부산광역시 금정구 금사동,중상사고,0,1,0,0,차대사람 - 기타,안전운전불이행,건조,맑음,교차로 - 교차로안,화물,남,57세,상해없음,보행자,남,81세,중상
2023082500100388,2023년 8월 25일 15시,금요일,부산광역시 강서구 대저2동,경상사고,0,0,1,0,차대차 - 측면충돌,안전운전불이행,건조,맑음,교차로 - 교차로부근,이륜,남,57세,상해없음,자전거,남,39세,경상
2023082500100389,2023년 8월 25일 15시,금요일,부산광역시 사상구 주례동,경상사고,0,0,1,0,차대사람 - 횡단중,보행자보호의무위반,건조,맑음,단일로 - 기타,승용,여,74세,상해없음,보행자,남,79세,경상
2023082500100453,2023년 8월 25일 16시,금요일,부산광역시 동래구 명장동,중상사고,0,1,0,0,차대사람 - 횡단중,신호위반,건조,맑음,교차로 - 교차로횡단보도내,승용,여,71세,상해없음,보행자,여,45세,중상
2023082500100454,2023년 8월 25일 16시,금요일,부산광역시 해운대구 반여동,부상신고사고,0,0,0,1,차대사람 - 기타,안전운전불이행,건조,맑음,단일로 - 기타,승용,여,49세,상해없음,보행자,여,12세,부상신고
2023082500100455,2023년 8월 25일 16시,금요일,부산광역시 부산진구 부전동,경상사고,0,0,1,0,차량단독 - 기타,안전운전불이행,건조,맑음,교차로 - 교차로부근,승합,남,52세,상해없음,,,,
2023082500100456,2023년 8월 25일 16시,금요일,부산광역시 수영구 망미동,경상사고,0,0,1,0,차대차 - 추돌,안전운전불이행,건조,맑음,교차로 - 교차로부근,승용,여,65세,상해없음,승용,남,42세,경상
2023082500100504,2023년 8월 25일 17시,금요일,부산광역시 동구 범일동,경상사고,0,0,1,0,차대차 - 기타,안전거리미확보,건조,맑음,단일로 - 기타,승용,남,70세,상해없음,승용,남,64세,상해없음
2023082500100505,2023년 8월 25일 17시,금요일,부산광역시 해운대구 재송동,중상사고,0,1,0,0,차대차 - 측면충돌,신호위반,건조,맑음,교차로 - 교차로안,승합,남,66세,상해없음,이륜,남,52세,중상
2023082500100506,2023년 8월 25일 17시,금요일,부산광역시 사하구 하단동,경상사고,0,0,1,1,차대차 - 추돌,안전운전불이행,건조,맑음,단일로 - 기타,승용,남,30세,경상,승용,남,29세,부상신고
2023082500100580,2023년 8월 25일 18시,금요일,부산광역시 중구 중앙동2가,경상사고,0,0,2,0,차대차 - 측면충돌,안전거리미확보,건조,맑음,교차로 - 교차로부근,승용,여,64세,상해없음,승용,여,39세,경상
2023082500100581,2023년 8월 25일 18시,금요일,부산광역시 동래구 낙민동,경상사고,0,0,1,0,차대차 - 후진중충돌,불법유턴,건조,맑음,교차로 - 교차로부근,화물,남,77세,상해없음,승용,남,32세,경상
2023082500100582,2023년 8월 25일 18시,금요일,부산광역시 금정구 오륜동,경상사고,0,0,1,0,차대차 - 측면충돌,안전거리미확보,건조,맑음,단일로 - 기타,승용,여,50세,상해없음,승용,여,64세,경상
2023082500100677,2023년 8월 25일 20시,금요일,부산광역시 사하구 괴정동,경상사고,0,0,1,0,차대차 - 측면충돌,안전운전불이행,건조,맑음,기타 - 기타,승용,남,73세,상해없음,승용,여,42세,경상
2023082500100715,2023년 8월 25일 21시,금요일,부산광역시 서구 충무동1가,경상사고,0,0,1,0,차대차 - 측면충돌,안전거리미확보,건조,맑음,교차로 - 교차로안,승용,남,51세,상해없음,승용,남,24세,경상
2023082500100716,2023년 8월 25일 21시,금요일,부산광역시 사상구 주례동,부상신고사고,0,0,0,1,차대사람 - 차도통행중,안전운전불이행,건조,맑음,교차로 - 교차로부근,승용,남,48세,상해없음,보행자,남,73세,부상신고
2023082500100741,2023년 8월 25일 22시,금요일,부산광역시 수영구 광안동,중상사고,0,1,2,0,차대차 - 측면충돌,신호위반,건조,맑음,교차로 - 교차로안,승용,여,53세,기타불명,승용,남,43세,경상
2023082600100004,2023년 8월 26일 00시,토요일,부산광역시 연제구 연산동,중상사고,0,1,0,1,차대차 - 기타,교차로운행방법위반,건조,맑음,교차로 - 교차로안,이륜,남,36세,중상,승용,남,65세,부상신고
2023082600100020,2023년 8월 26일 01시,토요일,부산광역시 사하구 하단동,경상사고,0,0,1,0,차대사람 - 횡단중,신호위반,건조,맑음,교차로 - 교차로횡단보도내,승용,남,66세,상해없음,보행자,남,27세,경상
2023082600100034,2023년 8월 26일 02시,토요일,부산광역시 동래구 칠산동,경상사고,0,0,1,0,차대차 - 기타,신호위반,건조,맑음,교차로 - 교차로안,원동기,남,16세,상해없음,승용,남,44세,상해없음
2023082600100053,2023년 8월 26일 05시,토요일,부산광역시 사상구 삼락동,사망사고,1,0,0,0,차대사람 - 차도통행중,안전운전불이행,건조,맑음,교차로 - 교차로안,화물,남,57세,상해없음,보행자,남,81세,사망
2023082600100094,2023년 8월 26일 08시,토요일,부산광역시 동구 초량동,경상사고,0,0,3,0,차대차 - 측면충돌,안전운전불이행,건조,맑음,단일로 - 기타,승용,남,81세,상해없음,승용,남,26세,경상
2023082600100095,2023년 8월 26일 08시,토요일,부산광역시 사하구 장림동,경상사고,0,0,1,0,차대차 - 측면충돌,안전거리미확보,건조,맑음,교차로 - 교차로부근,승용,여,60세,상해없음,승용,남,28세,경상
2023082600100122,2023년 8월 26일 09시,토요일,부산광역시 동래구 명장동,경상사고,0,0,3,0,차대차 - 기타,안전운전불이행,건조,맑음,단일로 - 기타,승용,여,36세,경상,승용,남,62세,경상
2023082600100154,2023년 8월 26일 10시,토요일,부산광역시 동래구 사직동,경상사고,0,0,1,0,차대차 - 측면충돌,안전운전불이행,건조,맑음,단일로 - 기타,화물,남,47세,상해없음,승용,여,50세,경상
2023082600100188,2023년 8월 26일 11시,토요일,부산광역시 서구 아미동1가,경상사고,0,0,1,0,차대사람 - 횡단중,안전운전불이행,건조,맑음,교차로 - 교차로안,승용,남,45세,상해없음,보행자,여,58세,경상
2023082600100189,2023년 8월 26일 11시,토요일,부산광역시 연제구 거제동,경상사고,0,0,1,0,차대사람 - 길가장자리구역통행중,안전운전불이행,건조,맑음,단일로 - 기타,이륜,남,69세,기타불명,보행자,여,29세,경상
2023082600100190,2023년 8월 26일 11시,토요일,부산광역시 연제구 연산동,부상신고사고,0,0,0,1,차대차 - 기타,차로위반,건조,맑음,단일로 - 기타,화물,남,75세,상해없음,승합,남,49세,상해없음
2023082600100191,2023년 8월 26일 11시,토요일,부산광역시 금정구 선동,경상사고,0,0,3,0,차대차 - 추돌,안전거리미확보,건조,맑음,단일로 - 기타,승용,남,25세,상해없음,승용,남,40세,경상
2023082600100236,2023년 8월 26일 12시,토요일,부산광역시 수영구 민락동,경상사고,0,0,3,0,차대차 - 기타,안전운전불이행,건조,맑음,단일로 - 기타,승용,남,72세,상해없음,승용,남,32세,경상
2023082600100237,2023년 8월 26일 12시,토요일,부산광역시 부산진구 가야동,경상사고,0,0,2,0,차대차 - 기타,중앙선침범,건조,맑음,단일로 - 기타,승용,여,53세,상해없음,승용,남,65세,상해없음
2023082600100238,2023년 8월 26일 12시,토요일,부산광역시 북구 덕천동,경상사고,0,0,1,0,차대차 - 측면충돌,차로위반,건조,맑음,단일로 - 기타,승용,남,66세,상해없음,승용,여,40세,경상
2023082600100284,2023년 8월 26일 13시,토요일,부산광역시 부산진구 부암동,경상사고,0,0,1,0,차대차 - 후진중충돌,안전운전불이행,건조,맑음,기타 - 기타,승용,남,35세,상해없음,승용,여,33세,경상
2023082600100285,2023년 8월 26일 13시,토요일,부산광역시 금정구 회동동,경상사고,0,0,3,0,차대차 - 추돌,안전운전불이행,건조,맑음,기타 - 기타,화물,남,62세,경상,승용,남,44세,경상
2023082600100355,2023년 8월 26일 15시,토요일,부산광역시 부산진구 범천동,경상사고,0,0,1,0,차대차 - 기타,안전운전불이행,건조,맑음,교차로 - 교차로안,이륜,남,53세,경상,승용,남,32세,상해없음
2023082600100356,2023년 8월 26일 15시,토요일,부산광역시 부산진구 전포동,경상사고,0,0,1,0,차대차 - 기타,안전거리미확보,건조,맑음,교차로 - 교차로부근,승용,남,60세,상해없음,이륜,남,27세,경상
2023082600100403,2023년 8월 26일 16시,토요일,부산광역시 중구 남포동1가,부상신고사고,0,0,0,1,차대차 - 기타,차로위반,건조,맑음,단일로 - 기타,승용,남,57세,상해없음,승합,남,34세,상해없음
2023082600100404,2023년 8월 26일 16시,토요일,부산광역시 서구 부용동2가,경상사고,0,0,1,0,차대차 - 측면충돌,교차로운행방법위반,건조,맑음,교차로 - 교차로안,승용,남,64세,기타불명,승용,남,67세,경상
2023082600100405,2023년 8월 26일 16시,토요일,부산광역시 해운대구 반여동,중상사고,0,1,0,0,차대차 - 기타,안전거리미확보,건조,맑음,단일로 - 기타,이륜,남,33세,중상,화물,남,63세,상해없음
2023082600100406,2023년 8월 26일 16시,토요일,부산광역시 기장군 일광읍,경상사고,0,0,1,0,차대차 - 측면충돌,차로위반,건조,맑음,교차로 - 교차로부근,승용,여,47세,상해없음,승용,남,59세,경상
2023082600100446,2023년 8월 26일 17시,토요일,부산광역시 금정구 부곡동,경상사고,0,0,1,0,차대차 - 측면충돌,안전운전불이행,건조,맑음,단일로 - 기타,승용,여,49세,상해없음,승용,여,65세,경상
2023082600100473,2023년 8월 26일 18시,토요일,부산광역시 동래구 수안동,경상사고,0,0,1,0,차대차 - 기타,안전거리미확보,건조,맑음,단일로 - 지하차도(도로)내,화물,남,59세,상해없음,승용,남,43세,경상
2023082600100474,2023년 8월 26일 18시,토요일,부산광역시 사상구 주례동,중상사고,0,1,0,0,차대사람 - 보도통행중,기타,건조,맑음,단일로 - 기타,이륜,남,42세,기타불명,보행자,여,53세,중상
2023082600100540,2023년 8월 26일 20시,토요일,부산광역시 부산진구 초읍동,경상사고,0,0,1,0,차대사람 - 기타,보행자보호의무위반,건조,맑음,교차로 - 교차로횡단보도내,승용,여,70세,상해없음,보행자,여,71세,경상
2023082600100541,2023년 8월 26일 20시,토요일,부산광역시 부산진구 부전동,경상사고,0,0,2,0,차대차 - 측면충돌,안전거리미확보,건조,맑음,교차로 - 교차로안,승용,남,29세,경상,승용,남,37세,경상
2023082600100567,2023년 8월 26일 21시,토요일,부산광역시 남구 대연동,중상사고,0,1,0,0,차대차 - 측면충돌,신호위반,건조,맑음,교차로 - 교차로안,이륜,여,26세,중상,승용,남,54세,상해없음
2023082600100588,2023년 8월 26일 22시,토요일,부산광역시 남구 대연동,중상사고,0,1,0,0,차대차 - 측면충돌,안전운전불이행,건조,맑음,단일로 - 기타,자전거,남,42세,중상,이륜,남,29세,상해없음
2023082600100589,2023년 8월 26일 22시,토요일,부산광역시 수영구 민락동,경상사고,0,0,1,0,차대차 - 추돌,안전운전불이행,건조,맑음,교차로 - 교차로부근,자전거,여,25세,상해없음,승용,남,56세,상해없음
2023082600100590,2023년 8월 26일 22시,토요일,부산광역시 부산진구 범전동,경상사고,0,0,1,0,차대차 - 기타,안전거리미확보,건조,맑음,기타 - 기타,승용,남,70세,상해없음,이륜,남,42세,경상
2023082700100025,2023년 8월 27일 02시,일요일,부산광역시 수영구 광안동,중상사고,0,1,0,0,차대차 - 기타,교차로운행방법위반,건조,맑음,교차로 - 교차로안,승합,남,68세,상해없음,승용,남,69세,상해없음
2023082700100026,2023년 8월 27일 02시,일요일,부산광역시 동래구 명장동,경상사고,0,0,1,0,차대차 - 정면충돌,신호위반,건조,맑음,교차로 - 교차로안,승용,남,24세,상해없음,승용,남,50세,경상
2023082700100027,2023년 8월 27일 02시,일요일,부산광역시 부산진구 전포동,경상사고,0,0,1,0,차대차 - 추돌,안전운전불이행,건조,맑음,교차로 - 교차로부근,승용,남,68세,상해없음,승용,남,67세,상해없음
2023082700100028,2023년 8월 27일 02시,일요일,부산광역시 강서구 신호동,사망사고,1,0,0,0,차량단독 - 기타,안전운전불이행,건조,맑음,단일로 - 기타,이륜,남,31세,사망,,,,
2023082700100113,2023년 8월 27일 10시,일요일,부산광역시 수영구 남천동,경상사고,0,0,1,0,차대차 - 기타,안전운전불이행,건조,맑음,단일로 - 기타,승용,남,40세,상해없음,원동기,남,50세,경상
2023082700100114,2023년 8월 27일 10시,일요일,부산광역시 영도구 동삼동,경상사고,0,0,1,0,차대차 - 측면충돌,교차로운행방법위반,건조,맑음,교차로 - 교차로안,승용,여,51세,상해없음,승용,남,38세,경상
2023082700100138,2023년 8월 27일 11시,일요일,부산광역시 기장군 기장읍,중상사고,0,1,2,0,차대차 - 측면충돌,안전운전불이행,건조,맑음,단일로 - 기타,원동기,남,51세,상해없음,승용,남,31세,경상
2023082700100205,2023년 8월 27일 13시,일요일,부산광역시 중구 대청동1가,경상사고,0,0,5,0,차대차 - 측면충돌,차로위반,건조,맑음,단일로 - 기타,승용,여,23세,경상,승용,남,63세,경상
2023082700100206,2023년 8월 27일 13시,일요일,부산광역시 금정구 구서동,경상사고,0,0,4,0,차대차 - 측면충돌,교차로운행방법위반,건조,맑음,교차로 - 교차로안,승용,여,49세,경상,승용,남,48세,경상
2023082700100229,2023년 8월 27일 14시,일요일,부산광역시 기장군 철마면,경상사고,0,0,1,0,차대차 - 측면충돌,안전거리미확보,건조,맑음,단일로 - 기타,승용,남,67세,상해없음,자전거,남,56세,경상
2023082700100345,2023년 8월 27일 18시,일요일,부산광역시 해운대구 반여동,경상사고,0,0,1,0,차대사람 - 횡단중,보행자보호의무위반,건조,맑음,교차로 - 교차로횡단보도내,승용,여,63세,상해없음,보행자,여,54세,경상
2023082700100346,2023년 8월 27일 18시,일요일,부산광역시 금정구 서동,경상사고,0,0,1,0,차대차 - 측면충돌,안전운전불이행,건조,맑음,교차로 - 교차로부근,승용,남,73세,상해없음,승용,남,49세,상해없음
2023082700100347,2023년 8월 27일 18시,일요일,부산광역시 강서구 명지동,중상사고,0,1,1,0,차대차 - 기타,신호위반,건조,맑음,교차로 - 교차로안,이륜,남,41세,중상,승용,여,34세,경상
2023082700100373,2023년 8월 27일 19시,일요일,부산광역시 중구 남포동4가,경상사고,0,0,2,0,차대차 - 기타,기타,건조,맑음,단일로 - 기타,이륜,남,63세,상해없음,승용,남,57세,경상
2023082700100374,2023년 8월 27일 19시,일요일,부산광역시 서구 충무동1가,경상사고,0,0,1,0,차대사람 - 횡단중,안전운전불이행,건조,기타,단일로 - 기타,승용,여,54세,상해없음,보행자,남,77세,경상
2023082700100403,2023년 8월 27일 20시,일요일,부산광역시 부산진구 양정동,경상사고,0,0,1,0,차대차 - 기타,교차로운행방법위반,건조,맑음,교차로 - 교차로안,승용,남,38세,상해없음,원동기,남,25세,경상
2023082700100404,2023년 8월 27일 20시,일요일,부산광역시 금정구 부곡동,중상사고,0,1,0,0,차대차 - 측면충돌,신호위반,건조,맑음,단일로 - 기타,승용,남,26세,상해없음,이륜,남,24세,중상
2023082700100405,2023년 8월 27일 20시,일요일,부산광역시 기장군 정관읍,경상사고,0,0,1,0,차대차 - 측면충돌,안전운전불이행,건조,흐림,교차로 - 교차로안,승용,여,62세,상해없음,이륜,남,30세,경상
2023082700100453,2023년 8월 27일 23시,일요일,부산광역시 동구 초량동,중상사고,0,1,1,0,차대차 - 측면충돌,신호위반,건조,흐림,교차로 - 교차로안,승용,남,29세,상해없음,승용,남,70세,경상
2023082800100026,2023년 8월 28일 05시,월요일,부산광역시 부산진구 부전동,경상사고,0,0,2,0,차대차 - 추돌,안전운전불이행,건조,맑음,교차로 - 교차로안,승용,남,70세,상해없음,승용,남,66세,경상
2023082800100060,2023년 8월 28일 07시,월요일,부산광역시 부산진구 연지동,경상사고,0,0,1,0,차대차 - 측면충돌,신호위반,건조,맑음,교차로 - 교차로안,승용,여,60세,기타불명,승용,여,50세,경상
2023082800100089,2023년 8월 28일 08시,월요일,부산광역시 북구 화명동,경상사고,0,0,1,0,차대차 - 기타,안전운전불이행,건조,맑음,기타 - 기타,화물,남,61세,상해없음,승용,남,33세,경상
2023082800100090,2023년 8월 28일 08시,월요일,부산광역시 동래구 온천동,경상사고,0,0,1,0,차대차 - 추돌,안전운전불이행,건조,맑음,단일로 - 지하차도(도로)내,승용,남,53세,상해없음,승용,여,50세,경상
2023082800100147,2023년 8월 28일 09시,월요일,부산광역시 서구 아미동2가,중상사고,0,1,1,0,차대차 - 측면충돌,안전운전불이행,건조,맑음,교차로 - 교차로안,화물,남,24세,상해없음,승용,남,68세,중상
2023082800100148,2023년 8월 28일 09시,월요일,부산광역시 수영구 광안동,중상사고,0,1,0,0,차대차 - 기타,교차로운행방법위반,건조,맑음,교차로 - 교차로안,승용,남,24세,상해없음,자전거,남,50세,중상
2023082800100149,2023년 8월 28일 09시,월요일,부산광역시 동래구 온천동,경상사고,0,0,1,0,차대사람 - 기타,안전운전불이행,건조,맑음,교차로 - 교차로횡단보도내,화물,남,49세,상해없음,보행자,남,79세,경상
2023082800100150,2023년 8월 28일 09시,월요일,부산광역시 사하구 신평동,경상사고,0,0,1,0,차대차 - 추돌,안전운전불이행,건조,맑음,단일로 - 기타,승용,남,65세,상해없음,승용,남,45세,경상
2023082800100151,2023년 8월 28일 09시,월요일,부산광역시 연제구 연산동,부상신고사고,0,0,0,1,차대사람 - 길가장자리구역통행중,안전운전불이행,건조,맑음,단일로 - 기타,승용,여,55세,상해없음,보행자,여,25세,부상신고
2023082800100189,2023년 8월 28일 10시,월요일,부산광역시 사상구 감전동,경상사고,0,0,2,0,차대차 - 측면충돌,교차로운행방법위반,건조,맑음,교차로 - 교차로안,승용,여,70세,상해없음,이륜,여,65세,경상
2023082800100252,2023년 8월 28일 12시,월요일,부산광역시 서구 암남동,경상사고,0,0,1,0,차대사람 - 횡단중,안전운전불이행,건조,맑음,기타 - 기타,승용,여,57세,상해없음,보행자,여,41세,경상
2023082800100253,2023년 8월 28일 12시,월요일,부산광역시 부산진구 범천동,경상사고,0,0,1,0,차대사람 - 차도통행중,안전운전불이행,건조,맑음,교차로 - 교차로안,승용,남,56세,상해없음,보행자,남,62세,경상
2023082800100280,2023년 8월 28일 13시,월요일,부산광역시 수영구 광안동,경상사고,0,0,1,0,차대차 - 측면충돌,안전운전불이행,건조,맑음,교차로 - 교차로안,화물,남,52세,상해없음,승용,남,31세,경상
2023082800100316,2023년 8월 28일 14시,월요일,부산광역시 부산진구 부전동,경상사고,0,0,1,0,차대차 - 기타,신호위반,건조,맑음,단일로 - 기타,승용,남,57세,상해없음,승합,남,45세,상해없음
2023082800100317,2023년 8월 28일 14시,월요일,부산광역시 연제구 연산동,중상사고,0,1,0,0,차대사람 - 횡단중,교차로운행방법위반,건조,맑음,교차로 - 교차로안,화물,남,70세,상해없음,보행자,남,80세,중상
2023082800100345,2023년 8월 28일 15시,월요일,부산광역시 사하구 신평동,경상사고,0,0,2,0,차대차 - 추돌,신호위반,건조,맑음,교차로 - 교차로안,화물,남,44세,상해없음,승용,남,71세,경상
2023082800100378,2023년 8월 28일 16시,월요일,부산광역시 남구 문현동,경상사고,0,0,1,0,차대차 - 기타,신호위반,건조,맑음,교차로 - 교차로안,승용,남,75세,상해없음,승용,여,46세,경상
2023082800100379,2023년 8월 28일 16시,월요일,부산광역시 해운대구 우동,경상사고,0,0,1,0,차대차 - 측면충돌,신호위반,건조,맑음,교차로 - 교차로부근,화물,남,61세,상해없음,이륜,남,27세,경상
2023082800100380,2023년 8월 28일 16시,월요일,부산광역시 해운대구 중동,중상사고,0,1,0,0,차대차 - 추돌,안전운전불이행,건조,맑음,단일로 - 기타,승용,남,66세,상해없음,승용,여,49세,중상