사고번호,사고일시,요일,시군구,사고내용,사망자수,중상자수,경상자수,부상신고자수,사고유형,법규위반,노면상태,기상상태,도로형태,가해운전자 차종,가해운전자 성별,가해운전자 연령,가해운전자 상해정도,피해운전자 차종,피해운전자 성별,피해운전자 연령,피해운전자 상해정도
2023082800100381,2023년 8월 28일 16시,월요일,부산광역시 연제구 거제동,경상사고,0,0,1,0,차대차 - 기타,안전거리미확보,건조,맑음,단일로 - 기타,승용,여,36세,상해없음,화물,남,48세,경상
2023082800100382,2023년 8월 28일 16시,월요일,부산광역시 강서구 대저1동,부상신고사고,0,0,0,1,차대사람 - 기타,안전운전불이행,건조,맑음,단일로 - 기타,승용,여,50세,상해없음,보행자,남,9세,부상신고
2023082800100383,2023년 8월 28일 16시,월요일,부산광역시 사상구 학장동,경상사고,0,0,1,0,차대차 - 정면충돌,안전운전불이행,건조,맑음,단일로 - 기타,승용,남,58세,기타불명,화물,남,47세,경상
2023082800100427,2023년 8월 28일 17시,월요일,부산광역시 동래구 안락동,경상사고,0,0,1,0,차대사람 - 횡단중,보행자보호의무위반,건조,맑음,교차로 - 교차로안,승용,남,63세,상해없음,보행자,남,12세,경상
2023082800100428,2023년 8월 28일 17시,월요일,부산광역시 동래구 명장동,경상사고,0,0,1,0,차대사람 - 횡단중,보행자보호의무위반,건조,맑음,교차로 - 교차로안,승합,남,33세,상해없음,보행자,남,13세,경상
2023082800100429,2023년 8월 28일 17시,월요일,부산광역시 금정구 남산동,경상사고,0,0,1,0,차대차 - 기타,안전운전불이행,건조,맑음,교차로 - 교차로부근,화물,남,66세,상해없음,승용,여,58세,경상
2023082800100478,2023년 8월 28일 18시,월요일,부산광역시 중구 중앙동4가,중상사고,0,1,1,0,차대차 - 측면충돌,안전운전불이행,건조,맑음,교차로 - 교차로안,특수,남,64세,상해없음,승용,여,68세,중상
2023082800100479,2023년 8월 28일 18시,월요일,부산광역시 남구 문현동,중상사고,0,1,0,0,차대차 - 측면충돌,기타,건조,맑음,교차로 - 교차로부근,승합,남,58세,상해없음,승용,여,35세,중상
2023082800100480,2023년 8월 28일 18시,월요일,부산광역시 동래구 안락동,경상사고,0,0,1,0,차대차 - 기타,안전거리미확보,건조,맑음,단일로 - 기타,승용,여,27세,상해없음,승용,여,32세,경상
2023082800100481,2023년 8월 28일 18시,월요일,부산광역시 해운대구 우동,경상사고,0,0,1,0,차대차 - 측면충돌,교차로운행방법위반,건조,맑음,교차로 - 교차로안,승용,여,30세,상해없음,이륜,남,24세,경상
2023082800100482,2023년 8월 28일 18시,월요일,부산광역시 부산진구 개금동,경상사고,0,0,2,0,차대차 - 기타,안전거리미확보,건조,맑음,기타 - 기타,승합,남,63세,상해없음,이륜,남,30세,경상
2023082800100515,2023년 8월 28일 19시,월요일,부산광역시 영도구 청학동,경상사고,0,0,1,0,차대차 - 정면충돌,중앙선침범,건조,맑음,단일로 - 기타,이륜,남,62세,상해없음,이륜,남,46세,경상
2023082800100516,2023년 8월 28일 19시,월요일,부산광역시 해운대구 우동,경상사고,0,0,2,0,차대차 - 측면충돌,안전운전불이행,건조,맑음,교차로 - 교차로안,승용,여,66세,경상,승용,남,30세,경상
2023082800100535,2023년 8월 28일 20시,월요일,부산광역시 동구 초량동,경상사고,0,0,1,0,차대사람 - 보도통행중,신호위반,건조,맑음,교차로 - 교차로횡단보도내,승용,남,49세,상해없음,보행자,남,31세,경상
2023082800100536,2023년 8월 28일 20시,월요일,부산광역시 부산진구 부전동,중상사고,0,1,0,0,차대사람 - 기타,안전운전불이행,건조,맑음,단일로 - 기타,승용,여,55세,상해없음,보행자,여,53세,중상
2023082800100537,2023년 8월 28일 20시,월요일,부산광역시 사하구 감천동,경상사고,0,0,1,0,차대차 - 측면충돌,안전거리미확보,건조,맑음,기타 - 기타,승용,남,62세,상해없음,승용,남,25세,경상
2023082800100538,2023년 8월 28일 20시,월요일,부산광역시 연제구 연산동,경상사고,0,0,1,0,차대차 - 기타,안전거리미확보,젖음/습기,흐림,단일로 - 기타,승용,남,23세,상해없음,이륜,남,39세,경상
2023082800100587,2023년 8월 28일 22시,월요일,부산광역시 동구 초량동,경상사고,0,0,1,0,차량단독 - 기타,안전거리미확보,건조,맑음,단일로 - 기타,승합,남,42세,상해없음,,,,
2023082800100588,2023년 8월 28일 22시,월요일,부산광역시 강서구 대저2동,경상사고,0,0,1,0,차대차 - 측면충돌,안전거리미확보,건조,맑음,단일로 - 기타,승용,남,66세,상해없음,승용,남,50세,경상
2023082900100022,2023년 8월 29일 03시,화요일,부산광역시 부산진구 초읍동,중상사고,0,1,0,0,차대사람 - 기타,안전운전불이행,건조,맑음,단일로 - 기타,승용,남,62세,상해없음,보행자,여,59세,중상
2023082900100029,2023년 8월 29일 05시,화요일,부산광역시 동구 초량동,경상사고,0,0,1,0,차대차 - 측면충돌,안전거리미확보,건조,맑음,단일로 - 지하차도(도로)내,승용,남,70세,상해없음,승용,남,51세,경상
2023082900100077,2023년 8월 29일 08시,화요일,부산광역시 동구 초량동,경상사고,0,0,1,0,차대차 - 측면충돌,직진우회전진행방해,건조,맑음,교차로 - 교차로안,승용,남,58세,상해없음,승합,남,53세,상해없음
2023082900100078,2023년 8월 29일 08시,화요일,부산광역시 남구 감만동,경상사고,0,0,2,0,차대차 - 기타,교차로운행방법위반,건조,맑음,교차로 - 교차로안,화물,여,63세,경상,특수,남,66세,경상
2023082900100079,2023년 8월 29일 08시,화요일,부산광역시 북구 만덕동,경상사고,0,0,1,0,차대차 - 정면충돌,안전운전불이행,건조,맑음,교차로 - 교차로안,승용,남,36세,상해없음,승용,남,67세,상해없음
2023082900100120,2023년 8월 29일 09시,화요일,부산광역시 중구 남포동6가,경상사고,0,0,1,0,차대차 - 측면충돌,안전거리미확보,건조,맑음,단일로 - 기타,승용,남,56세,상해없음,승용,여,38세,경상
2023082900100121,2023년 8월 29일 09시,화요일,부산광역시 수영구 망미동,경상사고,0,0,1,0,차대차 - 기타,차로위반,건조,맑음,교차로 - 교차로부근,승용,여,59세,상해없음,승용,남,33세,경상
2023082900100152,2023년 8월 29일 10시,화요일,부산광역시 남구 대연동,경상사고,0,0,1,0,차대차 - 추돌,안전거리미확보,건조,맑음,단일로 - 터널,특수,남,69세,상해없음,승용,남,35세,경상
2023082900100153,2023년 8월 29일 10시,화요일,부산광역시 사하구 다대동,중상사고,0,1,0,0,차대차 - 기타,기타,건조,맑음,단일로 - 기타,화물,남,40세,기타불명,화물,남,56세,중상
2023082900100184,2023년 8월 29일 11시,화요일,부산광역시 연제구 연산동,경상사고,0,0,1,0,차대사람 - 횡단중,안전운전불이행,건조,맑음,단일로 - 기타,화물,남,47세,상해없음,보행자,남,12세,경상
2023082900100221,2023년 8월 29일 12시,화요일,부산광역시 수영구 남천동,경상사고,0,0,1,0,차대차 - 측면충돌,기타,건조,맑음,교차로 - 교차로부근,이륜,남,74세,기타불명,승용,여,49세,경상
2023082900100222,2023년 8월 29일 12시,화요일,부산광역시 북구 만덕동,경상사고,0,0,1,0,차대차 - 추돌,안전운전불이행,젖음/습기,비,단일로 - 기타,승용,남,29세,상해없음,승용,남,21세,경상
2023082900100223,2023년 8월 29일 12시,화요일,부산광역시 동래구 명장동,경상사고,0,0,1,0,차대차 - 측면충돌,신호위반,건조,맑음,교차로 - 교차로안,승용,남,30세,상해없음,승용,남,43세,경상
2023082900100224,2023년 8월 29일 12시,화요일,부산광역시 해운대구 송정동,중상사고,0,2,0,0,차대차 - 측면충돌,교차로운행방법위반,젖음/습기,흐림,교차로 - 교차로안,승용,남,68세,상해없음,승용,여,42세,중상
2023082900100260,2023년 8월 29일 13시,화요일,부산광역시 수영구 망미동,중상사고,0,1,0,0,차대사람 - 기타,안전운전불이행,건조,맑음,단일로 - 기타,승용,여,50세,상해없음,보행자,여,61세,중상
2023082900100289,2023년 8월 29일 14시,화요일,부산광역시 금정구 부곡동,중상사고,0,1,0,0,차대사람 - 차도통행중,안전운전불이행,젖음/습기,흐림,단일로 - 기타,승용,여,56세,상해없음,보행자,남,56세,중상
2023082900100355,2023년 8월 29일 16시,화요일,부산광역시 동구 초량동,중상사고,0,1,0,0,차대사람 - 기타,안전운전불이행,젖음/습기,비,단일로 - 기타,승용,여,23세,상해없음,보행자,여,60세,중상
2023082900100356,2023년 8월 29일 16시,화요일,부산광역시 강서구 송정동,경상사고,0,0,3,0,차대차 - 정면충돌,신호위반,젖음/습기,비,교차로 - 교차로안,승용,남,45세,상해없음,승용,남,63세,경상
2023082900100393,2023년 8월 29일 17시,화요일,부산광역시 수영구 광안동,중상사고,0,1,0,0,차량단독 - 기타,안전운전불이행,젖음/습기,비,교차로 - 교차로부근,승합,남,41세,상해없음,,,,
2023082900100495,2023년 8월 29일 19시,화요일,부산광역시 북구 구포동,경상사고,0,0,2,0,차대차 - 기타,안전운전불이행,건조,맑음,단일로 - 기타,승용,남,53세,경상,승용,남,58세,경상
2023082900100496,2023년 8월 29일 19시,화요일,부산광역시 금정구 구서동,사망사고,1,0,0,0,차량단독 - 도로외이탈 - 기타,안전운전불이행,젖음/습기,비,단일로 - 기타,승합,남,65세,사망,,,,
2023082900100497,2023년 8월 29일 19시,화요일,부산광역시 사하구 하단동,경상사고,0,0,2,0,차대차 - 추돌,안전운전불이행,건조,맑음,단일로 - 기타,승용,남,59세,상해없음,승용,여,50세,경상
2023082900100534,2023년 8월 29일 20시,화요일,부산광역시 동래구 온천동,경상사고,0,0,1,0,차대차 - 측면충돌,안전운전불이행,젖음/습기,흐림,교차로 - 교차로부근,승용,남,59세,상해없음,승용,여,41세,경상
2023082900100558,2023년 8월 29일 21시,화요일,부산광역시 북구 화명동,경상사고,0,0,1,0,차대차 - 측면충돌,차로위반,건조,맑음,교차로 - 교차로부근,승용,남,59세,상해없음,승용,남,40세,경상
2023082900100559,2023년 8월 29일 21시,화요일,부산광역시 해운대구 우동,경상사고,0,0,1,0,차대차 - 측면충돌,안전운전불이행,건조,맑음,단일로 - 기타,승용,남,64세,상해없음,승용,남,25세,경상
2023082900100560,2023년 8월 29일 21시,화요일,부산광역시 강서구 명지동,경상사고,0,0,1,0,차대차 - 추돌,안전운전불이행,건조,맑음,단일로 - 기타,승용,남,47세,상해없음,승용,남,50세,경상
2023082900100569,2023년 8월 29일 22시,화요일,부산광역시 동구 초량동,중상사고,0,1,0,0,차대차 - 기타,교차로운행방법위반,건조,맑음,교차로 - 교차로안,승용,남,67세,상해없음,승용,남,68세,상해없음
2023083000100019,2023년 8월 30일 01시,수요일,부산광역시 동래구 온천동,중상사고,0,2,0,0,차대차 - 측면충돌,안전운전불이행,건조,맑음,단일로 - 기타,이륜,남,33세,중상,승용,남,68세,상해없음
2023083000100060,2023년 8월 30일 06시,수요일,부산광역시 부산진구 양정동,경상사고,0,0,2,0,차대차 - 기타,안전운전불이행,젖음/습기,비,교차로 - 교차로부근,승용,남,74세,기타불명,화물,남,65세,경상
2023083000100070,2023년 8월 30일 07시,수요일,부산광역시 금정구 금사동,중상사고,0,1,0,0,차대차 - 측면충돌,신호위반,건조,맑음,교차로 - 교차로안,승용,여,71세,상해없음,승용,여,52세,중상
2023083000100097,2023년 8월 30일 08시,수요일,부산광역시 동래구 낙민동,부상신고사고,0,0,0,1,차대차 - 기타,안전운전불이행,젖음/습기,비,단일로 - 기타,승용,여,67세,상해없음,특수,남,62세,부상신고
2023083000100134,2023년 8월 30일 09시,수요일,부산광역시 부산진구 부전동,중상사고,0,1,1,0,차대차 - 추돌,신호위반,건조,맑음,교차로 - 교차로안,승용,남,60세,상해없음,승용,남,60세,중상
2023083000100135,2023년 8월 30일 09시,수요일,부산광역시 부산진구 초읍동,경상사고,0,0,1,0,차대차 - 측면충돌,안전운전불이행,건조,맑음,교차로 - 교차로안,승용,여,67세,상해없음,승용,남,46세,경상
2023083000100164,2023년 8월 30일 10시,수요일,부산광역시 부산진구 초읍동,경상사고,0,0,1,0,차대차 - 측면충돌,안전거리미확보,건조,맑음,단일로 - 기타,승용,남,47세,상해없음,승용,남,36세,경상
2023083000100197,2023년 8월 30일 11시,수요일,부산광역시 남구 감만동,경상사고,0,0,2,0,차대차 - 측면충돌,기타,건조,맑음,단일로 - 기타,특수,남,44세,경상,특수,남,78세,경상
2023083000100255,2023년 8월 30일 13시,수요일,부산광역시 부산진구 양정동,경상사고,0,0,1,0,차대차 - 기타,안전운전불이행,건조,맑음,단일로 - 기타,화물,남,64세,상해없음,화물,남,28세,경상
2023083000100295,2023년 8월 30일 14시,수요일,부산광역시 동래구 온천동,경상사고,0,0,1,0,차대사람 - 기타,안전운전불이행,건조,맑음,단일로 - 기타,승용,남,72세,상해없음,보행자,남,52세,경상
2023083000100364,2023년 8월 30일 16시,수요일,부산광역시 북구 화명동,경상사고,0,0,1,0,차대차 - 측면충돌,안전운전불이행,건조,맑음,단일로 - 기타,승용,남,49세,상해없음,자전거,남,12세,경상
2023083000100392,2023년 8월 30일 17시,수요일,부산광역시 남구 대연동,경상사고,0,0,1,0,차대차 - 기타,안전거리미확보,건조,맑음,교차로 - 교차로부근,승용,남,30세,기타불명,승용,남,40세,경상
2023083000100393,2023년 8월 30일 17시,수요일,부산광역시 동래구 온천동,중상사고,0,1,0,0,차대사람 - 차도통행중,안전운전불이행,건조,맑음,단일로 - 기타,개인형이동수단(PM),여,23세,상해없음,보행자,남,74세,중상
2023083000100394,2023년 8월 30일 17시,수요일,부산광역시 동래구 온천동,경상사고,0,0,1,0,차대차 - 측면충돌,교차로운행방법위반,건조,맑음,교차로 - 교차로안,화물,여,50세,상해없음,승용,여,32세,경상
2023083000100395,2023년 8월 30일 17시,수요일,부산광역시 영도구 청학동,중상사고,0,1,0,0,차대차 - 기타,안전운전불이행,건조,맑음,단일로 - 기타,승용,남,26세,상해없음,자전거,남,47세,중상
2023083000100396,2023년 8월 30일 17시,수요일,부산광역시 사하구 괴정동,경상사고,0,0,1,0,차대차 - 기타,안전거리미확보,건조,맑음,단일로 - 기타,승용,남,69세,상해없음,승용,남,28세,경상
2023083000100437,2023년 8월 30일 18시,수요일,부산광역시 남구 용당동,경상사고,0,0,1,0,차대차 - 추돌,안전운전불이행,건조,흐림,기타 - 기타,이륜,남,47세,기타불명,승용,남,42세,경상
2023083000100475,2023년 8월 30일 19시,수요일,부산광역시 수영구 광안동,경상사고,0,0,1,0,차대차 - 측면충돌,안전운전불이행,건조,맑음,단일로 - 기타,화물,남,61세,상해없음,이륜,남,33세,경상
2023083000100476,2023년 8월 30일 19시,수요일,부산광역시 사상구 학장동,중상사고,0,1,0,0,차대차 - 측면충돌,안전거리미확보,건조,맑음,단일로 - 기타,화물,남,66세,상해없음,승용,남,35세,중상
2023083000100547,2023년 8월 30일 21시,수요일,부산광역시 북구 구포동,경상사고,0,0,2,0,차대차 - 측면충돌,교차로운행방법위반,건조,맑음,교차로 - 교차로안,이륜,남,49세,경상,승용,여,60세,경상
2023083000100548,2023년 8월 30일 21시,수요일,부산광역시 동래구 수안동,사망사고,1,0,0,0,차대사람 - 길가장자리구역통행중,안전운전불이행,건조,맑음,단일로 - 기타,승용,남,36세,상해없음,보행자,남,60세,사망
2023083000100586,2023년 8월 30일 23시,수요일,부산광역시 강서구 대저2동,경상사고,0,0,1,1,차대차 - 추돌,안전운전불이행,건조,맑음,단일로 - 기타,승용,남,38세,상해없음,승합,여,51세,경상
2023083100100017,2023년 8월 31일 02시,목요일,부산광역시 동구 초량동,경상사고,0,0,1,0,차대사람 - 차도통행중,안전운전불이행,젖음/습기,흐림,교차로 - 교차로부근,승용,남,66세,상해없음,보행자,남,33세,경상
2023083100100018,2023년 8월 31일 02시,목요일,부산광역시 사상구 삼락동,경상사고,0,0,1,0,차대차 - 추돌,안전운전불이행,건조,맑음,단일로 - 기타,승용,남,41세,상해없음,승용,남,22세,경상
2023083100100040,2023년 8월 31일 05시,목요일,부산광역시 수영구 민락동,중상사고,0,1,0,0,차대사람 - 보도통행중,기타,건조,맑음,교차로 - 교차로안,화물,남,67세,상해없음,보행자,여,50세,중상
2023083100100096,2023년 8월 31일 08시,목요일,부산광역시 동구 초량동,경상사고,0,0,1,0,차대차 - 기타,안전거리미확보,건조,맑음,단일로 - 기타,승용,여,41세,상해없음,승용,남,37세,경상
2023083100100097,2023년 8월 31일 08시,목요일,부산광역시 동래구 온천동,중상사고,0,1,0,0,차대차 - 추돌,안전운전불이행,건조,맑음,교차로 - 교차로부근,승용,여,42세,상해없음,승용,남,31세,중상
2023083100100098,2023년 8월 31일 08시,목요일,부산광역시 영도구 청학동,경상사고,0,0,1,0,차대차 - 측면충돌,안전거리미확보,건조,맑음,단일로 - 기타,승용,남,49세,상해없음,승용,여,31세,경상
2023083100100099,2023년 8월 31일 08시,목요일,부산광역시 연제구 거제동,경상사고,0,0,1,0,차대차 - 기타,차로위반,건조,맑음,단일로 - 기타,승용,남,74세,상해없음,승용,여,57세,경상
2023083100100144,2023년 8월 31일 09시,목요일,부산광역시 사상구 삼락동,경상사고,0,0,1,0,차대차 - 측면충돌,안전거리미확보,건조,맑음,단일로 - 기타,승용,남,39세,상해없음,이륜,남,64세,경상
2023083100100145,2023년 8월 31일 09시,목요일,부산광역시 기장군 일광읍,중상사고,0,1,1,0,차량단독 - 공작물충돌,안전운전불이행,건조,맑음,단일로 - 기타,승용,여,39세,중상,,,,
2023083100100178,2023년 8월 31일 10시,목요일,부산광역시 금정구 두구동,경상사고,0,0,1,0,차대차 - 측면충돌,안전거리미확보,건조,맑음,교차로 - 교차로부근,승용,남,51세,상해없음,화물,남,63세,경상
2023083100100179,2023년 8월 31일 10시,목요일,부산광역시 사상구 엄궁동,경상사고,0,0,1,0,차대차 - 기타,안전운전불이행,건조,맑음,교차로 - 교차로안,화물,남,71세,기타불명,이륜,남,30세,경상
2023083100100223,2023년 8월 31일 12시,목요일,부산광역시 동구 초량동,경상사고,0,0,1,0,차대사람 - 차도통행중,안전운전불이행,건조,맑음,교차로 - 교차로부근,화물,남,25세,상해없음,보행자,남,35세,경상
2023083100100224,2023년 8월 31일 12시,목요일,부산광역시 사하구 괴정동,경상사고,0,0,1,0,차대차 - 측면충돌,신호위반,건조,맑음,단일로 - 터널,이륜,남,31세,상해없음,이륜,남,50세,경상
2023083100100225,2023년 8월 31일 12시,목요일,부산광역시 사상구 덕포동,경상사고,0,0,1,0,차대차 - 측면충돌,안전운전불이행,건조,맑음,교차로 - 교차로부근,이륜,남,54세,기타불명,승용,남,25세,경상
2023083100100252,2023년 8월 31일 13시,목요일,부산광역시 서구 서대신동1가,경상사고,0,0,1,0,차대사람 - 기타,안전운전불이행,건조,맑음,단일로 - 기타,승용,남,44세,상해없음,보행자,여,47세,경상
2023083100100253,2023년 8월 31일 13시,목요일,부산광역시 금정구 서동,경상사고,0,0,1,0,차대사람 - 횡단중,보행자보호의무위반,젖음/습기,비,교차로 - 교차로부근,승용,남,49세,상해없음,보행자,여,75세,경상
2023083100100254,2023년 8월 31일 13시,목요일,부산광역시 강서구 대저1동,중상사고,0,1,0,0,차대차 - 추돌,안전운전불이행,건조,맑음,단일로 - 지하차도(도로)내,화물,남,58세,상해없음,화물,남,30세,중상
2023083100100281,2023년 8월 31일 14시,목요일,부산광역시 남구 대연동,부상신고사고,0,0,0,1,차대사람 - 기타,안전운전불이행,건조,맑음,단일로 - 기타,승용,여,52세,상해없음,보행자,남,46세,부상신고
2023083100100282,2023년 8월 31일 14시,목요일,부산광역시 사하구 하단동,경상사고,0,0,1,0,차대차 - 측면충돌,안전운전불이행,건조,맑음,기타 - 기타,승용,남,45세,상해없음,승용,여,50세,경상
2023083100100283,2023년 8월 31일 14시,목요일,부산광역시 강서구 송정동,경상사고,0,0,1,0,차대차 - 측면충돌,안전거리미확보,건조,맑음,단일로 - 지하차도(도로)내,특수,남,65세,상해없음,승용,여,70세,경상
2023083100100284,2023년 8월 31일 14시,목요일,부산광역시 기장군 정관읍,경상사고,0,0,2,0,차대차 - 기타,차로위반,젖음/습기,흐림,단일로 - 기타,승용,여,66세,상해없음,승합,남,62세,상해없음
2023083100100319,2023년 8월 31일 15시,목요일,부산광역시 영도구 동삼동,중상사고,0,1,0,0,차대차 - 기타,안전운전불이행,젖음/습기,흐림,기타 - 기타,화물,남,41세,상해없음,이륜,남,44세,중상
2023083100100320,2023년 8월 31일 15시,목요일,부산광역시 부산진구 부전동,중상사고,0,1,0,0,차대차 - 측면충돌,중앙선침범,건조,맑음,단일로 - 기타,승용,남,42세,상해없음,이륜,남,23세,중상
2023083100100321,2023년 8월 31일 15시,목요일,부산광역시 부산진구 부전동,경상사고,0,0,1,0,차대차 - 측면충돌,안전운전불이행,건조,맑음,단일로 - 기타,승용,남,86세,상해없음,승용,여,63세,경상
2023083100100322,2023년 8월 31일 15시,목요일,부산광역시 금정구 장전동,경상사고,0,0,1,0,차대사람 - 횡단중,안전운전불이행,건조,맑음,단일로 - 기타,승용,남,53세,상해없음,보행자,남,13세,경상
2023083100100323,2023년 8월 31일 15시,목요일,부산광역시 금정구 부곡동,경상사고,0,0,1,0,차대차 - 기타,안전운전불이행,건조,맑음,교차로 - 교차로안,승용,남,68세,상해없음,이륜,여,39세,경상
2023083100100363,2023년 8월 31일 16시,목요일,부산광역시 연제구 거제동,부상신고사고,0,0,0,1,차대사람 - 횡단중,보행자보호의무위반,젖음/습기,비,단일로 - 기타,승용,남,70세,상해없음,보행자,남,63세,부상신고
2023083100100409,2023년 8월 31일 17시,목요일,부산광역시 수영구 광안동,경상사고,0,0,1,0,차대차 - 기타,교차로운행방법위반,젖음/습기,비,교차로 - 교차로안,승합,남,69세,상해없음,승용,남,36세,경상
2023083100100410,2023년 8월 31일 17시,목요일,부산광역시 강서구 강동동,경상사고,0,0,2,0,차대차 - 측면충돌,안전운전불이행,젖음/습기,비,단일로 - 기타,이륜,남,58세,상해없음,승용,남,26세,경상
2023083100100411,2023년 8월 31일 17시,목요일,부산광역시 기장군 정관읍,중상사고,0,1,0,0,차대사람 - 횡단중,신호위반,젖음/습기,흐림,교차로 - 교차로부근,이륜,남,49세,상해없음,보행자,여,41세,중상
2023083100100496,2023년 8월 31일 19시,목요일,부산광역시 중구 동광동3가,경상사고,0,0,1,0,차대차 - 측면충돌,안전거리미확보,젖음/습기,비,단일로 - 기타,승용,남,24세,상해없음,승용,남,36세,경상
2023083100100497,2023년 8월 31일 19시,목요일,부산광역시 동구 초량동,경상사고,0,0,1,0,차대사람 - 횡단중,보행자보호의무위반,젖음/습기,비,교차로 - 교차로안,승용,남,59세,상해없음,보행자,남,52세,경상
2023083100100498,2023년 8월 31일 19시,목요일,부산광역시 동래구 온천동,경상사고,0,0,1,0,차대사람 - 횡단중,보행자보호의무위반,젖음/습기,비,교차로 - 교차로안,승용,남,53세,상해없음,보행자,여,49세,경상
2023083100100499,2023년 8월 31일 19시,목요일,부산광역시 사상구 엄궁동,경상사고,0,0,1,0,차대차 - 측면충돌,차로위반,건조,맑음,단일로 - 기타,승용,남,60세,상해없음,승용,여,40세,경상
2023083100100540,2023년 8월 31일 20시,목요일,부산광역시 사하구 당리동,경상사고,0,0,1,0,차대사람 - 기타,보행자보호의무위반,젖음/습기,흐림,교차로 - 교차로횡단보도내,승용,남,53세,상해없음,보행자,남,49세,경상
2023083100100596,2023년 8월 31일 22시,목요일,부산광역시 동구 초량동,경상사고,0,0,1,0,차대차 - 측면충돌,안전거리미확보,젖음/습기,비,단일로 - 기타,승용,남,35세,상해없음,이륜,남,40세,경상
2023083100100620,2023년 8월 31일 23시,목요일,부산광역시 연제구 거제동,중상사고,0,1,0,0,차대사람 - 기타,기타,젖음/습기,비,단일로 - 기타,승합,남,50세,상해없음,보행자,남,37세,중상
2023090100100006,2023년 9월 1일 00시,금요일,부산광역시 부산진구 부전동,경상사고,0,0,1,0,차대사람 - 차도통행중,안전운전불이행,젖음/습기,비,교차로 - 교차로안,승용,남,30세,상해없음,보행자,남,29세,경상
2023090100100007,2023년 9월 1일 00시,금요일,부산광역시 부산진구 당감동,부상신고사고,0,0,0,1,차대차 - 추돌,안전운전불이행,젖음/습기,비,단일로 - 기타,승용,여,60세,상해없음,이륜,남,29세,부상신고
2023090100100019,2023년 9월 1일 01시,금요일,부산광역시 서구 서대신동3가,경상사고,0,0,1,0,차량단독 - 전도전복 - 전도,안전운전불이행,젖음/습기,비,단일로 - 터널,화물,남,59세,경상,,,,
2023090100100020,2023년 9월 1일 01시,금요일,부산광역시 남구 대연동,경상사고,0,0,2,0,차대사람 - 차도통행중,안전운전불이행,젖음/습기,비,교차로 - 교차로안,승용,남,68세,상해없음,보행자,남,42세,경상
2023090100100021,2023년 9월 1일 01시,금요일,부산광역시 연제구 거제동,경상사고,0,0,2,2,차대차 - 측면충돌,기타,젖음/습기,비,단일로 - 기타,승용,남,58세,경상,승용,남,64세,상해없음
2023090100100043,2023년 9월 1일 05시,금요일,부산광역시 연제구 거제동,경상사고,0,0,1,0,차대차 - 추돌,안전운전불이행,건조,맑음,교차로 - 교차로부근,승용,남,25세,상해없음,승용,여,43세,경상
2023090100100057,2023년 9월 1일 06시,금요일,부산광역시 사하구 신평동,중상사고,0,1,0,0,차대사람 - 횡단중,안전운전불이행,젖음/습기,비,단일로 - 기타,승용,남,66세,상해없음,보행자,남,49세,중상
2023090100100058,2023년 9월 1일 06시,금요일,부산광역시 사상구 감전동,경상사고,0,0,1,0,차대차 - 추돌,안전운전불이행,젖음/습기,비,단일로 - 기타,화물,남,68세,상해없음,승용,남,36세,경상
2023090100100077,2023년 9월 1일 07시,금요일,부산광역시 중구 중앙동4가,중상사고,0,1,3,1,차대차 - 추돌,안전운전불이행,젖음/습기,흐림,교차로 - 교차로부근,승용,여,58세,상해없음,이륜,남,54세,중상
2023090100100112,2023년 9월 1일 08시,금요일,부산광역시 남구 문현동,경상사고,0,0,1,0,차대차 - 기타,안전운전불이행,젖음/습기,비,교차로 - 교차로부근,승합,남,63세,상해없음,승용,남,48세,경상
2023090100100113,2023년 9월 1일 08시,금요일,부산광역시 부산진구 당감동,경상사고,0,0,1,0,차대차 - 기타,안전운전불이행,젖음/습기,비,단일로 - 기타,승용,남,43세,상해없음,이륜,남,29세,경상
2023090100100161,2023년 9월 1일 09시,금요일,부산광역시 서구 서대신동3가,경상사고,0,0,1,0,차대차 - 측면충돌,안전거리미확보,건조,맑음,단일로 - 기타,승용,남,26세,상해없음,화물,남,30세,경상
2023090100100162,2023년 9월 1일 09시,금요일,부산광역시 동래구 안락동,경상사고,0,0,1,0,차대차 - 기타,안전거리미확보,건조,맑음,단일로 - 지하차도(도로)내,승용,남,48세,상해없음,승용,여,52세,경상
2023090100100163,2023년 9월 1일 09시,금요일,부산광역시 수영구 망미동,경상사고,0,0,1,0,차대차 - 기타,교차로운행방법위반,건조,맑음,교차로 - 교차로안,승용,남,46세,상해없음,승합,남,71세,상해없음
2023090100100185,2023년 9월 1일 10시,금요일,부산광역시 사상구 엄궁동,경상사고,0,0,1,0,차대차 - 측면충돌,안전운전불이행,젖음/습기,비,교차로 - 교차로안,화물,남,64세,상해없음,승용,여,38세,경상
2023090100100225,2023년 9월 1일 11시,금요일,부산광역시 기장군 기장읍,경상사고,0,0,1,0,차대차 - 기타,신호위반,건조,맑음,교차로 - 교차로부근,승용,여,56세,상해없음,화물,남,55세,경상
2023090100100263,2023년 9월 1일 12시,금요일,부산광역시 수영구 광안동,중상사고,0,1,0,0,차대사람 - 기타,안전운전불이행,건조,맑음,교차로 - 교차로부근,승용,남,22세,상해없음,보행자,여,39세,중상