사고번호,사고일시,요일,시군구,사고내용,사망자수,중상자수,경상자수,부상신고자수,사고유형,법규위반,노면상태,기상상태,도로형태,가해운전자 차종,가해운전자 성별,가해운전자 연령,가해운전자 상해정도,피해운전자 차종,피해운전자 성별,피해운전자 연령,피해운전자 상해정도
2023090100100264,2023년 9월 1일 12시,금요일,부산광역시 동래구 온천동,경상사고,0,0,1,0,차대차 - 추돌,안전운전불이행,젖음/습기,비,단일로 - 기타,승용,남,74세,상해없음,이륜,남,50세,경상
2023090100100265,2023년 9월 1일 12시,금요일,부산광역시 강서구 대저2동,경상사고,0,0,1,0,차대차 - 측면충돌,안전거리미확보,건조,맑음,단일로 - 기타,승용,남,68세,상해없음,화물,남,71세,경상
2023090100100302,2023년 9월 1일 13시,금요일,부산광역시 서구 토성동4가,중상사고,0,1,0,0,차대사람 - 기타,안전운전불이행,건조,맑음,기타 - 기타,승용,남,51세,상해없음,보행자,남,48세,중상
2023090100100303,2023년 9월 1일 13시,금요일,부산광역시 연제구 거제동,경상사고,0,0,2,0,차대차 - 기타,신호위반,건조,맑음,교차로 - 교차로부근,승용,여,49세,상해없음,승용,남,46세,경상
2023090100100336,2023년 9월 1일 14시,금요일,부산광역시 남구 용호동,경상사고,0,0,1,0,차대사람 - 기타,안전운전불이행,젖음/습기,비,단일로 - 기타,승용,남,64세,상해없음,보행자,남,39세,경상
2023090100100383,2023년 9월 1일 15시,금요일,부산광역시 사상구 학장동,경상사고,0,0,1,0,차대차 - 추돌,안전운전불이행,젖음/습기,비,교차로 - 교차로부근,화물,남,66세,상해없음,승용,남,32세,경상
2023090100100423,2023년 9월 1일 16시,금요일,부산광역시 서구 동대신동3가,중상사고,0,1,1,0,차대차 - 측면충돌,신호위반,젖음/습기,맑음,교차로 - 교차로안,승용,여,42세,상해없음,승용,남,30세,경상
2023090100100425,2023년 9월 1일 16시,금요일,부산광역시 해운대구 중동,중상사고,0,1,0,0,차대사람 - 횡단중,보행자보호의무위반,젖음/습기,비,단일로 - 기타,승용,남,75세,상해없음,보행자,여,76세,중상
2023090100100469,2023년 9월 1일 17시,금요일,부산광역시 사하구 당리동,중상사고,0,1,0,0,차대차 - 기타,안전운전불이행,젖음/습기,비,단일로 - 기타,화물,남,47세,상해없음,이륜,남,51세,중상
2023090100100470,2023년 9월 1일 17시,금요일,부산광역시 연제구 연산동,중상사고,0,1,0,0,차대사람 - 기타,안전운전불이행,건조,맑음,교차로 - 교차로안,승용,남,61세,상해없음,보행자,여,78세,중상
2023090100100535,2023년 9월 1일 18시,금요일,부산광역시 영도구 봉래동4가,경상사고,0,0,2,0,차대차 - 측면충돌,신호위반,젖음/습기,비,교차로 - 교차로안,승용,남,54세,기타불명,승용,남,33세,경상
2023090100100536,2023년 9월 1일 18시,금요일,부산광역시 기장군 정관읍,경상사고,0,0,1,0,차대차 - 측면충돌,기타,건조,맑음,단일로 - 지하차도(도로)내,승용,남,62세,상해없음,이륜,남,30세,경상
2023090100100589,2023년 9월 1일 19시,금요일,부산광역시 중구 중앙동5가,중상사고,0,1,0,0,차대차 - 측면충돌,안전거리미확보,건조,맑음,교차로 - 교차로부근,화물,남,74세,상해없음,승용,여,24세,중상
2023090100100590,2023년 9월 1일 19시,금요일,부산광역시 남구 용당동,경상사고,0,0,1,0,차대차 - 후진중충돌,안전운전불이행,젖음/습기,비,단일로 - 기타,승용,남,30세,기타불명,승용,남,46세,경상
2023090100100591,2023년 9월 1일 19시,금요일,부산광역시 수영구 남천동,중상사고,0,1,0,0,차대차 - 측면충돌,안전거리미확보,젖음/습기,맑음,교차로 - 교차로부근,승용,남,67세,기타불명,승용,남,35세,상해없음
2023090100100592,2023년 9월 1일 19시,금요일,부산광역시 부산진구 양정동,경상사고,0,0,1,0,차대사람 - 기타,보행자보호의무위반,젖음/습기,비,단일로 - 기타,승용,남,50세,상해없음,보행자,남,16세,경상
2023090100100593,2023년 9월 1일 19시,금요일,부산광역시 부산진구 가야동,경상사고,0,0,1,0,차대차 - 측면충돌,안전운전불이행,젖음/습기,비,교차로 - 교차로부근,승용,남,37세,경상,승용,남,60세,기타불명
2023090100100594,2023년 9월 1일 19시,금요일,부산광역시 사하구 하단동,경상사고,0,0,1,0,차대차 - 추돌,안전운전불이행,젖음/습기,비,단일로 - 기타,승용,남,46세,상해없음,승용,여,59세,경상
2023090100100595,2023년 9월 1일 19시,금요일,부산광역시 강서구 명지동,중상사고,0,1,0,0,차대사람 - 횡단중,안전운전불이행,젖음/습기,비,단일로 - 지하차도(도로)내,화물,남,51세,상해없음,보행자,남,53세,중상
2023090100100596,2023년 9월 1일 19시,금요일,부산광역시 강서구 대저2동,중상사고,0,1,0,0,차대사람 - 횡단중,안전운전불이행,젖음/습기,비,교차로 - 교차로안,승용,남,74세,상해없음,보행자,남,79세,중상
2023090100100644,2023년 9월 1일 20시,금요일,부산광역시 북구 화명동,부상신고사고,0,0,0,1,차량단독 - 기타,안전운전불이행,젖음/습기,비,단일로 - 기타,승합,남,50세,상해없음,,,,
2023090100100645,2023년 9월 1일 20시,금요일,부산광역시 사하구 괴정동,사망사고,1,0,0,0,차대사람 - 기타,안전운전불이행,젖음/습기,비,단일로 - 기타,승용,남,66세,상해없음,보행자,여,29세,사망
2023090100100646,2023년 9월 1일 20시,금요일,부산광역시 기장군 기장읍,경상사고,0,0,1,0,차대차 - 정면충돌,안전운전불이행,젖음/습기,비,교차로 - 교차로안,승용,남,59세,상해없음,이륜,남,29세,경상
2023090100100679,2023년 9월 1일 21시,금요일,부산광역시 동구 수정동,경상사고,0,0,2,0,차대차 - 측면충돌,기타,건조,맑음,단일로 - 기타,승용,남,67세,상해없음,원동기,남,26세,경상
2023090100100680,2023년 9월 1일 21시,금요일,부산광역시 수영구 광안동,중상사고,0,2,0,0,차대사람 - 횡단중,보행자보호의무위반,젖음/습기,흐림,단일로 - 기타,승용,여,23세,상해없음,보행자,여,52세,중상
2023090100100681,2023년 9월 1일 21시,금요일,부산광역시 사하구 하단동,중상사고,0,1,0,0,차대차 - 기타,차로위반,건조,맑음,단일로 - 기타,승용,여,65세,상해없음,이륜,남,32세,중상
2023090100100700,2023년 9월 1일 22시,금요일,부산광역시 부산진구 범천동,경상사고,0,0,1,0,차대차 - 측면충돌,직진우회전진행방해,젖음/습기,흐림,교차로 - 교차로안,승용,남,26세,상해없음,승용,여,27세,경상
2023090100100719,2023년 9월 1일 23시,금요일,부산광역시 북구 덕천동,사망사고,1,0,0,0,차대사람 - 횡단중,안전운전불이행,젖음/습기,비,교차로 - 교차로부근,승용,남,70세,상해없음,보행자,남,56세,사망
2023090100100720,2023년 9월 1일 23시,금요일,부산광역시 사하구 신평동,경상사고,0,0,1,0,차량단독 - 공작물충돌,안전운전불이행,건조,맑음,교차로 - 교차로안,승용,남,60세,상해없음,,,,
2023090200100002,2023년 9월 2일 00시,토요일,부산광역시 남구 대연동,중상사고,0,1,0,0,차대차 - 측면충돌,신호위반,건조,맑음,단일로 - 기타,화물,남,51세,기타불명,이륜,남,33세,중상
2023090200100003,2023년 9월 2일 00시,토요일,부산광역시 수영구 광안동,경상사고,0,0,1,0,차대차 - 기타,신호위반,건조,맑음,교차로 - 교차로안,승용,남,71세,상해없음,승용,남,71세,상해없음
2023090200100004,2023년 9월 2일 00시,토요일,부산광역시 해운대구 우동,경상사고,0,0,1,0,차대차 - 기타,안전운전불이행,젖음/습기,비,단일로 - 기타,승용,남,32세,기타불명,승용,남,68세,경상
2023090200100005,2023년 9월 2일 00시,토요일,부산광역시 해운대구 우동,부상신고사고,0,0,0,1,차대차 - 기타,안전운전불이행,젖음/습기,비,단일로 - 기타,자전거,남,33세,부상신고,원동기,남,46세,상해없음
2023090200100019,2023년 9월 2일 01시,토요일,부산광역시 북구 구포동,경상사고,0,0,1,0,차대사람 - 횡단중,안전운전불이행,젖음/습기,비,단일로 - 기타,이륜,남,37세,상해없음,보행자,남,53세,경상
2023090200100027,2023년 9월 2일 02시,토요일,부산광역시 금정구 남산동,경상사고,0,0,1,0,차대사람 - 기타,안전운전불이행,젖음/습기,비,단일로 - 기타,승용,남,49세,상해없음,보행자,남,64세,경상
2023090200100032,2023년 9월 2일 03시,토요일,부산광역시 중구 중앙동3가,부상신고사고,0,0,0,1,차량단독 - 기타,안전운전불이행,젖음/습기,비,교차로 - 교차로안,승용,여,55세,부상신고,,,,
2023090200100033,2023년 9월 2일 03시,토요일,부산광역시 북구 구포동,경상사고,0,0,1,0,차대차 - 추돌,안전운전불이행,젖음/습기,비,단일로 - 기타,승용,남,25세,상해없음,승용,남,62세,상해없음
2023090200100063,2023년 9월 2일 07시,토요일,부산광역시 영도구 신선동2가,부상신고사고,0,0,0,1,차대사람 - 길가장자리구역통행중,안전운전불이행,젖음/습기,흐림,단일로 - 기타,승용,남,63세,상해없음,보행자,여,76세,부상신고
2023090200100064,2023년 9월 2일 07시,토요일,부산광역시 강서구 명지동,경상사고,0,0,1,0,차대차 - 추돌,안전운전불이행,건조,맑음,단일로 - 기타,승용,남,28세,상해없음,승용,남,63세,경상
2023090200100081,2023년 9월 2일 08시,토요일,부산광역시 해운대구 반여동,경상사고,0,0,2,0,차대차 - 기타,안전운전불이행,건조,맑음,단일로 - 기타,승용,남,23세,상해없음,승용,여,52세,경상
2023090200100182,2023년 9월 2일 11시,토요일,부산광역시 북구 덕천동,경상사고,0,0,3,2,차대차 - 측면충돌,신호위반,건조,맑음,교차로 - 교차로부근,승용,남,28세,상해없음,승합,남,61세,부상신고
2023090200100183,2023년 9월 2일 11시,토요일,부산광역시 동래구 안락동,경상사고,0,0,1,0,차대차 - 기타,안전운전불이행,건조,맑음,단일로 - 기타,이륜,남,58세,상해없음,이륜,남,28세,경상
2023090200100184,2023년 9월 2일 11시,토요일,부산광역시 동래구 사직동,경상사고,0,0,3,0,차대차 - 기타,교차로운행방법위반,건조,맑음,교차로 - 교차로안,승용,남,86세,상해없음,승합,남,46세,상해없음
2023090200100185,2023년 9월 2일 11시,토요일,부산광역시 기장군 정관읍,부상신고사고,0,0,0,1,차대차 - 추돌,신호위반,건조,맑음,교차로 - 교차로안,이륜,남,42세,부상신고,승용,여,30세,상해없음
2023090200100235,2023년 9월 2일 12시,토요일,부산광역시 수영구 광안동,부상신고사고,0,0,0,1,차대차 - 기타,안전거리미확보,건조,맑음,교차로 - 교차로안,승합,남,61세,상해없음,승용,남,72세,상해없음
2023090200100236,2023년 9월 2일 12시,토요일,부산광역시 기장군 정관읍,경상사고,0,0,2,0,차대차 - 측면충돌,직진우회전진행방해,건조,맑음,교차로 - 교차로안,승용,여,58세,기타불명,승용,남,51세,상해없음
2023090200100288,2023년 9월 2일 13시,토요일,부산광역시 부산진구 양정동,중상사고,0,1,2,0,차대차 - 추돌,신호위반,건조,맑음,교차로 - 교차로안,승합,남,53세,상해없음,승용,남,81세,상해없음
2023090200100289,2023년 9월 2일 13시,토요일,부산광역시 기장군 기장읍,경상사고,0,0,2,0,차대차 - 추돌,안전운전불이행,젖음/습기,비,단일로 - 기타,승합,남,56세,상해없음,승용,남,45세,경상
2023090200100335,2023년 9월 2일 14시,토요일,부산광역시 북구 덕천동,사망사고,1,0,0,0,차대차 - 측면충돌,교차로운행방법위반,건조,맑음,교차로 - 교차로안,원동기,남,68세,사망,승용,남,83세,상해없음
2023090200100336,2023년 9월 2일 14시,토요일,부산광역시 연제구 연산동,중상사고,0,1,0,0,차대사람 - 횡단중,신호위반,젖음/습기,비,교차로 - 교차로횡단보도내,승용,여,39세,상해없음,보행자,여,71세,중상
2023090200100337,2023년 9월 2일 14시,토요일,부산광역시 강서구 송정동,중상사고,0,2,0,0,차대차 - 측면충돌,안전운전불이행,젖음/습기,비,교차로 - 교차로안,특수,남,28세,기타불명,승용,남,45세,중상
2023090200100374,2023년 9월 2일 15시,토요일,부산광역시 서구 서대신동3가,중상사고,0,1,0,0,차대차 - 측면충돌,교차로운행방법위반,젖음/습기,비,교차로 - 교차로부근,승용,남,79세,상해없음,승용,여,54세,중상
2023090200100375,2023년 9월 2일 15시,토요일,부산광역시 남구 용호동,경상사고,0,0,2,0,차대차 - 측면충돌,중앙선침범,젖음/습기,비,단일로 - 기타,승용,남,27세,상해없음,승용,여,58세,경상
2023090200100403,2023년 9월 2일 16시,토요일,부산광역시 사하구 다대동,중상사고,0,1,0,0,차대사람 - 횡단중,보행자보호의무위반,젖음/습기,비,단일로 - 기타,승용,여,48세,상해없음,보행자,남,73세,중상
2023090200100404,2023년 9월 2일 16시,토요일,부산광역시 기장군 기장읍,경상사고,0,0,1,0,차대차 - 추돌,신호위반,젖음/습기,비,단일로 - 기타,승용,남,44세,상해없음,이륜,남,36세,경상
2023090200100433,2023년 9월 2일 17시,토요일,부산광역시 기장군 기장읍,경상사고,0,0,2,0,차대차 - 추돌,안전운전불이행,건조,맑음,교차로 - 교차로부근,승용,남,63세,상해없음,승용,여,32세,경상
2023090200100478,2023년 9월 2일 18시,토요일,부산광역시 동구 수정동,중상사고,0,1,0,0,차량단독 - 전도전복 - 전도,안전운전불이행,젖음/습기,비,단일로 - 기타,이륜,남,44세,중상,,,,
2023090200100480,2023년 9월 2일 18시,토요일,부산광역시 사하구 신평동,경상사고,0,0,1,0,차대차 - 추돌,안전운전불이행,젖음/습기,비,교차로 - 교차로안,승용,남,51세,상해없음,이륜,남,28세,경상
2023090200100506,2023년 9월 2일 19시,토요일,부산광역시 동래구 온천동,부상신고사고,0,0,0,1,차대차 - 후진중충돌,안전운전불이행,건조,맑음,단일로 - 기타,승용,남,45세,상해없음,이륜,남,28세,부상신고
2023090200100507,2023년 9월 2일 19시,토요일,부산광역시 동래구 명륜동,중상사고,0,1,0,0,차대차 - 기타,기타,젖음/습기,비,교차로 - 교차로안,승용,남,52세,상해없음,이륜,남,49세,중상
2023090200100508,2023년 9월 2일 19시,토요일,부산광역시 동래구 사직동,경상사고,0,0,1,0,차대차 - 측면충돌,안전거리미확보,젖음/습기,비,단일로 - 기타,승용,남,75세,상해없음,이륜,남,37세,경상
2023090200100509,2023년 9월 2일 19시,토요일,부산광역시 부산진구 부전동,경상사고,0,0,2,0,차대차 - 측면충돌,안전운전불이행,젖음/습기,비,교차로 - 교차로안,승용,여,41세,기타불명,승용,남,44세,경상
2023090200100538,2023년 9월 2일 20시,토요일,부산광역시 남구 문현동,경상사고,0,0,2,0,차대차 - 추돌,안전운전불이행,건조,맑음,단일로 - 고가도로위,승용,남,33세,상해없음,승용,남,60세,경상
2023090200100539,2023년 9월 2일 20시,토요일,부산광역시 사하구 신평동,중상사고,0,1,0,0,차대차 - 측면충돌,신호위반,건조,맑음,교차로 - 교차로안,승용,남,33세,상해없음,이륜,남,41세,중상
2023090200100565,2023년 9월 2일 21시,토요일,부산광역시 동래구 사직동,경상사고,0,0,1,0,차대차 - 기타,안전거리미확보,젖음/습기,비,단일로 - 기타,승용,남,55세,상해없음,승용,남,26세,경상
2023090200100585,2023년 9월 2일 22시,토요일,부산광역시 강서구 명지동,중상사고,0,2,0,0,차대차 - 기타,신호위반,건조,맑음,교차로 - 교차로안,승용,남,51세,상해없음,승용,남,71세,중상
2023090200100604,2023년 9월 2일 23시,토요일,부산광역시 중구 대창동2가,경상사고,0,0,3,0,차대차 - 측면충돌,신호위반,건조,맑음,교차로 - 교차로안,승용,여,22세,상해없음,승용,남,68세,경상
2023090300100048,2023년 9월 3일 06시,일요일,부산광역시 강서구 신호동,경상사고,0,0,1,0,차대차 - 측면충돌,신호위반,건조,맑음,교차로 - 교차로안,승용,남,48세,상해없음,승용,남,43세,경상
2023090300100056,2023년 9월 3일 07시,일요일,부산광역시 부산진구 부암동,경상사고,0,0,1,0,차대사람 - 횡단중,보행자보호의무위반,건조,맑음,교차로 - 교차로횡단보도내,승용,여,59세,상해없음,보행자,남,68세,경상
2023090300100133,2023년 9월 3일 12시,일요일,부산광역시 수영구 민락동,경상사고,0,0,2,0,차대차 - 추돌,안전거리미확보,건조,맑음,단일로 - 기타,승용,여,65세,상해없음,승용,남,42세,경상
2023090300100134,2023년 9월 3일 12시,일요일,부산광역시 해운대구 우동,경상사고,0,0,1,1,차대차 - 측면충돌,안전운전불이행,건조,맑음,단일로 - 기타,이륜,남,58세,경상,승용,여,46세,부상신고
2023090300100187,2023년 9월 3일 14시,일요일,부산광역시 연제구 연산동,경상사고,0,0,1,0,차대사람 - 기타,안전운전불이행,건조,맑음,교차로 - 교차로부근,승용,남,47세,상해없음,보행자,남,58세,경상
2023090300100205,2023년 9월 3일 15시,일요일,부산광역시 동래구 사직동,중상사고,0,1,0,0,차대사람 - 기타,안전운전불이행,건조,맑음,단일로 - 기타,이륜,남,42세,기타불명,보행자,여,54세,중상
2023090300100235,2023년 9월 3일 16시,일요일,부산광역시 동구 초량동,경상사고,0,0,1,0,차대차 - 기타,교차로운행방법위반,건조,맑음,교차로 - 교차로안,승용,남,31세,상해없음,승용,남,37세,경상
2023090300100316,2023년 9월 3일 19시,일요일,부산광역시 남구 대연동,중상사고,0,1,1,0,차대사람 - 횡단중,보행자보호의무위반,건조,맑음,교차로 - 교차로안,승용,남,49세,상해없음,보행자,여,48세,경상
2023090300100317,2023년 9월 3일 19시,일요일,부산광역시 부산진구 범천동,경상사고,0,0,1,0,차대차 - 기타,기타,건조,맑음,교차로 - 교차로부근,승용,남,63세,상해없음,이륜,남,30세,경상
2023090300100371,2023년 9월 3일 21시,일요일,부산광역시 연제구 연산동,중상사고,0,1,1,0,차대차 - 정면충돌,교차로운행방법위반,건조,맑음,교차로 - 교차로안,원동기,남,39세,중상,승용,여,45세,경상
2023090400100015,2023년 9월 4일 03시,월요일,부산광역시 강서구 구랑동,중상사고,0,1,0,0,차량단독 - 기타,안전운전불이행,건조,맑음,단일로 - 기타,이륜,남,17세,중상,,,,
2023090400100035,2023년 9월 4일 06시,월요일,부산광역시 사상구 감전동,경상사고,0,0,1,0,차대차 - 추돌,안전운전불이행,건조,맑음,단일로 - 기타,승용,남,73세,기타불명,승용,남,39세,경상
2023090400100057,2023년 9월 4일 07시,월요일,부산광역시 사하구 괴정동,경상사고,0,0,1,0,차대사람 - 횡단중,안전운전불이행,건조,맑음,단일로 - 기타,승용,남,48세,상해없음,보행자,남,14세,경상
2023090400100088,2023년 9월 4일 08시,월요일,부산광역시 남구 대연동,경상사고,0,0,1,0,차대차 - 측면충돌,안전거리미확보,건조,맑음,단일로 - 기타,승용,여,53세,상해없음,승용,여,30세,경상
2023090400100089,2023년 9월 4일 08시,월요일,부산광역시 사하구 장림동,경상사고,0,0,1,0,차대차 - 추돌,안전거리미확보,건조,맑음,단일로 - 기타,승용,남,41세,상해없음,승용,남,43세,경상
2023090400100091,2023년 9월 4일 08시,월요일,부산광역시 금정구 구서동,경상사고,0,0,2,0,차대차 - 추돌,안전운전불이행,건조,맑음,교차로 - 교차로부근,화물,남,48세,상해없음,승용,남,60세,경상
2023090400100141,2023년 9월 4일 09시,월요일,부산광역시 동래구 명륜동,부상신고사고,0,0,0,1,차대차 - 측면충돌,교차로운행방법위반,건조,맑음,교차로 - 교차로안,승용,남,55세,상해없음,개인형이동수단(PM),남,50세,부상신고
2023090400100207,2023년 9월 4일 11시,월요일,부산광역시 연제구 거제동,경상사고,0,0,1,0,차대차 - 추돌,안전운전불이행,건조,맑음,단일로 - 기타,자전거,여,66세,경상,이륜,남,29세,상해없음
2023090400100208,2023년 9월 4일 11시,월요일,부산광역시 강서구 대저2동,경상사고,0,0,1,0,차대차 - 기타,안전운전불이행,건조,맑음,단일로 - 기타,화물,남,47세,상해없음,특수,남,37세,경상
2023090400100238,2023년 9월 4일 12시,월요일,부산광역시 중구 중앙동6가,경상사고,0,0,2,0,차대차 - 기타,신호위반,건조,맑음,교차로 - 교차로안,승용,남,68세,상해없음,승합,남,39세,상해없음
2023090400100239,2023년 9월 4일 12시,월요일,부산광역시 남구 대연동,경상사고,0,0,1,0,차대차 - 측면충돌,안전운전불이행,건조,맑음,교차로 - 교차로안,승용,남,68세,상해없음,승용,여,55세,경상
2023090400100240,2023년 9월 4일 12시,월요일,부산광역시 해운대구 송정동,경상사고,0,0,1,0,차대차 - 추돌,안전운전불이행,건조,맑음,단일로 - 기타,승용,남,54세,상해없음,승용,여,51세,경상
2023090400100241,2023년 9월 4일 12시,월요일,부산광역시 강서구 명지동,경상사고,0,0,2,0,차대차 - 추돌,안전운전불이행,건조,맑음,교차로 - 교차로부근,승용,여,39세,상해없음,승용,남,39세,경상
2023090400100276,2023년 9월 4일 13시,월요일,부산광역시 수영구 광안동,경상사고,0,0,1,0,차대차 - 측면충돌,신호위반,건조,맑음,교차로 - 교차로안,승용,남,84세,상해없음,원동기,남,24세,경상
2023090400100277,2023년 9월 4일 13시,월요일,부산광역시 해운대구 반여동,경상사고,0,0,1,0,차대차 - 추돌,안전운전불이행,건조,맑음,단일로 - 기타,승용,남,29세,상해없음,승용,남,45세,경상
2023090400100278,2023년 9월 4일 13시,월요일,부산광역시 해운대구 재송동,경상사고,0,0,1,0,차대차 - 기타,교차로운행방법위반,건조,맑음,교차로 - 교차로안,승용,여,63세,상해없음,승용,여,27세,경상
2023090400100306,2023년 9월 4일 14시,월요일,부산광역시 수영구 망미동,경상사고,0,0,2,0,차대차 - 측면충돌,교차로운행방법위반,건조,맑음,교차로 - 교차로안,승용,여,71세,상해없음,이륜,남,43세,경상
2023090400100377,2023년 9월 4일 16시,월요일,부산광역시 동래구 온천동,경상사고,0,0,1,0,차대차 - 추돌,안전운전불이행,건조,맑음,단일로 - 기타,승용,남,59세,상해없음,승용,남,39세,경상
2023090400100379,2023년 9월 4일 16시,월요일,부산광역시 부산진구 초읍동,경상사고,0,0,1,0,차대사람 - 횡단중,안전운전불이행,건조,맑음,단일로 - 기타,승용,남,73세,상해없음,보행자,남,77세,경상
2023090400100380,2023년 9월 4일 16시,월요일,부산광역시 금정구 구서동,중상사고,0,1,0,0,차량단독 - 기타,안전운전불이행,건조,맑음,단일로 - 기타,승합,남,48세,상해없음,,,,
2023090400100415,2023년 9월 4일 17시,월요일,부산광역시 동구 범일동,경상사고,0,0,1,0,차대차 - 기타,중앙선침범,건조,맑음,기타 - 기타,승용,남,54세,상해없음,자전거,남,46세,경상
2023090400100416,2023년 9월 4일 17시,월요일,부산광역시 연제구 거제동,중상사고,0,1,0,0,차대차 - 측면충돌,안전운전불이행,건조,맑음,단일로 - 기타,승용,남,50세,기타불명,이륜,남,24세,중상
2023090400100459,2023년 9월 4일 18시,월요일,부산광역시 영도구 동삼동,경상사고,0,0,1,0,차대차 - 측면충돌,중앙선침범,건조,맑음,단일로 - 기타,승용,여,60세,상해없음,이륜,남,26세,경상
2023090400100460,2023년 9월 4일 18시,월요일,부산광역시 부산진구 부암동,경상사고,0,0,1,0,차대차 - 기타,안전운전불이행,건조,맑음,기타 - 기타,이륜,남,42세,상해없음,이륜,남,20세,경상
2023090400100509,2023년 9월 4일 19시,월요일,부산광역시 동구 초량동,경상사고,0,0,1,0,차대차 - 측면충돌,안전거리미확보,건조,흐림,단일로 - 기타,승용,남,79세,상해없음,승용,남,34세,경상
2023090400100510,2023년 9월 4일 19시,월요일,부산광역시 영도구 동삼동,경상사고,0,0,1,0,차대차 - 측면충돌,안전운전불이행,건조,맑음,교차로 - 교차로안,승용,남,21세,상해없음,이륜,남,25세,경상
2023090400100511,2023년 9월 4일 19시,월요일,부산광역시 영도구 동삼동,경상사고,0,0,1,0,차대사람 - 횡단중,안전운전불이행,건조,맑음,단일로 - 기타,승용,남,33세,상해없음,보행자,남,52세,경상
2023090400100512,2023년 9월 4일 19시,월요일,부산광역시 부산진구 전포동,경상사고,0,0,1,0,차대사람 - 횡단중,보행자보호의무위반,건조,맑음,단일로 - 기타,화물,여,61세,상해없음,보행자,남,25세,경상
2023090400100555,2023년 9월 4일 20시,월요일,부산광역시 사상구 감전동,경상사고,0,0,2,0,차대차 - 추돌,안전운전불이행,건조,맑음,단일로 - 기타,승용,남,63세,상해없음,승용,여,57세,경상
2023090400100580,2023년 9월 4일 21시,월요일,부산광역시 금정구 장전동,사망사고,1,0,0,0,차대사람 - 횡단중,안전운전불이행,건조,맑음,교차로 - 교차로횡단보도내,화물,남,69세,상해없음,보행자,여,69세,사망
2023090500100003,2023년 9월 5일 00시,화요일,부산광역시 수영구 광안동,중상사고,0,1,0,0,차대차 - 측면충돌,안전운전불이행,건조,맑음,단일로 - 기타,승용,남,36세,상해없음,승용,남,68세,중상
2023090500100004,2023년 9월 5일 00시,화요일,부산광역시 부산진구 범천동,경상사고,0,0,1,0,차대차 - 추돌,안전운전불이행,건조,맑음,교차로 - 교차로부근,승용,남,57세,상해없음,승용,남,54세,경상
2023090500100005,2023년 9월 5일 00시,화요일,부산광역시 연제구 거제동,중상사고,0,1,0,0,차대차 - 측면충돌,신호위반,건조,맑음,교차로 - 교차로안,승용,남,26세,상해없음,승용,남,37세,중상
2023090500100006,2023년 9월 5일 00시,화요일,부산광역시 연제구 연산동,중상사고,0,1,0,0,차대사람 - 횡단중,신호위반,건조,맑음,교차로 - 교차로횡단보도내,승용,남,66세,상해없음,보행자,여,55세,중상
2023090500100027,2023년 9월 5일 03시,화요일,부산광역시 동구 범일동,중상사고,0,1,0,0,차대차 - 기타,안전운전불이행,건조,맑음,단일로 - 기타,승용,여,56세,상해없음,이륜,남,67세,기타불명
2023090500100038,2023년 9월 5일 04시,화요일,부산광역시 사상구 감전동,경상사고,0,0,2,0,차대차 - 기타,안전운전불이행,건조,기타,단일로 - 기타,건설기계,남,66세,상해없음,화물,남,72세,경상
2023090500100056,2023년 9월 5일 06시,화요일,부산광역시 동구 범일동,경상사고,0,0,2,0,차대차 - 측면충돌,신호위반,건조,맑음,단일로 - 기타,화물,남,35세,상해없음,승합,남,49세,상해없음
2023090500100057,2023년 9월 5일 06시,화요일,부산광역시 남구 대연동,경상사고,0,0,1,0,차대차 - 측면충돌,안전거리미확보,건조,맑음,단일로 - 기타,승용,남,69세,상해없음,이륜,여,29세,경상
2023090500100078,2023년 9월 5일 07시,화요일,부산광역시 서구 암남동,경상사고,0,0,1,0,차대사람 - 횡단중,안전운전불이행,건조,맑음,교차로 - 교차로횡단보도내,승용,남,80세,상해없음,보행자,여,26세,경상
2023090500100079,2023년 9월 5일 07시,화요일,부산광역시 수영구 광안동,경상사고,0,0,1,0,차대차 - 측면충돌,신호위반,건조,맑음,교차로 - 교차로부근,승용,남,61세,기타불명,승용,남,61세,기타불명
2023090500100080,2023년 9월 5일 07시,화요일,부산광역시 기장군 철마면,중상사고,0,1,0,0,차대사람 - 차도통행중,안전운전불이행,건조,맑음,교차로 - 교차로부근,승용,남,63세,상해없음,보행자,여,82세,중상
2023090500100081,2023년 9월 5일 07시,화요일,부산광역시 기장군 장안읍,경상사고,0,0,1,0,차대차 - 추돌,안전운전불이행,건조,맑음,교차로 - 교차로부근,승용,여,34세,상해없음,승용,남,51세,경상
2023090500100113,2023년 9월 5일 08시,화요일,부산광역시 연제구 거제동,경상사고,0,0,1,0,차대사람 - 횡단중,안전운전불이행,건조,맑음,단일로 - 기타,승용,남,80세,상해없음,보행자,남,14세,경상
2023090500100114,2023년 9월 5일 08시,화요일,부산광역시 강서구 봉림동,경상사고,0,0,1,0,차대차 - 추돌,안전운전불이행,건조,맑음,교차로 - 교차로부근,화물,남,60세,상해없음,특수,남,58세,상해없음
2023090500100159,2023년 9월 5일 09시,화요일,부산광역시 동래구 명장동,경상사고,0,0,1,0,차대차 - 측면충돌,교차로운행방법위반,건조,맑음,교차로 - 교차로안,승용,남,55세,상해없음,승용,여,49세,경상
2023090500100197,2023년 9월 5일 10시,화요일,부산광역시 북구 덕천동,경상사고,0,0,1,0,차대차 - 기타,안전운전불이행,건조,맑음,기타 - 기타,승용,남,62세,상해없음,승용,여,50세,경상