사고번호,사고일시,요일,시군구,사고내용,사망자수,중상자수,경상자수,부상신고자수,사고유형,법규위반,노면상태,기상상태,도로형태,가해운전자 차종,가해운전자 성별,가해운전자 연령,가해운전자 상해정도,피해운전자 차종,피해운전자 성별,피해운전자 연령,피해운전자 상해정도
2023091200100441,2023년 9월 12일 17시,화요일,부산광역시 북구 만덕동,경상사고,0,0,1,0,차대사람 - 기타,안전운전불이행,건조,맑음,단일로 - 기타,이륜,남,28세,상해없음,보행자,여,20세,경상
2023091200100495,2023년 9월 12일 18시,화요일,부산광역시 동구 초량동,경상사고,0,0,1,0,차대차 - 측면충돌,안전거리미확보,건조,맑음,단일로 - 지하차도(도로)내,승용,남,65세,상해없음,화물,남,47세,경상
2023091200100496,2023년 9월 12일 18시,화요일,부산광역시 강서구 명지동,경상사고,0,0,1,0,차대차 - 기타,안전운전불이행,건조,맑음,교차로 - 교차로부근,승용,남,59세,상해없음,승용,여,45세,경상
2023091200100497,2023년 9월 12일 18시,화요일,부산광역시 강서구 신호동,중상사고,0,1,0,0,차대차 - 정면충돌,안전운전불이행,건조,맑음,단일로 - 지하차도(도로)내,이륜,남,26세,상해없음,자전거,남,12세,중상
2023091200100529,2023년 9월 12일 19시,화요일,부산광역시 부산진구 전포동,중상사고,0,1,0,0,차대차 - 기타,신호위반,건조,맑음,교차로 - 교차로안,이륜,남,26세,상해없음,자전거,남,11세,중상
2023091200100530,2023년 9월 12일 19시,화요일,부산광역시 강서구 명지동,경상사고,0,0,1,0,차대차 - 정면충돌,안전운전불이행,건조,맑음,교차로 - 교차로안,승용,남,45세,상해없음,자전거,남,32세,경상
2023091200100575,2023년 9월 12일 20시,화요일,부산광역시 서구 암남동,경상사고,0,0,1,0,차대차 - 측면충돌,안전거리미확보,건조,맑음,교차로 - 교차로부근,화물,여,30세,상해없음,승용,남,61세,경상
2023091200100596,2023년 9월 12일 21시,화요일,부산광역시 남구 문현동,경상사고,0,0,1,0,차대차 - 측면충돌,기타,건조,맑음,교차로 - 교차로안,승용,남,40세,상해없음,화물,남,58세,경상
2023091200100623,2023년 9월 12일 22시,화요일,부산광역시 부산진구 개금동,경상사고,0,0,1,0,차대사람 - 기타,안전운전불이행,건조,맑음,단일로 - 기타,승용,남,39세,상해없음,보행자,남,29세,경상
2023091300100025,2023년 9월 13일 03시,수요일,부산광역시 해운대구 중동,경상사고,0,0,1,0,차대사람 - 기타,안전운전불이행,건조,맑음,단일로 - 기타,기타불명,기타불명,미분류,기타불명,보행자,남,39세,경상
2023091300100071,2023년 9월 13일 07시,수요일,부산광역시 동구 수정동,경상사고,0,0,1,0,차대사람 - 횡단중,안전운전불이행,건조,맑음,단일로 - 기타,승용,남,49세,상해없음,보행자,남,12세,경상
2023091300100072,2023년 9월 13일 07시,수요일,부산광역시 동래구 온천동,경상사고,0,0,1,0,차대차 - 기타,안전운전불이행,건조,맑음,교차로 - 교차로안,건설기계,남,69세,상해없음,승용,남,64세,경상
2023091300100073,2023년 9월 13일 07시,수요일,부산광역시 사하구 신평동,경상사고,0,0,1,0,차대차 - 기타,안전운전불이행,건조,맑음,단일로 - 기타,승용,여,66세,상해없음,승용,여,42세,경상
2023091300100103,2023년 9월 13일 08시,수요일,부산광역시 남구 문현동,중상사고,0,1,0,0,차대차 - 측면충돌,안전운전불이행,건조,맑음,단일로 - 기타,승용,남,44세,상해없음,자전거,남,73세,중상
2023091300100104,2023년 9월 13일 08시,수요일,부산광역시 동래구 사직동,중상사고,0,1,0,0,차대차 - 기타,안전운전불이행,건조,맑음,단일로 - 기타,승용,여,42세,상해없음,승용,여,49세,중상
2023091300100105,2023년 9월 13일 08시,수요일,부산광역시 사하구 장림동,경상사고,0,0,2,0,차대차 - 기타,안전운전불이행,건조,맑음,교차로 - 교차로안,특수,남,41세,상해없음,승용,여,51세,경상
2023091300100150,2023년 9월 13일 09시,수요일,부산광역시 동구 초량동,경상사고,0,0,1,0,차대차 - 측면충돌,교차로운행방법위반,건조,맑음,교차로 - 교차로안,승용,남,70세,상해없음,승용,여,31세,경상
2023091300100151,2023년 9월 13일 09시,수요일,부산광역시 금정구 장전동,부상신고사고,0,0,0,1,차대차 - 측면충돌,안전운전불이행,건조,맑음,교차로 - 교차로안,개인형이동수단(PM),남,20세,상해없음,승용,여,38세,부상신고
2023091300100187,2023년 9월 13일 10시,수요일,부산광역시 부산진구 개금동,중상사고,0,1,2,0,차대차 - 추돌,안전운전불이행,건조,맑음,교차로 - 교차로부근,승용,남,69세,기타불명,승용,여,42세,중상
2023091300100211,2023년 9월 13일 11시,수요일,부산광역시 북구 구포동,경상사고,0,0,1,0,차대차 - 기타,안전운전불이행,건조,맑음,단일로 - 기타,승용,남,71세,상해없음,승용,여,33세,경상
2023091300100212,2023년 9월 13일 11시,수요일,부산광역시 사상구 엄궁동,경상사고,0,0,2,0,차대차 - 추돌,안전운전불이행,건조,맑음,단일로 - 기타,승용,남,49세,상해없음,화물,남,40세,경상
2023091300100241,2023년 9월 13일 12시,수요일,부산광역시 동래구 안락동,경상사고,0,0,1,0,차대차 - 기타,안전거리미확보,건조,맑음,교차로 - 교차로부근,화물,남,47세,상해없음,승용,여,25세,경상
2023091300100349,2023년 9월 13일 15시,수요일,부산광역시 남구 대연동,중상사고,0,1,0,0,차대차 - 측면충돌,안전운전불이행,건조,맑음,단일로 - 기타,건설기계,남,52세,상해없음,자전거,남,65세,중상
2023091300100350,2023년 9월 13일 15시,수요일,부산광역시 금정구 서동,경상사고,0,0,1,0,차대사람 - 횡단중,안전운전불이행,건조,맑음,교차로 - 교차로안,화물,남,69세,상해없음,보행자,여,69세,경상
2023091300100392,2023년 9월 13일 16시,수요일,부산광역시 북구 금곡동,경상사고,0,0,4,0,차대차 - 측면충돌,차로위반,건조,맑음,단일로 - 기타,승용,여,62세,상해없음,승용,남,33세,경상
2023091300100481,2023년 9월 13일 18시,수요일,부산광역시 부산진구 양정동,경상사고,0,0,1,0,차대사람 - 차도통행중,안전운전불이행,건조,맑음,교차로 - 교차로안,승용,남,54세,상해없음,보행자,남,47세,경상
2023091300100482,2023년 9월 13일 18시,수요일,부산광역시 금정구 노포동,경상사고,0,0,1,0,차대차 - 측면충돌,안전거리미확보,건조,맑음,단일로 - 기타,화물,남,63세,상해없음,승용,남,28세,경상
2023091300100483,2023년 9월 13일 18시,수요일,부산광역시 사상구 덕포동,중상사고,0,1,0,0,차대사람 - 기타,안전운전불이행,건조,맑음,단일로 - 기타,화물,남,57세,상해없음,보행자,여,75세,중상
2023091300100600,2023년 9월 13일 20시,수요일,부산광역시 북구 구포동,경상사고,0,0,1,0,차대차 - 기타,안전거리미확보,건조,맑음,교차로 - 교차로안,승용,여,41세,상해없음,승용,여,22세,경상
2023091300100649,2023년 9월 13일 21시,수요일,부산광역시 북구 화명동,중상사고,0,1,0,0,차대사람 - 횡단중,신호위반,젖음/습기,비,교차로 - 교차로부근,화물,남,57세,기타불명,보행자,여,18세,중상
2023091400100005,2023년 9월 14일 00시,목요일,부산광역시 사상구 덕포동,사망사고,1,0,0,0,차대사람 - 기타,기타,젖음/습기,비,단일로 - 기타,화물,남,29세,상해없음,보행자,남,52세,사망
2023091400100032,2023년 9월 14일 02시,목요일,부산광역시 동래구 명륜동,경상사고,0,0,1,0,차대사람 - 차도통행중,안전운전불이행,건조,맑음,단일로 - 기타,승용,남,30세,상해없음,보행자,남,43세,경상
2023091400100046,2023년 9월 14일 05시,목요일,부산광역시 동래구 낙민동,경상사고,0,0,1,0,차대차 - 추돌,안전운전불이행,젖음/습기,비,교차로 - 교차로부근,승용,여,55세,상해없음,승용,남,26세,경상
2023091400100047,2023년 9월 14일 05시,목요일,부산광역시 금정구 남산동,중상사고,0,1,2,0,차대차 - 추돌,안전운전불이행,젖음/습기,흐림,교차로 - 교차로부근,승용,여,67세,기타불명,승용,남,24세,중상
2023091400100076,2023년 9월 14일 07시,목요일,부산광역시 서구 동대신동1가,경상사고,0,0,1,0,차대차 - 측면충돌,안전거리미확보,건조,맑음,단일로 - 기타,승용,여,51세,상해없음,승합,남,40세,경상
2023091400100112,2023년 9월 14일 08시,목요일,부산광역시 동구 수정동,경상사고,0,0,2,0,차대차 - 측면충돌,신호위반,건조,맑음,교차로 - 교차로안,이륜,남,50세,상해없음,승용,여,52세,경상
2023091400100113,2023년 9월 14일 08시,목요일,부산광역시 동래구 안락동,경상사고,0,0,1,0,차대차 - 기타,안전운전불이행,건조,맑음,단일로 - 기타,승용,남,57세,기타불명,승용,여,59세,경상
2023091400100114,2023년 9월 14일 08시,목요일,부산광역시 금정구 회동동,경상사고,0,0,1,0,차대차 - 측면충돌,안전거리미확보,건조,맑음,교차로 - 교차로부근,승용,남,29세,상해없음,원동기,여,29세,경상
2023091400100153,2023년 9월 14일 09시,목요일,부산광역시 연제구 거제동,중상사고,0,1,0,0,차대차 - 기타,교차로운행방법위반,젖음/습기,비,교차로 - 교차로안,승용,남,47세,상해없음,원동기,남,48세,중상
2023091400100190,2023년 9월 14일 10시,목요일,부산광역시 사상구 삼락동,경상사고,0,0,1,0,차대사람 - 기타,안전운전불이행,건조,맑음,단일로 - 기타,자전거,남,63세,상해없음,보행자,남,78세,경상
2023091400100208,2023년 9월 14일 11시,목요일,부산광역시 연제구 연산동,부상신고사고,0,0,0,1,차대차 - 기타,안전운전불이행,건조,맑음,교차로 - 교차로안,원동기,남,65세,부상신고,화물,남,64세,상해없음
2023091400100209,2023년 9월 14일 11시,목요일,부산광역시 강서구 녹산동,경상사고,0,0,1,0,차대차 - 기타,중앙선침범,건조,맑음,단일로 - 기타,승용,여,75세,기타불명,승용,여,29세,경상
2023091400100249,2023년 9월 14일 12시,목요일,부산광역시 금정구 부곡동,중상사고,0,1,0,0,차대차 - 기타,교차로운행방법위반,건조,맑음,교차로 - 교차로안,승용,남,62세,상해없음,이륜,남,75세,중상
2023091400100250,2023년 9월 14일 12시,목요일,부산광역시 사하구 괴정동,경상사고,0,0,1,0,차대차 - 측면충돌,직진우회전진행방해,건조,맑음,교차로 - 교차로안,승용,여,51세,경상,승용,남,69세,상해없음
2023091400100277,2023년 9월 14일 13시,목요일,부산광역시 부산진구 부전동,경상사고,0,0,1,0,차대사람 - 길가장자리구역통행중,안전운전불이행,건조,흐림,단일로 - 기타,승용,남,50세,상해없음,보행자,여,35세,경상
2023091400100310,2023년 9월 14일 14시,목요일,부산광역시 해운대구 우동,경상사고,0,0,1,0,차대차 - 추돌,안전운전불이행,건조,맑음,단일로 - 기타,승용,남,43세,상해없음,승용,남,58세,경상
2023091400100311,2023년 9월 14일 14시,목요일,부산광역시 부산진구 부암동,경상사고,0,0,1,0,차대차 - 추돌,중앙선침범,젖음/습기,비,단일로 - 기타,승용,여,72세,상해없음,승용,여,34세,경상
2023091400100312,2023년 9월 14일 14시,목요일,부산광역시 수영구 망미동,경상사고,0,0,2,0,차대차 - 추돌,안전운전불이행,건조,맑음,단일로 - 기타,승용,남,44세,상해없음,승용,남,24세,경상
2023091400100347,2023년 9월 14일 15시,목요일,부산광역시 해운대구 반여동,경상사고,0,0,1,0,차대차 - 측면충돌,신호위반,건조,맑음,교차로 - 교차로안,승용,남,73세,상해없음,승용,여,27세,경상
2023091400100409,2023년 9월 14일 17시,목요일,부산광역시 서구 남부민동,경상사고,0,0,1,0,차대차 - 측면충돌,안전운전불이행,젖음/습기,비,교차로 - 교차로부근,승용,여,51세,상해없음,승용,남,56세,경상
2023091400100410,2023년 9월 14일 17시,목요일,부산광역시 금정구 구서동,경상사고,0,0,3,1,차대차 - 추돌,안전거리미확보,젖음/습기,비,교차로 - 교차로부근,승용,남,64세,상해없음,승합,남,33세,경상
2023091400100449,2023년 9월 14일 18시,목요일,부산광역시 동구 범일동,중상사고,0,1,0,0,차대사람 - 기타,안전운전불이행,젖음/습기,맑음,단일로 - 기타,승용,남,46세,상해없음,보행자,여,76세,중상
2023091400100450,2023년 9월 14일 18시,목요일,부산광역시 남구 용당동,부상신고사고,0,0,0,2,차대차 - 추돌,안전운전불이행,건조,흐림,교차로 - 교차로부근,승용,남,58세,상해없음,승용,남,43세,부상신고
2023091400100451,2023년 9월 14일 18시,목요일,부산광역시 부산진구 범천동,경상사고,0,0,1,0,차대차 - 기타,안전운전불이행,건조,맑음,기타 - 기타,승용,남,62세,상해없음,승용,여,28세,경상
2023091400100452,2023년 9월 14일 18시,목요일,부산광역시 금정구 부곡동,경상사고,0,0,1,0,차대차 - 기타,기타,건조,맑음,교차로 - 교차로부근,승용,남,42세,상해없음,원동기,남,60세,경상
2023091400100453,2023년 9월 14일 18시,목요일,부산광역시 연제구 연산동,경상사고,0,0,1,0,차대차 - 추돌,안전운전불이행,젖음/습기,비,단일로 - 기타,원동기,남,18세,상해없음,승용,여,30세,경상
2023091400100502,2023년 9월 14일 19시,목요일,부산광역시 남구 용호동,경상사고,0,0,1,0,차대사람 - 횡단중,안전운전불이행,건조,맑음,교차로 - 교차로안,승용,남,75세,상해없음,보행자,남,11세,경상
2023091400100536,2023년 9월 14일 20시,목요일,부산광역시 부산진구 개금동,경상사고,0,0,1,0,차대차 - 측면충돌,안전거리미확보,젖음/습기,비,교차로 - 교차로부근,승용,남,57세,상해없음,이륜,남,46세,경상
2023091400100562,2023년 9월 14일 21시,목요일,부산광역시 강서구 대저1동,경상사고,0,0,3,0,차대차 - 측면충돌,안전운전불이행,건조,맑음,교차로 - 교차로부근,승용,여,54세,상해없음,승용,여,62세,경상
2023091400100606,2023년 9월 14일 23시,목요일,부산광역시 해운대구 우동,경상사고,0,0,1,0,차대차 - 측면충돌,안전운전불이행,건조,맑음,교차로 - 교차로부근,승용,여,63세,상해없음,승용,남,31세,경상
2023091500100036,2023년 9월 15일 04시,금요일,부산광역시 남구 대연동,경상사고,0,0,2,0,차대차 - 측면충돌,안전운전불이행,건조,흐림,단일로 - 기타,승용,남,32세,기타불명,승용,남,41세,경상
2023091500100107,2023년 9월 15일 08시,금요일,부산광역시 남구 대연동,경상사고,0,0,1,0,차대차 - 추돌,안전운전불이행,건조,맑음,단일로 - 기타,승용,남,37세,상해없음,승용,여,48세,경상
2023091500100141,2023년 9월 15일 09시,금요일,부산광역시 동래구 온천동,경상사고,0,0,1,0,차대사람 - 차도통행중,안전운전불이행,건조,맑음,기타 - 기타,승용,여,61세,상해없음,보행자,여,88세,경상
2023091500100142,2023년 9월 15일 09시,금요일,부산광역시 강서구 송정동,부상신고사고,0,0,0,1,차대차 - 측면충돌,안전운전불이행,건조,맑음,교차로 - 교차로안,승용,남,35세,상해없음,화물,남,60세,부상신고
2023091500100180,2023년 9월 15일 10시,금요일,부산광역시 수영구 남천동,경상사고,0,0,1,0,차대차 - 후진중충돌,안전운전불이행,건조,맑음,교차로 - 교차로안,승용,남,23세,상해없음,승용,남,44세,경상
2023091500100181,2023년 9월 15일 10시,금요일,부산광역시 부산진구 개금동,중상사고,0,1,0,0,차대차 - 기타,안전운전불이행,젖음/습기,비,단일로 - 고가도로위,승용,남,19세,상해없음,화물,남,56세,중상
2023091500100182,2023년 9월 15일 10시,금요일,부산광역시 사상구 주례동,중상사고,0,1,0,0,차대사람 - 보도통행중,기타,건조,맑음,단일로 - 기타,승용,여,23세,상해없음,보행자,남,71세,중상
2023091500100210,2023년 9월 15일 11시,금요일,부산광역시 연제구 연산동,경상사고,0,0,1,0,차대차 - 측면충돌,안전거리미확보,젖음/습기,비,단일로 - 기타,승용,남,33세,상해없음,승용,남,41세,경상
2023091500100234,2023년 9월 15일 12시,금요일,부산광역시 동구 초량동,경상사고,0,0,1,0,차대차 - 측면충돌,안전운전불이행,건조,맑음,단일로 - 기타,화물,남,71세,상해없음,승용,남,64세,경상
2023091500100235,2023년 9월 15일 12시,금요일,부산광역시 동래구 온천동,경상사고,0,0,1,0,차대차 - 기타,안전운전불이행,건조,맑음,단일로 - 기타,승용,남,64세,상해없음,화물,남,29세,경상
2023091500100236,2023년 9월 15일 12시,금요일,부산광역시 강서구 범방동,중상사고,0,1,3,1,차대차 - 측면충돌,안전운전불이행,건조,맑음,단일로 - 기타,특수,남,63세,상해없음,승용,여,51세,경상
2023091500100272,2023년 9월 15일 13시,금요일,부산광역시 동구 범일동,경상사고,0,0,2,0,차대차 - 기타,안전운전불이행,건조,맑음,단일로 - 기타,승용,남,55세,상해없음,승용,여,52세,경상
2023091500100273,2023년 9월 15일 13시,금요일,부산광역시 서구 서대신동2가,경상사고,0,0,1,0,차대차 - 측면충돌,안전운전불이행,젖음/습기,비,단일로 - 지하차도(도로)내,승용,여,41세,상해없음,이륜,남,33세,경상
2023091500100274,2023년 9월 15일 13시,금요일,부산광역시 서구 서대신동3가,경상사고,0,0,1,0,차대사람 - 길가장자리구역통행중,안전운전불이행,건조,맑음,단일로 - 기타,승용,여,56세,상해없음,보행자,여,8세,경상
2023091500100275,2023년 9월 15일 13시,금요일,부산광역시 남구 용호동,경상사고,0,0,2,0,차대차 - 측면충돌,안전운전불이행,젖음/습기,비,교차로 - 교차로안,승용,여,53세,상해없음,승용,남,46세,경상
2023091500100276,2023년 9월 15일 13시,금요일,부산광역시 수영구 망미동,경상사고,0,0,1,0,차대사람 - 차도통행중,안전운전불이행,젖음/습기,비,단일로 - 기타,이륜,남,57세,상해없음,보행자,여,77세,경상
2023091500100307,2023년 9월 15일 14시,금요일,부산광역시 동구 좌천동,경상사고,0,0,1,0,차대차 - 측면충돌,교차로운행방법위반,건조,맑음,교차로 - 교차로안,승용,여,58세,상해없음,승용,남,45세,경상
2023091500100308,2023년 9월 15일 14시,금요일,부산광역시 남구 문현동,중상사고,0,1,0,0,차량단독 - 기타,안전운전불이행,젖음/습기,비,단일로 - 기타,승용,남,53세,상해없음,,,,
2023091500100310,2023년 9월 15일 14시,금요일,부산광역시 동래구 사직동,경상사고,0,0,1,0,차대차 - 측면충돌,직진우회전진행방해,건조,맑음,교차로 - 교차로안,승용,남,38세,상해없음,승용,여,61세,경상
2023091500100338,2023년 9월 15일 15시,금요일,부산광역시 동래구 온천동,경상사고,0,0,1,0,차대차 - 기타,신호위반,건조,맑음,단일로 - 기타,승용,남,61세,상해없음,이륜,남,60세,경상
2023091500100339,2023년 9월 15일 15시,금요일,부산광역시 강서구 명지동,경상사고,0,0,1,0,차대차 - 측면충돌,안전운전불이행,건조,맑음,단일로 - 기타,승용,남,50세,상해없음,승용,남,27세,경상
2023091500100376,2023년 9월 15일 16시,금요일,부산광역시 해운대구 우동,경상사고,0,0,3,1,차대차 - 추돌,안전운전불이행,건조,맑음,단일로 - 터널,화물,남,66세,기타불명,승용,여,32세,경상
2023091500100413,2023년 9월 15일 17시,금요일,부산광역시 동래구 명륜동,경상사고,0,0,1,0,차대차 - 측면충돌,교차로운행방법위반,건조,맑음,교차로 - 교차로안,승용,여,62세,상해없음,승용,남,36세,경상
2023091500100414,2023년 9월 15일 17시,금요일,부산광역시 강서구 대저1동,중상사고,0,1,0,0,차대차 - 기타,신호위반,건조,맑음,교차로 - 교차로안,승용,여,54세,상해없음,승용,남,31세,중상
2023091500100527,2023년 9월 15일 19시,금요일,부산광역시 중구 남포동1가,부상신고사고,0,0,0,1,차대차 - 측면충돌,차로위반,건조,맑음,단일로 - 기타,승용,남,25세,상해없음,승용,남,59세,부상신고
2023091500100528,2023년 9월 15일 19시,금요일,부산광역시 부산진구 범천동,경상사고,0,0,2,0,차대차 - 추돌,안전거리미확보,건조,맑음,교차로 - 교차로부근,승용,남,51세,상해없음,승용,남,49세,경상
2023091500100609,2023년 9월 15일 21시,금요일,부산광역시 서구 아미동2가,경상사고,0,0,2,0,차대차 - 측면충돌,안전운전불이행,젖음/습기,비,교차로 - 교차로부근,승용,여,52세,상해없음,승용,남,24세,경상
2023091500100610,2023년 9월 15일 21시,금요일,부산광역시 동래구 명륜동,중상사고,0,1,0,0,차대사람 - 기타,안전운전불이행,건조,맑음,단일로 - 기타,승용,남,57세,상해없음,보행자,여,38세,중상
2023091500100639,2023년 9월 15일 22시,금요일,부산광역시 남구 문현동,경상사고,0,0,1,0,차대차 - 기타,안전거리미확보,건조,맑음,교차로 - 교차로부근,승용,남,55세,상해없음,이륜,남,38세,경상
2023091500100668,2023년 9월 15일 23시,금요일,부산광역시 사하구 괴정동,중상사고,0,1,0,0,차대차 - 추돌,안전운전불이행,건조,맑음,교차로 - 교차로부근,승용,남,54세,상해없음,승용,남,78세,상해없음
2023091600100018,2023년 9월 16일 01시,토요일,부산광역시 부산진구 부전동,경상사고,0,0,3,0,차대차 - 추돌,안전운전불이행,건조,맑음,단일로 - 기타,승용,남,52세,상해없음,승용,여,49세,경상
2023091600100041,2023년 9월 16일 03시,토요일,부산광역시 중구 중앙동4가,중상사고,0,1,0,0,차대사람 - 횡단중,기타,건조,맑음,단일로 - 기타,승용,남,70세,상해없음,보행자,남,81세,중상
2023091600100047,2023년 9월 16일 04시,토요일,부산광역시 부산진구 부전동,경상사고,0,0,2,0,차대차 - 기타,안전운전불이행,건조,맑음,단일로 - 기타,승용,남,47세,상해없음,승용,남,66세,경상
2023091600100061,2023년 9월 16일 06시,토요일,부산광역시 중구 부평동2가,경상사고,0,0,1,0,차대차 - 기타,안전운전불이행,건조,맑음,단일로 - 기타,승용,여,43세,상해없음,자전거,남,44세,경상
2023091600100072,2023년 9월 16일 07시,토요일,부산광역시 서구 동대신동2가,경상사고,0,0,1,0,차대차 - 측면충돌,신호위반,젖음/습기,맑음,교차로 - 교차로부근,화물,남,34세,상해없음,이륜,남,57세,경상
2023091600100085,2023년 9월 16일 08시,토요일,부산광역시 중구 부평동3가,경상사고,0,0,1,0,차대차 - 추돌,안전운전불이행,젖음/습기,비,교차로 - 교차로부근,이륜,남,65세,상해없음,승용,여,49세,경상
2023091600100086,2023년 9월 16일 08시,토요일,부산광역시 동래구 명륜동,중상사고,0,1,0,0,차대사람 - 기타,안전운전불이행,건조,맑음,단일로 - 기타,자전거,여,61세,중상,보행자,남,79세,상해없음
2023091600100130,2023년 9월 16일 10시,토요일,부산광역시 서구 서대신동1가,경상사고,0,0,2,1,차대차 - 기타,신호위반,젖음/습기,비,교차로 - 교차로부근,승용,남,62세,상해없음,승용,남,70세,경상
2023091600100131,2023년 9월 16일 10시,토요일,부산광역시 부산진구 당감동,경상사고,0,0,1,0,차대차 - 추돌,안전운전불이행,젖음/습기,비,단일로 - 기타,승용,남,54세,상해없음,승용,남,37세,경상
2023091600100133,2023년 9월 16일 10시,토요일,부산광역시 금정구 구서동,경상사고,0,0,1,0,차대차 - 측면충돌,안전운전불이행,젖음/습기,비,교차로 - 교차로부근,승용,남,48세,상해없음,승용,남,49세,경상
2023091600100134,2023년 9월 16일 10시,토요일,부산광역시 기장군 정관읍,중상사고,0,1,0,0,차대차 - 기타,안전운전불이행,젖음/습기,비,교차로 - 교차로안,승용,여,57세,상해없음,이륜,남,37세,중상
2023091600100202,2023년 9월 16일 12시,토요일,부산광역시 금정구 청룡동,경상사고,0,0,1,0,차량단독 - 기타,기타,건조,맑음,단일로 - 기타,승합,남,58세,상해없음,,,,
2023091600100203,2023년 9월 16일 12시,토요일,부산광역시 강서구 봉림동,경상사고,0,0,1,0,차대차 - 추돌,안전운전불이행,젖음/습기,비,단일로 - 기타,승용,남,30세,상해없음,승용,남,51세,경상
2023091600100248,2023년 9월 16일 13시,토요일,부산광역시 중구 영주동,경상사고,0,0,1,0,차대차 - 기타,중앙선침범,젖음/습기,비,교차로 - 교차로부근,승용,남,67세,상해없음,이륜,남,32세,경상
2023091600100249,2023년 9월 16일 13시,토요일,부산광역시 남구 문현동,중상사고,0,1,0,0,차대사람 - 기타,안전운전불이행,젖음/습기,비,단일로 - 기타,이륜,남,24세,상해없음,보행자,남,40세,중상
2023091600100250,2023년 9월 16일 13시,토요일,부산광역시 남구 문현동,중상사고,0,1,0,0,차대차 - 측면충돌,안전운전불이행,건조,맑음,단일로 - 기타,승용,여,25세,상해없음,승용,여,53세,중상
2023091600100251,2023년 9월 16일 13시,토요일,부산광역시 사상구 모라동,경상사고,0,0,2,0,차대차 - 측면충돌,안전운전불이행,건조,맑음,단일로 - 기타,승용,남,54세,상해없음,승용,남,41세,경상
2023091600100284,2023년 9월 16일 14시,토요일,부산광역시 북구 화명동,중상사고,0,1,0,0,차량단독 - 기타,안전운전불이행,젖음/습기,비,교차로 - 교차로안,이륜,남,39세,중상,,,,
2023091600100317,2023년 9월 16일 15시,토요일,부산광역시 동구 수정동,중상사고,0,1,0,0,차대차 - 기타,교차로운행방법위반,젖음/습기,비,교차로 - 교차로안,승용,남,26세,상해없음,원동기,남,65세,중상
2023091600100318,2023년 9월 16일 15시,토요일,부산광역시 수영구 광안동,경상사고,0,0,1,0,차대차 - 추돌,안전운전불이행,건조,맑음,교차로 - 교차로안,승용,남,70세,기타불명,승용,남,31세,경상
2023091600100319,2023년 9월 16일 15시,토요일,부산광역시 금정구 구서동,경상사고,0,0,1,0,차대차 - 측면충돌,안전운전불이행,건조,맑음,기타 - 기타,화물,남,45세,기타불명,승용,남,33세,경상
2023091600100351,2023년 9월 16일 16시,토요일,부산광역시 금정구 금사동,경상사고,0,0,2,0,차대차 - 측면충돌,신호위반,젖음/습기,비,교차로 - 교차로안,승용,남,42세,상해없음,승용,남,72세,경상
2023091600100394,2023년 9월 16일 17시,토요일,부산광역시 서구 서대신동1가,중상사고,0,2,1,0,차대차 - 측면충돌,신호위반,젖음/습기,비,교차로 - 교차로안,승용,남,36세,경상,승용,남,50세,중상
2023091600100395,2023년 9월 16일 17시,토요일,부산광역시 동래구 명륜동,중상사고,0,1,1,0,차대차 - 측면충돌,안전운전불이행,건조,맑음,단일로 - 기타,승용,여,43세,중상,승용,남,85세,경상
2023091600100433,2023년 9월 16일 18시,토요일,부산광역시 사상구 감전동,경상사고,0,0,1,0,차대차 - 정면충돌,안전운전불이행,건조,맑음,교차로 - 교차로안,승용,여,58세,상해없음,승용,여,47세,경상
2023091600100477,2023년 9월 16일 19시,토요일,부산광역시 부산진구 부암동,중상사고,0,1,0,0,차대차 - 기타,신호위반,젖음/습기,비,교차로 - 교차로부근,승용,남,64세,상해없음,이륜,남,47세,중상
2023091600100478,2023년 9월 16일 19시,토요일,부산광역시 연제구 연산동,중상사고,0,1,3,0,차대차 - 정면충돌,교차로운행방법위반,젖음/습기,흐림,교차로 - 교차로안,이륜,남,48세,중상,승용,여,42세,경상
2023091600100516,2023년 9월 16일 20시,토요일,부산광역시 부산진구 당감동,경상사고,0,0,1,0,차대차 - 추돌,안전운전불이행,젖음/습기,흐림,교차로 - 교차로부근,승용,남,53세,상해없음,승용,여,45세,경상
2023091600100593,2023년 9월 16일 23시,토요일,부산광역시 서구 암남동,경상사고,0,0,1,0,차대사람 - 횡단중,신호위반,건조,흐림,교차로 - 교차로안,승용,남,36세,상해없음,보행자,여,23세,경상
2023091600100594,2023년 9월 16일 23시,토요일,부산광역시 동래구 온천동,부상신고사고,0,0,0,1,차대차 - 기타,신호위반,젖음/습기,흐림,교차로 - 교차로부근,기타불명,기타불명,미분류,기타불명,이륜,남,43세,부상신고
2023091700100005,2023년 9월 17일 00시,일요일,부산광역시 강서구 강동동,경상사고,0,0,1,0,차량단독 - 공작물충돌,안전운전불이행,젖음/습기,비,단일로 - 기타,승용,남,64세,상해없음,,,,
2023091700100035,2023년 9월 17일 03시,일요일,부산광역시 남구 대연동,경상사고,0,0,2,0,차대차 - 기타,교차로운행방법위반,젖음/습기,비,교차로 - 교차로안,승용,남,22세,상해없음,승용,남,72세,경상