사고번호,사고일시,요일,시군구,사고내용,사망자수,중상자수,경상자수,부상신고자수,사고유형,법규위반,노면상태,기상상태,도로형태,가해운전자 차종,가해운전자 성별,가해운전자 연령,가해운전자 상해정도,피해운전자 차종,피해운전자 성별,피해운전자 연령,피해운전자 상해정도
2023092500100257,2023년 9월 25일 12시,월요일,부산광역시 북구 덕천동,중상사고,0,1,0,0,차대차 - 측면충돌,신호위반,건조,맑음,교차로 - 교차로횡단보도내,승용,여,66세,상해없음,이륜,남,27세,중상
2023092500100258,2023년 9월 25일 12시,월요일,부산광역시 기장군 정관읍,중상사고,0,1,0,0,차대차 - 추돌,안전운전불이행,건조,맑음,단일로 - 기타,화물,남,29세,중상,화물,남,53세,상해없음
2023092500100297,2023년 9월 25일 13시,월요일,부산광역시 부산진구 가야동,경상사고,0,0,1,0,차대사람 - 기타,보행자보호의무위반,건조,맑음,교차로 - 교차로횡단보도내,승용,남,22세,상해없음,보행자,남,64세,경상
2023092500100298,2023년 9월 25일 13시,월요일,부산광역시 부산진구 양정동,경상사고,0,0,1,0,차대사람 - 기타,안전운전불이행,건조,맑음,단일로 - 기타,화물,남,41세,상해없음,보행자,여,80세,경상
2023092500100299,2023년 9월 25일 13시,월요일,부산광역시 부산진구 범천동,경상사고,0,0,2,0,차대차 - 추돌,안전거리미확보,건조,맑음,단일로 - 기타,승용,남,32세,경상,승용,남,32세,경상
2023092500100342,2023년 9월 25일 14시,월요일,부산광역시 강서구 봉림동,경상사고,0,0,1,0,차대차 - 측면충돌,안전거리미확보,건조,맑음,단일로 - 기타,특수,남,62세,상해없음,승용,남,54세,경상
2023092500100394,2023년 9월 25일 15시,월요일,부산광역시 동구 초량동,중상사고,0,1,1,0,차대차 - 추돌,안전운전불이행,건조,맑음,단일로 - 기타,승용,남,69세,상해없음,화물,남,62세,상해없음
2023092500100395,2023년 9월 25일 15시,월요일,부산광역시 동구 초량동,경상사고,0,0,1,0,차대차 - 기타,교차로운행방법위반,건조,맑음,교차로 - 교차로안,승용,남,82세,상해없음,승용,남,62세,상해없음
2023092500100396,2023년 9월 25일 15시,월요일,부산광역시 동래구 안락동,경상사고,0,0,2,0,차대차 - 기타,신호위반,건조,맑음,단일로 - 기타,승용,남,71세,상해없음,승용,여,18세,경상
2023092500100397,2023년 9월 25일 15시,월요일,부산광역시 해운대구 우동,경상사고,0,0,1,0,차대차 - 측면충돌,안전거리미확보,건조,맑음,단일로 - 기타,승용,남,84세,상해없음,화물,남,53세,경상
2023092500100432,2023년 9월 25일 16시,월요일,부산광역시 부산진구 범전동,경상사고,0,0,1,0,차대차 - 기타,안전운전불이행,건조,맑음,기타 - 기타,승용,남,49세,상해없음,승용,남,63세,경상
2023092500100433,2023년 9월 25일 16시,월요일,부산광역시 사상구 학장동,중상사고,0,1,0,0,차대차 - 측면충돌,신호위반,건조,맑음,교차로 - 교차로안,이륜,남,46세,상해없음,이륜,남,69세,중상
2023092500100470,2023년 9월 25일 17시,월요일,부산광역시 사하구 장림동,경상사고,0,0,1,0,차대차 - 기타,안전운전불이행,건조,맑음,단일로 - 기타,승용,남,67세,상해없음,승용,여,59세,경상
2023092500100510,2023년 9월 25일 18시,월요일,부산광역시 북구 구포동,경상사고,0,0,1,0,차대차 - 기타,안전운전불이행,건조,맑음,단일로 - 기타,승용,남,57세,상해없음,승용,남,25세,경상
2023092500100511,2023년 9월 25일 18시,월요일,부산광역시 금정구 부곡동,경상사고,0,0,1,0,차대사람 - 보도통행중,안전운전불이행,건조,맑음,기타 - 기타,개인형이동수단(PM),남,15세,상해없음,보행자,남,59세,경상
2023092500100557,2023년 9월 25일 19시,월요일,부산광역시 해운대구 우동,중상사고,0,1,0,0,차대차 - 측면충돌,안전거리미확보,건조,맑음,교차로 - 교차로부근,승용,여,30세,상해없음,승용,남,27세,중상
2023092500100558,2023년 9월 25일 19시,월요일,부산광역시 금정구 부곡동,경상사고,0,0,4,0,차대차 - 측면충돌,안전운전불이행,건조,맑음,교차로 - 교차로안,원동기,남,16세,상해없음,승용,남,39세,경상
2023092500100604,2023년 9월 25일 20시,월요일,부산광역시 동래구 온천동,중상사고,0,1,0,0,차대사람 - 차도통행중,안전운전불이행,건조,흐림,단일로 - 기타,승용,남,61세,상해없음,보행자,여,62세,중상
2023092500100605,2023년 9월 25일 20시,월요일,부산광역시 강서구 명지동,경상사고,0,0,1,0,차대차 - 기타,신호위반,건조,맑음,단일로 - 기타,화물,남,68세,상해없음,승용,여,39세,상해없음
2023092500100606,2023년 9월 25일 20시,월요일,부산광역시 사상구 학장동,중상사고,0,1,0,0,차대사람 - 차도통행중,안전운전불이행,건조,맑음,교차로 - 교차로부근,승용,남,47세,상해없음,보행자,남,60세,중상
2023092500100637,2023년 9월 25일 21시,월요일,부산광역시 부산진구 부전동,부상신고사고,0,0,0,1,차대차 - 측면충돌,직진우회전진행방해,건조,기타,교차로 - 교차로안,이륜,남,32세,부상신고,승용,남,29세,상해없음
2023092500100638,2023년 9월 25일 21시,월요일,부산광역시 부산진구 부전동,중상사고,0,1,0,0,차대사람 - 기타,기타,건조,맑음,단일로 - 기타,승합,남,49세,상해없음,보행자,남,65세,중상
2023092600100010,2023년 9월 26일 01시,화요일,부산광역시 금정구 노포동,중상사고,0,1,0,0,차량단독 - 공작물충돌,중앙선침범,건조,맑음,단일로 - 기타,승용,남,20세,상해없음,,,,
2023092600100017,2023년 9월 26일 02시,화요일,부산광역시 부산진구 전포동,경상사고,0,0,1,0,차량단독 - 기타,안전운전불이행,건조,맑음,교차로 - 교차로부근,이륜,남,35세,경상,,,,
2023092600100032,2023년 9월 26일 04시,화요일,부산광역시 서구 서대신동2가,부상신고사고,0,0,0,1,차량단독 - 전도전복 - 전도,신호위반,건조,맑음,단일로 - 기타,이륜,남,29세,상해없음,,,,
2023092600100040,2023년 9월 26일 05시,화요일,부산광역시 연제구 거제동,경상사고,0,0,1,0,차대차 - 추돌,교차로운행방법위반,건조,맑음,교차로 - 교차로부근,승용,남,69세,상해없음,승용,남,22세,경상
2023092600100054,2023년 9월 26일 06시,화요일,부산광역시 부산진구 범천동,경상사고,0,0,3,0,차대차 - 기타,안전거리미확보,건조,맑음,교차로 - 교차로부근,승용,여,45세,상해없음,화물,남,57세,상해없음
2023092600100075,2023년 9월 26일 07시,화요일,부산광역시 해운대구 우동,경상사고,0,0,1,0,차대차 - 추돌,안전거리미확보,건조,맑음,교차로 - 교차로부근,승용,남,66세,상해없음,승용,여,41세,경상
2023092600100163,2023년 9월 26일 09시,화요일,부산광역시 서구 서대신동3가,경상사고,0,0,1,0,차대사람 - 보도통행중,보행자보호의무위반,건조,맑음,교차로 - 교차로안,승용,남,69세,상해없음,보행자,여,65세,경상
2023092600100164,2023년 9월 26일 09시,화요일,부산광역시 부산진구 범천동,경상사고,0,0,6,0,차대차 - 측면충돌,안전운전불이행,건조,맑음,단일로 - 기타,승용,남,80세,상해없음,승합,남,61세,경상
2023092600100165,2023년 9월 26일 09시,화요일,부산광역시 연제구 연산동,경상사고,0,0,1,0,차대사람 - 기타,교차로운행방법위반,건조,맑음,교차로 - 교차로안,승용,여,37세,상해없음,보행자,남,76세,경상
2023092600100229,2023년 9월 26일 11시,화요일,부산광역시 연제구 연산동,중상사고,0,1,0,0,차대차 - 기타,안전운전불이행,건조,맑음,기타 - 기타,원동기,남,29세,상해없음,자전거,여,65세,중상
2023092600100269,2023년 9월 26일 12시,화요일,부산광역시 사하구 다대동,경상사고,0,0,1,0,차대사람 - 기타,안전운전불이행,건조,맑음,단일로 - 기타,승용,남,68세,상해없음,보행자,여,59세,경상
2023092600100333,2023년 9월 26일 14시,화요일,부산광역시 북구 만덕동,경상사고,0,0,1,0,차대사람 - 기타,기타,건조,맑음,교차로 - 교차로부근,승용,남,63세,상해없음,보행자,남,55세,경상
2023092600100334,2023년 9월 26일 14시,화요일,부산광역시 동구 좌천동,경상사고,0,0,1,0,차대차 - 추돌,안전거리미확보,건조,맑음,단일로 - 터널,화물,남,72세,상해없음,승용,여,45세,경상
2023092600100335,2023년 9월 26일 14시,화요일,부산광역시 부산진구 당감동,경상사고,0,0,1,0,차대차 - 추돌,안전운전불이행,건조,맑음,교차로 - 교차로안,승용,남,61세,상해없음,승용,여,66세,경상
2023092600100336,2023년 9월 26일 14시,화요일,부산광역시 사하구 신평동,경상사고,0,0,1,0,차대차 - 기타,중앙선침범,건조,맑음,교차로 - 교차로부근,승용,남,57세,상해없음,승용,여,35세,경상
2023092600100337,2023년 9월 26일 14시,화요일,부산광역시 사하구 하단동,경상사고,0,0,1,0,차대사람 - 기타,안전운전불이행,건조,맑음,단일로 - 지하차도(도로)내,승용,남,67세,상해없음,보행자,남,55세,경상
2023092600100384,2023년 9월 26일 15시,화요일,부산광역시 동구 수정동,경상사고,0,0,1,0,차대사람 - 횡단중,보행자보호의무위반,건조,맑음,교차로 - 교차로부근,승용,여,40세,상해없음,보행자,남,10세,경상
2023092600100385,2023년 9월 26일 15시,화요일,부산광역시 해운대구 좌동,경상사고,0,0,1,0,차대차 - 측면충돌,안전운전불이행,건조,맑음,단일로 - 기타,승용,남,64세,상해없음,승용,여,56세,경상
2023092600100415,2023년 9월 26일 16시,화요일,부산광역시 수영구 민락동,부상신고사고,0,0,0,2,차대차 - 추돌,안전운전불이행,젖음/습기,비,단일로 - 교량,승용,남,42세,상해없음,승용,여,68세,부상신고
2023092600100416,2023년 9월 26일 16시,화요일,부산광역시 해운대구 우동,경상사고,0,0,1,0,차대차 - 측면충돌,안전거리미확보,건조,맑음,단일로 - 기타,승용,남,41세,상해없음,승용,남,20세,경상
2023092600100417,2023년 9월 26일 16시,화요일,부산광역시 부산진구 부전동,부상신고사고,0,0,0,1,차대차 - 기타,안전운전불이행,젖음/습기,비,교차로 - 교차로안,이륜,남,75세,부상신고,승용,여,58세,상해없음
2023092600100470,2023년 9월 26일 17시,화요일,부산광역시 중구 부평동3가,경상사고,0,0,2,0,차대차 - 기타,안전운전불이행,젖음/습기,비,단일로 - 기타,승용,남,80세,상해없음,승용,여,51세,경상
2023092600100471,2023년 9월 26일 17시,화요일,부산광역시 남구 용당동,경상사고,0,0,1,0,차대차 - 기타,중앙선침범,건조,맑음,교차로 - 교차로부근,승용,남,32세,상해없음,승용,남,31세,경상
2023092600100523,2023년 9월 26일 18시,화요일,부산광역시 해운대구 반여동,중상사고,0,1,0,0,차대사람 - 차도통행중,교차로운행방법위반,건조,맑음,교차로 - 교차로안,승용,여,33세,상해없음,보행자,여,15세,중상
2023092600100524,2023년 9월 26일 18시,화요일,부산광역시 사상구 삼락동,중상사고,0,1,0,0,차대차 - 기타,기타,건조,맑음,단일로 - 기타,승용,남,70세,상해없음,승용,남,61세,중상
2023092600100576,2023년 9월 26일 19시,화요일,부산광역시 동구 초량동,경상사고,0,0,1,0,차량단독 - 기타,안전운전불이행,건조,흐림,단일로 - 기타,승합,남,51세,상해없음,,,,
2023092600100577,2023년 9월 26일 19시,화요일,부산광역시 부산진구 양정동,부상신고사고,0,0,0,1,차대차 - 기타,신호위반,건조,맑음,교차로 - 교차로안,기타불명,기타불명,미분류,기타불명,이륜,남,31세,부상신고
2023092600100578,2023년 9월 26일 19시,화요일,부산광역시 사상구 엄궁동,경상사고,0,0,1,0,차대사람 - 횡단중,안전운전불이행,기타,맑음,기타 - 기타,승용,여,60세,기타불명,보행자,남,75세,경상
2023092600100622,2023년 9월 26일 20시,화요일,부산광역시 동래구 온천동,중상사고,0,1,0,0,차대차 - 측면충돌,안전운전불이행,건조,맑음,단일로 - 기타,기타불명,기타불명,미분류,기타불명,이륜,남,50세,중상
2023092600100650,2023년 9월 26일 21시,화요일,부산광역시 북구 금곡동,경상사고,0,0,1,0,차대차 - 추돌,안전운전불이행,건조,맑음,단일로 - 기타,화물,남,66세,상해없음,승용,남,43세,경상
2023092600100651,2023년 9월 26일 21시,화요일,부산광역시 부산진구 부전동,중상사고,0,1,1,1,차대차 - 기타,신호위반,건조,맑음,교차로 - 교차로안,이륜,남,31세,중상,승용,남,66세,상해없음
2023092600100652,2023년 9월 26일 21시,화요일,부산광역시 강서구 송정동,경상사고,0,0,1,0,차대차 - 기타,안전거리미확보,건조,맑음,교차로 - 교차로부근,화물,남,53세,상해없음,화물,남,33세,경상
2023092600100685,2023년 9월 26일 22시,화요일,부산광역시 사하구 구평동,경상사고,0,0,1,0,차대차 - 측면충돌,안전운전불이행,건조,맑음,단일로 - 기타,승용,남,55세,상해없음,화물,여,58세,경상
2023092600100702,2023년 9월 26일 23시,화요일,부산광역시 금정구 구서동,경상사고,0,0,3,0,차대차 - 추돌,안전운전불이행,젖음/습기,맑음,교차로 - 교차로부근,승용,남,35세,상해없음,승용,남,48세,경상
2023092700100040,2023년 9월 27일 04시,수요일,부산광역시 기장군 정관읍,경상사고,0,0,1,0,차대사람 - 횡단중,안전운전불이행,건조,맑음,단일로 - 지하차도(도로)내,승용,남,53세,상해없음,보행자,남,15세,경상
2023092700100117,2023년 9월 27일 08시,수요일,부산광역시 서구 남부민동,부상신고사고,0,0,0,1,차대차 - 측면충돌,안전운전불이행,건조,맑음,단일로 - 기타,화물,남,58세,상해없음,자전거,남,66세,부상신고
2023092700100118,2023년 9월 27일 08시,수요일,부산광역시 서구 동대신동3가,중상사고,0,1,0,0,차대차 - 측면충돌,안전운전불이행,건조,맑음,단일로 - 기타,승용,여,32세,상해없음,승용,남,40세,중상
2023092700100119,2023년 9월 27일 08시,수요일,부산광역시 동래구 안락동,경상사고,0,0,1,0,차대사람 - 기타,보행자보호의무위반,건조,맑음,단일로 - 기타,승용,여,57세,상해없음,보행자,여,49세,경상
2023092700100120,2023년 9월 27일 08시,수요일,부산광역시 부산진구 개금동,경상사고,0,0,1,0,차대차 - 기타,안전운전불이행,건조,맑음,기타 - 기타,승용,남,46세,상해없음,승용,여,29세,경상
2023092700100121,2023년 9월 27일 08시,수요일,부산광역시 금정구 부곡동,중상사고,0,2,2,0,차대차 - 측면충돌,차로위반,건조,맑음,단일로 - 기타,원동기,남,76세,상해없음,승용,남,38세,경상
2023092700100171,2023년 9월 27일 09시,수요일,부산광역시 서구 남부민동,경상사고,0,0,1,0,차대사람 - 횡단중,안전운전불이행,건조,맑음,단일로 - 기타,이륜,남,47세,기타불명,보행자,여,41세,경상
2023092700100172,2023년 9월 27일 09시,수요일,부산광역시 부산진구 범천동,중상사고,0,1,0,0,차대차 - 측면충돌,신호위반,건조,맑음,교차로 - 교차로안,이륜,남,76세,중상,승용,남,61세,상해없음
2023092700100173,2023년 9월 27일 09시,수요일,부산광역시 금정구 부곡동,중상사고,0,1,0,0,차대사람 - 횡단중,안전운전불이행,건조,맑음,교차로 - 교차로안,승용,남,44세,상해없음,보행자,여,59세,중상
2023092700100174,2023년 9월 27일 09시,수요일,부산광역시 강서구 대저1동,경상사고,0,0,1,0,차대차 - 기타,안전운전불이행,건조,맑음,교차로 - 교차로안,승용,남,35세,경상,승용,남,67세,상해없음
2023092700100175,2023년 9월 27일 09시,수요일,부산광역시 강서구 송정동,경상사고,0,0,1,0,차대차 - 측면충돌,안전운전불이행,건조,맑음,교차로 - 교차로안,특수,남,40세,상해없음,승용,남,40세,경상
2023092700100176,2023년 9월 27일 09시,수요일,부산광역시 사상구 괘법동,부상신고사고,0,0,0,1,차대차 - 기타,안전거리미확보,건조,맑음,단일로 - 기타,화물,남,55세,상해없음,이륜,남,47세,부상신고
2023092700100208,2023년 9월 27일 10시,수요일,부산광역시 부산진구 초읍동,경상사고,0,0,1,0,차대사람 - 기타,안전운전불이행,건조,맑음,단일로 - 기타,승용,남,70세,상해없음,보행자,남,50세,경상
2023092700100209,2023년 9월 27일 10시,수요일,부산광역시 부산진구 부전동,경상사고,0,0,2,0,차대차 - 측면충돌,안전거리미확보,건조,맑음,교차로 - 교차로부근,승용,남,76세,경상,승용,남,47세,경상
2023092700100247,2023년 9월 27일 11시,수요일,부산광역시 기장군 장안읍,중상사고,0,1,0,0,차량단독 - 전도전복 - 전도,안전운전불이행,건조,맑음,기타 - 기타,특수,남,67세,중상,,,,
2023092700100248,2023년 9월 27일 11시,수요일,부산광역시 기장군 일광읍,경상사고,0,0,2,0,차대차 - 추돌,안전운전불이행,건조,맑음,단일로 - 기타,승용,남,57세,상해없음,승용,남,38세,경상
2023092700100293,2023년 9월 27일 12시,수요일,부산광역시 동래구 온천동,중상사고,0,1,0,0,차대사람 - 횡단중,안전운전불이행,건조,맑음,기타 - 기타,화물,남,29세,상해없음,보행자,여,74세,중상
2023092700100294,2023년 9월 27일 12시,수요일,부산광역시 동래구 온천동,중상사고,0,1,0,0,차대사람 - 기타,기타,건조,맑음,기타 - 기타,화물,남,44세,상해없음,보행자,남,87세,중상
2023092700100295,2023년 9월 27일 12시,수요일,부산광역시 금정구 장전동,경상사고,0,0,1,0,차대사람 - 차도통행중,안전운전불이행,건조,맑음,단일로 - 기타,승용,남,81세,상해없음,보행자,여,20세,경상
2023092700100332,2023년 9월 27일 13시,수요일,부산광역시 중구 남포동6가,중상사고,0,1,0,0,차대차 - 측면충돌,신호위반,건조,맑음,교차로 - 교차로안,승용,남,61세,상해없음,승용,남,64세,중상
2023092700100333,2023년 9월 27일 13시,수요일,부산광역시 부산진구 범천동,경상사고,0,0,1,0,차대차 - 기타,안전운전불이행,건조,맑음,교차로 - 교차로부근,승용,남,68세,상해없음,승용,남,71세,경상
2023092700100334,2023년 9월 27일 13시,수요일,부산광역시 금정구 구서동,경상사고,0,0,1,0,차대차 - 기타,안전운전불이행,건조,맑음,교차로 - 교차로부근,승합,남,67세,상해없음,승용,남,55세,경상
2023092700100369,2023년 9월 27일 14시,수요일,부산광역시 중구 중앙동4가,경상사고,0,0,1,0,차대차 - 측면충돌,교차로운행방법위반,건조,맑음,교차로 - 교차로부근,승용,남,48세,상해없음,특수,남,50세,경상
2023092700100370,2023년 9월 27일 14시,수요일,부산광역시 북구 화명동,경상사고,0,0,1,0,차대차 - 측면충돌,신호위반,건조,맑음,교차로 - 교차로안,승용,여,39세,상해없음,이륜,남,29세,경상
2023092700100371,2023년 9월 27일 14시,수요일,부산광역시 사하구 다대동,경상사고,0,0,1,0,차대차 - 정면충돌,신호위반,건조,맑음,교차로 - 교차로안,승용,여,61세,상해없음,승용,여,30세,경상
2023092700100425,2023년 9월 27일 15시,수요일,부산광역시 수영구 남천동,부상신고사고,0,0,0,1,차대차 - 측면충돌,안전운전불이행,건조,맑음,교차로 - 교차로부근,승용,남,64세,기타불명,승용,여,37세,부상신고
2023092700100476,2023년 9월 27일 16시,수요일,부산광역시 중구 동광동5가,경상사고,0,0,2,0,차대차 - 정면충돌,안전운전불이행,건조,맑음,단일로 - 기타,승용,남,75세,상해없음,이륜,남,66세,기타불명
2023092700100477,2023년 9월 27일 16시,수요일,부산광역시 수영구 광안동,경상사고,0,0,1,0,차대차 - 측면충돌,안전운전불이행,건조,맑음,교차로 - 교차로안,승용,남,80세,상해없음,이륜,여,19세,경상
2023092700100478,2023년 9월 27일 16시,수요일,부산광역시 부산진구 부전동,경상사고,0,0,1,0,차대차 - 측면충돌,안전거리미확보,건조,맑음,단일로 - 기타,승용,여,27세,상해없음,화물,남,37세,경상
2023092700100479,2023년 9월 27일 16시,수요일,부산광역시 사하구 당리동,경상사고,0,0,1,0,차대차 - 측면충돌,중앙선침범,건조,맑음,교차로 - 교차로부근,화물,남,50세,기타불명,승용,여,28세,경상
2023092700100528,2023년 9월 27일 17시,수요일,부산광역시 수영구 민락동,경상사고,0,0,1,0,차대차 - 측면충돌,안전운전불이행,건조,맑음,기타 - 기타,승용,남,32세,기타불명,승용,남,67세,경상
2023092700100529,2023년 9월 27일 17시,수요일,부산광역시 해운대구 송정동,중상사고,0,1,0,0,차대사람 - 차도통행중,안전운전불이행,건조,맑음,단일로 - 기타,이륜,남,31세,상해없음,보행자,남,69세,중상
2023092700100530,2023년 9월 27일 17시,수요일,부산광역시 해운대구 반여동,중상사고,0,1,0,0,차대사람 - 차도통행중,안전운전불이행,건조,맑음,교차로 - 교차로부근,승용,남,55세,상해없음,보행자,남,57세,중상
2023092700100531,2023년 9월 27일 17시,수요일,부산광역시 부산진구 초읍동,경상사고,0,0,1,0,차량단독 - 기타,안전운전불이행,건조,맑음,단일로 - 기타,승합,남,42세,상해없음,,,,
2023092700100532,2023년 9월 27일 17시,수요일,부산광역시 부산진구 초읍동,중상사고,0,1,2,0,차대차 - 정면충돌,기타,건조,맑음,교차로 - 교차로안,승용,남,38세,경상,승용,남,74세,중상
2023092700100533,2023년 9월 27일 17시,수요일,부산광역시 강서구 신호동,경상사고,0,0,2,0,차대차 - 측면충돌,안전거리미확보,건조,맑음,단일로 - 교량,화물,남,52세,상해없음,승용,남,27세,경상
2023092700100534,2023년 9월 27일 17시,수요일,부산광역시 강서구 대저1동,경상사고,0,0,1,0,차대차 - 기타,안전운전불이행,건조,맑음,교차로 - 교차로부근,화물,남,47세,기타불명,승용,남,63세,경상
2023092700100599,2023년 9월 27일 18시,수요일,부산광역시 동래구 사직동,중상사고,0,1,0,0,차대사람 - 횡단중,신호위반,건조,맑음,교차로 - 교차로안,개인형이동수단(PM),남,13세,상해없음,보행자,남,11세,중상
2023092700100600,2023년 9월 27일 18시,수요일,부산광역시 기장군 기장읍,중상사고,0,1,1,0,차대차 - 기타,안전운전불이행,건조,맑음,교차로 - 교차로부근,이륜,남,51세,경상,승용,여,43세,중상
2023092700100656,2023년 9월 27일 19시,수요일,부산광역시 금정구 부곡동,중상사고,0,1,0,0,차대사람 - 기타,안전운전불이행,건조,맑음,단일로 - 기타,승용,남,36세,상해없음,보행자,남,62세,중상
2023092700100705,2023년 9월 27일 20시,수요일,부산광역시 서구 서대신동3가,중상사고,0,1,0,0,차량단독 - 기타,안전운전불이행,건조,맑음,단일로 - 기타,승합,남,40세,상해없음,,,,
2023092700100706,2023년 9월 27일 20시,수요일,부산광역시 수영구 광안동,중상사고,0,1,0,0,차대차 - 측면충돌,신호위반,건조,맑음,교차로 - 교차로안,이륜,남,57세,상해없음,이륜,남,38세,중상
2023092700100707,2023년 9월 27일 20시,수요일,부산광역시 해운대구 재송동,경상사고,0,0,1,0,차대사람 - 기타,안전운전불이행,기타,맑음,단일로 - 기타,승용,남,70세,상해없음,보행자,남,33세,경상
2023092700100742,2023년 9월 27일 21시,수요일,부산광역시 기장군 일광읍,경상사고,0,0,1,0,차대차 - 기타,안전운전불이행,건조,맑음,교차로 - 교차로안,승합,남,33세,기타불명,자전거,남,54세,경상
2023092700100785,2023년 9월 27일 23시,수요일,부산광역시 연제구 연산동,경상사고,0,0,2,0,차대차 - 측면충돌,안전거리미확보,건조,맑음,단일로 - 기타,승용,남,64세,상해없음,승용,남,44세,경상
2023092800100038,2023년 9월 28일 03시,목요일,부산광역시 동래구 온천동,경상사고,0,0,1,0,차대사람 - 횡단중,보행자보호의무위반,건조,맑음,단일로 - 기타,승용,남,74세,상해없음,보행자,남,29세,경상
2023092800100084,2023년 9월 28일 09시,목요일,부산광역시 금정구 구서동,경상사고,0,0,1,0,차대사람 - 횡단중,안전운전불이행,건조,맑음,단일로 - 기타,승용,여,50세,상해없음,보행자,여,8세,경상
2023092800100110,2023년 9월 28일 10시,목요일,부산광역시 해운대구 송정동,중상사고,0,1,1,0,차대차 - 기타,중앙선침범,건조,맑음,기타 - 기타,이륜,남,24세,상해없음,승용,남,68세,경상
2023092800100136,2023년 9월 28일 11시,목요일,부산광역시 해운대구 반여동,중상사고,0,1,0,0,차대차 - 기타,안전운전불이행,건조,맑음,단일로 - 기타,승용,남,57세,상해없음,원동기,여,30세,중상
2023092800100137,2023년 9월 28일 11시,목요일,부산광역시 강서구 천성동,중상사고,0,3,6,0,차대차 - 추돌,안전운전불이행,건조,맑음,단일로 - 교량,승용,남,54세,상해없음,승용,여,26세,중상
2023092800100170,2023년 9월 28일 12시,목요일,부산광역시 남구 대연동,경상사고,0,0,1,0,차대차 - 기타,안전운전불이행,건조,맑음,기타 - 기타,승용,남,50세,상해없음,이륜,남,34세,경상
2023092800100171,2023년 9월 28일 12시,목요일,부산광역시 금정구 금사동,경상사고,0,0,1,0,차대사람 - 횡단중,보행자보호의무위반,건조,맑음,교차로 - 교차로부근,승용,남,26세,상해없음,보행자,여,66세,경상
2023092800100217,2023년 9월 28일 13시,목요일,부산광역시 연제구 연산동,경상사고,0,0,1,0,차대차 - 추돌,안전운전불이행,건조,맑음,교차로 - 교차로부근,승용,남,77세,상해없음,원동기,남,51세,경상
2023092800100241,2023년 9월 28일 14시,목요일,부산광역시 서구 동대신동3가,경상사고,0,0,1,1,차대차 - 추돌,안전거리미확보,건조,맑음,교차로 - 교차로부근,승용,남,23세,부상신고,화물,여,67세,경상
2023092800100242,2023년 9월 28일 14시,목요일,부산광역시 서구 암남동,경상사고,0,0,1,0,차대차 - 측면충돌,안전운전불이행,건조,맑음,단일로 - 기타,승용,남,49세,상해없음,이륜,남,55세,경상
2023092800100243,2023년 9월 28일 14시,목요일,부산광역시 북구 구포동,중상사고,0,3,0,0,차대차 - 기타,안전운전불이행,건조,맑음,교차로 - 교차로안,승용,여,54세,상해없음,승용,남,72세,중상
2023092800100244,2023년 9월 28일 14시,목요일,부산광역시 부산진구 부전동,경상사고,0,0,1,0,차대차 - 추돌,안전운전불이행,건조,맑음,교차로 - 교차로부근,승용,여,56세,상해없음,이륜,남,48세,경상
2023092800100310,2023년 9월 28일 16시,목요일,부산광역시 해운대구 우동,경상사고,0,0,2,0,차대차 - 측면충돌,신호위반,건조,맑음,단일로 - 터널,승용,남,58세,상해없음,승용,여,27세,경상
2023092800100311,2023년 9월 28일 16시,목요일,부산광역시 부산진구 부전동,경상사고,0,0,1,0,차대사람 - 횡단중,안전운전불이행,건조,맑음,단일로 - 기타,승용,남,27세,상해없음,보행자,남,22세,경상
2023092800100340,2023년 9월 28일 17시,목요일,부산광역시 동래구 명륜동,경상사고,0,0,1,0,차대차 - 측면충돌,안전운전불이행,건조,맑음,교차로 - 교차로안,승용,남,70세,상해없음,화물,남,68세,경상
2023092800100341,2023년 9월 28일 17시,목요일,부산광역시 사상구 괘법동,경상사고,0,0,1,0,차대차 - 측면충돌,안전운전불이행,건조,맑음,단일로 - 기타,승합,남,63세,상해없음,승용,여,45세,상해없음
2023092800100384,2023년 9월 28일 19시,목요일,부산광역시 중구 부평동1가,경상사고,0,0,1,0,차대사람 - 보도통행중,안전운전불이행,건조,맑음,단일로 - 기타,승용,여,41세,상해없음,보행자,남,51세,경상
2023092800100385,2023년 9월 28일 19시,목요일,부산광역시 부산진구 부암동,경상사고,0,0,1,0,차대차 - 기타,신호위반,건조,맑음,교차로 - 교차로안,승용,남,23세,상해없음,승용,남,70세,상해없음
2023092800100408,2023년 9월 28일 20시,목요일,부산광역시 사하구 구평동,중상사고,0,1,0,0,차대차 - 기타,중앙선침범,건조,맑음,교차로 - 교차로부근,승용,남,60세,상해없음,이륜,남,19세,중상
2023092800100438,2023년 9월 28일 21시,목요일,부산광역시 남구 대연동,경상사고,0,0,1,0,차대사람 - 기타,안전운전불이행,건조,맑음,단일로 - 기타,자전거,여,24세,상해없음,보행자,여,30세,경상
2023092800100439,2023년 9월 28일 21시,목요일,부산광역시 동래구 사직동,경상사고,0,0,1,0,차대사람 - 기타,안전운전불이행,건조,맑음,기타 - 기타,승용,남,75세,상해없음,보행자,여,25세,경상
2023092800100456,2023년 9월 28일 22시,목요일,부산광역시 수영구 민락동,경상사고,0,0,1,0,차대차 - 추돌,안전운전불이행,건조,맑음,교차로 - 교차로부근,승용,남,57세,기타불명,승용,남,38세,경상