사고번호,사고일시,요일,시군구,사고내용,사망자수,중상자수,경상자수,부상신고자수,사고유형,법규위반,노면상태,기상상태,도로형태,가해운전자 차종,가해운전자 성별,가해운전자 연령,가해운전자 상해정도,피해운전자 차종,피해운전자 성별,피해운전자 연령,피해운전자 상해정도
2023092900100021,2023년 9월 29일 03시,금요일,부산광역시 부산진구 부전동,경상사고,0,0,1,0,차대사람 - 횡단중,안전운전불이행,건조,맑음,단일로 - 기타,승용,남,23세,상해없음,보행자,남,21세,경상
2023092900100024,2023년 9월 29일 04시,금요일,부산광역시 해운대구 우동,경상사고,0,0,1,0,차대차 - 측면충돌,안전운전불이행,건조,맑음,교차로 - 교차로안,승용,남,75세,상해없음,이륜,남,28세,상해없음
2023092900100028,2023년 9월 29일 05시,금요일,부산광역시 부산진구 개금동,경상사고,0,0,1,0,차량단독 - 기타,안전운전불이행,건조,맑음,교차로 - 교차로안,승용,남,69세,상해없음,,,,
2023092900100036,2023년 9월 29일 07시,금요일,부산광역시 사하구 다대동,경상사고,0,0,1,0,차대차 - 기타,신호위반,건조,맑음,교차로 - 교차로안,승용,남,60세,상해없음,승용,남,61세,경상
2023092900100080,2023년 9월 29일 11시,금요일,부산광역시 기장군 기장읍,경상사고,0,0,1,0,차대사람 - 횡단중,안전운전불이행,건조,맑음,단일로 - 기타,자전거,남,14세,상해없음,보행자,여,59세,경상
2023092900100095,2023년 9월 29일 12시,금요일,부산광역시 남구 용호동,경상사고,0,0,3,0,차대차 - 측면충돌,안전운전불이행,건조,맑음,교차로 - 교차로부근,승용,남,62세,기타불명,이륜,남,48세,경상
2023092900100096,2023년 9월 29일 12시,금요일,부산광역시 북구 만덕동,경상사고,0,0,1,0,차대차 - 추돌,안전운전불이행,건조,맑음,단일로 - 기타,승용,여,52세,상해없음,승용,남,33세,경상
2023092900100130,2023년 9월 29일 13시,금요일,부산광역시 기장군 정관읍,경상사고,0,0,1,0,차대차 - 측면충돌,안전운전불이행,건조,맑음,단일로 - 기타,승용,남,64세,상해없음,이륜,남,63세,경상
2023092900100152,2023년 9월 29일 14시,금요일,부산광역시 부산진구 가야동,중상사고,0,1,1,0,차대차 - 기타,신호위반,건조,맑음,교차로 - 교차로안,이륜,남,38세,중상,승용,남,34세,경상
2023092900100153,2023년 9월 29일 14시,금요일,부산광역시 기장군 기장읍,경상사고,0,0,4,0,차대차 - 기타,안전운전불이행,건조,맑음,교차로 - 교차로부근,이륜,남,18세,상해없음,승용,남,32세,경상
2023092900100174,2023년 9월 29일 15시,금요일,부산광역시 서구 충무동1가,경상사고,0,0,2,0,차대차 - 기타,차로위반,건조,맑음,교차로 - 교차로안,승용,여,74세,상해없음,승용,남,43세,경상
2023092900100175,2023년 9월 29일 15시,금요일,부산광역시 해운대구 우동,경상사고,0,0,4,0,차대차 - 추돌,안전거리미확보,건조,맑음,단일로 - 기타,승용,남,62세,경상,승용,여,33세,경상
2023092900100198,2023년 9월 29일 16시,금요일,부산광역시 남구 대연동,경상사고,0,0,1,0,차대사람 - 기타,기타,건조,맑음,단일로 - 기타,승합,남,50세,상해없음,보행자,여,33세,경상
2023092900100199,2023년 9월 29일 16시,금요일,부산광역시 사하구 하단동,경상사고,0,0,1,0,차대차 - 측면충돌,불법유턴,건조,맑음,단일로 - 기타,이륜,남,20세,상해없음,승용,남,38세,경상
2023092900100220,2023년 9월 29일 17시,금요일,부산광역시 해운대구 우동,부상신고사고,0,0,0,1,차대차 - 추돌,안전운전불이행,건조,맑음,교차로 - 교차로부근,승용,남,55세,상해없음,승용,남,55세,부상신고
2023092900100221,2023년 9월 29일 17시,금요일,부산광역시 강서구 명지동,경상사고,0,0,1,0,차대차 - 측면충돌,안전거리미확보,건조,맑음,교차로 - 교차로안,이륜,남,35세,경상,승용,남,59세,상해없음
2023092900100246,2023년 9월 29일 18시,금요일,부산광역시 연제구 연산동,경상사고,0,0,1,0,차대차 - 추돌,안전운전불이행,건조,맑음,교차로 - 교차로부근,원동기,남,42세,상해없음,승용,여,30세,경상
2023092900100270,2023년 9월 29일 19시,금요일,부산광역시 부산진구 초읍동,중상사고,0,1,0,0,차대차 - 측면충돌,교차로운행방법위반,건조,맑음,교차로 - 교차로안,승용,남,39세,상해없음,이륜,남,33세,중상
2023092900100271,2023년 9월 29일 19시,금요일,부산광역시 부산진구 부전동,중상사고,0,1,0,0,차대사람 - 기타,안전운전불이행,건조,맑음,단일로 - 기타,승용,남,24세,상해없음,보행자,남,34세,중상
2023092900100292,2023년 9월 29일 20시,금요일,부산광역시 동래구 온천동,경상사고,0,0,3,0,차대차 - 측면충돌,안전거리미확보,건조,맑음,교차로 - 교차로부근,승용,여,53세,상해없음,승용,남,36세,경상
2023093000100004,2023년 9월 30일 00시,토요일,부산광역시 해운대구 좌동,경상사고,0,0,1,0,차대차 - 기타,신호위반,건조,맑음,교차로 - 교차로안,이륜,남,37세,상해없음,승용,남,24세,경상
2023093000100011,2023년 9월 30일 01시,토요일,부산광역시 동래구 사직동,경상사고,0,0,1,0,차대사람 - 길가장자리구역통행중,안전운전불이행,건조,맑음,단일로 - 기타,승용,여,28세,상해없음,보행자,남,53세,경상
2023093000100018,2023년 9월 30일 02시,토요일,부산광역시 사상구 괘법동,경상사고,0,0,1,0,차량단독 - 기타,기타,건조,맑음,단일로 - 기타,승용,남,69세,상해없음,,,,
2023093000100022,2023년 9월 30일 03시,토요일,부산광역시 해운대구 반여동,경상사고,0,0,1,0,차대사람 - 기타,안전운전불이행,건조,맑음,교차로 - 교차로안,승용,남,57세,상해없음,보행자,여,37세,경상
2023093000100046,2023년 9월 30일 08시,토요일,부산광역시 동구 좌천동,경상사고,0,0,1,0,차대차 - 측면충돌,안전거리미확보,건조,맑음,단일로 - 기타,승용,남,30세,상해없음,승용,남,37세,경상
2023093000100053,2023년 9월 30일 09시,토요일,부산광역시 서구 동대신동1가,경상사고,0,0,4,1,차대차 - 기타,중앙선침범,건조,맑음,교차로 - 교차로부근,승용,남,22세,상해없음,승용,여,40세,경상
2023093000100054,2023년 9월 30일 09시,토요일,부산광역시 남구 용호동,중상사고,0,1,0,0,차대사람 - 기타,안전운전불이행,건조,맑음,교차로 - 교차로횡단보도내,승용,남,50세,상해없음,보행자,남,49세,중상
2023093000100055,2023년 9월 30일 09시,토요일,부산광역시 수영구 남천동,경상사고,0,0,1,0,차대차 - 측면충돌,안전거리미확보,건조,맑음,단일로 - 교량,화물,남,35세,기타불명,승용,여,55세,경상
2023093000100078,2023년 9월 30일 11시,토요일,부산광역시 강서구 송정동,경상사고,0,0,4,0,차대차 - 추돌,안전운전불이행,건조,맑음,교차로 - 교차로부근,승용,남,45세,상해없음,승용,남,27세,경상
2023093000100079,2023년 9월 30일 11시,토요일,부산광역시 기장군 정관읍,경상사고,0,0,3,0,차대차 - 측면충돌,안전운전불이행,건조,맑음,교차로 - 교차로부근,승용,남,22세,상해없음,승용,남,49세,경상
2023093000100107,2023년 9월 30일 12시,토요일,부산광역시 서구 충무동1가,경상사고,0,0,1,0,차대사람 - 차도통행중,안전운전불이행,건조,맑음,교차로 - 교차로부근,승용,남,56세,상해없음,보행자,남,49세,경상
2023093000100108,2023년 9월 30일 12시,토요일,부산광역시 부산진구 초읍동,경상사고,0,0,1,0,차대차 - 측면충돌,안전거리미확보,건조,맑음,단일로 - 기타,승용,여,43세,상해없음,승용,남,28세,경상
2023093000100109,2023년 9월 30일 12시,토요일,부산광역시 강서구 대저2동,경상사고,0,0,2,0,차대차 - 기타,안전운전불이행,건조,맑음,단일로 - 기타,승용,남,63세,상해없음,승용,남,49세,경상
2023093000100126,2023년 9월 30일 13시,토요일,부산광역시 동구 초량동,중상사고,0,1,0,0,차대사람 - 기타,안전운전불이행,건조,맑음,교차로 - 교차로안,승용,여,68세,상해없음,보행자,남,43세,중상
2023093000100128,2023년 9월 30일 13시,토요일,부산광역시 부산진구 전포동,중상사고,0,1,0,0,차대사람 - 기타,안전운전불이행,건조,맑음,교차로 - 교차로안,승용,남,34세,상해없음,보행자,여,27세,중상
2023093000100154,2023년 9월 30일 14시,토요일,부산광역시 사하구 구평동,경상사고,0,0,1,0,차대차 - 측면충돌,신호위반,건조,맑음,교차로 - 교차로부근,화물,남,27세,상해없음,승용,남,23세,경상
2023093000100155,2023년 9월 30일 14시,토요일,부산광역시 사하구 하단동,경상사고,0,0,2,0,차대차 - 측면충돌,안전운전불이행,건조,맑음,단일로 - 기타,승용,남,45세,상해없음,승용,여,34세,경상
2023093000100218,2023년 9월 30일 16시,토요일,부산광역시 남구 대연동,경상사고,0,0,1,0,차대차 - 추돌,안전운전불이행,건조,맑음,단일로 - 기타,승용,남,79세,상해없음,승용,여,36세,경상
2023093000100248,2023년 9월 30일 17시,토요일,부산광역시 부산진구 범천동,경상사고,0,0,1,0,차대차 - 측면충돌,신호위반,건조,맑음,기타 - 기타,승용,남,44세,상해없음,이륜,남,50세,경상
2023093000100249,2023년 9월 30일 17시,토요일,부산광역시 강서구 녹산동,경상사고,0,0,1,0,차대차 - 기타,안전운전불이행,건조,맑음,교차로 - 교차로안,승용,남,69세,상해없음,승용,남,25세,경상
2023093000100250,2023년 9월 30일 17시,토요일,부산광역시 사상구 주례동,경상사고,0,0,3,0,차대차 - 기타,신호위반,건조,맑음,교차로 - 교차로안,승합,남,47세,상해없음,승용,남,44세,경상
2023093000100309,2023년 9월 30일 19시,토요일,부산광역시 서구 부용동2가,경상사고,0,0,1,0,차대차 - 기타,안전운전불이행,건조,맑음,단일로 - 기타,승용,남,64세,상해없음,원동기,남,39세,경상
2023093000100337,2023년 9월 30일 20시,토요일,부산광역시 수영구 광안동,경상사고,0,0,1,0,차대사람 - 기타,안전운전불이행,건조,흐림,기타 - 기타,화물,남,63세,상해없음,보행자,남,27세,경상
2023093000100352,2023년 9월 30일 21시,토요일,부산광역시 사하구 신평동,경상사고,0,0,1,0,차대차 - 추돌,안전운전불이행,건조,맑음,단일로 - 기타,화물,남,57세,상해없음,승용,남,64세,경상
2023093000100369,2023년 9월 30일 22시,토요일,부산광역시 강서구 명지동,경상사고,0,0,1,0,차대사람 - 횡단중,신호위반,건조,맑음,교차로 - 교차로안,이륜,남,35세,상해없음,보행자,남,31세,경상
2023100100100004,2023년 10월 1일 00시,일요일,부산광역시 강서구 명지동,경상사고,0,0,5,0,차대차 - 기타,중앙선침범,건조,맑음,교차로 - 교차로부근,승용,남,37세,상해없음,승용,남,22세,경상
2023100100100005,2023년 10월 1일 00시,일요일,부산광역시 기장군 기장읍,경상사고,0,0,1,0,차대차 - 측면충돌,신호위반,건조,맑음,교차로 - 교차로부근,승용,남,32세,상해없음,승용,남,37세,경상
2023100100100019,2023년 10월 1일 01시,일요일,부산광역시 수영구 광안동,경상사고,0,0,1,0,차대차 - 추돌,안전거리미확보,건조,맑음,단일로 - 기타,승용,남,49세,상해없음,이륜,남,27세,경상
2023100100100020,2023년 10월 1일 01시,일요일,부산광역시 수영구 광안동,중상사고,0,1,1,0,차대차 - 추돌,안전운전불이행,건조,흐림,단일로 - 기타,화물,남,45세,기타불명,승용,남,70세,중상
2023100100100021,2023년 10월 1일 01시,일요일,부산광역시 사하구 괴정동,경상사고,0,0,2,0,차대차 - 기타,안전거리미확보,건조,맑음,단일로 - 기타,승용,남,72세,상해없음,승용,남,26세,경상
2023100100100040,2023년 10월 1일 03시,일요일,부산광역시 부산진구 개금동,사망사고,1,0,0,0,차량단독 - 공작물충돌,기타,건조,맑음,단일로 - 기타,이륜,남,33세,사망,,,,
2023100100100066,2023년 10월 1일 08시,일요일,부산광역시 북구 화명동,경상사고,0,0,1,0,차대사람 - 기타,안전운전불이행,건조,맑음,단일로 - 기타,승용,여,30세,상해없음,보행자,여,29세,경상
2023100100100072,2023년 10월 1일 09시,일요일,부산광역시 남구 대연동,중상사고,0,1,0,0,차대사람 - 횡단중,안전운전불이행,건조,맑음,단일로 - 기타,승용,여,64세,상해없음,보행자,남,76세,중상
2023100100100073,2023년 10월 1일 09시,일요일,부산광역시 동래구 명륜동,중상사고,0,1,1,0,차대차 - 측면충돌,신호위반,건조,맑음,교차로 - 교차로안,이륜,남,27세,경상,개인형이동수단(PM),남,50세,중상
2023100100100089,2023년 10월 1일 10시,일요일,부산광역시 부산진구 부암동,경상사고,0,0,2,0,차대차 - 기타,차로위반,건조,맑음,교차로 - 교차로안,승용,남,60세,상해없음,승용,남,50세,경상
2023100100100090,2023년 10월 1일 10시,일요일,부산광역시 금정구 부곡동,중상사고,0,1,0,0,차대사람 - 횡단중,보행자보호의무위반,건조,맑음,교차로 - 교차로횡단보도내,승용,남,43세,상해없음,보행자,여,76세,중상
2023100100100091,2023년 10월 1일 10시,일요일,부산광역시 기장군 기장읍,경상사고,0,0,1,0,차대사람 - 횡단중,보행자보호의무위반,건조,맑음,교차로 - 교차로횡단보도내,승용,남,61세,상해없음,보행자,여,51세,경상
2023100100100105,2023년 10월 1일 11시,일요일,부산광역시 해운대구 우동,중상사고,0,1,1,0,차대사람 - 보도통행중,기타,건조,맑음,단일로 - 기타,개인형이동수단(PM),여,16세,상해없음,보행자,여,76세,경상
2023100100100106,2023년 10월 1일 11시,일요일,부산광역시 금정구 장전동,경상사고,0,0,1,0,차대차 - 기타,안전운전불이행,건조,맑음,단일로 - 기타,이륜,남,78세,경상,승용,여,36세,상해없음
2023100100100132,2023년 10월 1일 12시,일요일,부산광역시 영도구 봉래동3가,중상사고,0,1,0,0,차대사람 - 기타,신호위반,건조,맑음,교차로 - 교차로안,승용,여,54세,상해없음,보행자,여,73세,중상
2023100100100203,2023년 10월 1일 14시,일요일,부산광역시 부산진구 부전동,경상사고,0,0,2,0,차대차 - 측면충돌,안전운전불이행,건조,맑음,교차로 - 교차로안,승용,남,75세,상해없음,승용,남,70세,경상
2023100100100232,2023년 10월 1일 15시,일요일,부산광역시 기장군 일광읍,경상사고,0,0,1,2,차대차 - 측면충돌,차로위반,건조,맑음,교차로 - 교차로안,승용,여,26세,상해없음,승용,여,46세,경상
2023100100100262,2023년 10월 1일 16시,일요일,부산광역시 해운대구 송정동,경상사고,0,0,1,0,차대사람 - 차도통행중,안전운전불이행,건조,맑음,단일로 - 기타,승용,남,37세,상해없음,보행자,여,24세,경상
2023100100100263,2023년 10월 1일 16시,일요일,부산광역시 해운대구 중동,경상사고,0,0,3,0,차대차 - 측면충돌,신호위반,건조,맑음,단일로 - 기타,승용,남,30세,상해없음,승용,남,44세,경상
2023100100100264,2023년 10월 1일 16시,일요일,부산광역시 금정구 노포동,경상사고,0,0,1,0,차대차 - 추돌,안전거리미확보,건조,맑음,단일로 - 기타,승용,남,42세,상해없음,승용,여,54세,경상
2023100100100302,2023년 10월 1일 17시,일요일,부산광역시 수영구 광안동,중상사고,0,1,0,0,차대사람 - 차도통행중,안전운전불이행,건조,맑음,교차로 - 교차로부근,자전거,여,25세,상해없음,보행자,여,64세,중상
2023100100100303,2023년 10월 1일 17시,일요일,부산광역시 수영구 수영동,경상사고,0,0,1,0,차량단독 - 기타,안전운전불이행,건조,맑음,교차로 - 교차로부근,승합,남,60세,기타불명,,,,
2023100100100328,2023년 10월 1일 18시,일요일,부산광역시 수영구 민락동,경상사고,0,0,1,0,차대사람 - 기타,안전운전불이행,건조,맑음,교차로 - 교차로부근,승용,남,19세,상해없음,보행자,남,43세,경상
2023100100100329,2023년 10월 1일 18시,일요일,부산광역시 연제구 연산동,경상사고,0,0,1,0,차대사람 - 횡단중,보행자보호의무위반,건조,맑음,단일로 - 기타,승용,여,36세,상해없음,보행자,남,61세,경상
2023100100100359,2023년 10월 1일 19시,일요일,부산광역시 동구 수정동,중상사고,0,1,1,1,차대사람 - 차도통행중,안전운전불이행,건조,맑음,단일로 - 기타,승합,남,49세,상해없음,보행자,남,79세,부상신고
2023100100100360,2023년 10월 1일 19시,일요일,부산광역시 수영구 광안동,경상사고,0,0,2,0,차대차 - 추돌,안전운전불이행,건조,맑음,교차로 - 교차로안,승용,남,20세,기타불명,승용,남,28세,경상
2023100100100413,2023년 10월 1일 21시,일요일,부산광역시 중구 남포동4가,중상사고,0,1,0,0,차대사람 - 차도통행중,안전운전불이행,건조,맑음,단일로 - 기타,승합,남,40세,상해없음,보행자,남,62세,중상
2023100100100431,2023년 10월 1일 22시,일요일,부산광역시 금정구 장전동,경상사고,0,0,1,0,차대사람 - 기타,안전운전불이행,건조,맑음,단일로 - 기타,이륜,남,17세,상해없음,보행자,남,43세,경상
2023100100100444,2023년 10월 1일 23시,일요일,부산광역시 북구 덕천동,부상신고사고,0,0,0,1,차대사람 - 기타,안전운전불이행,건조,맑음,단일로 - 기타,승용,남,55세,상해없음,보행자,남,17세,부상신고
2023100100100445,2023년 10월 1일 23시,일요일,부산광역시 사하구 하단동,경상사고,0,0,1,0,차대사람 - 횡단중,안전운전불이행,건조,맑음,단일로 - 기타,승용,남,71세,상해없음,보행자,남,56세,경상
2023100200100003,2023년 10월 2일 00시,월요일,부산광역시 동구 초량동,경상사고,0,0,1,0,차대차 - 추돌,안전운전불이행,건조,맑음,단일로 - 기타,승용,남,67세,상해없음,승용,남,69세,경상
2023100200100004,2023년 10월 2일 00시,월요일,부산광역시 남구 대연동,경상사고,0,0,1,0,차대차 - 측면충돌,안전운전불이행,건조,맑음,단일로 - 기타,승용,남,66세,상해없음,화물,남,44세,경상
2023100200100010,2023년 10월 2일 01시,월요일,부산광역시 부산진구 부전동,경상사고,0,0,1,0,차대사람 - 기타,안전운전불이행,건조,맑음,단일로 - 기타,승용,남,63세,상해없음,보행자,남,26세,경상
2023100200100053,2023년 10월 2일 08시,월요일,부산광역시 기장군 기장읍,중상사고,0,1,0,0,차대사람 - 차도통행중,교차로운행방법위반,건조,맑음,교차로 - 교차로안,승용,남,51세,기타불명,보행자,남,83세,중상
2023100200100066,2023년 10월 2일 09시,월요일,부산광역시 서구 동대신동2가,경상사고,0,0,1,0,차대사람 - 차도통행중,안전운전불이행,건조,맑음,단일로 - 기타,승용,남,72세,상해없음,보행자,남,70세,경상
2023100200100084,2023년 10월 2일 10시,월요일,부산광역시 금정구 구서동,경상사고,0,0,2,0,차대차 - 기타,신호위반,건조,맑음,교차로 - 교차로안,승용,남,67세,상해없음,승용,남,58세,경상
2023100200100085,2023년 10월 2일 10시,월요일,부산광역시 기장군 일광읍,경상사고,0,0,2,0,차대차 - 측면충돌,안전운전불이행,건조,맑음,교차로 - 교차로안,승용,남,40세,상해없음,승합,남,55세,경상
2023100200100107,2023년 10월 2일 11시,월요일,부산광역시 부산진구 개금동,경상사고,0,0,1,0,차량단독 - 기타,안전운전불이행,건조,맑음,교차로 - 교차로부근,승용,남,67세,상해없음,,,,
2023100200100171,2023년 10월 2일 13시,월요일,부산광역시 금정구 남산동,경상사고,0,0,1,1,차대차 - 기타,교차로운행방법위반,건조,맑음,교차로 - 교차로안,승용,남,24세,상해없음,승용,여,57세,경상
2023100200100206,2023년 10월 2일 14시,월요일,부산광역시 수영구 광안동,경상사고,0,0,1,0,차대사람 - 횡단중,보행자보호의무위반,건조,맑음,단일로 - 기타,자전거,남,48세,상해없음,보행자,남,38세,경상
2023100200100207,2023년 10월 2일 14시,월요일,부산광역시 동래구 낙민동,중상사고,0,1,0,0,차대사람 - 보도통행중,보행자보호의무위반,건조,맑음,교차로 - 교차로횡단보도내,승용,남,47세,상해없음,보행자,여,82세,중상
2023100200100208,2023년 10월 2일 14시,월요일,부산광역시 동래구 명륜동,경상사고,0,0,1,0,차대차 - 기타,안전운전불이행,건조,맑음,단일로 - 기타,승용,여,59세,상해없음,승합,남,55세,상해없음
2023100200100209,2023년 10월 2일 14시,월요일,부산광역시 사상구 엄궁동,경상사고,0,0,1,0,차대차 - 기타,기타,건조,맑음,단일로 - 기타,승용,남,21세,상해없음,승용,남,60세,상해없음
2023100200100251,2023년 10월 2일 15시,월요일,부산광역시 서구 아미동2가,중상사고,0,1,0,0,차대차 - 기타,안전운전불이행,건조,맑음,단일로 - 지하차도(도로)내,승용,여,28세,상해없음,이륜,남,44세,중상
2023100200100337,2023년 10월 2일 18시,월요일,부산광역시 중구 대청동3가,경상사고,0,0,1,0,차대차 - 기타,안전운전불이행,건조,맑음,단일로 - 기타,승용,여,28세,상해없음,승용,남,38세,상해없음
2023100200100338,2023년 10월 2일 18시,월요일,부산광역시 동래구 온천동,중상사고,0,2,0,0,차대사람 - 기타,안전운전불이행,건조,맑음,단일로 - 기타,자전거,남,65세,중상,보행자,여,59세,중상
2023100200100339,2023년 10월 2일 18시,월요일,부산광역시 동래구 명장동,경상사고,0,0,1,0,차대차 - 측면충돌,안전운전불이행,건조,맑음,교차로 - 교차로안,화물,남,76세,기타불명,이륜,남,47세,경상
2023100200100340,2023년 10월 2일 18시,월요일,부산광역시 부산진구 부암동,경상사고,0,0,1,0,차량단독 - 기타,기타,건조,맑음,단일로 - 기타,승합,남,36세,상해없음,,,,
2023100200100341,2023년 10월 2일 18시,월요일,부산광역시 사상구 학장동,경상사고,0,0,1,0,차대차 - 측면충돌,안전거리미확보,건조,맑음,교차로 - 교차로부근,승용,남,59세,상해없음,승용,여,29세,경상
2023100200100430,2023년 10월 2일 21시,월요일,부산광역시 수영구 광안동,경상사고,0,0,1,0,차대사람 - 기타,보행자보호의무위반,건조,맑음,교차로 - 교차로횡단보도내,승용,남,40세,상해없음,보행자,여,31세,경상
2023100200100431,2023년 10월 2일 21시,월요일,부산광역시 영도구 영선동1가,경상사고,0,0,1,0,차대차 - 기타,신호위반,건조,맑음,교차로 - 교차로안,승용,남,72세,상해없음,승합,남,38세,상해없음
2023100200100458,2023년 10월 2일 22시,월요일,부산광역시 연제구 거제동,중상사고,0,1,0,0,차대차 - 측면충돌,교차로운행방법위반,건조,맑음,교차로 - 교차로안,자전거,남,14세,중상,승용,남,25세,상해없음
2023100200100471,2023년 10월 2일 23시,월요일,부산광역시 연제구 연산동,경상사고,0,0,1,0,차대차 - 추돌,안전거리미확보,건조,맑음,교차로 - 교차로부근,승용,남,52세,상해없음,승용,남,43세,경상
2023100300100020,2023년 10월 3일 03시,화요일,부산광역시 북구 구포동,중상사고,0,1,0,0,차대사람 - 횡단중,안전운전불이행,건조,맑음,교차로 - 교차로횡단보도내,화물,남,38세,상해없음,보행자,여,48세,중상
2023100300100025,2023년 10월 3일 04시,화요일,부산광역시 부산진구 전포동,중상사고,0,1,3,0,차대사람 - 기타,안전운전불이행,건조,맑음,단일로 - 기타,승용,남,28세,기타불명,보행자,남,27세,경상
2023100300100030,2023년 10월 3일 05시,화요일,부산광역시 수영구 남천동,경상사고,0,0,3,0,차대차 - 측면충돌,안전운전불이행,건조,맑음,교차로 - 교차로부근,승용,남,51세,상해없음,승용,여,50세,경상
2023100300100081,2023년 10월 3일 11시,화요일,부산광역시 중구 영주동,부상신고사고,0,0,0,1,차량단독 - 기타,기타,건조,맑음,단일로 - 기타,승합,남,56세,상해없음,,,,
2023100300100099,2023년 10월 3일 12시,화요일,부산광역시 해운대구 우동,경상사고,0,0,1,0,차대차 - 측면충돌,안전거리미확보,건조,맑음,단일로 - 기타,승용,남,45세,상해없음,이륜,남,29세,경상
2023100300100123,2023년 10월 3일 13시,화요일,부산광역시 북구 구포동,중상사고,0,1,0,0,차대차 - 측면충돌,안전운전불이행,건조,맑음,교차로 - 교차로부근,승용,남,68세,상해없음,승용,여,58세,중상
2023100300100143,2023년 10월 3일 14시,화요일,부산광역시 연제구 연산동,경상사고,0,0,1,0,차대차 - 기타,안전운전불이행,건조,맑음,교차로 - 교차로안,승용,남,33세,상해없음,이륜,남,42세,경상
2023100300100144,2023년 10월 3일 14시,화요일,부산광역시 강서구 대저1동,경상사고,0,0,1,0,차대차 - 기타,안전운전불이행,건조,맑음,단일로 - 기타,이륜,남,79세,경상,화물,남,57세,상해없음
2023100300100171,2023년 10월 3일 15시,화요일,부산광역시 동래구 안락동,중상사고,0,1,0,0,차량단독 - 기타,안전운전불이행,건조,맑음,교차로 - 교차로부근,승합,남,48세,상해없음,,,,
2023100300100204,2023년 10월 3일 16시,화요일,부산광역시 북구 구포동,경상사고,0,0,1,0,차대차 - 측면충돌,안전거리미확보,건조,맑음,단일로 - 기타,승용,남,60세,상해없음,승용,남,53세,경상
2023100300100220,2023년 10월 3일 17시,화요일,부산광역시 수영구 광안동,경상사고,0,0,1,0,차대차 - 기타,안전운전불이행,젖음/습기,비,단일로 - 기타,승용,남,74세,상해없음,이륜,남,22세,경상
2023100300100221,2023년 10월 3일 17시,화요일,부산광역시 북구 만덕동,경상사고,0,0,2,0,차대차 - 추돌,안전운전불이행,건조,맑음,기타 - 기타,승용,남,38세,상해없음,승용,남,48세,경상
2023100300100222,2023년 10월 3일 17시,화요일,부산광역시 사하구 당리동,경상사고,0,0,1,0,차대사람 - 횡단중,신호위반,젖음/습기,흐림,단일로 - 기타,이륜,남,51세,상해없음,보행자,여,56세,경상
2023100300100223,2023년 10월 3일 17시,화요일,부산광역시 사상구 괘법동,경상사고,0,0,1,0,차대사람 - 기타,안전운전불이행,젖음/습기,비,단일로 - 기타,승용,남,45세,상해없음,보행자,남,66세,경상
2023100300100260,2023년 10월 3일 18시,화요일,부산광역시 남구 문현동,중상사고,0,1,0,0,차대사람 - 기타,기타,젖음/습기,비,기타 - 기타,이륜,남,26세,상해없음,보행자,남,62세,중상
2023100300100261,2023년 10월 3일 18시,화요일,부산광역시 사하구 신평동,중상사고,0,1,0,0,차대사람 - 횡단중,신호위반,젖음/습기,비,교차로 - 교차로횡단보도내,이륜,남,52세,기타불명,보행자,남,58세,중상
2023100300100262,2023년 10월 3일 18시,화요일,부산광역시 기장군 일광읍,경상사고,0,0,2,0,차대사람 - 횡단중,보행자보호의무위반,젖음/습기,비,단일로 - 기타,승용,남,67세,상해없음,보행자,여,32세,경상
2023100300100283,2023년 10월 3일 19시,화요일,부산광역시 부산진구 범천동,경상사고,0,0,1,0,차대사람 - 횡단중,보행자보호의무위반,건조,맑음,교차로 - 교차로횡단보도내,승용,남,33세,상해없음,보행자,여,31세,경상
2023100400100035,2023년 10월 4일 06시,수요일,부산광역시 남구 우암동,경상사고,0,0,1,0,차대차 - 측면충돌,안전운전불이행,건조,맑음,교차로 - 교차로안,승용,여,62세,상해없음,승용,여,42세,경상
2023100400100069,2023년 10월 4일 08시,수요일,부산광역시 중구 보수동1가,중상사고,0,1,0,0,차대차 - 기타,안전거리미확보,건조,맑음,교차로 - 교차로부근,승용,남,35세,상해없음,승합,남,54세,상해없음
2023100400100070,2023년 10월 4일 08시,수요일,부산광역시 남구 용호동,경상사고,0,0,2,0,차대차 - 기타,안전운전불이행,건조,맑음,기타 - 기타,승용,남,48세,상해없음,승용,남,55세,경상
2023100400100071,2023년 10월 4일 08시,수요일,부산광역시 동래구 수안동,중상사고,0,1,0,0,차대차 - 기타,안전운전불이행,건조,맑음,교차로 - 교차로부근,승용,남,58세,상해없음,이륜,남,30세,중상
2023100400100072,2023년 10월 4일 08시,수요일,부산광역시 연제구 연산동,부상신고사고,0,0,0,1,차대차 - 기타,안전운전불이행,건조,맑음,단일로 - 기타,승용,남,32세,상해없음,승용,남,31세,부상신고
2023100400100117,2023년 10월 4일 09시,수요일,부산광역시 동구 범일동,경상사고,0,0,1,0,차대사람 - 횡단중,보행자보호의무위반,건조,맑음,교차로 - 교차로횡단보도내,승용,남,54세,상해없음,보행자,여,36세,경상