사고번호,사고일시,요일,시군구,사고내용,사망자수,중상자수,경상자수,부상신고자수,사고유형,법규위반,노면상태,기상상태,도로형태,가해운전자 차종,가해운전자 성별,가해운전자 연령,가해운전자 상해정도,피해운전자 차종,피해운전자 성별,피해운전자 연령,피해운전자 상해정도
2023100400100118,2023년 10월 4일 09시,수요일,부산광역시 서구 아미동2가,중상사고,0,1,0,0,차대사람 - 기타,안전운전불이행,건조,맑음,단일로 - 기타,화물,남,55세,상해없음,보행자,여,96세,중상
2023100400100119,2023년 10월 4일 09시,수요일,부산광역시 영도구 신선동1가,중상사고,0,1,1,0,차대차 - 추돌,안전운전불이행,건조,맑음,교차로 - 교차로부근,승용,여,49세,상해없음,이륜,남,59세,중상
2023100400100120,2023년 10월 4일 09시,수요일,부산광역시 사하구 괴정동,중상사고,0,1,0,0,차대사람 - 횡단중,보행자보호의무위반,건조,맑음,단일로 - 기타,건설기계,남,65세,상해없음,보행자,여,82세,중상
2023100400100121,2023년 10월 4일 09시,수요일,부산광역시 연제구 연산동,경상사고,0,0,1,0,차대차 - 측면충돌,안전운전불이행,건조,맑음,교차로 - 교차로부근,화물,남,36세,상해없음,승용,남,31세,경상
2023100400100153,2023년 10월 4일 10시,수요일,부산광역시 동래구 온천동,경상사고,0,0,3,0,차대차 - 기타,안전운전불이행,건조,맑음,단일로 - 기타,승용,남,27세,경상,승용,남,58세,경상
2023100400100154,2023년 10월 4일 10시,수요일,부산광역시 기장군 기장읍,경상사고,0,0,1,0,차대사람 - 보도통행중,안전운전불이행,건조,맑음,주차장 - 주차장,승용,남,62세,상해없음,보행자,남,64세,경상
2023100400100183,2023년 10월 4일 11시,수요일,부산광역시 남구 대연동,경상사고,0,0,1,0,차대차 - 기타,안전운전불이행,건조,맑음,교차로 - 교차로안,승용,남,74세,상해없음,자전거,남,70세,경상
2023100400100184,2023년 10월 4일 11시,수요일,부산광역시 남구 대연동,경상사고,0,0,1,0,차대차 - 추돌,안전운전불이행,건조,맑음,단일로 - 기타,승용,여,39세,상해없음,승용,남,32세,경상
2023100400100185,2023년 10월 4일 11시,수요일,부산광역시 사하구 신평동,경상사고,0,0,1,0,차대차 - 측면충돌,안전거리미확보,건조,맑음,단일로 - 교량,화물,남,70세,상해없음,승용,남,64세,경상
2023100400100186,2023년 10월 4일 11시,수요일,부산광역시 연제구 거제동,부상신고사고,0,0,0,1,차대차 - 추돌,안전운전불이행,건조,맑음,단일로 - 기타,승용,남,56세,상해없음,이륜,남,34세,부상신고
2023100400100219,2023년 10월 4일 12시,수요일,부산광역시 강서구 대저1동,중상사고,0,1,0,0,차대차 - 측면충돌,신호위반,건조,맑음,교차로 - 교차로횡단보도내,승용,여,35세,상해없음,이륜,남,74세,중상
2023100400100251,2023년 10월 4일 13시,수요일,부산광역시 해운대구 우동,경상사고,0,0,1,0,차대차 - 측면충돌,교차로운행방법위반,건조,맑음,교차로 - 교차로안,승용,남,23세,상해없음,승용,여,31세,경상
2023100400100252,2023년 10월 4일 13시,수요일,부산광역시 기장군 정관읍,중상사고,0,1,3,2,차대차 - 추돌,안전운전불이행,건조,맑음,단일로 - 기타,승용,남,73세,중상,승용,여,64세,부상신고
2023100400100286,2023년 10월 4일 14시,수요일,부산광역시 해운대구 중동,중상사고,0,1,2,0,차대차 - 기타,신호위반,건조,맑음,교차로 - 교차로안,승용,여,58세,상해없음,승합,남,54세,중상
2023100400100287,2023년 10월 4일 14시,수요일,부산광역시 금정구 장전동,경상사고,0,0,1,0,차대사람 - 길가장자리구역통행중,안전운전불이행,건조,맑음,단일로 - 기타,원동기,남,31세,상해없음,보행자,여,30세,경상
2023100400100318,2023년 10월 4일 15시,수요일,부산광역시 금정구 노포동,경상사고,0,0,2,0,차대차 - 기타,안전운전불이행,건조,맑음,교차로 - 교차로안,화물,남,78세,상해없음,승용,남,61세,경상
2023100400100319,2023년 10월 4일 15시,수요일,부산광역시 강서구 대저2동,중상사고,0,2,1,0,차대차 - 정면충돌,신호위반,건조,맑음,교차로 - 교차로안,승용,여,54세,기타불명,승용,남,36세,중상
2023100400100320,2023년 10월 4일 15시,수요일,부산광역시 강서구 명지동,경상사고,0,0,1,0,차대사람 - 횡단중,보행자보호의무위반,건조,맑음,교차로 - 교차로횡단보도내,승용,남,62세,상해없음,보행자,남,8세,경상
2023100400100364,2023년 10월 4일 16시,수요일,부산광역시 수영구 광안동,경상사고,0,0,1,0,차대차 - 정면충돌,안전운전불이행,건조,맑음,교차로 - 교차로안,이륜,남,28세,상해없음,자전거,남,13세,경상
2023100400100365,2023년 10월 4일 16시,수요일,부산광역시 영도구 봉래동2가,경상사고,0,0,2,0,차대차 - 측면충돌,안전거리미확보,건조,맑음,단일로 - 기타,승용,남,31세,기타불명,화물,남,64세,경상
2023100400100366,2023년 10월 4일 16시,수요일,부산광역시 연제구 거제동,경상사고,0,0,1,0,차대차 - 추돌,안전거리미확보,건조,맑음,단일로 - 기타,승용,남,67세,상해없음,승용,남,24세,경상
2023100400100397,2023년 10월 4일 17시,수요일,부산광역시 연제구 연산동,경상사고,0,0,1,0,차대차 - 추돌,안전운전불이행,건조,맑음,단일로 - 기타,승합,남,51세,상해없음,자전거,여,64세,경상
2023100400100435,2023년 10월 4일 18시,수요일,부산광역시 금정구 남산동,부상신고사고,0,0,0,1,차대차 - 측면충돌,교차로운행방법위반,건조,맑음,교차로 - 교차로안,개인형이동수단(PM),남,15세,부상신고,승용,남,55세,상해없음
2023100400100436,2023년 10월 4일 18시,수요일,부산광역시 사하구 당리동,중상사고,0,1,0,0,차대사람 - 기타,안전운전불이행,건조,맑음,교차로 - 교차로부근,승용,남,58세,상해없음,보행자,남,80세,중상
2023100400100437,2023년 10월 4일 18시,수요일,부산광역시 연제구 연산동,중상사고,0,1,0,0,차대사람 - 기타,보행자보호의무위반,건조,맑음,교차로 - 교차로부근,승용,남,34세,상해없음,보행자,남,53세,중상
2023100400100438,2023년 10월 4일 18시,수요일,부산광역시 사상구 감전동,경상사고,0,0,2,0,차대차 - 추돌,안전운전불이행,건조,맑음,교차로 - 교차로안,건설기계,남,53세,경상,승용,여,38세,경상
2023100400100491,2023년 10월 4일 19시,수요일,부산광역시 수영구 망미동,중상사고,0,1,0,0,차대차 - 추돌,안전운전불이행,건조,맑음,기타 - 기타,승용,남,23세,상해없음,이륜,남,32세,중상
2023100400100551,2023년 10월 4일 21시,수요일,부산광역시 해운대구 우동,경상사고,0,0,1,0,차대차 - 측면충돌,안전거리미확보,건조,맑음,단일로 - 기타,승용,남,44세,상해없음,승용,남,68세,상해없음
2023100400100552,2023년 10월 4일 21시,수요일,부산광역시 부산진구 양정동,경상사고,0,0,2,0,차대차 - 기타,안전운전불이행,건조,맑음,교차로 - 교차로안,승용,남,62세,상해없음,승용,남,45세,경상
2023100400100569,2023년 10월 4일 22시,수요일,부산광역시 사하구 감천동,경상사고,0,0,1,0,차대차 - 기타,중앙선침범,건조,맑음,단일로 - 기타,승용,남,44세,상해없음,이륜,남,17세,경상
2023100400100579,2023년 10월 4일 23시,수요일,부산광역시 북구 구포동,경상사고,0,0,3,0,차대차 - 측면충돌,신호위반,건조,맑음,교차로 - 교차로안,승용,남,62세,상해없음,승용,남,62세,경상
2023100400100580,2023년 10월 4일 23시,수요일,부산광역시 부산진구 부전동,중상사고,0,1,0,1,차대차 - 기타,불법유턴,건조,맑음,교차로 - 교차로안,자전거,남,42세,부상신고,이륜,남,23세,중상
2023100500100002,2023년 10월 5일 00시,목요일,부산광역시 영도구 동삼동,중상사고,0,1,0,0,차대사람 - 기타,안전운전불이행,건조,맑음,단일로 - 기타,이륜,남,16세,상해없음,보행자,여,21세,중상
2023100500100003,2023년 10월 5일 00시,목요일,부산광역시 해운대구 반여동,경상사고,0,0,2,0,차대차 - 추돌,안전운전불이행,건조,맑음,단일로 - 기타,승용,남,46세,상해없음,화물,여,63세,경상
2023100500100015,2023년 10월 5일 02시,목요일,부산광역시 동구 범일동,중상사고,0,1,0,0,차량단독 - 기타,안전운전불이행,건조,맑음,단일로 - 기타,자전거,남,22세,중상,,,,
2023100500100048,2023년 10월 5일 07시,목요일,부산광역시 해운대구 좌동,중상사고,0,1,0,0,차대차 - 측면충돌,신호위반,건조,맑음,교차로 - 교차로안,승용,여,49세,상해없음,승용,남,68세,중상
2023100500100083,2023년 10월 5일 08시,목요일,부산광역시 동구 초량동,경상사고,0,0,8,0,차대차 - 추돌,신호위반,건조,맑음,교차로 - 교차로안,승합,남,60세,상해없음,승용,남,40세,경상
2023100500100084,2023년 10월 5일 08시,목요일,부산광역시 북구 구포동,부상신고사고,0,0,0,1,차대사람 - 기타,기타,건조,맑음,단일로 - 기타,승합,남,63세,상해없음,보행자,여,16세,부상신고
2023100500100131,2023년 10월 5일 09시,목요일,부산광역시 남구 대연동,부상신고사고,0,0,0,1,차대사람 - 기타,안전운전불이행,건조,맑음,단일로 - 기타,기타불명,기타불명,미분류,기타불명,보행자,남,55세,부상신고
2023100500100132,2023년 10월 5일 09시,목요일,부산광역시 금정구 부곡동,경상사고,0,0,2,0,차대차 - 기타,안전운전불이행,건조,맑음,기타 - 기타,승용,남,56세,상해없음,승용,남,72세,경상
2023100500100133,2023년 10월 5일 09시,목요일,부산광역시 연제구 연산동,중상사고,0,1,0,0,차대차 - 측면충돌,교차로운행방법위반,건조,맑음,교차로 - 교차로안,승용,남,30세,상해없음,이륜,남,48세,중상
2023100500100134,2023년 10월 5일 09시,목요일,부산광역시 사상구 감전동,경상사고,0,0,1,0,차대차 - 기타,안전거리미확보,건조,맑음,단일로 - 기타,화물,남,65세,상해없음,승용,남,53세,경상
2023100500100168,2023년 10월 5일 10시,목요일,부산광역시 서구 서대신동1가,중상사고,0,1,0,0,차대사람 - 보도통행중,안전운전불이행,건조,맑음,단일로 - 기타,승용,여,68세,상해없음,보행자,여,74세,중상
2023100500100169,2023년 10월 5일 10시,목요일,부산광역시 서구 서대신동2가,경상사고,0,0,2,0,차대차 - 측면충돌,중앙선침범,건조,맑음,단일로 - 기타,승용,남,74세,상해없음,승합,남,51세,경상
2023100500100170,2023년 10월 5일 10시,목요일,부산광역시 남구 대연동,부상신고사고,0,0,0,1,차대차 - 측면충돌,안전운전불이행,건조,맑음,교차로 - 교차로부근,이륜,남,63세,부상신고,승용,남,58세,상해없음
2023100500100203,2023년 10월 5일 11시,목요일,부산광역시 사하구 당리동,경상사고,0,0,1,0,차대차 - 추돌,신호위반,건조,맑음,교차로 - 교차로안,이륜,남,31세,기타불명,승용,여,38세,경상
2023100500100204,2023년 10월 5일 11시,목요일,부산광역시 기장군 기장읍,중상사고,0,1,0,0,차대사람 - 횡단중,보행자보호의무위반,건조,맑음,단일로 - 기타,화물,남,29세,기타불명,보행자,남,72세,중상
2023100500100263,2023년 10월 5일 13시,목요일,부산광역시 부산진구 양정동,경상사고,0,0,1,0,차대사람 - 기타,안전운전불이행,건조,맑음,단일로 - 기타,승용,여,29세,상해없음,보행자,남,26세,경상
2023100500100292,2023년 10월 5일 14시,목요일,부산광역시 수영구 민락동,중상사고,0,1,0,0,차대사람 - 횡단중,안전운전불이행,건조,맑음,교차로 - 교차로안,승합,남,46세,상해없음,보행자,여,80세,중상
2023100500100293,2023년 10월 5일 14시,목요일,부산광역시 부산진구 양정동,경상사고,0,0,2,0,차대차 - 기타,안전운전불이행,건조,맑음,기타 - 기타,승용,남,56세,상해없음,승용,여,33세,경상
2023100500100319,2023년 10월 5일 15시,목요일,부산광역시 수영구 남천동,경상사고,0,0,1,0,차대차 - 정면충돌,안전운전불이행,건조,맑음,교차로 - 교차로안,승용,여,53세,기타불명,자전거,남,15세,경상
2023100500100351,2023년 10월 5일 16시,목요일,부산광역시 부산진구 전포동,경상사고,0,0,1,0,차대차 - 추돌,안전운전불이행,건조,맑음,교차로 - 교차로부근,이륜,남,24세,상해없음,승용,여,42세,경상
2023100500100438,2023년 10월 5일 18시,목요일,부산광역시 남구 대연동,경상사고,0,0,2,0,차대차 - 추돌,안전운전불이행,건조,맑음,단일로 - 기타,승용,남,59세,상해없음,승용,남,25세,경상
2023100500100439,2023년 10월 5일 18시,목요일,부산광역시 동래구 사직동,중상사고,0,1,0,0,차대사람 - 횡단중,보행자보호의무위반,건조,맑음,교차로 - 교차로부근,승용,남,38세,상해없음,보행자,여,65세,중상
2023100500100440,2023년 10월 5일 18시,목요일,부산광역시 부산진구 가야동,중상사고,0,1,0,0,차대차 - 기타,안전운전불이행,건조,맑음,단일로 - 기타,승용,여,41세,상해없음,승용,남,44세,중상
2023100500100441,2023년 10월 5일 18시,목요일,부산광역시 금정구 부곡동,경상사고,0,0,2,0,차대차 - 측면충돌,교차로운행방법위반,건조,맑음,교차로 - 교차로부근,승용,남,62세,상해없음,이륜,남,21세,경상
2023100500100442,2023년 10월 5일 18시,목요일,부산광역시 사하구 장림동,경상사고,0,0,1,0,차대차 - 기타,안전운전불이행,건조,맑음,단일로 - 기타,승용,여,42세,기타불명,승용,남,32세,경상
2023100500100443,2023년 10월 5일 18시,목요일,부산광역시 기장군 기장읍,중상사고,0,1,1,0,차대차 - 기타,신호위반,건조,맑음,교차로 - 교차로안,승용,여,59세,상해없음,승용,여,25세,경상
2023100500100484,2023년 10월 5일 19시,목요일,부산광역시 부산진구 개금동,경상사고,0,0,1,0,차대차 - 정면충돌,안전운전불이행,건조,맑음,단일로 - 기타,승용,남,48세,상해없음,이륜,여,28세,경상
2023100500100485,2023년 10월 5일 19시,목요일,부산광역시 연제구 연산동,중상사고,0,1,1,0,차대차 - 추돌,안전운전불이행,건조,맑음,교차로 - 교차로부근,승용,남,58세,상해없음,승합,남,62세,중상
2023100500100510,2023년 10월 5일 20시,목요일,부산광역시 동구 초량동,중상사고,0,1,0,0,차량단독 - 기타,안전운전불이행,건조,맑음,단일로 - 기타,승합,남,58세,상해없음,,,,
2023100500100539,2023년 10월 5일 21시,목요일,부산광역시 기장군 기장읍,경상사고,0,0,1,0,차량단독 - 기타,안전운전불이행,건조,맑음,단일로 - 기타,승합,남,61세,상해없음,,,,
2023100600100014,2023년 10월 6일 01시,금요일,부산광역시 해운대구 좌동,중상사고,0,1,0,0,차대차 - 기타,신호위반,건조,맑음,교차로 - 교차로안,승용,남,40세,상해없음,이륜,남,28세,중상
2023100600100021,2023년 10월 6일 03시,금요일,부산광역시 남구 용호동,경상사고,0,0,1,0,차대사람 - 기타,불법유턴,건조,맑음,교차로 - 교차로안,승용,남,71세,상해없음,보행자,남,41세,경상
2023100600100022,2023년 10월 6일 03시,금요일,부산광역시 연제구 연산동,경상사고,0,0,2,0,차대차 - 추돌,안전운전불이행,건조,맑음,교차로 - 교차로부근,화물,남,70세,상해없음,승용,여,43세,경상
2023100600100027,2023년 10월 6일 04시,금요일,부산광역시 부산진구 부전동,경상사고,0,0,1,0,차대사람 - 길가장자리구역통행중,안전운전불이행,건조,맑음,단일로 - 기타,이륜,남,35세,상해없음,보행자,남,24세,경상
2023100600100041,2023년 10월 6일 06시,금요일,부산광역시 동래구 명장동,경상사고,0,0,1,0,차대차 - 정면충돌,안전운전불이행,건조,맑음,교차로 - 교차로안,승용,여,56세,상해없음,이륜,남,62세,경상
2023100600100089,2023년 10월 6일 08시,금요일,부산광역시 연제구 연산동,경상사고,0,0,1,0,차대차 - 추돌,안전운전불이행,건조,맑음,단일로 - 터널,이륜,남,31세,상해없음,승용,남,47세,경상
2023100600100160,2023년 10월 6일 10시,금요일,부산광역시 해운대구 반여동,경상사고,0,0,2,0,차대차 - 추돌,안전운전불이행,건조,맑음,단일로 - 기타,승용,남,46세,상해없음,승용,남,49세,경상
2023100600100192,2023년 10월 6일 11시,금요일,부산광역시 서구 충무동1가,경상사고,0,0,3,0,차대사람 - 횡단중,신호위반,건조,맑음,단일로 - 기타,화물,남,65세,상해없음,보행자,남,81세,경상
2023100600100193,2023년 10월 6일 11시,금요일,부산광역시 남구 문현동,경상사고,0,0,1,0,차대차 - 측면충돌,신호위반,건조,맑음,단일로 - 기타,승용,여,64세,상해없음,화물,남,61세,경상
2023100600100194,2023년 10월 6일 11시,금요일,부산광역시 수영구 망미동,중상사고,0,1,0,0,차대사람 - 횡단중,교차로운행방법위반,건조,맑음,교차로 - 교차로부근,승용,남,62세,상해없음,보행자,여,82세,중상
2023100600100228,2023년 10월 6일 12시,금요일,부산광역시 중구 남포동2가,경상사고,0,0,1,0,차대사람 - 차도통행중,안전운전불이행,건조,맑음,단일로 - 기타,승용,남,64세,상해없음,보행자,여,78세,경상
2023100600100229,2023년 10월 6일 12시,금요일,부산광역시 동래구 사직동,경상사고,0,0,1,0,차대사람 - 기타,안전운전불이행,건조,맑음,단일로 - 기타,화물,남,60세,상해없음,보행자,여,67세,경상
2023100600100257,2023년 10월 6일 13시,금요일,부산광역시 남구 대연동,경상사고,0,0,1,0,차대차 - 측면충돌,기타,건조,맑음,교차로 - 교차로안,승용,여,33세,상해없음,원동기,남,36세,경상
2023100600100258,2023년 10월 6일 13시,금요일,부산광역시 북구 구포동,중상사고,0,1,6,1,차대차 - 정면충돌,안전운전불이행,건조,맑음,교차로 - 교차로안,화물,남,44세,부상신고,화물,남,25세,중상
2023100600100259,2023년 10월 6일 13시,금요일,부산광역시 동래구 사직동,경상사고,0,0,1,0,차대사람 - 횡단중,보행자보호의무위반,건조,맑음,단일로 - 기타,승합,남,56세,상해없음,보행자,여,82세,경상
2023100600100260,2023년 10월 6일 13시,금요일,부산광역시 금정구 부곡동,경상사고,0,0,1,0,차대차 - 기타,안전운전불이행,건조,맑음,교차로 - 교차로부근,화물,남,41세,상해없음,자전거,남,89세,경상
2023100600100261,2023년 10월 6일 13시,금요일,부산광역시 사상구 괘법동,경상사고,0,0,4,0,차대차 - 추돌,안전운전불이행,건조,맑음,교차로 - 교차로부근,승용,남,67세,상해없음,승용,남,68세,경상
2023100600100262,2023년 10월 6일 13시,금요일,부산광역시 기장군 정관읍,경상사고,0,0,1,0,차대사람 - 횡단중,보행자보호의무위반,건조,맑음,교차로 - 교차로횡단보도내,승용,여,42세,상해없음,보행자,여,64세,경상
2023100600100293,2023년 10월 6일 14시,금요일,부산광역시 수영구 남천동,경상사고,0,0,1,0,차대차 - 측면충돌,신호위반,건조,맑음,교차로 - 교차로안,이륜,남,69세,기타불명,승용,남,33세,경상
2023100600100294,2023년 10월 6일 14시,금요일,부산광역시 동래구 낙민동,경상사고,0,0,1,0,차대차 - 추돌,안전운전불이행,건조,맑음,단일로 - 기타,화물,남,52세,상해없음,승용,여,42세,경상
2023100600100295,2023년 10월 6일 14시,금요일,부산광역시 해운대구 반여동,경상사고,0,0,1,0,차대차 - 측면충돌,안전운전불이행,건조,맑음,단일로 - 기타,승용,남,42세,상해없음,승용,여,37세,경상
2023100600100296,2023년 10월 6일 14시,금요일,부산광역시 사하구 신평동,경상사고,0,0,1,0,차대차 - 측면충돌,안전거리미확보,건조,맑음,단일로 - 기타,승용,여,65세,상해없음,화물,남,20세,경상
2023100600100404,2023년 10월 6일 17시,금요일,부산광역시 동래구 온천동,부상신고사고,0,0,0,1,차대사람 - 길가장자리구역통행중,안전운전불이행,건조,맑음,단일로 - 기타,기타불명,기타불명,미분류,기타불명,보행자,여,41세,부상신고
2023100600100405,2023년 10월 6일 17시,금요일,부산광역시 금정구 장전동,경상사고,0,0,1,1,차대차 - 측면충돌,안전운전불이행,건조,맑음,단일로 - 기타,이륜,남,44세,부상신고,승용,남,31세,경상
2023100600100406,2023년 10월 6일 17시,금요일,부산광역시 사상구 괘법동,경상사고,0,0,1,0,차대차 - 측면충돌,안전운전불이행,건조,맑음,교차로 - 교차로부근,승용,남,52세,기타불명,이륜,남,51세,경상
2023100600100444,2023년 10월 6일 18시,금요일,부산광역시 남구 용호동,경상사고,0,0,1,0,차대차 - 측면충돌,안전운전불이행,건조,맑음,교차로 - 교차로안,이륜,남,55세,경상,승용,남,32세,상해없음
2023100600100496,2023년 10월 6일 19시,금요일,부산광역시 수영구 남천동,경상사고,0,0,2,0,차대차 - 측면충돌,안전거리미확보,건조,맑음,단일로 - 기타,승용,여,43세,경상,승용,여,32세,상해없음
2023100600100570,2023년 10월 6일 21시,금요일,부산광역시 금정구 장전동,경상사고,0,0,1,0,차대차 - 측면충돌,직진우회전진행방해,건조,맑음,교차로 - 교차로안,승용,남,64세,상해없음,이륜,남,26세,경상
2023100600100601,2023년 10월 6일 22시,금요일,부산광역시 남구 대연동,경상사고,0,0,2,0,차대차 - 기타,안전운전불이행,건조,맑음,교차로 - 교차로안,승용,남,67세,상해없음,승용,남,30세,경상
2023100600100602,2023년 10월 6일 22시,금요일,부산광역시 사상구 감전동,중상사고,0,1,0,0,차대사람 - 보도통행중,안전운전불이행,건조,맑음,단일로 - 기타,승용,남,57세,상해없음,보행자,여,43세,중상
2023100600100620,2023년 10월 6일 23시,금요일,부산광역시 해운대구 우동,경상사고,0,0,1,0,차대사람 - 차도통행중,안전운전불이행,건조,맑음,단일로 - 기타,승용,남,58세,상해없음,보행자,남,53세,경상
2023100700100003,2023년 10월 7일 00시,토요일,부산광역시 서구 암남동,중상사고,0,1,0,0,차대사람 - 기타,기타,건조,기타,단일로 - 기타,승용,남,32세,상해없음,보행자,남,53세,중상
2023100700100004,2023년 10월 7일 00시,토요일,부산광역시 부산진구 부전동,경상사고,0,0,2,0,차대차 - 기타,안전거리미확보,건조,맑음,교차로 - 교차로안,승용,남,69세,상해없음,승용,남,29세,경상
2023100700100033,2023년 10월 7일 03시,토요일,부산광역시 수영구 남천동,경상사고,0,0,1,0,차대차 - 측면충돌,안전운전불이행,건조,맑음,단일로 - 기타,승용,남,42세,상해없음,승용,남,37세,경상
2023100700100039,2023년 10월 7일 04시,토요일,부산광역시 중구 부평동2가,경상사고,0,0,2,0,차대차 - 측면충돌,신호위반,건조,맑음,교차로 - 교차로안,이륜,남,22세,경상,승용,남,73세,경상
2023100700100047,2023년 10월 7일 05시,토요일,부산광역시 금정구 금사동,중상사고,0,1,0,0,차대사람 - 차도통행중,안전운전불이행,건조,맑음,교차로 - 교차로안,화물,남,66세,상해없음,보행자,여,91세,중상
2023100700100052,2023년 10월 7일 06시,토요일,부산광역시 북구 구포동,경상사고,0,0,1,0,차대차 - 기타,안전운전불이행,건조,맑음,기타 - 기타,승용,여,48세,상해없음,화물,남,43세,경상
2023100700100061,2023년 10월 7일 07시,토요일,부산광역시 수영구 민락동,경상사고,0,0,2,0,차대차 - 측면충돌,안전운전불이행,건조,맑음,교차로 - 교차로부근,승용,여,67세,기타불명,승용,남,53세,경상
2023100700100062,2023년 10월 7일 07시,토요일,부산광역시 부산진구 당감동,경상사고,0,0,1,0,차대차 - 측면충돌,직진우회전진행방해,건조,맑음,교차로 - 교차로안,승용,남,61세,기타불명,건설기계,남,57세,경상
2023100700100110,2023년 10월 7일 10시,토요일,부산광역시 수영구 남천동,중상사고,0,1,0,0,차대사람 - 횡단중,보행자보호의무위반,건조,맑음,단일로 - 지하차도(도로)내,승용,여,43세,상해없음,보행자,남,15세,중상
2023100700100111,2023년 10월 7일 10시,토요일,부산광역시 기장군 기장읍,경상사고,0,0,1,0,차대차 - 측면충돌,중앙선침범,건조,맑음,단일로 - 지하차도(도로)내,승용,남,62세,상해없음,이륜,남,31세,경상
2023100700100136,2023년 10월 7일 11시,토요일,부산광역시 부산진구 범천동,경상사고,0,0,1,0,차대사람 - 차도통행중,안전운전불이행,건조,맑음,단일로 - 기타,승용,남,61세,상해없음,보행자,남,35세,경상
2023100700100137,2023년 10월 7일 11시,토요일,부산광역시 기장군 장안읍,중상사고,0,1,0,0,차대차 - 측면충돌,차로위반,건조,맑음,단일로 - 기타,승용,남,34세,상해없음,이륜,남,56세,중상
2023100700100172,2023년 10월 7일 12시,토요일,부산광역시 북구 화명동,경상사고,0,0,1,0,차대차 - 추돌,안전운전불이행,건조,맑음,단일로 - 기타,승용,남,35세,상해없음,승용,남,55세,경상
2023100700100208,2023년 10월 7일 13시,토요일,부산광역시 북구 구포동,경상사고,0,0,1,0,차대차 - 측면충돌,안전운전불이행,건조,맑음,단일로 - 기타,이륜,남,75세,상해없음,승용,남,74세,경상
2023100700100209,2023년 10월 7일 13시,토요일,부산광역시 부산진구 범천동,중상사고,0,1,3,0,차대차 - 측면충돌,신호위반,건조,맑음,단일로 - 기타,화물,남,74세,상해없음,이륜,남,70세,중상
2023100700100210,2023년 10월 7일 13시,토요일,부산광역시 사하구 신평동,경상사고,0,0,3,0,차대차 - 기타,안전운전불이행,건조,맑음,교차로 - 교차로부근,승용,남,62세,경상,승용,여,44세,경상
2023100700100211,2023년 10월 7일 13시,토요일,부산광역시 연제구 연산동,경상사고,0,0,1,0,차대사람 - 보도통행중,기타,건조,맑음,기타 - 기타,승용,남,29세,상해없음,보행자,여,38세,경상
2023100700100239,2023년 10월 7일 14시,토요일,부산광역시 수영구 민락동,경상사고,0,0,2,0,차대차 - 측면충돌,안전운전불이행,건조,맑음,교차로 - 교차로횡단보도내,승용,남,28세,경상,자전거,여,31세,경상
2023100700100241,2023년 10월 7일 14시,토요일,부산광역시 동래구 온천동,경상사고,0,0,2,0,차대차 - 기타,안전거리미확보,건조,맑음,교차로 - 교차로부근,승용,남,40세,상해없음,승용,남,51세,경상
2023100700100281,2023년 10월 7일 15시,토요일,부산광역시 부산진구 양정동,중상사고,0,1,0,0,차대사람 - 횡단중,보행자보호의무위반,건조,맑음,교차로 - 교차로횡단보도내,승용,남,26세,상해없음,보행자,여,57세,중상
2023100700100312,2023년 10월 7일 16시,토요일,부산광역시 동래구 온천동,중상사고,0,1,0,0,차대사람 - 기타,안전운전불이행,건조,맑음,단일로 - 기타,승용,남,39세,상해없음,보행자,여,52세,중상
2023100700100313,2023년 10월 7일 16시,토요일,부산광역시 수영구 망미동,경상사고,0,0,1,0,차대사람 - 횡단중,신호위반,건조,맑음,단일로 - 기타,화물,남,44세,상해없음,보행자,여,8세,경상
2023100700100344,2023년 10월 7일 17시,토요일,부산광역시 동래구 명륜동,경상사고,0,0,1,0,차대차 - 측면충돌,신호위반,건조,맑음,교차로 - 교차로안,승용,남,39세,상해없음,자전거,남,48세,경상
2023100700100373,2023년 10월 7일 18시,토요일,부산광역시 사하구 괴정동,경상사고,0,0,1,0,차대차 - 측면충돌,안전운전불이행,건조,맑음,단일로 - 기타,승용,남,74세,상해없음,승용,여,29세,경상
2023100700100414,2023년 10월 7일 19시,토요일,부산광역시 동래구 안락동,중상사고,0,1,0,0,차대사람 - 보도통행중,보행자보호의무위반,건조,맑음,단일로 - 기타,승용,남,26세,상해없음,보행자,여,30세,중상
2023100700100446,2023년 10월 7일 20시,토요일,부산광역시 수영구 광안동,중상사고,0,1,0,0,차대차 - 기타,안전운전불이행,젖음/습기,비,교차로 - 교차로안,승용,남,22세,상해없음,원동기,남,38세,중상
2023100700100484,2023년 10월 7일 21시,토요일,부산광역시 중구 부평동2가,경상사고,0,0,1,0,차대사람 - 차도통행중,안전운전불이행,젖음/습기,비,단일로 - 기타,이륜,남,54세,상해없음,보행자,남,19세,경상
2023100700100485,2023년 10월 7일 21시,토요일,부산광역시 중구 신창동1가,경상사고,0,0,1,0,차대차 - 기타,교차로운행방법위반,젖음/습기,비,교차로 - 교차로부근,승용,여,58세,상해없음,이륜,남,44세,경상
2023100700100486,2023년 10월 7일 21시,토요일,부산광역시 수영구 민락동,경상사고,0,0,3,0,차대차 - 추돌,안전운전불이행,젖음/습기,비,교차로 - 교차로부근,이륜,남,33세,상해없음,승용,남,67세,상해없음