사고번호,사고일시,요일,시군구,사고내용,사망자수,중상자수,경상자수,부상신고자수,사고유형,법규위반,노면상태,기상상태,도로형태,가해운전자 차종,가해운전자 성별,가해운전자 연령,가해운전자 상해정도,피해운전자 차종,피해운전자 성별,피해운전자 연령,피해운전자 상해정도
2023101200100354,2023년 10월 12일 15시,목요일,부산광역시 중구 보수동3가,경상사고,0,0,1,0,차대차 - 측면충돌,안전거리미확보,건조,맑음,단일로 - 기타,승용,여,54세,상해없음,승용,여,42세,경상
2023101200100355,2023년 10월 12일 15시,목요일,부산광역시 북구 구포동,중상사고,0,1,0,0,차대사람 - 기타,안전운전불이행,건조,맑음,단일로 - 기타,화물,남,32세,상해없음,보행자,여,80세,중상
2023101200100356,2023년 10월 12일 15시,목요일,부산광역시 북구 화명동,중상사고,0,1,0,0,차대사람 - 기타,보행자보호의무위반,건조,맑음,교차로 - 교차로안,이륜,남,21세,상해없음,보행자,여,70세,중상
2023101200100357,2023년 10월 12일 15시,목요일,부산광역시 금정구 부곡동,중상사고,0,1,0,0,차대사람 - 횡단중,안전운전불이행,건조,맑음,교차로 - 교차로부근,승용,여,57세,상해없음,보행자,여,60세,중상
2023101200100358,2023년 10월 12일 15시,목요일,부산광역시 수영구 망미동,중상사고,0,1,0,0,차대사람 - 횡단중,안전운전불이행,건조,맑음,단일로 - 기타,승용,여,63세,상해없음,보행자,남,61세,중상
2023101200100392,2023년 10월 12일 16시,목요일,부산광역시 영도구 영선동2가,중상사고,0,1,0,0,차대차 - 측면충돌,교차로운행방법위반,건조,맑음,교차로 - 교차로안,승용,남,41세,상해없음,이륜,남,55세,중상
2023101200100393,2023년 10월 12일 16시,목요일,부산광역시 부산진구 전포동,중상사고,0,1,0,0,차대차 - 측면충돌,신호위반,건조,맑음,교차로 - 교차로안,승합,남,49세,상해없음,이륜,여,60세,중상
2023101200100394,2023년 10월 12일 16시,목요일,부산광역시 사하구 당리동,경상사고,0,0,2,0,차대차 - 기타,신호위반,건조,맑음,교차로 - 교차로안,승용,남,68세,상해없음,이륜,남,71세,경상
2023101200100426,2023년 10월 12일 17시,목요일,부산광역시 강서구 대저1동,경상사고,0,0,1,0,차대차 - 기타,안전운전불이행,건조,맑음,단일로 - 기타,승용,남,64세,상해없음,승용,남,36세,경상
2023101200100458,2023년 10월 12일 18시,목요일,부산광역시 남구 문현동,중상사고,0,1,0,0,차대사람 - 횡단중,보행자보호의무위반,건조,맑음,교차로 - 교차로안,화물,남,51세,상해없음,보행자,여,21세,중상
2023101200100459,2023년 10월 12일 18시,목요일,부산광역시 수영구 남천동,경상사고,0,0,1,0,차대차 - 기타,안전운전불이행,건조,맑음,교차로 - 교차로부근,승용,여,65세,상해없음,승용,여,61세,경상
2023101200100460,2023년 10월 12일 18시,목요일,부산광역시 부산진구 개금동,부상신고사고,0,0,0,1,차대차 - 기타,신호위반,건조,맑음,기타 - 기타,원동기,남,56세,부상신고,화물,남,46세,상해없음
2023101200100461,2023년 10월 12일 18시,목요일,부산광역시 금정구 장전동,중상사고,0,1,0,0,차대차 - 측면충돌,안전운전불이행,건조,맑음,교차로 - 교차로안,승용,남,24세,상해없음,승용,여,41세,중상
2023101200100520,2023년 10월 12일 19시,목요일,부산광역시 북구 구포동,경상사고,0,0,2,0,차대차 - 기타,안전운전불이행,건조,맑음,기타 - 기타,이륜,남,23세,상해없음,승용,남,30세,경상
2023101200100521,2023년 10월 12일 19시,목요일,부산광역시 동래구 사직동,중상사고,0,1,1,0,차대차 - 정면충돌,안전운전불이행,건조,맑음,단일로 - 기타,이륜,남,28세,경상,개인형이동수단(PM),여,24세,중상
2023101200100522,2023년 10월 12일 19시,목요일,부산광역시 동래구 안락동,경상사고,0,0,1,0,차대차 - 측면충돌,안전운전불이행,건조,맑음,단일로 - 기타,승용,남,57세,상해없음,승용,남,38세,경상
2023101200100523,2023년 10월 12일 19시,목요일,부산광역시 해운대구 중동,중상사고,0,1,0,0,차대사람 - 차도통행중,안전운전불이행,건조,맑음,단일로 - 기타,승용,남,77세,상해없음,보행자,여,59세,중상
2023101200100524,2023년 10월 12일 19시,목요일,부산광역시 부산진구 양정동,중상사고,0,1,0,0,차대사람 - 기타,안전운전불이행,건조,맑음,교차로 - 교차로안,승용,여,61세,상해없음,보행자,남,62세,중상
2023101200100525,2023년 10월 12일 19시,목요일,부산광역시 기장군 철마면,경상사고,0,0,1,0,차대차 - 추돌,안전운전불이행,건조,맑음,단일로 - 지하차도(도로)내,승용,여,60세,상해없음,승용,여,32세,경상
2023101200100569,2023년 10월 12일 20시,목요일,부산광역시 연제구 연산동,경상사고,0,0,1,0,차대차 - 기타,교차로운행방법위반,건조,맑음,교차로 - 교차로안,승용,남,40세,상해없음,자전거,여,68세,경상
2023101200100570,2023년 10월 12일 20시,목요일,부산광역시 강서구 명지동,중상사고,0,1,0,0,차대차 - 측면충돌,신호위반,건조,맑음,교차로 - 교차로횡단보도내,이륜,남,34세,중상,승용,남,45세,상해없음
2023101200100600,2023년 10월 12일 21시,목요일,부산광역시 중구 대청동2가,경상사고,0,0,1,0,차대사람 - 횡단중,보행자보호의무위반,건조,맑음,교차로 - 교차로횡단보도내,승용,남,35세,상해없음,보행자,남,51세,경상
2023101200100601,2023년 10월 12일 21시,목요일,부산광역시 동구 범일동,중상사고,0,1,2,0,차대차 - 기타,안전거리미확보,건조,맑음,단일로 - 기타,승용,남,48세,상해없음,승합,남,48세,상해없음
2023101200100616,2023년 10월 12일 22시,목요일,부산광역시 영도구 영선동4가,중상사고,0,1,0,0,차대차 - 정면충돌,직진우회전진행방해,건조,맑음,교차로 - 교차로안,승용,남,22세,기타불명,이륜,남,54세,중상
2023101200100617,2023년 10월 12일 22시,목요일,부산광역시 부산진구 부전동,경상사고,0,0,1,0,차대차 - 기타,안전운전불이행,건조,맑음,교차로 - 교차로안,승용,남,23세,상해없음,승합,남,38세,경상
2023101200100635,2023년 10월 12일 23시,목요일,부산광역시 금정구 장전동,사망사고,1,0,0,0,차대차 - 추돌,안전운전불이행,건조,맑음,단일로 - 기타,이륜,남,23세,사망,화물,남,60세,기타불명
2023101300100034,2023년 10월 13일 05시,금요일,부산광역시 북구 구포동,경상사고,0,0,1,0,차대차 - 기타,안전운전불이행,건조,맑음,단일로 - 기타,승용,남,62세,상해없음,승용,남,63세,상해없음
2023101300100035,2023년 10월 13일 05시,금요일,부산광역시 부산진구 당감동,경상사고,0,0,1,0,차대차 - 추돌,안전운전불이행,건조,맑음,단일로 - 기타,승용,남,67세,경상,특수,남,63세,상해없음
2023101300100036,2023년 10월 13일 05시,금요일,부산광역시 기장군 일광읍,사망사고,1,0,0,0,차대사람 - 차도통행중,안전운전불이행,건조,맑음,단일로 - 고가도로위,승용,여,29세,상해없음,보행자,남,65세,사망
2023101300100050,2023년 10월 13일 06시,금요일,부산광역시 영도구 봉래동4가,중상사고,0,1,0,0,차량단독 - 기타,안전운전불이행,건조,맑음,단일로 - 기타,이륜,남,70세,중상,,,,
2023101300100051,2023년 10월 13일 06시,금요일,부산광역시 부산진구 범천동,경상사고,0,0,1,0,차대차 - 추돌,안전거리미확보,건조,흐림,단일로 - 기타,승용,남,25세,상해없음,이륜,남,24세,경상
2023101300100052,2023년 10월 13일 06시,금요일,부산광역시 사하구 신평동,경상사고,0,0,1,0,차대차 - 측면충돌,안전거리미확보,건조,맑음,단일로 - 기타,승용,남,41세,기타불명,특수,남,67세,경상
2023101300100064,2023년 10월 13일 07시,금요일,부산광역시 남구 문현동,중상사고,0,1,0,0,차대사람 - 횡단중,신호위반,건조,맑음,단일로 - 기타,승용,남,79세,상해없음,보행자,여,60세,중상
2023101300100092,2023년 10월 13일 08시,금요일,부산광역시 금정구 구서동,중상사고,0,1,0,0,차대사람 - 길가장자리구역통행중,보행자보호의무위반,건조,맑음,단일로 - 기타,승합,남,65세,상해없음,보행자,여,75세,중상
2023101300100093,2023년 10월 13일 08시,금요일,부산광역시 강서구 생곡동,경상사고,0,0,1,0,차대차 - 추돌,안전운전불이행,건조,맑음,교차로 - 교차로안,건설기계,남,68세,상해없음,승용,여,43세,경상
2023101300100094,2023년 10월 13일 08시,금요일,부산광역시 사상구 엄궁동,경상사고,0,0,1,0,차대차 - 측면충돌,신호위반,건조,맑음,교차로 - 교차로안,승용,여,59세,기타불명,승합,남,54세,경상
2023101300100130,2023년 10월 13일 09시,금요일,부산광역시 남구 대연동,중상사고,0,1,0,0,차대차 - 추돌,신호위반,건조,맑음,교차로 - 교차로안,승용,남,68세,상해없음,이륜,남,62세,중상
2023101300100131,2023년 10월 13일 09시,금요일,부산광역시 남구 대연동,경상사고,0,0,1,0,차대사람 - 기타,안전운전불이행,건조,맑음,교차로 - 교차로부근,화물,남,42세,상해없음,보행자,남,25세,경상
2023101300100132,2023년 10월 13일 09시,금요일,부산광역시 북구 만덕동,경상사고,0,0,1,0,차대사람 - 횡단중,안전운전불이행,건조,맑음,교차로 - 교차로횡단보도내,승합,여,59세,상해없음,보행자,여,75세,경상
2023101300100174,2023년 10월 13일 10시,금요일,부산광역시 서구 부용동1가,중상사고,0,1,0,0,차대사람 - 길가장자리구역통행중,안전운전불이행,건조,맑음,단일로 - 기타,승용,남,68세,상해없음,보행자,남,61세,중상
2023101300100224,2023년 10월 13일 11시,금요일,부산광역시 금정구 부곡동,중상사고,0,1,0,0,차대차 - 추돌,안전운전불이행,건조,맑음,단일로 - 기타,화물,남,58세,상해없음,이륜,남,61세,중상
2023101300100265,2023년 10월 13일 12시,금요일,부산광역시 남구 감만동,경상사고,0,0,1,0,차대차 - 기타,안전운전불이행,건조,맑음,단일로 - 기타,승용,남,48세,상해없음,특수,남,37세,경상
2023101300100297,2023년 10월 13일 13시,금요일,부산광역시 남구 감만동,경상사고,0,0,1,0,차대차 - 측면충돌,신호위반,건조,맑음,단일로 - 교량,승용,남,75세,상해없음,건설기계,남,52세,상해없음
2023101300100298,2023년 10월 13일 13시,금요일,부산광역시 동래구 수안동,중상사고,0,1,0,0,차량단독 - 기타,안전운전불이행,건조,맑음,기타 - 기타,승합,남,41세,상해없음,,,,
2023101300100324,2023년 10월 13일 14시,금요일,부산광역시 영도구 동삼동,중상사고,0,1,0,0,차대차 - 측면충돌,중앙선침범,건조,맑음,단일로 - 기타,승용,여,43세,상해없음,화물,남,37세,중상
2023101300100325,2023년 10월 13일 14시,금요일,부산광역시 해운대구 반여동,중상사고,0,1,0,0,차대사람 - 기타,기타,건조,맑음,단일로 - 기타,화물,남,37세,상해없음,보행자,여,78세,중상
2023101300100355,2023년 10월 13일 15시,금요일,부산광역시 북구 만덕동,경상사고,0,0,1,0,차대차 - 추돌,안전운전불이행,건조,맑음,단일로 - 기타,화물,남,72세,상해없음,승용,남,52세,경상
2023101300100356,2023년 10월 13일 15시,금요일,부산광역시 동래구 온천동,경상사고,0,0,1,0,차대차 - 기타,안전거리미확보,건조,맑음,단일로 - 기타,승용,여,53세,상해없음,승용,남,54세,경상
2023101300100395,2023년 10월 13일 16시,금요일,부산광역시 부산진구 부전동,경상사고,0,0,2,0,차대차 - 측면충돌,안전거리미확보,건조,맑음,교차로 - 교차로부근,승용,남,52세,상해없음,이륜,남,23세,경상
2023101300100396,2023년 10월 13일 16시,금요일,부산광역시 기장군 기장읍,경상사고,0,0,2,0,차대차 - 추돌,안전운전불이행,건조,맑음,단일로 - 지하차도(도로)내,승합,남,74세,상해없음,승용,남,37세,경상
2023101300100446,2023년 10월 13일 17시,금요일,부산광역시 부산진구 당감동,중상사고,0,1,5,0,차대차 - 기타,안전운전불이행,건조,맑음,교차로 - 교차로안,승용,남,63세,상해없음,승합,남,57세,상해없음
2023101300100447,2023년 10월 13일 17시,금요일,부산광역시 기장군 기장읍,중상사고,0,1,0,0,차대사람 - 횡단중,안전운전불이행,건조,맑음,교차로 - 교차로부근,화물,남,54세,상해없음,보행자,남,10세,중상
2023101300100488,2023년 10월 13일 18시,금요일,부산광역시 사하구 감천동,경상사고,0,0,1,0,차대차 - 기타,안전운전불이행,건조,맑음,단일로 - 기타,승용,여,36세,상해없음,승용,남,45세,경상
2023101300100574,2023년 10월 13일 19시,금요일,부산광역시 서구 서대신동3가,중상사고,0,1,0,0,차대차 - 추돌,안전거리미확보,건조,맑음,단일로 - 기타,화물,남,53세,상해없음,이륜,남,31세,중상
2023101300100576,2023년 10월 13일 19시,금요일,부산광역시 영도구 청학동,부상신고사고,0,0,0,1,차대사람 - 기타,안전운전불이행,건조,기타,단일로 - 기타,화물,남,24세,상해없음,보행자,남,66세,부상신고
2023101300100577,2023년 10월 13일 19시,금요일,부산광역시 해운대구 우동,경상사고,0,0,1,0,차대차 - 측면충돌,안전운전불이행,건조,맑음,교차로 - 교차로안,이륜,남,35세,경상,승합,남,60세,상해없음
2023101300100626,2023년 10월 13일 20시,금요일,부산광역시 북구 덕천동,경상사고,0,0,1,0,차대사람 - 기타,안전운전불이행,건조,맑음,기타 - 기타,기타불명,기타불명,미분류,기타불명,보행자,남,38세,경상
2023101300100676,2023년 10월 13일 22시,금요일,부산광역시 서구 서대신동1가,경상사고,0,0,1,0,차대사람 - 횡단중,안전운전불이행,건조,기타,단일로 - 기타,승합,남,79세,상해없음,보행자,남,43세,경상
2023101300100677,2023년 10월 13일 22시,금요일,부산광역시 동래구 온천동,부상신고사고,0,0,0,3,차대차 - 추돌,안전운전불이행,건조,맑음,단일로 - 기타,승용,남,54세,상해없음,승용,남,18세,상해없음
2023101300100678,2023년 10월 13일 22시,금요일,부산광역시 부산진구 연지동,경상사고,0,0,1,0,차대차 - 측면충돌,신호위반,건조,맑음,교차로 - 교차로안,이륜,남,20세,경상,승용,남,54세,상해없음
2023101300100699,2023년 10월 13일 23시,금요일,부산광역시 기장군 기장읍,경상사고,0,0,1,0,차대사람 - 기타,신호위반,건조,맑음,교차로 - 교차로횡단보도내,이륜,남,46세,상해없음,보행자,남,50세,경상
2023101400100023,2023년 10월 14일 02시,토요일,부산광역시 사하구 당리동,중상사고,0,1,0,0,차대차 - 추돌,안전운전불이행,건조,맑음,교차로 - 교차로부근,승용,남,69세,상해없음,이륜,남,43세,중상
2023101400100037,2023년 10월 14일 04시,토요일,부산광역시 남구 대연동,경상사고,0,0,4,0,차대차 - 측면충돌,직진우회전진행방해,건조,맑음,교차로 - 교차로안,승용,남,38세,기타불명,승용,남,66세,경상
2023101400100038,2023년 10월 14일 04시,토요일,부산광역시 동래구 명륜동,경상사고,0,0,1,0,차대차 - 기타,안전운전불이행,건조,맑음,단일로 - 기타,승합,여,72세,상해없음,승용,여,32세,경상
2023101400100039,2023년 10월 14일 04시,토요일,부산광역시 금정구 부곡동,경상사고,0,0,1,0,차대차 - 기타,직진우회전진행방해,건조,맑음,교차로 - 교차로안,이륜,남,29세,경상,화물,남,35세,상해없음
2023101400100073,2023년 10월 14일 07시,토요일,부산광역시 사상구 괘법동,경상사고,0,0,1,0,차대차 - 기타,안전운전불이행,건조,맑음,교차로 - 교차로부근,승용,남,45세,기타불명,승용,여,60세,경상
2023101400100086,2023년 10월 14일 08시,토요일,부산광역시 동래구 온천동,경상사고,0,0,1,0,차대차 - 기타,불법유턴,건조,맑음,단일로 - 기타,승용,남,46세,상해없음,승용,남,66세,경상
2023101400100087,2023년 10월 14일 08시,토요일,부산광역시 해운대구 반여동,중상사고,0,1,0,0,차대차 - 기타,안전운전불이행,건조,맑음,단일로 - 기타,승용,남,34세,상해없음,개인형이동수단(PM),남,18세,중상
2023101400100088,2023년 10월 14일 08시,토요일,부산광역시 금정구 두구동,경상사고,0,0,1,0,차대차 - 측면충돌,안전거리미확보,건조,맑음,기타 - 기타,승용,여,65세,상해없음,승용,남,36세,경상
2023101400100105,2023년 10월 14일 09시,토요일,부산광역시 동래구 안락동,중상사고,0,1,0,0,차대차 - 측면충돌,안전운전불이행,건조,맑음,단일로 - 기타,승용,남,71세,상해없음,자전거,남,78세,중상
2023101400100132,2023년 10월 14일 10시,토요일,부산광역시 해운대구 우동,중상사고,0,1,2,0,차대차 - 추돌,안전운전불이행,기타,맑음,단일로 - 기타,승용,여,76세,상해없음,승용,남,50세,상해없음
2023101400100133,2023년 10월 14일 10시,토요일,부산광역시 기장군 철마면,중상사고,0,2,0,0,차대사람 - 기타,안전운전불이행,건조,맑음,기타 - 기타,승용,남,72세,상해없음,보행자,남,40세,중상
2023101400100163,2023년 10월 14일 11시,토요일,부산광역시 연제구 연산동,경상사고,0,0,2,0,차대차 - 측면충돌,안전거리미확보,건조,맑음,단일로 - 기타,승용,남,45세,기타불명,승용,남,53세,경상
2023101400100198,2023년 10월 14일 12시,토요일,부산광역시 중구 영주동,경상사고,0,0,2,0,차대차 - 측면충돌,안전거리미확보,건조,맑음,교차로 - 교차로부근,승용,남,79세,상해없음,승합,남,61세,상해없음
2023101400100199,2023년 10월 14일 12시,토요일,부산광역시 남구 문현동,경상사고,0,0,2,0,차대차 - 추돌,안전운전불이행,건조,맑음,교차로 - 교차로안,승용,남,39세,상해없음,승용,남,38세,경상
2023101400100243,2023년 10월 14일 13시,토요일,부산광역시 서구 충무동1가,경상사고,0,0,3,0,차대차 - 기타,차로위반,건조,맑음,교차로 - 교차로부근,승용,여,43세,경상,승용,여,29세,경상
2023101400100244,2023년 10월 14일 13시,토요일,부산광역시 북구 금곡동,경상사고,0,0,1,1,차대차 - 기타,안전운전불이행,건조,맑음,단일로 - 기타,이륜,남,45세,부상신고,승용,남,60세,경상
2023101400100245,2023년 10월 14일 13시,토요일,부산광역시 사상구 괘법동,중상사고,0,1,1,0,차대차 - 측면충돌,신호위반,건조,맑음,교차로 - 교차로안,승용,여,44세,상해없음,승용,여,46세,중상
2023101400100273,2023년 10월 14일 14시,토요일,부산광역시 수영구 광안동,부상신고사고,0,0,0,1,차대차 - 기타,직진우회전진행방해,건조,맑음,교차로 - 교차로안,화물,남,60세,상해없음,이륜,남,46세,부상신고
2023101400100313,2023년 10월 14일 15시,토요일,부산광역시 금정구 장전동,경상사고,0,0,1,0,차대차 - 측면충돌,신호위반,건조,맑음,교차로 - 교차로안,승용,남,24세,상해없음,승용,여,46세,경상
2023101400100381,2023년 10월 14일 17시,토요일,부산광역시 사하구 장림동,중상사고,0,1,0,0,차대차 - 기타,중앙선침범,건조,맑음,단일로 - 지하차도(도로)내,이륜,여,22세,상해없음,이륜,남,21세,중상
2023101400100414,2023년 10월 14일 18시,토요일,부산광역시 금정구 남산동,중상사고,0,1,1,0,차대차 - 정면충돌,중앙선침범,건조,맑음,교차로 - 교차로부근,이륜,남,68세,경상,이륜,남,35세,중상
2023101400100484,2023년 10월 14일 20시,토요일,부산광역시 남구 대연동,경상사고,0,0,1,0,차대차 - 측면충돌,직진우회전진행방해,건조,맑음,교차로 - 교차로안,승용,남,55세,상해없음,승용,남,65세,경상
2023101400100485,2023년 10월 14일 20시,토요일,부산광역시 동래구 안락동,경상사고,0,0,1,0,차대사람 - 보도통행중,기타,건조,맑음,기타 - 기타,자전거,여,61세,상해없음,보행자,남,42세,경상
2023101400100486,2023년 10월 14일 20시,토요일,부산광역시 수영구 수영동,경상사고,0,0,2,0,차대차 - 추돌,안전거리미확보,건조,맑음,단일로 - 기타,승용,남,68세,상해없음,승용,남,51세,경상
2023101400100487,2023년 10월 14일 20시,토요일,부산광역시 강서구 명지동,부상신고사고,0,0,0,1,차대사람 - 기타,안전운전불이행,건조,맑음,교차로 - 교차로안,승용,남,57세,상해없음,보행자,남,48세,부상신고
2023101400100518,2023년 10월 14일 21시,토요일,부산광역시 북구 만덕동,중상사고,0,1,0,0,차대사람 - 기타,안전운전불이행,건조,맑음,단일로 - 기타,승용,남,72세,상해없음,보행자,여,66세,중상
2023101400100548,2023년 10월 14일 22시,토요일,부산광역시 수영구 민락동,경상사고,0,0,2,0,차대차 - 측면충돌,안전운전불이행,건조,맑음,교차로 - 교차로안,승용,남,32세,상해없음,승용,남,31세,경상
2023101400100549,2023년 10월 14일 22시,토요일,부산광역시 동래구 온천동,중상사고,0,1,0,0,차대차 - 측면충돌,안전거리미확보,건조,맑음,단일로 - 기타,승용,남,75세,상해없음,이륜,남,34세,중상
2023101500100004,2023년 10월 15일 00시,일요일,부산광역시 영도구 동삼동,경상사고,0,0,2,0,차대차 - 정면충돌,안전운전불이행,건조,맑음,단일로 - 기타,승용,남,50세,상해없음,승용,남,54세,경상
2023101500100005,2023년 10월 15일 00시,일요일,부산광역시 해운대구 우동,중상사고,0,1,0,0,차대차 - 정면충돌,안전운전불이행,건조,맑음,교차로 - 교차로부근,승합,남,49세,상해없음,자전거,여,28세,중상
2023101500100029,2023년 10월 15일 02시,일요일,부산광역시 사하구 괴정동,중상사고,0,2,0,0,차대차 - 정면충돌,중앙선침범,건조,맑음,단일로 - 기타,이륜,남,27세,기타불명,승용,남,44세,중상
2023101500100049,2023년 10월 15일 05시,일요일,부산광역시 연제구 연산동,경상사고,0,0,1,0,차대차 - 기타,안전거리미확보,건조,맑음,단일로 - 기타,승용,남,29세,상해없음,승용,남,47세,상해없음
2023101500100051,2023년 10월 15일 06시,일요일,부산광역시 부산진구 범천동,부상신고사고,0,0,0,1,차대차 - 기타,안전운전불이행,건조,맑음,기타 - 기타,승용,남,24세,상해없음,화물,남,73세,상해없음
2023101500100052,2023년 10월 15일 06시,일요일,부산광역시 연제구 거제동,경상사고,0,0,1,0,차대차 - 측면충돌,신호위반,건조,맑음,교차로 - 교차로안,화물,남,53세,상해없음,승용,남,73세,경상
2023101500100059,2023년 10월 15일 07시,일요일,부산광역시 강서구 송정동,경상사고,0,0,1,0,차대차 - 측면충돌,신호위반,건조,맑음,교차로 - 교차로안,승용,남,63세,상해없음,화물,남,49세,경상
2023101500100067,2023년 10월 15일 08시,일요일,부산광역시 북구 덕천동,중상사고,0,1,0,0,차대차 - 정면충돌,안전운전불이행,건조,맑음,교차로 - 교차로안,승용,남,35세,상해없음,이륜,남,24세,중상
2023101500100143,2023년 10월 15일 12시,일요일,부산광역시 사상구 덕포동,경상사고,0,0,1,0,차대차 - 정면충돌,중앙선침범,건조,맑음,교차로 - 교차로부근,이륜,남,38세,상해없음,이륜,남,36세,경상
2023101500100168,2023년 10월 15일 13시,일요일,부산광역시 부산진구 범천동,경상사고,0,0,1,0,차대차 - 추돌,안전운전불이행,건조,맑음,단일로 - 기타,승용,남,56세,상해없음,이륜,남,40세,경상
2023101500100170,2023년 10월 15일 13시,일요일,부산광역시 사상구 감전동,경상사고,0,0,1,0,차대차 - 추돌,안전운전불이행,건조,맑음,단일로 - 기타,승용,남,58세,상해없음,승용,남,33세,경상
2023101500100206,2023년 10월 15일 14시,일요일,부산광역시 부산진구 연지동,경상사고,0,0,1,0,차대차 - 측면충돌,신호위반,건조,맑음,교차로 - 교차로안,승용,남,41세,상해없음,승용,여,30세,경상
2023101500100207,2023년 10월 15일 14시,일요일,부산광역시 사하구 신평동,경상사고,0,0,1,0,차대차 - 기타,안전운전불이행,건조,맑음,교차로 - 교차로안,승용,남,57세,상해없음,이륜,남,53세,경상
2023101500100248,2023년 10월 15일 15시,일요일,부산광역시 부산진구 개금동,중상사고,0,1,1,0,차대사람 - 기타,안전운전불이행,건조,맑음,단일로 - 기타,승합,남,43세,상해없음,보행자,남,13세,중상
2023101500100249,2023년 10월 15일 15시,일요일,부산광역시 부산진구 양정동,경상사고,0,0,1,0,차대차 - 측면충돌,중앙선침범,건조,맑음,단일로 - 기타,승용,여,40세,상해없음,이륜,남,34세,경상
2023101500100250,2023년 10월 15일 15시,일요일,부산광역시 부산진구 범천동,경상사고,0,0,2,0,차대차 - 기타,교차로운행방법위반,건조,맑음,교차로 - 교차로안,승용,남,54세,상해없음,승용,남,30세,경상
2023101500100278,2023년 10월 15일 16시,일요일,부산광역시 동구 수정동,중상사고,0,1,4,0,차대차 - 기타,안전운전불이행,건조,맑음,단일로 - 기타,승용,남,69세,상해없음,승용,남,30세,경상
2023101500100279,2023년 10월 15일 16시,일요일,부산광역시 수영구 민락동,경상사고,0,0,1,0,차대사람 - 길가장자리구역통행중,안전운전불이행,건조,맑음,단일로 - 기타,승용,여,39세,상해없음,보행자,남,57세,경상
2023101500100280,2023년 10월 15일 16시,일요일,부산광역시 사하구 당리동,중상사고,0,1,0,0,차대차 - 기타,안전운전불이행,건조,맑음,단일로 - 기타,승용,남,63세,상해없음,이륜,여,55세,중상
2023101500100304,2023년 10월 15일 17시,일요일,부산광역시 서구 남부민동,부상신고사고,0,0,0,3,차량단독 - 기타,안전운전불이행,건조,맑음,단일로 - 기타,승용,남,58세,상해없음,,,,
2023101500100305,2023년 10월 15일 17시,일요일,부산광역시 강서구 명지동,경상사고,0,0,1,0,차대차 - 측면충돌,신호위반,건조,맑음,교차로 - 교차로안,승용,남,62세,상해없음,승용,여,47세,경상
2023101500100332,2023년 10월 15일 18시,일요일,부산광역시 부산진구 부전동,경상사고,0,0,1,0,차대사람 - 횡단중,보행자보호의무위반,건조,맑음,교차로 - 교차로횡단보도내,자전거,남,29세,상해없음,보행자,남,52세,경상
2023101500100368,2023년 10월 15일 19시,일요일,부산광역시 금정구 구서동,경상사고,0,0,2,0,차대차 - 기타,안전운전불이행,건조,맑음,교차로 - 교차로부근,승용,여,48세,상해없음,승용,남,28세,경상
2023101500100395,2023년 10월 15일 20시,일요일,부산광역시 사상구 감전동,경상사고,0,0,6,0,차대차 - 측면충돌,직진우회전진행방해,건조,맑음,교차로 - 교차로부근,승용,남,57세,상해없음,승용,남,39세,경상
2023101500100414,2023년 10월 15일 21시,일요일,부산광역시 동래구 온천동,경상사고,0,0,1,0,차대차 - 기타,신호위반,건조,맑음,단일로 - 기타,승용,남,56세,기타불명,이륜,남,26세,경상
2023101500100415,2023년 10월 15일 21시,일요일,부산광역시 해운대구 좌동,경상사고,0,0,1,0,차대차 - 기타,안전거리미확보,건조,맑음,단일로 - 기타,승용,남,65세,상해없음,승용,여,66세,경상
2023101500100416,2023년 10월 15일 21시,일요일,부산광역시 사하구 하단동,경상사고,0,0,1,0,차대사람 - 기타,안전운전불이행,건조,맑음,단일로 - 기타,승용,여,26세,상해없음,보행자,여,49세,경상
2023101500100429,2023년 10월 15일 22시,일요일,부산광역시 사상구 괘법동,중상사고,0,1,0,0,차대사람 - 기타,안전운전불이행,건조,맑음,단일로 - 기타,이륜,남,39세,상해없음,보행자,여,45세,중상
2023101600100025,2023년 10월 16일 03시,월요일,부산광역시 수영구 망미동,부상신고사고,0,0,0,1,차량단독 - 전도전복 - 전도,안전운전불이행,건조,기타,단일로 - 기타,이륜,남,25세,부상신고,,,,
2023101600100030,2023년 10월 16일 04시,월요일,부산광역시 중구 대창동2가,중상사고,0,1,1,0,차대차 - 측면충돌,신호위반,건조,맑음,교차로 - 교차로안,승용,남,64세,상해없음,승용,남,72세,경상
2023101600100034,2023년 10월 16일 05시,월요일,부산광역시 수영구 남천동,경상사고,0,0,1,0,차대차 - 추돌,안전운전불이행,건조,맑음,단일로 - 기타,승용,여,25세,상해없음,승용,남,25세,경상
2023101600100043,2023년 10월 16일 06시,월요일,부산광역시 기장군 정관읍,경상사고,0,0,1,0,차대차 - 측면충돌,차로위반,건조,맑음,단일로 - 교량,승용,남,61세,상해없음,승용,남,60세,경상
2023101600100091,2023년 10월 16일 08시,월요일,부산광역시 중구 남포동1가,경상사고,0,0,2,0,차대차 - 기타,안전운전불이행,건조,맑음,단일로 - 기타,승용,여,62세,경상,승용,남,44세,경상