사고번호,사고일시,요일,시군구,사고내용,사망자수,중상자수,경상자수,부상신고자수,사고유형,법규위반,노면상태,기상상태,도로형태,가해운전자 차종,가해운전자 성별,가해운전자 연령,가해운전자 상해정도,피해운전자 차종,피해운전자 성별,피해운전자 연령,피해운전자 상해정도
2023101600100139,2023년 10월 16일 09시,월요일,부산광역시 연제구 연산동,중상사고,0,1,0,0,차대차 - 추돌,안전거리미확보,건조,맑음,단일로 - 기타,승용,여,39세,상해없음,승용,여,60세,중상
2023101600100205,2023년 10월 16일 11시,월요일,부산광역시 동래구 사직동,경상사고,0,0,1,0,차대사람 - 횡단중,보행자보호의무위반,건조,맑음,교차로 - 교차로횡단보도내,화물,남,52세,상해없음,보행자,여,38세,경상
2023101600100206,2023년 10월 16일 11시,월요일,부산광역시 해운대구 우동,경상사고,0,0,3,0,차대차 - 추돌,안전거리미확보,건조,맑음,단일로 - 기타,승용,남,81세,상해없음,승용,여,50세,경상
2023101600100207,2023년 10월 16일 11시,월요일,부산광역시 수영구 망미동,경상사고,0,0,1,0,차대사람 - 기타,안전운전불이행,건조,맑음,기타 - 기타,화물,남,56세,상해없음,보행자,남,71세,경상
2023101600100241,2023년 10월 16일 12시,월요일,부산광역시 금정구 구서동,경상사고,0,0,1,0,차대차 - 기타,신호위반,건조,맑음,단일로 - 기타,이륜,남,28세,상해없음,승용,남,67세,경상
2023101600100242,2023년 10월 16일 12시,월요일,부산광역시 강서구 신호동,중상사고,0,1,0,0,차대차 - 측면충돌,안전운전불이행,건조,맑음,단일로 - 기타,화물,남,32세,상해없음,원동기,남,62세,중상
2023101600100243,2023년 10월 16일 12시,월요일,부산광역시 사상구 주례동,경상사고,0,0,1,0,차대차 - 기타,안전운전불이행,건조,맑음,교차로 - 교차로부근,화물,남,37세,기타불명,이륜,남,36세,경상
2023101600100274,2023년 10월 16일 13시,월요일,부산광역시 서구 암남동,경상사고,0,0,2,0,차대차 - 측면충돌,안전거리미확보,건조,맑음,단일로 - 기타,승용,남,72세,경상,승용,여,63세,경상
2023101600100275,2023년 10월 16일 13시,월요일,부산광역시 북구 화명동,경상사고,0,0,1,0,차대차 - 추돌,안전운전불이행,건조,맑음,단일로 - 기타,승용,남,72세,상해없음,승용,남,43세,경상
2023101600100276,2023년 10월 16일 13시,월요일,부산광역시 부산진구 부전동,경상사고,0,0,1,0,차대사람 - 차도통행중,안전운전불이행,건조,맑음,단일로 - 기타,승용,여,49세,상해없음,보행자,남,41세,경상
2023101600100277,2023년 10월 16일 13시,월요일,부산광역시 부산진구 초읍동,경상사고,0,0,2,1,차대차 - 기타,안전운전불이행,건조,맑음,교차로 - 교차로부근,승용,남,48세,부상신고,원동기,남,56세,경상
2023101600100278,2023년 10월 16일 13시,월요일,부산광역시 사상구 모라동,경상사고,0,0,2,0,차대차 - 추돌,안전운전불이행,건조,맑음,단일로 - 고가도로위,특수,남,53세,기타불명,승용,여,33세,경상
2023101600100323,2023년 10월 16일 14시,월요일,부산광역시 수영구 망미동,경상사고,0,0,1,0,차대차 - 기타,안전거리미확보,건조,맑음,단일로 - 기타,승용,남,46세,상해없음,승합,남,60세,상해없음
2023101600100350,2023년 10월 16일 15시,월요일,부산광역시 북구 구포동,중상사고,0,1,0,0,차대사람 - 기타,안전운전불이행,건조,맑음,단일로 - 기타,승용,남,69세,상해없음,보행자,남,75세,중상
2023101600100351,2023년 10월 16일 15시,월요일,부산광역시 북구 덕천동,경상사고,0,0,1,0,차대차 - 기타,신호위반,건조,맑음,교차로 - 교차로안,승용,남,76세,상해없음,승용,남,59세,경상
2023101600100352,2023년 10월 16일 15시,월요일,부산광역시 동래구 낙민동,경상사고,0,0,1,0,차대차 - 기타,안전운전불이행,건조,맑음,교차로 - 교차로안,승용,여,49세,상해없음,이륜,남,56세,경상
2023101600100353,2023년 10월 16일 15시,월요일,부산광역시 사하구 다대동,경상사고,0,0,1,0,차대차 - 정면충돌,안전운전불이행,건조,맑음,단일로 - 기타,승합,남,64세,상해없음,화물,남,47세,경상
2023101600100450,2023년 10월 16일 17시,월요일,부산광역시 강서구 명지동,경상사고,0,0,1,0,차대차 - 측면충돌,안전운전불이행,건조,맑음,단일로 - 기타,승용,남,61세,상해없음,이륜,기타불명,미분류,기타불명
2023101600100497,2023년 10월 16일 18시,월요일,부산광역시 연제구 연산동,경상사고,0,0,1,0,차대차 - 추돌,안전운전불이행,건조,맑음,교차로 - 교차로부근,승용,남,37세,상해없음,이륜,남,51세,경상
2023101600100498,2023년 10월 16일 18시,월요일,부산광역시 연제구 연산동,경상사고,0,0,1,0,차대사람 - 기타,안전운전불이행,건조,맑음,단일로 - 기타,승용,여,55세,상해없음,보행자,여,26세,경상
2023101600100590,2023년 10월 16일 20시,월요일,부산광역시 사하구 하단동,부상신고사고,0,0,0,1,차대사람 - 차도통행중,안전운전불이행,건조,맑음,교차로 - 교차로안,개인형이동수단(PM),남,17세,상해없음,보행자,여,69세,부상신고
2023101700100053,2023년 10월 17일 07시,화요일,부산광역시 동래구 온천동,중상사고,0,1,0,0,차대차 - 기타,안전거리미확보,건조,맑음,단일로 - 기타,승합,남,61세,상해없음,승용,남,52세,중상
2023101700100054,2023년 10월 17일 07시,화요일,부산광역시 사하구 괴정동,중상사고,0,1,0,0,차대사람 - 횡단중,신호위반,건조,맑음,기타 - 기타,화물,남,64세,상해없음,보행자,여,13세,중상
2023101700100055,2023년 10월 17일 07시,화요일,부산광역시 연제구 거제동,중상사고,0,1,0,0,차대차 - 후진중충돌,차로위반,건조,맑음,기타 - 기타,승용,남,71세,상해없음,이륜,여,30세,중상
2023101700100092,2023년 10월 17일 08시,화요일,부산광역시 남구 대연동,경상사고,0,0,1,0,차대차 - 추돌,안전운전불이행,건조,맑음,교차로 - 교차로부근,승용,남,57세,상해없음,승용,여,42세,경상
2023101700100093,2023년 10월 17일 08시,화요일,부산광역시 남구 용호동,경상사고,0,0,2,0,차대차 - 측면충돌,안전운전불이행,건조,맑음,교차로 - 교차로안,승용,여,56세,상해없음,승용,남,49세,경상
2023101700100094,2023년 10월 17일 08시,화요일,부산광역시 연제구 연산동,경상사고,0,0,1,0,차대차 - 기타,안전운전불이행,건조,맑음,교차로 - 교차로부근,화물,남,63세,상해없음,승용,남,35세,경상
2023101700100141,2023년 10월 17일 09시,화요일,부산광역시 강서구 신호동,경상사고,0,0,1,0,차대사람 - 횡단중,안전운전불이행,건조,맑음,교차로 - 교차로안,승용,여,38세,상해없음,보행자,여,83세,경상
2023101700100229,2023년 10월 17일 11시,화요일,부산광역시 부산진구 범천동,경상사고,0,0,1,0,차대차 - 측면충돌,안전운전불이행,건조,맑음,교차로 - 교차로안,화물,남,70세,상해없음,이륜,남,39세,경상
2023101700100230,2023년 10월 17일 11시,화요일,부산광역시 금정구 부곡동,경상사고,0,0,1,0,차량단독 - 기타,안전운전불이행,건조,맑음,교차로 - 교차로안,승합,남,46세,상해없음,,,,
2023101700100231,2023년 10월 17일 11시,화요일,부산광역시 연제구 거제동,경상사고,0,0,1,0,차대차 - 기타,안전운전불이행,건조,맑음,교차로 - 교차로부근,승용,남,67세,상해없음,자전거,남,44세,경상
2023101700100265,2023년 10월 17일 12시,화요일,부산광역시 남구 용호동,경상사고,0,0,1,0,차대차 - 측면충돌,안전운전불이행,건조,맑음,교차로 - 교차로부근,승용,남,50세,상해없음,이륜,남,74세,경상
2023101700100266,2023년 10월 17일 12시,화요일,부산광역시 해운대구 재송동,중상사고,0,1,0,0,차대사람 - 보도통행중,안전운전불이행,건조,맑음,교차로 - 교차로부근,승용,남,67세,상해없음,보행자,여,78세,중상
2023101700100267,2023년 10월 17일 12시,화요일,부산광역시 사하구 신평동,경상사고,0,0,1,0,차대차 - 정면충돌,안전운전불이행,건조,맑음,단일로 - 기타,승용,남,67세,상해없음,승용,남,73세,경상
2023101700100268,2023년 10월 17일 12시,화요일,부산광역시 기장군 장안읍,부상신고사고,0,0,0,2,차대차 - 측면충돌,교차로운행방법위반,건조,맑음,교차로 - 교차로안,건설기계,남,40세,상해없음,승용,남,49세,부상신고
2023101700100310,2023년 10월 17일 13시,화요일,부산광역시 동래구 온천동,중상사고,0,1,0,0,차량단독 - 기타,안전운전불이행,건조,맑음,단일로 - 기타,승합,남,47세,상해없음,,,,
2023101700100311,2023년 10월 17일 13시,화요일,부산광역시 금정구 회동동,경상사고,0,0,1,0,차대차 - 추돌,안전거리미확보,건조,맑음,단일로 - 고가도로위,건설기계,남,54세,상해없음,승용,여,49세,경상
2023101700100335,2023년 10월 17일 14시,화요일,부산광역시 강서구 대저2동,경상사고,0,0,1,0,차대사람 - 기타,신호위반,건조,맑음,단일로 - 기타,승용,남,67세,상해없음,보행자,여,40세,경상
2023101700100379,2023년 10월 17일 15시,화요일,부산광역시 금정구 서동,중상사고,0,1,0,0,차대차 - 측면충돌,교차로운행방법위반,건조,맑음,교차로 - 교차로안,화물,남,51세,기타불명,승용,남,50세,중상
2023101700100380,2023년 10월 17일 15시,화요일,부산광역시 금정구 장전동,경상사고,0,0,1,0,차대차 - 측면충돌,차로위반,건조,맑음,교차로 - 교차로안,화물,남,61세,상해없음,승용,남,52세,경상
2023101700100426,2023년 10월 17일 16시,화요일,부산광역시 동구 초량동,경상사고,0,0,1,0,차대차 - 추돌,안전운전불이행,건조,맑음,단일로 - 기타,승용,남,75세,상해없음,승용,남,48세,경상
2023101700100474,2023년 10월 17일 17시,화요일,부산광역시 동구 범일동,경상사고,0,0,1,0,차대차 - 측면충돌,안전거리미확보,건조,맑음,단일로 - 기타,승용,여,51세,상해없음,화물,남,58세,경상
2023101700100475,2023년 10월 17일 17시,화요일,부산광역시 남구 대연동,경상사고,0,0,1,0,차대사람 - 차도통행중,보행자보호의무위반,건조,맑음,교차로 - 교차로안,화물,남,27세,상해없음,보행자,남,60세,경상
2023101700100514,2023년 10월 17일 18시,화요일,부산광역시 동래구 온천동,경상사고,0,0,1,0,차대사람 - 횡단중,안전운전불이행,건조,맑음,단일로 - 기타,화물,남,57세,상해없음,보행자,여,75세,경상
2023101700100515,2023년 10월 17일 18시,화요일,부산광역시 사하구 신평동,경상사고,0,0,1,0,차대사람 - 횡단중,안전운전불이행,건조,맑음,교차로 - 교차로부근,승용,남,58세,상해없음,보행자,여,64세,경상
2023101700100516,2023년 10월 17일 18시,화요일,부산광역시 연제구 거제동,경상사고,0,0,1,0,차대차 - 기타,신호위반,건조,맑음,교차로 - 교차로부근,승용,남,64세,상해없음,이륜,남,42세,경상
2023101700100517,2023년 10월 17일 18시,화요일,부산광역시 강서구 명지동,중상사고,0,1,0,0,차대차 - 측면충돌,안전운전불이행,건조,맑음,교차로 - 교차로안,승용,남,51세,상해없음,자전거,남,74세,중상
2023101700100577,2023년 10월 17일 19시,화요일,부산광역시 중구 중앙동7가,중상사고,0,2,1,0,차대차 - 측면충돌,교차로운행방법위반,건조,맑음,교차로 - 교차로안,승용,남,60세,상해없음,승용,여,32세,중상
2023101700100578,2023년 10월 17일 19시,화요일,부산광역시 동래구 사직동,중상사고,0,1,0,0,차대사람 - 횡단중,신호위반,건조,맑음,단일로 - 기타,승용,여,68세,상해없음,보행자,여,11세,중상
2023101700100579,2023년 10월 17일 19시,화요일,부산광역시 해운대구 우동,중상사고,0,1,0,0,차대차 - 추돌,안전운전불이행,건조,맑음,단일로 - 기타,승용,남,62세,상해없음,이륜,남,43세,중상
2023101700100580,2023년 10월 17일 19시,화요일,부산광역시 사상구 감전동,중상사고,0,1,0,0,차대사람 - 차도통행중,안전운전불이행,건조,맑음,단일로 - 기타,화물,남,23세,상해없음,보행자,여,62세,중상
2023101700100620,2023년 10월 17일 20시,화요일,부산광역시 금정구 금사동,경상사고,0,0,1,0,차대차 - 기타,신호위반,건조,맑음,교차로 - 교차로안,화물,남,64세,상해없음,승용,여,54세,경상
2023101700100642,2023년 10월 17일 21시,화요일,부산광역시 수영구 광안동,경상사고,0,0,2,0,차대차 - 추돌,안전운전불이행,건조,맑음,단일로 - 기타,이륜,남,55세,경상,이륜,남,40세,경상
2023101700100680,2023년 10월 17일 23시,화요일,부산광역시 부산진구 부전동,경상사고,0,0,1,0,차대사람 - 기타,안전운전불이행,건조,맑음,교차로 - 교차로부근,승용,남,65세,상해없음,보행자,여,23세,경상
2023101800100004,2023년 10월 18일 00시,수요일,부산광역시 해운대구 좌동,경상사고,0,0,1,0,차대차 - 정면충돌,신호위반,건조,맑음,교차로 - 교차로안,이륜,남,26세,상해없음,이륜,남,22세,경상
2023101800100023,2023년 10월 18일 03시,수요일,부산광역시 금정구 금사동,경상사고,0,0,2,0,차대차 - 기타,안전운전불이행,건조,맑음,단일로 - 기타,승용,남,55세,상해없음,승용,남,34세,경상
2023101800100031,2023년 10월 18일 05시,수요일,부산광역시 남구 대연동,경상사고,0,0,1,0,차대차 - 추돌,불법유턴,건조,맑음,교차로 - 교차로안,승용,남,28세,상해없음,화물,남,52세,경상
2023101800100097,2023년 10월 18일 08시,수요일,부산광역시 수영구 광안동,경상사고,0,0,1,0,차대차 - 측면충돌,안전운전불이행,건조,맑음,교차로 - 교차로횡단보도내,승용,남,37세,상해없음,자전거,남,11세,경상
2023101800100098,2023년 10월 18일 08시,수요일,부산광역시 연제구 연산동,경상사고,0,0,2,0,차대차 - 추돌,교차로운행방법위반,건조,맑음,교차로 - 교차로안,승용,남,27세,상해없음,승용,남,70세,경상
2023101800100099,2023년 10월 18일 08시,수요일,부산광역시 강서구 명지동,중상사고,0,1,0,0,차대차 - 측면충돌,신호위반,건조,맑음,교차로 - 교차로안,승용,남,72세,기타불명,승용,여,40세,중상
2023101800100143,2023년 10월 18일 09시,수요일,부산광역시 중구 부평동2가,경상사고,0,0,1,0,차대사람 - 횡단중,신호위반,건조,맑음,단일로 - 기타,이륜,남,73세,상해없음,보행자,여,63세,경상
2023101800100144,2023년 10월 18일 09시,수요일,부산광역시 수영구 남천동,경상사고,0,0,2,0,차대차 - 기타,안전운전불이행,건조,맑음,교차로 - 교차로안,승용,여,49세,경상,승용,여,57세,경상
2023101800100184,2023년 10월 18일 10시,수요일,부산광역시 동래구 명륜동,경상사고,0,0,1,0,차대차 - 측면충돌,안전운전불이행,건조,맑음,교차로 - 교차로안,승용,남,69세,상해없음,승용,남,22세,경상
2023101800100211,2023년 10월 18일 11시,수요일,부산광역시 북구 덕천동,중상사고,0,1,0,0,차대차 - 기타,불법유턴,건조,맑음,교차로 - 교차로안,승용,남,76세,상해없음,승용,여,43세,중상
2023101800100212,2023년 10월 18일 11시,수요일,부산광역시 금정구 서동,경상사고,0,0,1,0,차대사람 - 기타,안전운전불이행,건조,맑음,교차로 - 교차로부근,승용,여,60세,상해없음,보행자,남,70세,경상
2023101800100248,2023년 10월 18일 12시,수요일,부산광역시 북구 구포동,경상사고,0,0,1,0,차대차 - 기타,안전운전불이행,건조,맑음,교차로 - 교차로안,승용,남,66세,상해없음,승용,여,48세,경상
2023101800100249,2023년 10월 18일 12시,수요일,부산광역시 연제구 연산동,경상사고,0,0,1,0,차대차 - 추돌,안전운전불이행,건조,맑음,단일로 - 터널,이륜,남,22세,상해없음,승용,여,52세,경상
2023101800100284,2023년 10월 18일 13시,수요일,부산광역시 서구 서대신동2가,경상사고,0,0,2,0,차대차 - 기타,안전운전불이행,건조,맑음,교차로 - 교차로안,승용,남,66세,상해없음,승용,남,37세,경상
2023101800100285,2023년 10월 18일 13시,수요일,부산광역시 영도구 청학동,경상사고,0,0,1,0,차대사람 - 기타,기타,건조,맑음,단일로 - 기타,화물,남,79세,기타불명,보행자,남,61세,경상
2023101800100286,2023년 10월 18일 13시,수요일,부산광역시 부산진구 개금동,경상사고,0,0,1,0,차대차 - 측면충돌,안전운전불이행,건조,맑음,기타 - 기타,승용,남,37세,상해없음,이륜,남,19세,경상
2023101800100287,2023년 10월 18일 13시,수요일,부산광역시 사상구 엄궁동,경상사고,0,0,1,0,차대사람 - 차도통행중,안전운전불이행,건조,맑음,교차로 - 교차로부근,원동기,남,40세,상해없음,보행자,여,42세,경상
2023101800100325,2023년 10월 18일 14시,수요일,부산광역시 수영구 광안동,중상사고,0,1,0,0,차대차 - 기타,안전운전불이행,건조,맑음,단일로 - 기타,개인형이동수단(PM),남,16세,기타불명,승용,여,41세,상해없음
2023101800100326,2023년 10월 18일 14시,수요일,부산광역시 금정구 서동,경상사고,0,0,1,0,차대사람 - 기타,안전운전불이행,건조,맑음,기타 - 기타,승용,남,65세,상해없음,보행자,남,13세,경상
2023101800100327,2023년 10월 18일 14시,수요일,부산광역시 사하구 장림동,중상사고,0,1,0,0,차대차 - 측면충돌,신호위반,건조,맑음,교차로 - 교차로안,이륜,남,16세,중상,화물,남,52세,상해없음
2023101800100328,2023년 10월 18일 14시,수요일,부산광역시 연제구 거제동,경상사고,0,0,1,0,차대차 - 추돌,신호위반,건조,맑음,단일로 - 기타,승용,남,68세,상해없음,자전거,여,23세,경상
2023101800100365,2023년 10월 18일 15시,수요일,부산광역시 중구 동광동4가,경상사고,0,0,1,0,차대차 - 기타,신호위반,건조,맑음,단일로 - 기타,승용,남,70세,상해없음,이륜,남,64세,경상
2023101800100366,2023년 10월 18일 15시,수요일,부산광역시 사하구 괴정동,부상신고사고,0,0,0,1,차대차 - 후진중충돌,안전운전불이행,건조,맑음,단일로 - 기타,승용,여,49세,상해없음,승용,여,46세,부상신고
2023101800100367,2023년 10월 18일 15시,수요일,부산광역시 사상구 감전동,경상사고,0,0,1,0,차대차 - 기타,안전운전불이행,건조,맑음,교차로 - 교차로부근,화물,남,53세,상해없음,화물,남,32세,경상
2023101800100402,2023년 10월 18일 16시,수요일,부산광역시 수영구 민락동,경상사고,0,0,1,0,차대차 - 기타,안전운전불이행,건조,맑음,기타 - 기타,화물,남,66세,상해없음,승용,남,70세,경상
2023101800100403,2023년 10월 18일 16시,수요일,부산광역시 북구 화명동,중상사고,0,1,0,0,차대차 - 측면충돌,안전운전불이행,건조,맑음,단일로 - 기타,승용,남,29세,상해없음,화물,남,61세,중상
2023101800100404,2023년 10월 18일 16시,수요일,부산광역시 동래구 온천동,부상신고사고,0,0,0,1,차대차 - 기타,직진우회전진행방해,건조,맑음,교차로 - 교차로부근,자전거,남,13세,상해없음,승용,남,46세,부상신고
2023101800100405,2023년 10월 18일 16시,수요일,부산광역시 동래구 명륜동,경상사고,0,0,1,0,차대사람 - 횡단중,신호위반,건조,맑음,단일로 - 기타,개인형이동수단(PM),남,16세,상해없음,보행자,남,10세,경상
2023101800100406,2023년 10월 18일 16시,수요일,부산광역시 금정구 서동,경상사고,0,0,1,0,차대사람 - 기타,안전운전불이행,건조,맑음,단일로 - 기타,승용,여,70세,상해없음,보행자,남,54세,경상
2023101800100450,2023년 10월 18일 17시,수요일,부산광역시 금정구 장전동,경상사고,0,0,1,0,차대차 - 기타,안전운전불이행,건조,맑음,단일로 - 기타,승용,남,43세,경상,승합,남,57세,상해없음
2023101800100451,2023년 10월 18일 17시,수요일,부산광역시 기장군 일광읍,중상사고,0,1,1,0,차대차 - 추돌,안전운전불이행,건조,맑음,교차로 - 교차로부근,승용,남,51세,상해없음,승용,남,26세,상해없음
2023101800100497,2023년 10월 18일 18시,수요일,부산광역시 연제구 연산동,부상신고사고,0,0,0,1,차대차 - 후진중충돌,불법유턴,건조,맑음,교차로 - 교차로부근,승용,남,67세,상해없음,승용,여,61세,부상신고
2023101800100542,2023년 10월 18일 19시,수요일,부산광역시 동래구 안락동,경상사고,0,0,1,0,차대차 - 정면충돌,안전운전불이행,건조,맑음,단일로 - 기타,자전거,남,55세,기타불명,자전거,남,30세,경상
2023101800100543,2023년 10월 18일 19시,수요일,부산광역시 사하구 신평동,경상사고,0,0,1,0,차대차 - 측면충돌,신호위반,건조,맑음,교차로 - 교차로안,승용,남,23세,상해없음,화물,남,38세,경상
2023101800100544,2023년 10월 18일 19시,수요일,부산광역시 사하구 하단동,경상사고,0,0,1,0,차대차 - 기타,안전운전불이행,건조,맑음,단일로 - 지하차도(도로)내,승용,여,55세,상해없음,자전거,남,30세,경상
2023101800100545,2023년 10월 18일 19시,수요일,부산광역시 사상구 괘법동,경상사고,0,0,1,0,차대차 - 추돌,안전운전불이행,건조,맑음,단일로 - 기타,승용,남,63세,상해없음,승용,남,60세,경상
2023101800100546,2023년 10월 18일 19시,수요일,부산광역시 기장군 기장읍,경상사고,0,0,1,0,차대사람 - 기타,안전운전불이행,건조,맑음,교차로 - 교차로안,화물,남,64세,상해없음,보행자,남,44세,경상
2023101800100587,2023년 10월 18일 20시,수요일,부산광역시 부산진구 당감동,부상신고사고,0,0,0,1,차대차 - 추돌,안전운전불이행,건조,맑음,단일로 - 기타,이륜,남,31세,부상신고,화물,남,48세,상해없음
2023101800100588,2023년 10월 18일 20시,수요일,부산광역시 금정구 서동,경상사고,0,0,1,0,차대사람 - 횡단중,안전운전불이행,건조,맑음,단일로 - 기타,승용,여,55세,상해없음,보행자,남,48세,경상
2023101800100643,2023년 10월 18일 22시,수요일,부산광역시 동래구 명륜동,중상사고,0,1,0,0,차대차 - 추돌,안전거리미확보,건조,맑음,단일로 - 기타,승합,남,41세,상해없음,승용,남,75세,중상
2023101900100062,2023년 10월 19일 07시,목요일,부산광역시 부산진구 부암동,경상사고,0,0,1,0,차대사람 - 횡단중,보행자보호의무위반,건조,맑음,교차로 - 교차로부근,화물,남,84세,상해없음,보행자,여,38세,경상
2023101900100093,2023년 10월 19일 08시,목요일,부산광역시 사하구 괴정동,부상신고사고,0,0,0,1,차대차 - 측면충돌,안전거리미확보,건조,맑음,교차로 - 교차로부근,승합,남,57세,기타불명,화물,남,39세,부상신고
2023101900100094,2023년 10월 19일 08시,목요일,부산광역시 사하구 신평동,경상사고,0,0,2,0,차대차 - 기타,신호위반,건조,맑음,단일로 - 기타,화물,남,36세,상해없음,승용,남,30세,경상
2023101900100127,2023년 10월 19일 09시,목요일,부산광역시 남구 대연동,경상사고,0,0,1,0,차대사람 - 길가장자리구역통행중,안전운전불이행,건조,맑음,단일로 - 기타,화물,남,46세,상해없음,보행자,남,54세,경상
2023101900100128,2023년 10월 19일 09시,목요일,부산광역시 수영구 남천동,경상사고,0,0,1,0,차대사람 - 기타,기타,건조,맑음,단일로 - 기타,승용,남,61세,상해없음,보행자,여,26세,경상
2023101900100129,2023년 10월 19일 09시,목요일,부산광역시 해운대구 좌동,경상사고,0,0,1,0,차대차 - 추돌,안전운전불이행,건조,맑음,단일로 - 기타,승용,남,44세,상해없음,승용,여,51세,경상
2023101900100171,2023년 10월 19일 10시,목요일,부산광역시 영도구 남항동3가,중상사고,0,1,0,0,차대차 - 측면충돌,신호위반,건조,맑음,단일로 - 교량,특수,남,48세,상해없음,화물,남,25세,중상
2023101900100172,2023년 10월 19일 10시,목요일,부산광역시 연제구 연산동,중상사고,0,1,0,0,차대차 - 기타,차로위반,건조,맑음,단일로 - 기타,승용,남,32세,상해없음,이륜,남,54세,중상
2023101900100197,2023년 10월 19일 11시,목요일,부산광역시 수영구 남천동,경상사고,0,0,1,0,차대차 - 추돌,교차로운행방법위반,건조,맑음,교차로 - 교차로안,승용,여,54세,상해없음,승용,여,52세,경상
2023101900100198,2023년 10월 19일 11시,목요일,부산광역시 금정구 회동동,중상사고,0,1,0,0,차대사람 - 횡단중,보행자보호의무위반,건조,맑음,교차로 - 교차로안,승용,남,58세,상해없음,보행자,여,64세,중상
2023101900100227,2023년 10월 19일 12시,목요일,부산광역시 사하구 장림동,경상사고,0,0,1,0,차대차 - 기타,안전운전불이행,건조,맑음,교차로 - 교차로부근,승용,남,68세,상해없음,승용,남,45세,경상
2023101900100282,2023년 10월 19일 14시,목요일,부산광역시 수영구 망미동,경상사고,0,0,1,0,차대사람 - 길가장자리구역통행중,안전운전불이행,건조,맑음,교차로 - 교차로안,승용,남,76세,상해없음,보행자,남,63세,경상
2023101900100314,2023년 10월 19일 15시,목요일,부산광역시 사하구 하단동,경상사고,0,0,1,0,차대차 - 기타,안전운전불이행,건조,맑음,교차로 - 교차로부근,승용,여,47세,상해없음,화물,남,69세,경상
2023101900100432,2023년 10월 19일 18시,목요일,부산광역시 사하구 장림동,경상사고,0,0,2,0,차대차 - 기타,안전운전불이행,건조,맑음,단일로 - 기타,화물,남,45세,상해없음,승용,남,40세,경상
2023101900100433,2023년 10월 19일 18시,목요일,부산광역시 기장군 장안읍,경상사고,0,0,1,0,차대차 - 측면충돌,안전운전불이행,건조,맑음,단일로 - 기타,승용,남,26세,상해없음,승용,남,33세,경상
2023101900100518,2023년 10월 19일 20시,목요일,부산광역시 동구 수정동,중상사고,0,2,0,0,차대차 - 추돌,안전운전불이행,건조,맑음,단일로 - 기타,승용,남,43세,상해없음,승용,남,38세,중상
2023101900100551,2023년 10월 19일 21시,목요일,부산광역시 중구 부평동2가,중상사고,0,1,2,0,차대차 - 추돌,신호위반,건조,맑음,단일로 - 기타,승용,남,44세,상해없음,승용,남,41세,경상
2023101900100552,2023년 10월 19일 21시,목요일,부산광역시 수영구 광안동,경상사고,0,0,1,0,차대차 - 측면충돌,안전운전불이행,건조,흐림,단일로 - 기타,승용,남,52세,상해없음,승용,여,33세,경상
2023102000100001,2023년 10월 20일 00시,금요일,부산광역시 사상구 학장동,경상사고,0,0,2,0,차대차 - 추돌,안전운전불이행,건조,맑음,단일로 - 터널,승용,남,44세,상해없음,화물,남,54세,경상
2023102000100050,2023년 10월 20일 06시,금요일,부산광역시 수영구 광안동,부상신고사고,0,0,0,1,차대사람 - 횡단중,안전운전불이행,젖음/습기,비,단일로 - 기타,승용,남,56세,상해없음,보행자,남,40세,부상신고
2023102000100051,2023년 10월 20일 06시,금요일,부산광역시 기장군 일광읍,경상사고,0,0,1,0,차대차 - 추돌,차로위반,건조,맑음,단일로 - 기타,승용,남,78세,상해없음,승용,남,48세,경상
2023102000100068,2023년 10월 20일 07시,금요일,부산광역시 북구 덕천동,경상사고,0,0,1,0,차대차 - 추돌,안전운전불이행,건조,맑음,단일로 - 기타,승용,남,32세,상해없음,승용,남,68세,경상
2023102000100069,2023년 10월 20일 07시,금요일,부산광역시 강서구 지사동,경상사고,0,0,1,0,차대차 - 측면충돌,신호위반,건조,맑음,교차로 - 교차로안,승용,남,23세,상해없음,승용,남,57세,경상
2023102000100100,2023년 10월 20일 08시,금요일,부산광역시 수영구 광안동,경상사고,0,0,1,0,차대차 - 측면충돌,안전거리미확보,건조,맑음,단일로 - 기타,승용,남,58세,상해없음,승용,여,28세,경상
2023102000100101,2023년 10월 20일 08시,금요일,부산광역시 동래구 온천동,경상사고,0,0,1,0,차대차 - 후진중충돌,안전운전불이행,건조,맑음,단일로 - 기타,승용,남,69세,상해없음,승용,여,36세,경상
2023102000100102,2023년 10월 20일 08시,금요일,부산광역시 영도구 남항동1가,경상사고,0,0,1,0,차대차 - 측면충돌,직진우회전진행방해,건조,맑음,교차로 - 교차로안,승용,남,54세,기타불명,이륜,남,74세,경상
2023102000100103,2023년 10월 20일 08시,금요일,부산광역시 기장군 장안읍,중상사고,0,1,0,0,차대차 - 추돌,안전거리미확보,젖음/습기,흐림,교차로 - 교차로부근,화물,남,66세,상해없음,승용,여,25세,중상