사고번호,사고일시,요일,시군구,사고내용,사망자수,중상자수,경상자수,부상신고자수,사고유형,법규위반,노면상태,기상상태,도로형태,가해운전자 차종,가해운전자 성별,가해운전자 연령,가해운전자 상해정도,피해운전자 차종,피해운전자 성별,피해운전자 연령,피해운전자 상해정도
2023102000100184,2023년 10월 20일 10시,금요일,부산광역시 남구 용당동,중상사고,0,1,0,0,차대차 - 측면충돌,안전운전불이행,건조,맑음,단일로 - 기타,승용,남,40세,상해없음,특수,남,58세,중상
2023102000100185,2023년 10월 20일 10시,금요일,부산광역시 연제구 연산동,경상사고,0,0,1,0,차대차 - 측면충돌,안전운전불이행,건조,맑음,단일로 - 기타,건설기계,남,66세,상해없음,승용,남,70세,경상
2023102000100213,2023년 10월 20일 11시,금요일,부산광역시 남구 대연동,경상사고,0,0,2,0,차대차 - 기타,기타,건조,맑음,교차로 - 교차로부근,승용,남,54세,상해없음,이륜,남,34세,경상
2023102000100214,2023년 10월 20일 11시,금요일,부산광역시 수영구 수영동,경상사고,0,0,1,0,차대차 - 측면충돌,안전운전불이행,건조,맑음,기타 - 기타,승용,여,44세,상해없음,승용,남,37세,경상
2023102000100250,2023년 10월 20일 12시,금요일,부산광역시 동구 수정동,경상사고,0,0,1,0,차대사람 - 길가장자리구역통행중,보행자보호의무위반,건조,맑음,교차로 - 교차로부근,이륜,남,75세,상해없음,보행자,남,39세,경상
2023102000100251,2023년 10월 20일 12시,금요일,부산광역시 동래구 사직동,경상사고,0,0,1,0,차대사람 - 기타,안전운전불이행,건조,맑음,단일로 - 기타,승합,남,71세,상해없음,보행자,여,34세,경상
2023102000100252,2023년 10월 20일 12시,금요일,부산광역시 해운대구 중동,중상사고,0,1,0,0,차대차 - 측면충돌,중앙선침범,건조,맑음,교차로 - 교차로안,승용,여,29세,상해없음,이륜,남,28세,중상
2023102000100253,2023년 10월 20일 12시,금요일,부산광역시 부산진구 부전동,중상사고,0,1,0,0,차대사람 - 횡단중,보행자보호의무위반,건조,맑음,단일로 - 기타,개인형이동수단(PM),남,28세,상해없음,보행자,여,56세,중상
2023102000100254,2023년 10월 20일 12시,금요일,부산광역시 사상구 괘법동,경상사고,0,0,1,0,차대차 - 측면충돌,교차로운행방법위반,건조,맑음,교차로 - 교차로안,승용,남,72세,상해없음,승용,남,28세,경상
2023102000100300,2023년 10월 20일 13시,금요일,부산광역시 부산진구 개금동,중상사고,0,1,0,0,차대차 - 추돌,안전운전불이행,건조,맑음,단일로 - 기타,이륜,남,48세,중상,승용,남,27세,상해없음
2023102000100301,2023년 10월 20일 13시,금요일,부산광역시 연제구 거제동,경상사고,0,0,1,0,차대차 - 측면충돌,안전운전불이행,건조,맑음,단일로 - 기타,승용,여,41세,상해없음,개인형이동수단(PM),여,24세,경상
2023102000100302,2023년 10월 20일 13시,금요일,부산광역시 사상구 삼락동,경상사고,0,0,1,0,차대차 - 측면충돌,안전운전불이행,건조,맑음,단일로 - 기타,화물,남,43세,기타불명,승용,남,63세,경상
2023102000100341,2023년 10월 20일 14시,금요일,부산광역시 해운대구 반송동,중상사고,0,1,0,0,차대사람 - 차도통행중,안전운전불이행,건조,맑음,단일로 - 기타,승용,남,84세,상해없음,보행자,여,92세,중상
2023102000100342,2023년 10월 20일 14시,금요일,부산광역시 부산진구 초읍동,경상사고,0,0,1,0,차대사람 - 차도통행중,안전운전불이행,건조,맑음,교차로 - 교차로안,승용,남,69세,상해없음,보행자,여,60세,경상
2023102000100343,2023년 10월 20일 14시,금요일,부산광역시 부산진구 초읍동,경상사고,0,0,1,0,차대사람 - 기타,안전운전불이행,건조,맑음,단일로 - 기타,승용,남,61세,상해없음,보행자,남,49세,경상
2023102000100344,2023년 10월 20일 14시,금요일,부산광역시 금정구 노포동,경상사고,0,0,1,0,차대차 - 기타,안전운전불이행,건조,맑음,단일로 - 기타,자전거,남,77세,경상,승용,여,71세,상해없음
2023102000100345,2023년 10월 20일 14시,금요일,부산광역시 금정구 서동,경상사고,0,0,1,0,차대차 - 측면충돌,직진우회전진행방해,건조,맑음,교차로 - 교차로안,화물,남,71세,상해없음,승용,남,65세,경상
2023102000100346,2023년 10월 20일 14시,금요일,부산광역시 사하구 신평동,경상사고,0,0,1,0,차대차 - 기타,안전운전불이행,건조,맑음,교차로 - 교차로부근,승용,남,68세,상해없음,승용,남,28세,경상
2023102000100385,2023년 10월 20일 15시,금요일,부산광역시 영도구 영선동3가,경상사고,0,0,1,0,차대차 - 기타,교차로운행방법위반,건조,맑음,교차로 - 교차로안,승용,여,34세,상해없음,이륜,여,59세,경상
2023102000100386,2023년 10월 20일 15시,금요일,부산광역시 금정구 오륜동,중상사고,0,1,3,0,차대차 - 추돌,안전거리미확보,건조,맑음,단일로 - 터널,승용,여,52세,상해없음,승용,남,68세,중상
2023102000100387,2023년 10월 20일 15시,금요일,부산광역시 금정구 부곡동,경상사고,0,0,2,0,차대차 - 추돌,안전거리미확보,건조,맑음,단일로 - 터널,승용,여,53세,상해없음,승용,남,57세,경상
2023102000100430,2023년 10월 20일 16시,금요일,부산광역시 남구 대연동,경상사고,0,0,1,0,차대차 - 측면충돌,안전거리미확보,건조,맑음,교차로 - 교차로부근,승용,남,76세,상해없음,이륜,남,44세,경상
2023102000100431,2023년 10월 20일 16시,금요일,부산광역시 동래구 수안동,경상사고,0,0,1,0,차대차 - 기타,안전운전불이행,건조,맑음,단일로 - 기타,승용,남,76세,상해없음,승용,여,50세,경상
2023102000100432,2023년 10월 20일 16시,금요일,부산광역시 부산진구 범천동,경상사고,0,0,1,0,차대사람 - 기타,안전운전불이행,건조,맑음,단일로 - 기타,승용,남,74세,상해없음,보행자,남,60세,경상
2023102000100433,2023년 10월 20일 16시,금요일,부산광역시 사하구 다대동,경상사고,0,0,2,0,차대차 - 후진중충돌,안전운전불이행,건조,맑음,기타 - 기타,승용,여,55세,상해없음,승용,남,63세,경상
2023102000100434,2023년 10월 20일 16시,금요일,부산광역시 연제구 연산동,경상사고,0,0,1,0,차대사람 - 기타,안전운전불이행,건조,맑음,단일로 - 기타,승용,남,55세,상해없음,보행자,남,54세,경상
2023102000100504,2023년 10월 20일 17시,금요일,부산광역시 강서구 대저1동,경상사고,0,0,1,0,차대차 - 측면충돌,안전거리미확보,건조,맑음,단일로 - 기타,승용,남,38세,상해없음,승용,여,59세,경상
2023102000100561,2023년 10월 20일 18시,금요일,부산광역시 남구 용호동,경상사고,0,0,1,0,차대차 - 측면충돌,안전운전불이행,건조,맑음,교차로 - 교차로안,승용,남,47세,기타불명,화물,남,27세,경상
2023102000100562,2023년 10월 20일 18시,금요일,부산광역시 북구 구포동,경상사고,0,0,1,0,차량단독 - 기타,안전운전불이행,건조,맑음,단일로 - 기타,승합,남,41세,상해없음,,,,
2023102000100563,2023년 10월 20일 18시,금요일,부산광역시 부산진구 범천동,부상신고사고,0,0,0,1,차대사람 - 보도통행중,안전운전불이행,건조,흐림,단일로 - 기타,승용,남,32세,상해없음,보행자,남,64세,부상신고
2023102000100564,2023년 10월 20일 18시,금요일,부산광역시 사하구 당리동,중상사고,0,1,0,0,차대사람 - 차도통행중,안전운전불이행,건조,맑음,교차로 - 교차로안,승용,남,34세,상해없음,보행자,여,53세,중상
2023102000100629,2023년 10월 20일 19시,금요일,부산광역시 북구 화명동,경상사고,0,0,1,0,차대사람 - 기타,안전운전불이행,건조,맑음,기타 - 기타,기타불명,기타불명,미분류,기타불명,보행자,남,53세,경상
2023102000100630,2023년 10월 20일 19시,금요일,부산광역시 동래구 사직동,경상사고,0,0,1,0,차대차 - 기타,안전거리미확보,건조,맑음,교차로 - 교차로부근,승용,여,39세,상해없음,승용,남,39세,경상
2023102000100631,2023년 10월 20일 19시,금요일,부산광역시 동래구 안락동,경상사고,0,0,1,0,차대차 - 측면충돌,안전운전불이행,건조,맑음,교차로 - 교차로안,승합,남,73세,상해없음,승합,남,54세,상해없음
2023102000100632,2023년 10월 20일 19시,금요일,부산광역시 부산진구 개금동,중상사고,0,1,0,0,차대차 - 측면충돌,신호위반,건조,맑음,교차로 - 교차로횡단보도내,승용,여,44세,상해없음,이륜,남,62세,중상
2023102000100700,2023년 10월 20일 21시,금요일,부산광역시 북구 덕천동,중상사고,0,1,0,0,차대차 - 측면충돌,안전운전불이행,건조,맑음,단일로 - 기타,이륜,남,47세,상해없음,이륜,남,54세,중상
2023102000100701,2023년 10월 20일 21시,금요일,부산광역시 연제구 연산동,경상사고,0,0,1,0,차대차 - 추돌,안전운전불이행,건조,맑음,교차로 - 교차로부근,승용,남,72세,상해없음,자전거,남,46세,상해없음
2023102000100746,2023년 10월 20일 23시,금요일,부산광역시 부산진구 양정동,중상사고,0,1,0,0,차대사람 - 기타,기타,건조,맑음,기타 - 기타,승용,남,63세,상해없음,보행자,여,65세,중상
2023102000100747,2023년 10월 20일 23시,금요일,부산광역시 사상구 괘법동,경상사고,0,0,1,0,차대사람 - 기타,안전운전불이행,건조,맑음,단일로 - 기타,승용,남,71세,상해없음,보행자,여,53세,경상
2023102100100003,2023년 10월 21일 00시,토요일,부산광역시 강서구 대저1동,경상사고,0,0,2,0,차대차 - 추돌,안전운전불이행,건조,맑음,단일로 - 기타,승용,남,28세,상해없음,승용,여,44세,경상
2023102100100017,2023년 10월 21일 01시,토요일,부산광역시 동래구 수안동,경상사고,0,0,1,0,차대차 - 후진중충돌,불법유턴,건조,맑음,단일로 - 기타,승용,여,63세,상해없음,이륜,남,28세,경상
2023102100100043,2023년 10월 21일 04시,토요일,부산광역시 동래구 온천동,경상사고,0,0,2,0,차대차 - 기타,신호위반,건조,맑음,교차로 - 교차로안,승용,남,30세,상해없음,화물,남,43세,경상
2023102100100044,2023년 10월 21일 04시,토요일,부산광역시 영도구 동삼동,중상사고,0,1,0,0,차대사람 - 기타,안전운전불이행,건조,기타,단일로 - 기타,화물,남,64세,상해없음,보행자,여,31세,중상
2023102100100068,2023년 10월 21일 07시,토요일,부산광역시 남구 대연동,경상사고,0,0,1,0,차대차 - 측면충돌,신호위반,건조,맑음,단일로 - 터널,승용,남,52세,기타불명,승용,남,43세,경상
2023102100100069,2023년 10월 21일 07시,토요일,부산광역시 사하구 신평동,경상사고,0,0,1,0,차대차 - 측면충돌,안전운전불이행,건조,맑음,교차로 - 교차로부근,승용,남,35세,상해없음,승용,남,32세,경상
2023102100100082,2023년 10월 21일 08시,토요일,부산광역시 영도구 청학동,경상사고,0,0,1,0,차대사람 - 보도통행중,기타,건조,맑음,단일로 - 기타,승용,남,53세,상해없음,보행자,여,81세,경상
2023102100100083,2023년 10월 21일 08시,토요일,부산광역시 기장군 기장읍,경상사고,0,0,1,0,차대차 - 추돌,안전운전불이행,건조,맑음,단일로 - 기타,화물,남,54세,기타불명,승용,여,68세,경상
2023102100100106,2023년 10월 21일 09시,토요일,부산광역시 동래구 수안동,경상사고,0,0,1,0,차대사람 - 횡단중,보행자보호의무위반,건조,맑음,단일로 - 기타,승용,남,30세,상해없음,보행자,여,46세,경상
2023102100100107,2023년 10월 21일 09시,토요일,부산광역시 동래구 온천동,부상신고사고,0,0,0,1,차대차 - 측면충돌,안전거리미확보,건조,맑음,단일로 - 기타,승용,남,25세,상해없음,승용,여,52세,상해없음
2023102100100108,2023년 10월 21일 09시,토요일,부산광역시 동래구 온천동,경상사고,0,0,2,0,차대차 - 기타,안전운전불이행,건조,맑음,단일로 - 기타,이륜,남,57세,경상,화물,남,68세,경상
2023102100100109,2023년 10월 21일 09시,토요일,부산광역시 금정구 구서동,중상사고,0,1,0,0,차대사람 - 횡단중,안전운전불이행,건조,맑음,교차로 - 교차로안,승용,여,48세,상해없음,보행자,여,55세,중상
2023102100100110,2023년 10월 21일 09시,토요일,부산광역시 연제구 거제동,부상신고사고,0,0,0,1,차대차 - 측면충돌,교차로운행방법위반,건조,맑음,단일로 - 기타,자전거,여,66세,부상신고,승용,여,50세,상해없음
2023102100100148,2023년 10월 21일 10시,토요일,부산광역시 북구 화명동,경상사고,0,0,2,0,차대차 - 기타,안전운전불이행,건조,맑음,단일로 - 기타,승용,남,41세,상해없음,승용,여,44세,경상
2023102100100149,2023년 10월 21일 10시,토요일,부산광역시 동래구 온천동,경상사고,0,0,1,0,차대차 - 추돌,안전운전불이행,건조,맑음,단일로 - 기타,승용,남,20세,상해없음,승용,남,45세,경상
2023102100100150,2023년 10월 21일 10시,토요일,부산광역시 동래구 안락동,경상사고,0,0,1,0,차대사람 - 기타,안전운전불이행,건조,맑음,단일로 - 기타,승용,남,71세,상해없음,보행자,남,50세,경상
2023102100100151,2023년 10월 21일 10시,토요일,부산광역시 해운대구 좌동,중상사고,0,1,0,0,차대사람 - 기타,보행자보호의무위반,건조,맑음,교차로 - 교차로횡단보도내,승용,남,54세,상해없음,보행자,남,74세,중상
2023102100100152,2023년 10월 21일 10시,토요일,부산광역시 사하구 괴정동,중상사고,0,1,0,0,차대차 - 추돌,안전운전불이행,건조,맑음,단일로 - 기타,승용,남,71세,상해없음,승용,여,39세,중상
2023102100100153,2023년 10월 21일 10시,토요일,부산광역시 연제구 연산동,부상신고사고,0,0,0,1,차대차 - 기타,교차로운행방법위반,건조,맑음,교차로 - 교차로부근,이륜,남,29세,부상신고,승용,남,62세,상해없음
2023102100100187,2023년 10월 21일 11시,토요일,부산광역시 서구 부용동1가,경상사고,0,0,1,0,차대차 - 후진중충돌,안전운전불이행,건조,맑음,단일로 - 기타,화물,남,33세,상해없음,승용,남,37세,경상
2023102100100188,2023년 10월 21일 11시,토요일,부산광역시 해운대구 송정동,중상사고,0,1,0,0,차대사람 - 횡단중,안전운전불이행,건조,맑음,단일로 - 기타,화물,남,43세,상해없음,보행자,여,77세,중상
2023102100100228,2023년 10월 21일 12시,토요일,부산광역시 동래구 사직동,경상사고,0,0,1,0,차대차 - 기타,안전운전불이행,건조,맑음,단일로 - 기타,이륜,남,51세,상해없음,승합,남,46세,기타불명
2023102100100229,2023년 10월 21일 12시,토요일,부산광역시 부산진구 부전동,중상사고,0,1,0,0,차대사람 - 기타,안전운전불이행,건조,맑음,단일로 - 기타,원동기,남,70세,상해없음,보행자,여,68세,중상
2023102100100278,2023년 10월 21일 13시,토요일,부산광역시 동래구 온천동,경상사고,0,0,1,0,차대사람 - 횡단중,보행자보호의무위반,건조,맑음,교차로 - 교차로안,승용,남,37세,상해없음,보행자,여,43세,경상
2023102100100279,2023년 10월 21일 13시,토요일,부산광역시 부산진구 범전동,경상사고,0,0,1,0,차대차 - 측면충돌,신호위반,건조,맑음,교차로 - 교차로안,승용,남,28세,상해없음,승용,여,65세,경상
2023102100100313,2023년 10월 21일 14시,토요일,부산광역시 영도구 청학동,중상사고,0,1,0,0,차대차 - 기타,안전운전불이행,건조,맑음,단일로 - 기타,승용,남,38세,상해없음,자전거,남,59세,중상
2023102100100314,2023년 10월 21일 14시,토요일,부산광역시 사하구 다대동,경상사고,0,0,1,0,차대차 - 측면충돌,안전거리미확보,건조,맑음,교차로 - 교차로부근,승용,남,45세,상해없음,이륜,남,17세,경상
2023102100100356,2023년 10월 21일 15시,토요일,부산광역시 남구 용호동,경상사고,0,0,1,0,차대차 - 추돌,안전운전불이행,건조,맑음,단일로 - 기타,승용,남,49세,상해없음,이륜,남,50세,경상
2023102100100357,2023년 10월 21일 15시,토요일,부산광역시 수영구 민락동,경상사고,0,0,1,0,차대차 - 기타,안전운전불이행,건조,맑음,교차로 - 교차로안,승용,남,34세,상해없음,승용,남,33세,경상
2023102100100358,2023년 10월 21일 15시,토요일,부산광역시 수영구 수영동,부상신고사고,0,0,0,1,차대차 - 측면충돌,교차로운행방법위반,건조,맑음,교차로 - 교차로안,이륜,남,24세,부상신고,승용,남,27세,상해없음
2023102100100440,2023년 10월 21일 17시,토요일,부산광역시 부산진구 부전동,중상사고,0,1,0,0,차대사람 - 차도통행중,안전운전불이행,건조,맑음,단일로 - 기타,승용,남,51세,상해없음,보행자,여,65세,중상
2023102100100441,2023년 10월 21일 17시,토요일,부산광역시 사상구 학장동,중상사고,0,1,0,0,차대차 - 측면충돌,안전거리미확보,건조,맑음,단일로 - 기타,승용,남,47세,상해없음,이륜,남,68세,중상
2023102100100477,2023년 10월 21일 18시,토요일,부산광역시 해운대구 재송동,경상사고,0,0,4,0,차대차 - 측면충돌,안전운전불이행,건조,맑음,단일로 - 기타,승용,남,62세,상해없음,승용,여,27세,경상
2023102100100519,2023년 10월 21일 19시,토요일,부산광역시 동래구 명륜동,경상사고,0,0,1,0,차대사람 - 기타,안전운전불이행,건조,맑음,단일로 - 기타,승용,여,43세,상해없음,보행자,남,59세,경상
2023102100100558,2023년 10월 21일 20시,토요일,부산광역시 북구 만덕동,경상사고,0,0,1,0,차대사람 - 횡단중,신호위반,건조,맑음,단일로 - 기타,승합,남,62세,상해없음,보행자,여,16세,경상
2023102100100559,2023년 10월 21일 20시,토요일,부산광역시 사하구 구평동,중상사고,0,1,0,0,차대사람 - 횡단중,신호위반,건조,맑음,기타 - 기타,이륜,남,42세,상해없음,보행자,여,26세,중상
2023102100100585,2023년 10월 21일 21시,토요일,부산광역시 해운대구 좌동,경상사고,0,0,3,0,차대차 - 기타,안전거리미확보,건조,맑음,교차로 - 교차로부근,승용,남,63세,상해없음,승용,남,57세,경상
2023102200100003,2023년 10월 22일 00시,일요일,부산광역시 해운대구 재송동,사망사고,1,0,0,0,차량단독 - 공작물충돌,안전운전불이행,건조,맑음,단일로 - 기타,이륜,남,28세,사망,,,,
2023102200100004,2023년 10월 22일 00시,일요일,부산광역시 부산진구 전포동,중상사고,0,1,0,0,차대차 - 정면충돌,직진우회전진행방해,건조,맑음,교차로 - 교차로안,이륜,남,46세,중상,이륜,남,37세,상해없음
2023102200100037,2023년 10월 22일 04시,일요일,부산광역시 사하구 당리동,경상사고,0,0,1,0,차대차 - 정면충돌,신호위반,건조,맑음,교차로 - 교차로부근,승용,남,25세,상해없음,이륜,남,51세,경상
2023102200100041,2023년 10월 22일 05시,일요일,부산광역시 부산진구 범전동,중상사고,0,2,0,0,차대차 - 기타,교차로운행방법위반,건조,맑음,교차로 - 교차로안,승용,남,69세,상해없음,승용,남,58세,중상
2023102200100042,2023년 10월 22일 05시,일요일,부산광역시 사하구 당리동,경상사고,0,0,6,0,차대차 - 추돌,안전운전불이행,건조,맑음,단일로 - 기타,승합,남,44세,상해없음,승용,남,70세,경상
2023102200100085,2023년 10월 22일 09시,일요일,부산광역시 동구 초량동,중상사고,0,3,0,2,차대차 - 측면충돌,신호위반,건조,맑음,교차로 - 교차로안,승용,남,51세,상해없음,승용,남,65세,중상
2023102200100109,2023년 10월 22일 10시,일요일,부산광역시 서구 남부민동,경상사고,0,0,3,0,차대차 - 측면충돌,안전운전불이행,건조,맑음,단일로 - 기타,이륜,남,25세,경상,승용,남,67세,경상
2023102200100110,2023년 10월 22일 10시,일요일,부산광역시 해운대구 석대동,중상사고,0,1,0,0,차대차 - 기타,안전운전불이행,건조,맑음,단일로 - 기타,승합,남,36세,상해없음,자전거,남,74세,중상
2023102200100111,2023년 10월 22일 10시,일요일,부산광역시 금정구 부곡동,경상사고,0,0,2,0,차대차 - 측면충돌,신호위반,건조,맑음,교차로 - 교차로안,승용,남,57세,상해없음,승용,남,52세,경상
2023102200100193,2023년 10월 22일 13시,일요일,부산광역시 기장군 철마면,경상사고,0,0,2,0,차대차 - 측면충돌,차로위반,건조,맑음,단일로 - 기타,승용,여,49세,상해없음,승용,남,29세,경상
2023102200100249,2023년 10월 22일 15시,일요일,부산광역시 동구 초량동,경상사고,0,0,3,2,차대차 - 측면충돌,안전운전불이행,건조,맑음,단일로 - 지하차도(도로)내,승용,남,67세,부상신고,승용,남,25세,경상
2023102200100250,2023년 10월 22일 15시,일요일,부산광역시 서구 암남동,부상신고사고,0,0,0,1,차대차 - 추돌,안전운전불이행,건조,맑음,단일로 - 기타,승용,남,53세,상해없음,승용,남,44세,부상신고
2023102200100251,2023년 10월 22일 15시,일요일,부산광역시 수영구 망미동,경상사고,0,0,1,0,차대차 - 기타,신호위반,건조,맑음,단일로 - 기타,승용,남,65세,상해없음,이륜,남,46세,경상
2023102200100292,2023년 10월 22일 16시,일요일,부산광역시 중구 영주동,중상사고,0,2,0,0,차대차 - 정면충돌,중앙선침범,건조,맑음,단일로 - 고가도로위,승용,남,36세,상해없음,승용,남,45세,중상
2023102200100293,2023년 10월 22일 16시,일요일,부산광역시 서구 부용동1가,경상사고,0,0,3,0,차대차 - 측면충돌,직진우회전진행방해,건조,맑음,교차로 - 교차로안,승용,남,44세,상해없음,이륜,남,47세,경상
2023102200100321,2023년 10월 22일 17시,일요일,부산광역시 동구 초량동,경상사고,0,0,1,0,차대차 - 측면충돌,안전운전불이행,건조,맑음,교차로 - 교차로부근,승용,남,71세,상해없음,승용,여,49세,경상
2023102200100350,2023년 10월 22일 18시,일요일,부산광역시 동래구 사직동,경상사고,0,0,1,0,차대차 - 측면충돌,교차로운행방법위반,건조,맑음,교차로 - 교차로안,이륜,남,47세,상해없음,자전거,남,35세,경상
2023102200100351,2023년 10월 22일 18시,일요일,부산광역시 사하구 괴정동,경상사고,0,0,1,0,차대차 - 측면충돌,신호위반,건조,맑음,교차로 - 교차로안,이륜,남,24세,상해없음,이륜,여,48세,경상
2023102200100352,2023년 10월 22일 18시,일요일,부산광역시 강서구 녹산동,경상사고,0,0,1,0,차대차 - 추돌,신호위반,건조,맑음,기타 - 기타,승용,여,55세,기타불명,승용,여,48세,경상
2023102200100353,2023년 10월 22일 18시,일요일,부산광역시 사하구 괴정동,중상사고,0,1,0,0,차대사람 - 횡단중,보행자보호의무위반,건조,맑음,교차로 - 교차로횡단보도내,승용,남,73세,상해없음,보행자,남,70세,중상
2023102200100412,2023년 10월 22일 20시,일요일,부산광역시 사상구 학장동,경상사고,0,0,1,0,차대차 - 측면충돌,안전거리미확보,건조,맑음,교차로 - 교차로안,승용,남,77세,상해없음,승합,남,40세,경상
2023102200100452,2023년 10월 22일 23시,일요일,부산광역시 동구 초량동,경상사고,0,0,1,0,차대사람 - 기타,안전운전불이행,건조,맑음,단일로 - 기타,승용,남,66세,상해없음,보행자,남,26세,경상
2023102300100017,2023년 10월 23일 05시,월요일,부산광역시 동래구 온천동,중상사고,0,1,1,0,차대차 - 측면충돌,교차로운행방법위반,건조,맑음,교차로 - 교차로안,승용,남,61세,상해없음,승용,남,33세,경상
2023102300100030,2023년 10월 23일 06시,월요일,부산광역시 사상구 감전동,경상사고,0,0,1,0,차대차 - 측면충돌,신호위반,건조,맑음,교차로 - 교차로안,화물,남,59세,상해없음,승용,남,61세,경상
2023102300100048,2023년 10월 23일 07시,월요일,부산광역시 사상구 주례동,경상사고,0,0,1,0,차대차 - 측면충돌,안전거리미확보,건조,맑음,교차로 - 교차로부근,승합,남,59세,상해없음,승용,여,25세,경상
2023102300100141,2023년 10월 23일 09시,월요일,부산광역시 남구 대연동,경상사고,0,0,1,0,차대차 - 측면충돌,안전운전불이행,건조,맑음,단일로 - 기타,화물,남,39세,상해없음,이륜,남,19세,경상
2023102300100172,2023년 10월 23일 10시,월요일,부산광역시 북구 만덕동,경상사고,0,0,1,0,차대차 - 기타,안전운전불이행,건조,맑음,단일로 - 터널,화물,남,41세,기타불명,승용,남,66세,기타불명
2023102300100196,2023년 10월 23일 11시,월요일,부산광역시 사하구 하단동,중상사고,0,1,0,0,차대차 - 측면충돌,안전거리미확보,건조,맑음,단일로 - 기타,화물,남,49세,상해없음,이륜,남,29세,중상
2023102300100255,2023년 10월 23일 13시,월요일,부산광역시 남구 대연동,경상사고,0,0,3,0,차대차 - 측면충돌,안전운전불이행,건조,맑음,주차장 - 주차장,승용,남,64세,상해없음,승용,남,32세,경상
2023102300100256,2023년 10월 23일 13시,월요일,부산광역시 해운대구 반여동,중상사고,0,1,0,0,차대차 - 측면충돌,신호위반,건조,맑음,교차로 - 교차로안,승용,남,75세,상해없음,이륜,남,54세,중상
2023102300100290,2023년 10월 23일 14시,월요일,부산광역시 동래구 안락동,중상사고,0,1,0,0,차대차 - 기타,불법유턴,건조,맑음,단일로 - 기타,자전거,남,74세,중상,승용,여,45세,상해없음
2023102300100329,2023년 10월 23일 15시,월요일,부산광역시 북구 덕천동,중상사고,0,1,0,0,차대사람 - 기타,안전운전불이행,건조,맑음,기타 - 기타,승용,남,73세,상해없음,보행자,여,10세,중상
2023102300100330,2023년 10월 23일 15시,월요일,부산광역시 동래구 온천동,중상사고,0,1,0,0,차대차 - 기타,안전운전불이행,건조,맑음,단일로 - 기타,승용,남,42세,상해없음,자전거,남,14세,중상
2023102300100375,2023년 10월 23일 16시,월요일,부산광역시 수영구 남천동,경상사고,0,0,1,0,차대차 - 측면충돌,안전운전불이행,건조,맑음,단일로 - 기타,승용,남,54세,상해없음,자전거,남,21세,경상
2023102300100376,2023년 10월 23일 16시,월요일,부산광역시 영도구 봉래동2가,중상사고,0,1,0,0,차대차 - 추돌,안전운전불이행,건조,맑음,교차로 - 교차로부근,승용,남,49세,상해없음,이륜,남,73세,중상
2023102300100377,2023년 10월 23일 16시,월요일,부산광역시 영도구 동삼동,중상사고,0,1,0,0,차대사람 - 길가장자리구역통행중,안전운전불이행,건조,맑음,단일로 - 기타,승용,남,22세,기타불명,보행자,여,52세,중상
2023102300100378,2023년 10월 23일 16시,월요일,부산광역시 해운대구 좌동,부상신고사고,0,0,0,1,차대차 - 측면충돌,안전거리미확보,건조,맑음,단일로 - 기타,승용,남,48세,상해없음,이륜,남,47세,부상신고
2023102300100401,2023년 10월 23일 17시,월요일,부산광역시 동구 범일동,경상사고,0,0,1,0,차대차 - 측면충돌,안전거리미확보,건조,맑음,단일로 - 기타,승용,여,43세,상해없음,승용,남,53세,상해없음
2023102300100403,2023년 10월 23일 17시,월요일,부산광역시 동래구 명륜동,중상사고,0,1,0,0,차대차 - 측면충돌,안전운전불이행,건조,맑음,교차로 - 교차로안,승용,남,30세,상해없음,이륜,남,28세,중상
2023102300100404,2023년 10월 23일 17시,월요일,부산광역시 동래구 온천동,경상사고,0,0,1,0,차대차 - 기타,안전운전불이행,건조,맑음,교차로 - 교차로부근,승용,남,63세,상해없음,승용,여,42세,경상
2023102300100405,2023년 10월 23일 17시,월요일,부산광역시 강서구 녹산동,중상사고,0,1,0,0,차대차 - 측면충돌,기타,건조,맑음,단일로 - 기타,화물,남,37세,상해없음,이륜,남,16세,중상
2023102300100454,2023년 10월 23일 18시,월요일,부산광역시 중구 부평동3가,경상사고,0,0,2,0,차대사람 - 횡단중,안전운전불이행,건조,맑음,교차로 - 교차로횡단보도내,승용,여,37세,상해없음,보행자,남,24세,경상
2023102300100455,2023년 10월 23일 18시,월요일,부산광역시 서구 암남동,경상사고,0,0,1,0,차대차 - 측면충돌,신호위반,건조,맑음,단일로 - 터널,특수,남,54세,상해없음,승용,남,38세,경상
2023102300100456,2023년 10월 23일 18시,월요일,부산광역시 동래구 온천동,경상사고,0,0,1,0,차대사람 - 기타,안전운전불이행,건조,맑음,단일로 - 기타,승합,남,51세,상해없음,보행자,여,66세,경상
2023102300100457,2023년 10월 23일 18시,월요일,부산광역시 수영구 민락동,중상사고,0,2,6,0,차대차 - 추돌,안전운전불이행,건조,맑음,단일로 - 교량,화물,남,36세,상해없음,승용,남,45세,중상
2023102300100458,2023년 10월 23일 18시,월요일,부산광역시 해운대구 재송동,경상사고,0,0,1,0,차대차 - 추돌,안전운전불이행,건조,맑음,단일로 - 기타,승용,남,65세,상해없음,승용,남,31세,경상