사고번호,사고일시,요일,시군구,사고내용,사망자수,중상자수,경상자수,부상신고자수,사고유형,법규위반,노면상태,기상상태,도로형태,가해운전자 차종,가해운전자 성별,가해운전자 연령,가해운전자 상해정도,피해운전자 차종,피해운전자 성별,피해운전자 연령,피해운전자 상해정도
2023102700100403,2023년 10월 27일 17시,금요일,부산광역시 동래구 안락동,중상사고,0,1,0,0,차대차 - 측면충돌,안전운전불이행,건조,맑음,교차로 - 교차로안,화물,남,62세,상해없음,이륜,남,60세,중상
2023102700100404,2023년 10월 27일 17시,금요일,부산광역시 연제구 거제동,경상사고,0,0,1,0,차대차 - 기타,안전운전불이행,건조,맑음,기타 - 기타,승용,여,38세,상해없음,자전거,여,49세,경상
2023102700100405,2023년 10월 27일 17시,금요일,부산광역시 연제구 연산동,중상사고,0,1,0,0,차대사람 - 기타,안전운전불이행,건조,맑음,기타 - 기타,승용,여,49세,상해없음,보행자,여,56세,중상
2023102700100452,2023년 10월 27일 18시,금요일,부산광역시 서구 남부민동,경상사고,0,0,1,0,차대차 - 기타,안전운전불이행,건조,맑음,교차로 - 교차로안,승용,남,76세,상해없음,이륜,남,33세,경상
2023102700100453,2023년 10월 27일 18시,금요일,부산광역시 사하구 하단동,중상사고,0,1,1,0,차대차 - 기타,차로위반,건조,맑음,기타 - 기타,화물,남,69세,중상,승용,남,37세,경상
2023102700100518,2023년 10월 27일 19시,금요일,부산광역시 연제구 연산동,경상사고,0,0,1,0,차대차 - 기타,안전운전불이행,건조,맑음,단일로 - 기타,승용,남,29세,상해없음,이륜,남,36세,경상
2023102700100519,2023년 10월 27일 19시,금요일,부산광역시 강서구 명지동,중상사고,0,1,1,0,차대사람 - 횡단중,신호위반,건조,맑음,교차로 - 교차로횡단보도내,승용,여,34세,상해없음,보행자,여,51세,중상
2023102700100566,2023년 10월 27일 20시,금요일,부산광역시 수영구 광안동,경상사고,0,0,2,0,차대차 - 추돌,안전운전불이행,건조,맑음,단일로 - 기타,승용,남,23세,상해없음,승용,남,56세,경상
2023102700100603,2023년 10월 27일 21시,금요일,부산광역시 북구 덕천동,경상사고,0,0,1,0,차대차 - 기타,차로위반,건조,맑음,교차로 - 교차로부근,승용,남,59세,상해없음,승용,남,30세,경상
2023102700100628,2023년 10월 27일 22시,금요일,부산광역시 동구 초량동,경상사고,0,0,1,0,차대차 - 측면충돌,안전거리미확보,건조,맑음,단일로 - 기타,승용,여,51세,상해없음,승용,남,34세,경상
2023102700100629,2023년 10월 27일 22시,금요일,부산광역시 사상구 덕포동,경상사고,0,0,1,0,차대차 - 기타,안전운전불이행,건조,맑음,단일로 - 기타,승용,남,34세,상해없음,이륜,여,72세,경상
2023102700100646,2023년 10월 27일 23시,금요일,부산광역시 금정구 장전동,경상사고,0,0,1,0,차대사람 - 기타,안전운전불이행,건조,맑음,기타 - 기타,승용,남,21세,상해없음,보행자,남,43세,경상
2023102800100006,2023년 10월 28일 00시,토요일,부산광역시 북구 만덕동,경상사고,0,0,1,0,차대차 - 기타,안전운전불이행,건조,맑음,교차로 - 교차로부근,승용,남,49세,상해없음,이륜,남,30세,경상
2023102800100007,2023년 10월 28일 00시,토요일,부산광역시 부산진구 전포동,경상사고,0,0,1,0,차대사람 - 기타,안전운전불이행,건조,맑음,단일로 - 기타,승용,남,39세,기타불명,보행자,여,23세,경상
2023102800100053,2023년 10월 28일 04시,토요일,부산광역시 금정구 부곡동,중상사고,0,1,0,0,차대사람 - 횡단중,안전운전불이행,건조,맑음,교차로 - 교차로부근,개인형이동수단(PM),남,16세,상해없음,보행자,여,71세,중상
2023102800100108,2023년 10월 28일 08시,토요일,부산광역시 서구 동대신동1가,경상사고,0,0,1,0,차대사람 - 기타,안전운전불이행,건조,맑음,단일로 - 기타,승합,남,64세,상해없음,보행자,여,63세,경상
2023102800100131,2023년 10월 28일 09시,토요일,부산광역시 동래구 온천동,경상사고,0,0,1,0,차대차 - 추돌,안전운전불이행,건조,맑음,단일로 - 기타,승용,여,69세,상해없음,승합,남,24세,경상
2023102800100132,2023년 10월 28일 09시,토요일,부산광역시 부산진구 전포동,경상사고,0,0,2,0,차대차 - 측면충돌,신호위반,건조,맑음,교차로 - 교차로안,승용,여,55세,경상,특수,남,56세,경상
2023102800100133,2023년 10월 28일 09시,토요일,부산광역시 부산진구 당감동,중상사고,0,1,1,0,차대차 - 측면충돌,안전거리미확보,건조,맑음,교차로 - 교차로부근,이륜,남,78세,중상,승용,여,25세,상해없음
2023102800100159,2023년 10월 28일 10시,토요일,부산광역시 동래구 사직동,경상사고,0,0,1,0,차대차 - 기타,안전거리미확보,건조,맑음,단일로 - 기타,승용,남,34세,기타불명,승용,남,25세,경상
2023102800100160,2023년 10월 28일 10시,토요일,부산광역시 해운대구 재송동,중상사고,0,1,1,0,차대차 - 기타,중앙선침범,건조,맑음,단일로 - 기타,승용,여,27세,상해없음,승용,여,53세,중상
2023102800100230,2023년 10월 28일 12시,토요일,부산광역시 동구 초량동,경상사고,0,0,1,0,차대차 - 측면충돌,안전운전불이행,건조,맑음,교차로 - 교차로안,승용,여,63세,상해없음,승용,남,31세,경상
2023102800100231,2023년 10월 28일 12시,토요일,부산광역시 수영구 광안동,중상사고,0,1,0,0,차대사람 - 길가장자리구역통행중,안전운전불이행,건조,맑음,단일로 - 기타,승용,남,66세,상해없음,보행자,여,69세,중상
2023102800100272,2023년 10월 28일 13시,토요일,부산광역시 남구 대연동,경상사고,0,0,1,0,차대사람 - 횡단중,신호위반,건조,맑음,단일로 - 기타,승용,여,71세,상해없음,보행자,남,39세,경상
2023102800100273,2023년 10월 28일 13시,토요일,부산광역시 부산진구 범천동,중상사고,0,1,0,0,차대사람 - 차도통행중,안전운전불이행,건조,맑음,단일로 - 기타,승용,여,31세,상해없음,보행자,여,69세,중상
2023102800100320,2023년 10월 28일 14시,토요일,부산광역시 중구 남포동5가,경상사고,0,0,1,0,차대차 - 측면충돌,안전운전불이행,건조,맑음,교차로 - 교차로부근,승합,남,54세,상해없음,승용,남,43세,경상
2023102800100321,2023년 10월 28일 14시,토요일,부산광역시 남구 대연동,경상사고,0,0,1,0,차대차 - 기타,안전운전불이행,건조,맑음,단일로 - 기타,승용,남,37세,상해없음,승용,여,42세,경상
2023102800100322,2023년 10월 28일 14시,토요일,부산광역시 수영구 광안동,경상사고,0,0,1,0,차대차 - 측면충돌,신호위반,건조,맑음,교차로 - 교차로부근,승용,남,76세,상해없음,이륜,남,23세,경상
2023102800100363,2023년 10월 28일 15시,토요일,부산광역시 동래구 온천동,경상사고,0,0,1,0,차대사람 - 횡단중,보행자보호의무위반,건조,맑음,교차로 - 교차로횡단보도내,승용,남,27세,상해없음,보행자,남,33세,경상
2023102800100449,2023년 10월 28일 17시,토요일,부산광역시 해운대구 재송동,경상사고,0,0,1,0,차대차 - 기타,안전운전불이행,건조,맑음,단일로 - 기타,승용,남,39세,상해없음,이륜,남,22세,경상
2023102800100450,2023년 10월 28일 17시,토요일,부산광역시 해운대구 반여동,경상사고,0,0,1,0,차대차 - 기타,교차로운행방법위반,건조,맑음,교차로 - 교차로안,승용,여,51세,상해없음,화물,남,33세,경상
2023102800100488,2023년 10월 28일 18시,토요일,부산광역시 수영구 광안동,경상사고,0,0,3,0,차대차 - 기타,안전운전불이행,건조,맑음,단일로 - 기타,승용,남,45세,상해없음,승용,남,38세,경상
2023102800100489,2023년 10월 28일 18시,토요일,부산광역시 북구 덕천동,중상사고,0,1,0,0,차대사람 - 기타,안전운전불이행,건조,맑음,단일로 - 기타,승용,여,32세,상해없음,보행자,여,8세,중상
2023102800100490,2023년 10월 28일 18시,토요일,부산광역시 해운대구 우동,중상사고,0,1,0,0,차대사람 - 보도통행중,보행자보호의무위반,건조,맑음,단일로 - 기타,승용,여,36세,상해없음,보행자,여,79세,중상
2023102800100491,2023년 10월 28일 18시,토요일,부산광역시 부산진구 전포동,중상사고,0,1,0,0,차대사람 - 기타,보행자보호의무위반,건조,맑음,교차로 - 교차로안,승용,여,70세,상해없음,보행자,여,74세,중상
2023102800100492,2023년 10월 28일 18시,토요일,부산광역시 부산진구 개금동,경상사고,0,0,1,0,차대사람 - 기타,안전운전불이행,건조,맑음,단일로 - 기타,이륜,남,38세,상해없음,보행자,남,65세,경상
2023102800100493,2023년 10월 28일 18시,토요일,부산광역시 연제구 연산동,경상사고,0,0,1,0,차대사람 - 길가장자리구역통행중,안전운전불이행,건조,맑음,단일로 - 기타,승용,남,80세,상해없음,보행자,남,65세,경상
2023102800100549,2023년 10월 28일 19시,토요일,부산광역시 동래구 온천동,중상사고,0,1,0,0,차대차 - 기타,안전운전불이행,건조,맑음,단일로 - 기타,이륜,남,25세,상해없음,승합,남,34세,상해없음
2023102800100550,2023년 10월 28일 19시,토요일,부산광역시 부산진구 가야동,경상사고,0,0,1,1,차대차 - 추돌,안전운전불이행,건조,맑음,단일로 - 기타,이륜,남,26세,부상신고,이륜,남,30세,경상
2023102800100551,2023년 10월 28일 19시,토요일,부산광역시 연제구 거제동,경상사고,0,0,3,0,차대차 - 추돌,안전운전불이행,건조,맑음,교차로 - 교차로부근,승용,남,21세,상해없음,승용,여,56세,경상
2023102800100577,2023년 10월 28일 20시,토요일,부산광역시 사하구 하단동,경상사고,0,0,1,0,차대차 - 기타,안전운전불이행,건조,맑음,교차로 - 교차로부근,승용,남,32세,상해없음,승용,남,39세,경상
2023102800100599,2023년 10월 28일 21시,토요일,부산광역시 부산진구 개금동,중상사고,0,1,0,0,차대차 - 추돌,안전운전불이행,건조,맑음,교차로 - 교차로부근,화물,남,43세,상해없음,이륜,남,31세,중상
2023102800100617,2023년 10월 28일 22시,토요일,부산광역시 부산진구 개금동,경상사고,0,0,1,0,차대차 - 기타,신호위반,건조,맑음,교차로 - 교차로안,승합,남,42세,상해없음,이륜,남,61세,경상
2023102800100632,2023년 10월 28일 23시,토요일,부산광역시 남구 문현동,경상사고,0,0,1,0,차대차 - 기타,안전운전불이행,건조,맑음,교차로 - 교차로부근,승용,남,42세,상해없음,이륜,남,38세,경상
2023102900100001,2023년 10월 29일 00시,일요일,부산광역시 서구 아미동2가,경상사고,0,0,1,0,차대차 - 기타,안전운전불이행,건조,기타,단일로 - 기타,승용,남,63세,상해없음,승용,남,58세,상해없음
2023102900100012,2023년 10월 29일 01시,일요일,부산광역시 동구 범일동,중상사고,0,2,0,0,차대차 - 측면충돌,신호위반,건조,맑음,교차로 - 교차로안,승용,여,27세,상해없음,화물,남,64세,중상
2023102900100021,2023년 10월 29일 02시,일요일,부산광역시 해운대구 중동,중상사고,0,1,0,0,차량단독 - 주/정차차량 충돌,안전운전불이행,건조,맑음,단일로 - 기타,이륜,남,24세,중상,,,,
2023102900100022,2023년 10월 29일 02시,일요일,부산광역시 해운대구 우동,경상사고,0,0,1,0,차대차 - 기타,안전운전불이행,건조,맑음,교차로 - 교차로부근,화물,남,48세,상해없음,승용,남,41세,경상
2023102900100036,2023년 10월 29일 04시,일요일,부산광역시 북구 화명동,경상사고,0,0,1,0,차대사람 - 횡단중,기타,건조,맑음,교차로 - 교차로안,승용,남,27세,상해없음,보행자,남,18세,경상
2023102900100079,2023년 10월 29일 09시,일요일,부산광역시 부산진구 당감동,중상사고,0,1,0,0,차대사람 - 횡단중,보행자보호의무위반,건조,맑음,교차로 - 교차로횡단보도내,개인형이동수단(PM),남,23세,상해없음,보행자,여,69세,중상
2023102900100080,2023년 10월 29일 09시,일요일,부산광역시 사하구 하단동,경상사고,0,0,1,0,차대차 - 측면충돌,신호위반,건조,맑음,교차로 - 교차로안,승용,여,53세,기타불명,승용,남,72세,경상
2023102900100132,2023년 10월 29일 11시,일요일,부산광역시 서구 충무동1가,경상사고,0,0,4,0,차대차 - 측면충돌,안전거리미확보,건조,맑음,단일로 - 지하차도(도로)내,승용,남,72세,상해없음,승용,남,45세,경상
2023102900100133,2023년 10월 29일 11시,일요일,부산광역시 사하구 장림동,중상사고,0,1,0,0,차대차 - 정면충돌,신호위반,건조,맑음,교차로 - 교차로안,승용,여,22세,상해없음,이륜,남,54세,중상
2023102900100157,2023년 10월 29일 12시,일요일,부산광역시 부산진구 가야동,경상사고,0,0,1,0,차대차 - 기타,안전운전불이행,건조,맑음,단일로 - 터널,화물,남,63세,상해없음,승용,남,50세,경상
2023102900100158,2023년 10월 29일 12시,일요일,부산광역시 사상구 주례동,중상사고,0,1,0,0,차대사람 - 횡단중,안전운전불이행,건조,맑음,교차로 - 교차로부근,승용,여,55세,상해없음,보행자,여,10세,중상
2023102900100226,2023년 10월 29일 14시,일요일,부산광역시 금정구 노포동,경상사고,0,0,1,0,차대차 - 기타,안전운전불이행,건조,맑음,기타 - 기타,이륜,남,67세,경상,승용,남,69세,상해없음
2023102900100227,2023년 10월 29일 14시,일요일,부산광역시 기장군 기장읍,경상사고,0,0,2,0,차대차 - 추돌,안전거리미확보,건조,맑음,교차로 - 교차로부근,승용,남,43세,상해없음,승용,남,31세,경상
2023102900100308,2023년 10월 29일 16시,일요일,부산광역시 부산진구 전포동,중상사고,0,1,0,0,차대차 - 기타,안전운전불이행,건조,맑음,교차로 - 교차로부근,승용,여,35세,상해없음,이륜,남,26세,중상
2023102900100351,2023년 10월 29일 17시,일요일,부산광역시 수영구 민락동,중상사고,0,1,0,0,차대사람 - 횡단중,보행자보호의무위반,건조,맑음,교차로 - 교차로부근,이륜,남,57세,상해없음,보행자,여,7세,중상
2023102900100352,2023년 10월 29일 17시,일요일,부산광역시 부산진구 범천동,경상사고,0,0,6,0,차대차 - 기타,안전거리미확보,건조,맑음,단일로 - 기타,승용,여,37세,상해없음,승용,남,42세,경상
2023102900100353,2023년 10월 29일 17시,일요일,부산광역시 사하구 괴정동,경상사고,0,0,1,0,차대차 - 추돌,안전운전불이행,건조,맑음,교차로 - 교차로부근,승용,남,68세,상해없음,이륜,남,31세,경상
2023102900100388,2023년 10월 29일 18시,일요일,부산광역시 부산진구 양정동,경상사고,0,0,1,0,차대사람 - 횡단중,보행자보호의무위반,건조,맑음,교차로 - 교차로횡단보도내,승용,여,35세,상해없음,보행자,여,15세,경상
2023102900100389,2023년 10월 29일 18시,일요일,부산광역시 부산진구 부전동,경상사고,0,0,1,0,차대사람 - 횡단중,보행자보호의무위반,건조,맑음,교차로 - 교차로부근,승용,여,50세,상해없음,보행자,여,9세,경상
2023102900100422,2023년 10월 29일 19시,일요일,부산광역시 수영구 광안동,경상사고,0,0,1,0,차대차 - 측면충돌,안전운전불이행,건조,맑음,단일로 - 기타,이륜,남,27세,상해없음,승용,남,55세,상해없음
2023102900100423,2023년 10월 29일 19시,일요일,부산광역시 해운대구 재송동,경상사고,0,0,2,0,차대차 - 측면충돌,차로위반,건조,맑음,단일로 - 기타,화물,남,53세,상해없음,승용,남,39세,경상
2023102900100424,2023년 10월 29일 19시,일요일,부산광역시 사상구 덕포동,부상신고사고,0,0,0,1,차대사람 - 길가장자리구역통행중,안전운전불이행,건조,맑음,단일로 - 기타,이륜,남,25세,상해없음,보행자,여,55세,부상신고
2023102900100472,2023년 10월 29일 21시,일요일,부산광역시 북구 구포동,중상사고,0,1,0,0,차대차 - 정면충돌,신호위반,건조,맑음,단일로 - 기타,이륜,남,26세,상해없음,이륜,남,17세,중상
2023102900100473,2023년 10월 29일 21시,일요일,부산광역시 금정구 부곡동,경상사고,0,0,2,0,차대차 - 측면충돌,안전운전불이행,건조,맑음,단일로 - 지하차도(도로)내,승용,남,40세,상해없음,승용,남,27세,경상
2023102900100488,2023년 10월 29일 22시,일요일,부산광역시 수영구 광안동,경상사고,0,0,1,0,차대차 - 측면충돌,안전운전불이행,건조,맑음,교차로 - 교차로부근,이륜,여,48세,상해없음,승용,여,30세,경상
2023102900100489,2023년 10월 29일 22시,일요일,부산광역시 금정구 구서동,중상사고,0,1,0,0,차대사람 - 기타,안전운전불이행,건조,맑음,교차로 - 교차로안,승용,남,47세,상해없음,보행자,여,68세,중상
2023102900100507,2023년 10월 29일 23시,일요일,부산광역시 동래구 수안동,경상사고,0,0,1,0,차대차 - 추돌,안전운전불이행,건조,맑음,교차로 - 교차로부근,승용,남,62세,상해없음,승용,남,39세,경상
2023103000100031,2023년 10월 30일 06시,월요일,부산광역시 해운대구 재송동,경상사고,0,0,2,0,차대차 - 기타,기타,건조,맑음,교차로 - 교차로안,승용,남,64세,상해없음,화물,남,33세,경상
2023103000100049,2023년 10월 30일 07시,월요일,부산광역시 부산진구 초읍동,부상신고사고,0,0,0,1,차대차 - 기타,불법유턴,건조,맑음,기타 - 기타,자전거,여,72세,부상신고,승용,남,63세,상해없음
2023103000100050,2023년 10월 30일 07시,월요일,부산광역시 강서구 미음동,부상신고사고,0,0,0,1,차대사람 - 기타,안전운전불이행,건조,맑음,단일로 - 기타,승합,남,52세,상해없음,보행자,남,54세,부상신고
2023103000100081,2023년 10월 30일 08시,월요일,부산광역시 북구 구포동,경상사고,0,0,1,0,차대차 - 측면충돌,안전운전불이행,건조,맑음,단일로 - 기타,승용,여,26세,상해없음,승용,남,75세,경상
2023103000100082,2023년 10월 30일 08시,월요일,부산광역시 해운대구 재송동,경상사고,0,0,1,0,차대차 - 추돌,안전운전불이행,건조,맑음,교차로 - 교차로부근,승용,여,44세,상해없음,승용,여,59세,경상
2023103000100083,2023년 10월 30일 08시,월요일,부산광역시 사상구 엄궁동,경상사고,0,0,1,0,차대차 - 추돌,안전운전불이행,건조,맑음,단일로 - 기타,승용,여,78세,상해없음,화물,남,26세,경상
2023103000100119,2023년 10월 30일 09시,월요일,부산광역시 서구 아미동1가,경상사고,0,0,1,0,차대차 - 측면충돌,안전운전불이행,건조,맑음,단일로 - 기타,승용,남,69세,상해없음,승용,여,37세,경상
2023103000100120,2023년 10월 30일 09시,월요일,부산광역시 부산진구 부전동,경상사고,0,0,1,0,차대사람 - 길가장자리구역통행중,안전운전불이행,건조,맑음,단일로 - 기타,승용,남,37세,상해없음,보행자,남,27세,경상
2023103000100121,2023년 10월 30일 09시,월요일,부산광역시 금정구 서동,중상사고,0,1,0,0,차대차 - 측면충돌,교차로운행방법위반,건조,맑음,교차로 - 교차로안,승용,남,76세,상해없음,화물,남,45세,상해없음
2023103000100122,2023년 10월 30일 09시,월요일,부산광역시 강서구 대저1동,부상신고사고,0,0,0,1,차대차 - 측면충돌,안전운전불이행,건조,맑음,교차로 - 교차로안,승용,여,41세,상해없음,화물,남,57세,부상신고
2023103000100150,2023년 10월 30일 10시,월요일,부산광역시 해운대구 우동,경상사고,0,0,1,0,차대차 - 기타,안전거리미확보,건조,맑음,단일로 - 기타,승용,여,76세,기타불명,승용,남,49세,경상
2023103000100151,2023년 10월 30일 10시,월요일,부산광역시 연제구 연산동,경상사고,0,0,1,0,차대사람 - 횡단중,교차로운행방법위반,건조,맑음,교차로 - 교차로안,승용,여,56세,상해없음,보행자,여,74세,경상
2023103000100179,2023년 10월 30일 11시,월요일,부산광역시 북구 덕천동,중상사고,0,1,0,0,차대사람 - 기타,안전운전불이행,건조,맑음,단일로 - 기타,화물,남,68세,상해없음,보행자,남,63세,중상
2023103000100180,2023년 10월 30일 11시,월요일,부산광역시 북구 덕천동,경상사고,0,0,3,0,차대차 - 기타,안전운전불이행,건조,맑음,교차로 - 교차로안,승용,여,40세,경상,승용,남,53세,경상
2023103000100279,2023년 10월 30일 14시,월요일,부산광역시 수영구 남천동,경상사고,0,0,1,0,차대사람 - 차도통행중,안전운전불이행,건조,맑음,단일로 - 기타,승용,여,63세,상해없음,보행자,여,11세,경상
2023103000100280,2023년 10월 30일 14시,월요일,부산광역시 북구 구포동,경상사고,0,0,1,0,차대차 - 후진중충돌,안전운전불이행,건조,맑음,단일로 - 기타,승용,남,82세,상해없음,승용,남,27세,경상
2023103000100281,2023년 10월 30일 14시,월요일,부산광역시 동래구 낙민동,경상사고,0,0,1,0,차대사람 - 보도통행중,기타,건조,맑음,단일로 - 기타,승용,남,37세,상해없음,보행자,남,31세,경상
2023103000100282,2023년 10월 30일 14시,월요일,부산광역시 금정구 금성동,부상신고사고,0,0,0,1,차대사람 - 기타,기타,건조,맑음,단일로 - 기타,승합,남,66세,상해없음,보행자,여,79세,부상신고
2023103000100283,2023년 10월 30일 14시,월요일,부산광역시 금정구 회동동,경상사고,0,0,1,0,차대차 - 측면충돌,안전거리미확보,건조,맑음,단일로 - 기타,승용,여,65세,상해없음,승용,여,53세,경상
2023103000100284,2023년 10월 30일 14시,월요일,부산광역시 강서구 대저2동,중상사고,0,1,0,0,차대차 - 기타,안전운전불이행,건조,맑음,단일로 - 고가도로위,승용,여,35세,상해없음,승용,남,32세,중상
2023103000100285,2023년 10월 30일 14시,월요일,부산광역시 기장군 기장읍,경상사고,0,0,2,0,차대차 - 측면충돌,차로위반,건조,맑음,교차로 - 교차로안,승용,남,55세,상해없음,승용,남,38세,경상
2023103000100316,2023년 10월 30일 15시,월요일,부산광역시 부산진구 양정동,경상사고,0,0,1,0,차대차 - 측면충돌,신호위반,건조,맑음,교차로 - 교차로안,승용,남,22세,상해없음,이륜,남,16세,경상
2023103000100357,2023년 10월 30일 16시,월요일,부산광역시 동구 초량동,경상사고,0,0,1,0,차대차 - 측면충돌,직진우회전진행방해,건조,맑음,교차로 - 교차로안,승용,여,33세,상해없음,승용,남,54세,경상
2023103000100358,2023년 10월 30일 16시,월요일,부산광역시 부산진구 부전동,경상사고,0,0,1,0,차대차 - 추돌,안전운전불이행,건조,맑음,단일로 - 기타,승용,여,42세,상해없음,승용,여,39세,경상
2023103000100401,2023년 10월 30일 17시,월요일,부산광역시 부산진구 부전동,경상사고,0,0,1,0,차대차 - 기타,안전운전불이행,건조,맑음,단일로 - 기타,승용,여,49세,상해없음,승용,남,36세,상해없음
2023103000100442,2023년 10월 30일 18시,월요일,부산광역시 강서구 명지동,사망사고,1,0,0,0,차대차 - 기타,중앙선침범,건조,맑음,단일로 - 기타,자전거,여,80세,사망,승용,여,30세,상해없음
2023103000100497,2023년 10월 30일 19시,월요일,부산광역시 금정구 장전동,경상사고,0,0,1,0,차대차 - 측면충돌,안전운전불이행,건조,맑음,단일로 - 기타,승용,남,67세,상해없음,승용,남,50세,경상
2023103000100554,2023년 10월 30일 21시,월요일,부산광역시 수영구 남천동,경상사고,0,0,5,0,차대차 - 정면충돌,신호위반,건조,맑음,교차로 - 교차로안,승용,여,68세,상해없음,승용,여,51세,경상
2023103000100578,2023년 10월 30일 22시,월요일,부산광역시 강서구 대저1동,중상사고,0,1,0,0,차대차 - 기타,기타,건조,맑음,단일로 - 기타,승용,남,48세,상해없음,화물,남,61세,중상
2023103000100588,2023년 10월 30일 23시,월요일,부산광역시 북구 화명동,경상사고,0,0,2,0,차대차 - 정면충돌,안전운전불이행,건조,맑음,주차장 - 주차장,승용,남,39세,상해없음,승용,남,34세,경상
2023103100100005,2023년 10월 31일 00시,화요일,부산광역시 북구 화명동,중상사고,0,1,0,0,차대차 - 후진중충돌,중앙선침범,건조,맑음,교차로 - 교차로부근,화물,남,58세,상해없음,원동기,남,37세,중상
2023103100100042,2023년 10월 31일 05시,화요일,부산광역시 중구 남포동4가,중상사고,0,1,0,0,차량단독 - 기타,안전운전불이행,건조,맑음,단일로 - 기타,승합,남,63세,상해없음,,,,
2023103100100079,2023년 10월 31일 07시,화요일,부산광역시 사상구 학장동,중상사고,0,1,0,0,차대차 - 기타,중앙선침범,건조,맑음,단일로 - 기타,건설기계,남,37세,상해없음,이륜,남,42세,중상
2023103100100094,2023년 10월 31일 08시,화요일,부산광역시 동래구 사직동,경상사고,0,0,1,0,차대차 - 추돌,안전운전불이행,건조,맑음,단일로 - 기타,이륜,남,30세,상해없음,승용,남,50세,경상
2023103100100095,2023년 10월 31일 08시,화요일,부산광역시 해운대구 반여동,경상사고,0,0,1,0,차대사람 - 횡단중,안전운전불이행,건조,맑음,단일로 - 기타,승용,남,54세,상해없음,보행자,남,13세,경상
2023103100100096,2023년 10월 31일 08시,화요일,부산광역시 해운대구 반여동,경상사고,0,0,1,0,차대차 - 기타,교차로운행방법위반,건조,맑음,교차로 - 교차로안,승용,남,80세,상해없음,승용,남,76세,경상
2023103100100144,2023년 10월 31일 09시,화요일,부산광역시 사하구 감천동,중상사고,0,1,1,0,차대차 - 기타,신호위반,건조,맑음,교차로 - 교차로안,승용,남,36세,상해없음,이륜,남,64세,경상
2023103100100180,2023년 10월 31일 10시,화요일,부산광역시 중구 보수동2가,경상사고,0,0,1,0,차량단독 - 기타,안전운전불이행,건조,맑음,교차로 - 교차로부근,승합,남,51세,상해없음,,,,
2023103100100181,2023년 10월 31일 10시,화요일,부산광역시 북구 화명동,중상사고,0,1,0,0,차대차 - 기타,신호위반,건조,맑음,교차로 - 교차로안,이륜,남,17세,상해없음,승용,여,51세,중상
2023103100100182,2023년 10월 31일 10시,화요일,부산광역시 동래구 온천동,경상사고,0,0,1,0,차대차 - 측면충돌,안전운전불이행,건조,맑음,교차로 - 교차로안,승용,여,49세,상해없음,승용,여,52세,경상
2023103100100211,2023년 10월 31일 11시,화요일,부산광역시 중구 대청동2가,경상사고,0,0,1,0,차대차 - 후진중충돌,안전운전불이행,건조,맑음,단일로 - 기타,승합,남,60세,상해없음,승용,남,32세,경상
2023103100100212,2023년 10월 31일 11시,화요일,부산광역시 북구 화명동,경상사고,0,0,1,0,차대차 - 기타,신호위반,건조,맑음,교차로 - 교차로안,승용,남,57세,상해없음,승용,여,33세,경상
2023103100100213,2023년 10월 31일 11시,화요일,부산광역시 부산진구 연지동,경상사고,0,0,1,0,차대차 - 추돌,안전운전불이행,건조,맑음,교차로 - 교차로부근,승용,남,44세,기타불명,화물,남,62세,경상
2023103100100245,2023년 10월 31일 12시,화요일,부산광역시 남구 용호동,경상사고,0,0,1,0,차대차 - 정면충돌,신호위반,건조,맑음,교차로 - 교차로안,승용,여,57세,상해없음,이륜,남,68세,경상
2023103100100246,2023년 10월 31일 12시,화요일,부산광역시 강서구 지사동,중상사고,0,1,1,0,차대차 - 추돌,기타,건조,맑음,단일로 - 기타,승용,여,38세,중상,화물,남,52세,경상
2023103100100277,2023년 10월 31일 13시,화요일,부산광역시 서구 서대신동3가,경상사고,0,0,1,0,차량단독 - 기타,교차로운행방법위반,건조,맑음,교차로 - 교차로안,승합,남,68세,상해없음,,,,
2023103100100311,2023년 10월 31일 14시,화요일,부산광역시 부산진구 부전동,경상사고,0,0,1,0,차대차 - 기타,안전운전불이행,건조,맑음,교차로 - 교차로안,이륜,남,42세,경상,승용,남,58세,상해없음
2023103100100350,2023년 10월 31일 15시,화요일,부산광역시 강서구 대저2동,경상사고,0,0,1,0,차대차 - 기타,안전거리미확보,건조,맑음,교차로 - 교차로안,화물,남,57세,기타불명,승용,남,29세,경상
2023103100100351,2023년 10월 31일 15시,화요일,부산광역시 기장군 기장읍,경상사고,0,0,1,0,차대사람 - 기타,안전운전불이행,건조,맑음,단일로 - 기타,승합,남,51세,기타불명,보행자,여,72세,경상
2023103100100384,2023년 10월 31일 16시,화요일,부산광역시 남구 문현동,중상사고,0,1,0,0,차대차 - 기타,안전운전불이행,건조,맑음,기타 - 기타,승용,여,63세,상해없음,이륜,남,46세,중상
2023103100100385,2023년 10월 31일 16시,화요일,부산광역시 부산진구 당감동,부상신고사고,0,0,0,1,차대차 - 기타,안전운전불이행,건조,맑음,단일로 - 기타,이륜,남,76세,부상신고,승용,여,45세,상해없음