사고번호,사고일시,요일,시군구,사고내용,사망자수,중상자수,경상자수,부상신고자수,사고유형,법규위반,노면상태,기상상태,도로형태,가해운전자 차종,가해운전자 성별,가해운전자 연령,가해운전자 상해정도,피해운전자 차종,피해운전자 성별,피해운전자 연령,피해운전자 상해정도
2023112200100473,2023년 11월 22일 18시,수요일,부산광역시 강서구 대저1동,경상사고,0,0,1,2,차대차 - 측면충돌,안전운전불이행,건조,맑음,교차로 - 교차로안,승용,남,54세,부상신고,승용,여,26세,경상
2023112200100535,2023년 11월 22일 19시,수요일,부산광역시 사상구 주례동,경상사고,0,0,1,0,차대사람 - 횡단중,보행자보호의무위반,건조,맑음,교차로 - 교차로부근,이륜,남,18세,상해없음,보행자,여,61세,경상
2023112200100592,2023년 11월 22일 21시,수요일,부산광역시 서구 토성동5가,경상사고,0,0,2,0,차대차 - 측면충돌,안전운전불이행,건조,맑음,단일로 - 기타,승용,남,57세,상해없음,승용,남,48세,경상
2023112200100593,2023년 11월 22일 21시,수요일,부산광역시 연제구 연산동,중상사고,0,1,1,0,차대차 - 측면충돌,안전운전불이행,건조,맑음,교차로 - 교차로부근,승용,남,70세,중상,승용,남,55세,경상
2023112200100610,2023년 11월 22일 22시,수요일,부산광역시 남구 대연동,경상사고,0,0,1,0,차대차 - 정면충돌,중앙선침범,건조,맑음,단일로 - 기타,승용,남,30세,상해없음,승용,남,50세,경상
2023112300100011,2023년 11월 23일 01시,목요일,부산광역시 수영구 망미동,경상사고,0,0,2,0,차대차 - 추돌,안전운전불이행,건조,맑음,단일로 - 교량,화물,남,33세,상해없음,승용,남,65세,상해없음
2023112300100029,2023년 11월 23일 05시,목요일,부산광역시 연제구 연산동,경상사고,0,0,2,0,차대차 - 기타,안전운전불이행,건조,맑음,교차로 - 교차로부근,승용,남,33세,상해없음,화물,남,69세,경상
2023112300100039,2023년 11월 23일 06시,목요일,부산광역시 기장군 장안읍,경상사고,0,0,1,0,차대차 - 정면충돌,신호위반,건조,흐림,교차로 - 교차로안,승용,남,32세,상해없음,승용,남,60세,경상
2023112300100059,2023년 11월 23일 07시,목요일,부산광역시 기장군 정관읍,중상사고,0,1,1,0,차대차 - 측면충돌,중앙선침범,건조,맑음,단일로 - 기타,승용,남,59세,중상,승용,남,45세,경상
2023112300100091,2023년 11월 23일 08시,목요일,부산광역시 부산진구 부암동,중상사고,0,3,0,0,차대차 - 기타,안전거리미확보,건조,맑음,교차로 - 교차로안,건설기계,남,58세,상해없음,승용,여,61세,중상
2023112300100092,2023년 11월 23일 08시,목요일,부산광역시 부산진구 가야동,경상사고,0,0,1,0,차대차 - 기타,안전운전불이행,건조,맑음,단일로 - 고가도로위,화물,남,65세,상해없음,화물,남,43세,경상
2023112300100132,2023년 11월 23일 09시,목요일,부산광역시 부산진구 부암동,경상사고,0,0,1,0,차대차 - 추돌,안전거리미확보,건조,맑음,단일로 - 기타,승용,남,30세,상해없음,승용,남,60세,경상
2023112300100133,2023년 11월 23일 09시,목요일,부산광역시 사하구 괴정동,경상사고,0,0,2,0,차대차 - 기타,안전운전불이행,건조,맑음,단일로 - 기타,승용,여,70세,상해없음,승합,남,37세,경상
2023112300100166,2023년 11월 23일 10시,목요일,부산광역시 서구 동대신동3가,경상사고,0,0,1,0,차대사람 - 기타,안전운전불이행,건조,맑음,교차로 - 교차로횡단보도내,승용,남,35세,기타불명,보행자,남,40세,경상
2023112300100167,2023년 11월 23일 10시,목요일,부산광역시 강서구 생곡동,중상사고,0,1,0,0,차대차 - 측면충돌,안전거리미확보,건조,맑음,단일로 - 기타,화물,남,63세,상해없음,승용,남,47세,중상
2023112300100218,2023년 11월 23일 12시,목요일,부산광역시 동구 좌천동,중상사고,0,1,0,0,차대사람 - 기타,안전운전불이행,건조,맑음,단일로 - 기타,승용,남,60세,상해없음,보행자,남,63세,중상
2023112300100219,2023년 11월 23일 12시,목요일,부산광역시 동구 범일동,경상사고,0,0,1,0,차대사람 - 횡단중,보행자보호의무위반,건조,맑음,단일로 - 기타,화물,남,75세,상해없음,보행자,여,60세,경상
2023112300100220,2023년 11월 23일 12시,목요일,부산광역시 기장군 정관읍,경상사고,0,0,2,1,차대차 - 추돌,교차로운행방법위반,건조,맑음,교차로 - 교차로안,화물,남,34세,경상,승용,남,24세,경상
2023112300100249,2023년 11월 23일 13시,목요일,부산광역시 북구 화명동,중상사고,0,1,0,0,차대사람 - 기타,안전운전불이행,건조,맑음,단일로 - 기타,승용,여,50세,상해없음,보행자,여,82세,중상
2023112300100282,2023년 11월 23일 14시,목요일,부산광역시 서구 충무동1가,중상사고,0,1,0,0,차대사람 - 기타,보행자보호의무위반,건조,맑음,단일로 - 기타,이륜,남,63세,상해없음,보행자,여,50세,중상
2023112300100311,2023년 11월 23일 15시,목요일,부산광역시 남구 감만동,경상사고,0,0,1,0,차대사람 - 횡단중,보행자보호의무위반,건조,맑음,단일로 - 기타,승용,여,38세,상해없음,보행자,여,65세,경상
2023112300100342,2023년 11월 23일 16시,목요일,부산광역시 서구 서대신동2가,중상사고,0,1,0,0,차대사람 - 기타,안전운전불이행,건조,맑음,단일로 - 기타,승용,남,79세,상해없음,보행자,여,68세,중상
2023112300100343,2023년 11월 23일 16시,목요일,부산광역시 남구 대연동,경상사고,0,0,1,0,차대사람 - 차도통행중,안전운전불이행,건조,맑음,단일로 - 기타,승용,여,52세,상해없음,보행자,여,85세,경상
2023112300100378,2023년 11월 23일 17시,목요일,부산광역시 수영구 광안동,경상사고,0,0,1,0,차대차 - 측면충돌,안전운전불이행,건조,맑음,단일로 - 기타,승용,남,79세,상해없음,화물,남,65세,경상
2023112300100379,2023년 11월 23일 17시,목요일,부산광역시 부산진구 범천동,경상사고,0,0,1,0,차대차 - 기타,안전운전불이행,건조,기타,단일로 - 기타,승용,남,34세,상해없음,승용,남,70세,경상
2023112300100380,2023년 11월 23일 17시,목요일,부산광역시 연제구 연산동,경상사고,0,0,1,0,차대차 - 추돌,신호위반,건조,맑음,교차로 - 교차로안,승용,남,54세,상해없음,이륜,남,23세,경상
2023112300100430,2023년 11월 23일 18시,목요일,부산광역시 사상구 괘법동,중상사고,0,1,0,0,차대사람 - 길가장자리구역통행중,안전운전불이행,건조,맑음,단일로 - 기타,승용,여,44세,상해없음,보행자,여,67세,중상
2023112300100583,2023년 11월 23일 22시,목요일,부산광역시 남구 대연동,경상사고,0,0,1,0,차대사람 - 차도통행중,안전운전불이행,건조,맑음,교차로 - 교차로부근,승용,남,54세,기타불명,보행자,남,34세,경상
2023112300100608,2023년 11월 23일 23시,목요일,부산광역시 금정구 금성동,경상사고,0,0,1,0,차대차 - 측면충돌,안전운전불이행,건조,맑음,단일로 - 지하차도(도로)내,승용,여,53세,상해없음,승용,남,46세,경상
2023112300100609,2023년 11월 23일 23시,목요일,부산광역시 사상구 괘법동,중상사고,0,2,1,0,차대차 - 측면충돌,신호위반,건조,맑음,교차로 - 교차로안,승용,남,59세,기타불명,화물,남,53세,중상
2023112400100005,2023년 11월 24일 00시,금요일,부산광역시 중구 부평동2가,경상사고,0,0,1,0,차대사람 - 기타,안전운전불이행,건조,맑음,단일로 - 기타,승용,남,32세,상해없음,보행자,남,25세,경상
2023112400100006,2023년 11월 24일 00시,금요일,부산광역시 동래구 안락동,경상사고,0,0,1,0,차대차 - 측면충돌,신호위반,건조,맑음,교차로 - 교차로안,승용,여,59세,상해없음,승합,남,55세,경상
2023112400100033,2023년 11월 24일 05시,금요일,부산광역시 서구 동대신동2가,중상사고,0,1,0,0,차대사람 - 차도통행중,기타,건조,맑음,단일로 - 기타,화물,남,35세,상해없음,보행자,여,25세,중상
2023112400100034,2023년 11월 24일 05시,금요일,부산광역시 사하구 다대동,경상사고,0,0,1,0,차대차 - 추돌,안전운전불이행,건조,맑음,단일로 - 기타,화물,남,66세,상해없음,승용,남,70세,경상
2023112400100046,2023년 11월 24일 06시,금요일,부산광역시 서구 암남동,경상사고,0,0,1,0,차대사람 - 차도통행중,안전운전불이행,건조,맑음,교차로 - 교차로안,화물,남,66세,상해없음,보행자,남,40세,경상
2023112400100047,2023년 11월 24일 06시,금요일,부산광역시 기장군 장안읍,중상사고,0,1,4,0,차대차 - 추돌,차로위반,건조,맑음,단일로 - 기타,승용,남,56세,상해없음,특수,남,62세,경상
2023112400100070,2023년 11월 24일 07시,금요일,부산광역시 동래구 안락동,경상사고,0,0,2,0,차대차 - 측면충돌,안전운전불이행,건조,맑음,교차로 - 교차로부근,화물,여,51세,상해없음,승합,남,44세,경상
2023112400100071,2023년 11월 24일 07시,금요일,부산광역시 부산진구 개금동,경상사고,0,0,1,0,차대차 - 측면충돌,안전운전불이행,건조,맑음,교차로 - 교차로부근,승용,여,44세,경상,승용,여,42세,상해없음
2023112400100092,2023년 11월 24일 08시,금요일,부산광역시 동래구 온천동,경상사고,0,0,1,0,차대차 - 추돌,안전운전불이행,건조,맑음,교차로 - 교차로부근,승용,남,38세,상해없음,승용,여,48세,경상
2023112400100093,2023년 11월 24일 08시,금요일,부산광역시 부산진구 양정동,경상사고,0,0,1,0,차대사람 - 횡단중,보행자보호의무위반,건조,맑음,교차로 - 교차로안,승용,남,60세,상해없음,보행자,여,33세,경상
2023112400100094,2023년 11월 24일 08시,금요일,부산광역시 부산진구 부전동,경상사고,0,0,2,0,차대차 - 측면충돌,신호위반,건조,맑음,단일로 - 기타,승용,남,73세,상해없음,승용,여,46세,경상
2023112400100167,2023년 11월 24일 10시,금요일,부산광역시 서구 남부민동,경상사고,0,0,1,0,차대차 - 추돌,안전운전불이행,건조,맑음,단일로 - 기타,화물,남,49세,상해없음,이륜,남,49세,경상
2023112400100168,2023년 11월 24일 10시,금요일,부산광역시 영도구 영선동1가,경상사고,0,0,1,0,차대차 - 추돌,안전운전불이행,건조,기타,단일로 - 고가도로위,승용,여,59세,상해없음,승용,남,81세,상해없음
2023112400100169,2023년 11월 24일 10시,금요일,부산광역시 남구 대연동,경상사고,0,0,1,0,차대사람 - 기타,신호위반,건조,맑음,기타 - 기타,개인형이동수단(PM),여,24세,상해없음,보행자,여,52세,경상
2023112400100170,2023년 11월 24일 10시,금요일,부산광역시 영도구 대교동1가,중상사고,0,1,0,0,차대사람 - 횡단중,안전운전불이행,건조,맑음,단일로 - 기타,화물,남,72세,상해없음,보행자,여,67세,중상
2023112400100171,2023년 11월 24일 10시,금요일,부산광역시 강서구 봉림동,경상사고,0,0,2,0,차대차 - 추돌,안전거리미확보,건조,맑음,단일로 - 기타,화물,남,52세,상해없음,화물,남,56세,경상
2023112400100200,2023년 11월 24일 11시,금요일,부산광역시 강서구 대저2동,중상사고,0,1,0,0,차대차 - 기타,신호위반,건조,맑음,교차로 - 교차로안,승용,남,26세,기타불명,원동기,남,79세,중상
2023112400100201,2023년 11월 24일 11시,금요일,부산광역시 강서구 녹산동,중상사고,0,2,0,0,차대차 - 기타,안전운전불이행,건조,맑음,단일로 - 기타,건설기계,남,68세,상해없음,승용,남,62세,중상
2023112400100240,2023년 11월 24일 12시,금요일,부산광역시 동래구 사직동,중상사고,0,1,0,0,차대차 - 측면충돌,불법유턴,건조,맑음,교차로 - 교차로안,자전거,여,52세,중상,승용,남,40세,상해없음
2023112400100283,2023년 11월 24일 13시,금요일,부산광역시 부산진구 가야동,경상사고,0,0,1,0,차대사람 - 횡단중,신호위반,건조,흐림,단일로 - 기타,승용,남,60세,상해없음,보행자,남,64세,경상
2023112400100284,2023년 11월 24일 13시,금요일,부산광역시 부산진구 부암동,중상사고,0,1,2,0,차대차 - 추돌,안전운전불이행,건조,맑음,단일로 - 고가도로위,승합,남,22세,상해없음,승용,여,29세,중상
2023112400100323,2023년 11월 24일 14시,금요일,부산광역시 수영구 남천동,부상신고사고,0,0,0,1,차대사람 - 기타,안전운전불이행,건조,맑음,기타 - 기타,승용,여,64세,상해없음,보행자,남,64세,부상신고
2023112400100324,2023년 11월 24일 14시,금요일,부산광역시 남구 대연동,중상사고,0,1,0,0,차대사람 - 기타,안전운전불이행,건조,맑음,교차로 - 교차로부근,승용,남,72세,상해없음,보행자,여,70세,중상
2023112400100325,2023년 11월 24일 14시,금요일,부산광역시 남구 문현동,경상사고,0,0,2,0,차대차 - 측면충돌,신호위반,건조,맑음,교차로 - 교차로안,승용,남,54세,상해없음,승용,남,48세,경상
2023112400100363,2023년 11월 24일 15시,금요일,부산광역시 동래구 사직동,경상사고,0,0,1,0,차대차 - 측면충돌,불법유턴,건조,맑음,단일로 - 기타,자전거,여,11세,경상,승용,여,37세,상해없음
2023112400100396,2023년 11월 24일 16시,금요일,부산광역시 부산진구 가야동,경상사고,0,0,1,0,차대차 - 기타,안전운전불이행,건조,맑음,교차로 - 교차로안,이륜,여,23세,경상,화물,남,67세,상해없음
2023112400100397,2023년 11월 24일 16시,금요일,부산광역시 부산진구 전포동,경상사고,0,0,1,0,차대차 - 측면충돌,안전운전불이행,건조,맑음,교차로 - 교차로부근,이륜,남,47세,상해없음,승용,남,24세,경상
2023112400100447,2023년 11월 24일 17시,금요일,부산광역시 부산진구 양정동,경상사고,0,0,1,0,차대차 - 측면충돌,안전거리미확보,건조,맑음,교차로 - 교차로부근,승용,여,71세,상해없음,승용,남,35세,경상
2023112400100448,2023년 11월 24일 17시,금요일,부산광역시 사하구 다대동,사망사고,1,0,0,0,차량단독 - 기타,안전운전불이행,건조,맑음,단일로 - 기타,원동기,남,67세,사망,,,,
2023112400100492,2023년 11월 24일 18시,금요일,부산광역시 북구 구포동,경상사고,0,0,1,0,차대차 - 추돌,안전운전불이행,건조,맑음,단일로 - 기타,승용,남,58세,상해없음,승용,남,57세,경상
2023112400100493,2023년 11월 24일 18시,금요일,부산광역시 해운대구 우동,중상사고,0,1,0,0,차대사람 - 기타,안전운전불이행,건조,맑음,단일로 - 기타,승용,남,67세,상해없음,보행자,남,47세,중상
2023112400100494,2023년 11월 24일 18시,금요일,부산광역시 해운대구 재송동,부상신고사고,0,0,0,1,차대차 - 기타,안전운전불이행,건조,맑음,단일로 - 기타,승용,남,64세,상해없음,승용,남,40세,부상신고
2023112400100495,2023년 11월 24일 18시,금요일,부산광역시 강서구 강동동,경상사고,0,0,1,0,차대사람 - 기타,안전운전불이행,건조,맑음,단일로 - 기타,승용,여,28세,상해없음,보행자,여,62세,경상
2023112400100579,2023년 11월 24일 19시,금요일,부산광역시 사하구 하단동,경상사고,0,0,1,0,차대차 - 기타,중앙선침범,건조,맑음,단일로 - 기타,승용,남,57세,상해없음,이륜,남,32세,경상
2023112400100617,2023년 11월 24일 20시,금요일,부산광역시 북구 금곡동,경상사고,0,0,2,0,차대차 - 기타,안전운전불이행,건조,맑음,교차로 - 교차로안,승용,남,61세,경상,이륜,여,31세,경상
2023112400100640,2023년 11월 24일 21시,금요일,부산광역시 동래구 안락동,경상사고,0,0,1,0,차대사람 - 횡단중,보행자보호의무위반,건조,맑음,단일로 - 기타,승용,여,31세,상해없음,보행자,남,46세,경상
2023112400100641,2023년 11월 24일 21시,금요일,부산광역시 부산진구 부전동,경상사고,0,0,1,0,차대사람 - 기타,안전운전불이행,건조,맑음,단일로 - 기타,이륜,남,20세,상해없음,보행자,남,25세,경상
2023112400100671,2023년 11월 24일 22시,금요일,부산광역시 부산진구 부전동,경상사고,0,0,1,0,차대사람 - 기타,안전운전불이행,건조,맑음,교차로 - 교차로부근,승용,남,46세,상해없음,보행자,남,37세,경상
2023112400100672,2023년 11월 24일 22시,금요일,부산광역시 강서구 명지동,중상사고,0,1,0,0,차대사람 - 횡단중,안전운전불이행,건조,맑음,교차로 - 교차로부근,승용,남,49세,상해없음,보행자,남,47세,중상
2023112400100693,2023년 11월 24일 23시,금요일,부산광역시 동구 수정동,중상사고,0,1,1,0,차대차 - 추돌,안전운전불이행,건조,맑음,단일로 - 기타,승용,남,34세,상해없음,승용,남,76세,상해없음
2023112500100005,2023년 11월 25일 00시,토요일,부산광역시 동래구 낙민동,경상사고,0,0,1,0,차대차 - 기타,안전운전불이행,건조,맑음,교차로 - 교차로안,승용,여,51세,상해없음,원동기,남,17세,경상
2023112500100018,2023년 11월 25일 01시,토요일,부산광역시 북구 화명동,중상사고,0,1,0,0,차대차 - 기타,기타,건조,맑음,단일로 - 기타,승용,남,58세,상해없음,승용,남,64세,상해없음
2023112500100019,2023년 11월 25일 01시,토요일,부산광역시 부산진구 전포동,경상사고,0,0,1,0,차대차 - 측면충돌,신호위반,건조,맑음,교차로 - 교차로안,이륜,남,32세,기타불명,승용,남,72세,경상
2023112500100044,2023년 11월 25일 04시,토요일,부산광역시 동래구 온천동,경상사고,0,0,1,0,차대차 - 추돌,안전운전불이행,건조,맑음,단일로 - 기타,승용,남,31세,상해없음,승용,남,66세,경상
2023112500100045,2023년 11월 25일 04시,토요일,부산광역시 기장군 정관읍,중상사고,0,1,0,0,차대차 - 기타,신호위반,건조,맑음,교차로 - 교차로부근,승용,남,51세,상해없음,이륜,남,40세,중상
2023112500100051,2023년 11월 25일 05시,토요일,부산광역시 사하구 괴정동,중상사고,0,1,1,0,차대차 - 기타,중앙선침범,건조,맑음,단일로 - 기타,승용,여,42세,상해없음,승용,여,19세,경상
2023112500100052,2023년 11월 25일 05시,토요일,부산광역시 사상구 주례동,경상사고,0,0,2,0,차대차 - 기타,신호위반,건조,맑음,교차로 - 교차로안,승용,남,62세,상해없음,승합,남,48세,경상
2023112500100074,2023년 11월 25일 07시,토요일,부산광역시 금정구 남산동,중상사고,0,1,0,0,차대차 - 기타,안전운전불이행,건조,맑음,단일로 - 기타,승용,여,52세,상해없음,이륜,남,46세,중상
2023112500100109,2023년 11월 25일 09시,토요일,부산광역시 해운대구 우동,경상사고,0,0,1,0,차대사람 - 기타,안전운전불이행,건조,맑음,교차로 - 교차로안,승용,여,77세,상해없음,보행자,남,22세,경상
2023112500100110,2023년 11월 25일 09시,토요일,부산광역시 금정구 남산동,경상사고,0,0,3,0,차대차 - 측면충돌,신호위반,건조,맑음,교차로 - 교차로안,승용,남,78세,경상,화물,남,20세,경상
2023112500100111,2023년 11월 25일 09시,토요일,부산광역시 사하구 구평동,경상사고,0,0,1,0,차대사람 - 기타,안전운전불이행,건조,맑음,단일로 - 기타,승합,남,66세,상해없음,보행자,남,63세,경상
2023112500100112,2023년 11월 25일 09시,토요일,부산광역시 수영구 망미동,경상사고,0,0,2,0,차대차 - 기타,차로위반,건조,맑음,단일로 - 기타,승용,여,60세,상해없음,승합,남,54세,경상
2023112500100175,2023년 11월 25일 11시,토요일,부산광역시 부산진구 양정동,경상사고,0,0,1,1,차대차 - 기타,안전거리미확보,건조,맑음,단일로 - 기타,승용,기타불명,미분류,기타불명,승용,남,44세,경상
2023112500100219,2023년 11월 25일 12시,토요일,부산광역시 중구 남포동6가,중상사고,0,1,4,0,차대차 - 측면충돌,안전운전불이행,건조,맑음,교차로 - 교차로부근,승용,남,63세,상해없음,승용,남,51세,상해없음
2023112500100258,2023년 11월 25일 13시,토요일,부산광역시 중구 부평동4가,경상사고,0,0,1,0,차량단독 - 전도전복 - 전도,안전운전불이행,건조,맑음,교차로 - 교차로안,이륜,남,37세,경상,,,,
2023112500100259,2023년 11월 25일 13시,토요일,부산광역시 동래구 온천동,경상사고,0,0,1,0,차대차 - 기타,안전운전불이행,건조,맑음,단일로 - 기타,이륜,남,22세,경상,승용,남,43세,상해없음
2023112500100260,2023년 11월 25일 13시,토요일,부산광역시 금정구 남산동,중상사고,0,1,0,0,차대차 - 기타,중앙선침범,건조,맑음,단일로 - 기타,승용,남,29세,상해없음,특수,남,40세,중상
2023112500100304,2023년 11월 25일 14시,토요일,부산광역시 북구 화명동,중상사고,0,1,0,0,차대차 - 측면충돌,안전운전불이행,건조,맑음,단일로 - 기타,승용,남,82세,상해없음,승용,남,39세,중상
2023112500100305,2023년 11월 25일 14시,토요일,부산광역시 동래구 온천동,경상사고,0,0,1,0,차대차 - 측면충돌,안전거리미확보,건조,맑음,교차로 - 교차로안,승합,남,72세,상해없음,승용,여,46세,경상
2023112500100306,2023년 11월 25일 14시,토요일,부산광역시 사상구 모라동,중상사고,0,1,0,0,차대사람 - 횡단중,신호위반,건조,맑음,교차로 - 교차로안,화물,남,71세,상해없음,보행자,여,55세,중상
2023112500100354,2023년 11월 25일 15시,토요일,부산광역시 서구 아미동2가,경상사고,0,0,1,0,차대차 - 추돌,안전운전불이행,건조,맑음,단일로 - 기타,화물,남,67세,상해없음,이륜,남,47세,경상
2023112500100355,2023년 11월 25일 15시,토요일,부산광역시 남구 문현동,경상사고,0,0,1,0,차대차 - 기타,중앙선침범,건조,맑음,교차로 - 교차로안,화물,여,41세,상해없음,승용,남,67세,경상
2023112500100356,2023년 11월 25일 15시,토요일,부산광역시 북구 금곡동,부상신고사고,0,0,0,1,차대사람 - 보도통행중,안전운전불이행,건조,맑음,단일로 - 기타,자전거,기타불명,미분류,기타불명,보행자,여,75세,부상신고
2023112500100387,2023년 11월 25일 16시,토요일,부산광역시 동구 범일동,경상사고,0,0,1,0,차대차 - 기타,교차로운행방법위반,건조,맑음,교차로 - 교차로안,화물,남,71세,상해없음,승합,남,56세,상해없음
2023112500100388,2023년 11월 25일 16시,토요일,부산광역시 동래구 온천동,경상사고,0,0,1,0,차대차 - 기타,안전운전불이행,건조,맑음,단일로 - 기타,승용,남,85세,상해없음,승용,여,60세,경상
2023112500100389,2023년 11월 25일 16시,토요일,부산광역시 해운대구 재송동,경상사고,0,0,1,0,차량단독 - 기타,안전운전불이행,건조,맑음,교차로 - 교차로안,승합,남,49세,상해없음,,,,
2023112500100391,2023년 11월 25일 16시,토요일,부산광역시 강서구 신호동,경상사고,0,0,1,0,차대차 - 측면충돌,안전운전불이행,건조,맑음,단일로 - 기타,승용,남,48세,상해없음,승용,남,55세,경상
2023112500100470,2023년 11월 25일 18시,토요일,부산광역시 북구 구포동,경상사고,0,0,1,0,차대차 - 기타,안전운전불이행,건조,맑음,기타 - 기타,승용,남,53세,상해없음,승용,남,32세,경상
2023112500100471,2023년 11월 25일 18시,토요일,부산광역시 동래구 온천동,경상사고,0,0,1,0,차대차 - 추돌,안전운전불이행,건조,맑음,단일로 - 기타,승용,남,76세,상해없음,승용,남,65세,경상
2023112500100472,2023년 11월 25일 18시,토요일,부산광역시 동래구 안락동,경상사고,0,0,1,0,차대차 - 기타,중앙선침범,건조,맑음,단일로 - 기타,승용,남,60세,상해없음,이륜,여,21세,경상
2023112500100473,2023년 11월 25일 18시,토요일,부산광역시 동래구 낙민동,경상사고,0,0,1,0,차대차 - 기타,안전운전불이행,건조,맑음,단일로 - 교량,승용,남,59세,상해없음,승용,남,39세,경상
2023112500100474,2023년 11월 25일 18시,토요일,부산광역시 해운대구 우동,경상사고,0,0,1,0,차대사람 - 기타,안전운전불이행,건조,맑음,단일로 - 기타,승용,남,58세,상해없음,보행자,여,48세,경상
2023112500100514,2023년 11월 25일 19시,토요일,부산광역시 남구 대연동,경상사고,0,0,1,0,차대차 - 추돌,안전운전불이행,건조,맑음,교차로 - 교차로안,승용,남,29세,경상,승용,남,45세,상해없음
2023112500100593,2023년 11월 25일 22시,토요일,부산광역시 중구 중앙동4가,경상사고,0,0,1,0,차대차 - 기타,안전운전불이행,건조,맑음,교차로 - 교차로안,승용,남,60세,기타불명,승용,여,24세,경상
2023112500100606,2023년 11월 25일 23시,토요일,부산광역시 남구 대연동,경상사고,0,0,1,0,차대차 - 추돌,안전운전불이행,건조,맑음,교차로 - 교차로안,승용,남,47세,상해없음,이륜,남,62세,경상
2023112500100607,2023년 11월 25일 23시,토요일,부산광역시 동래구 온천동,경상사고,0,0,1,0,차대사람 - 기타,안전운전불이행,건조,맑음,단일로 - 기타,승용,남,75세,상해없음,보행자,남,30세,경상
2023112500100608,2023년 11월 25일 23시,토요일,부산광역시 부산진구 전포동,경상사고,0,0,1,0,차대차 - 측면충돌,안전거리미확보,건조,맑음,단일로 - 기타,승용,남,26세,상해없음,원동기,남,29세,경상
2023112600100021,2023년 11월 26일 02시,일요일,부산광역시 연제구 연산동,경상사고,0,0,1,0,차대차 - 측면충돌,차로위반,건조,맑음,단일로 - 기타,승용,남,65세,상해없음,승용,남,65세,경상
2023112600100065,2023년 11월 26일 08시,일요일,부산광역시 강서구 명지동,중상사고,0,1,0,0,차대차 - 기타,안전운전불이행,건조,맑음,교차로 - 교차로부근,승용,남,38세,상해없음,개인형이동수단(PM),여,22세,중상
2023112600100089,2023년 11월 26일 10시,일요일,부산광역시 금정구 두구동,중상사고,0,1,0,0,차대차 - 측면충돌,안전운전불이행,건조,맑음,단일로 - 기타,자전거,남,79세,중상,승합,남,42세,상해없음
2023112600100149,2023년 11월 26일 13시,일요일,부산광역시 수영구 남천동,중상사고,0,1,0,0,차대차 - 추돌,안전운전불이행,건조,맑음,교차로 - 교차로안,승용,여,60세,상해없음,승용,남,55세,중상
2023112600100150,2023년 11월 26일 13시,일요일,부산광역시 영도구 동삼동,경상사고,0,0,4,0,차대차 - 기타,안전운전불이행,건조,맑음,단일로 - 기타,승용,남,77세,상해없음,승용,남,35세,경상
2023112600100151,2023년 11월 26일 13시,일요일,부산광역시 사하구 하단동,중상사고,0,2,1,0,차대차 - 측면충돌,교차로운행방법위반,건조,맑음,교차로 - 교차로안,승용,남,67세,상해없음,승용,남,40세,상해없음
2023112600100152,2023년 11월 26일 13시,일요일,부산광역시 강서구 명지동,경상사고,0,0,3,0,차대차 - 기타,안전운전불이행,건조,맑음,단일로 - 기타,승용,여,23세,기타불명,승용,남,43세,경상
2023112600100178,2023년 11월 26일 14시,일요일,부산광역시 수영구 광안동,중상사고,0,1,1,0,차대차 - 기타,안전운전불이행,건조,맑음,교차로 - 교차로안,이륜,남,35세,경상,이륜,남,22세,중상
2023112600100211,2023년 11월 26일 15시,일요일,부산광역시 금정구 부곡동,경상사고,0,0,1,0,차대차 - 측면충돌,안전운전불이행,건조,맑음,단일로 - 기타,승용,남,44세,상해없음,원동기,남,19세,경상
2023112600100228,2023년 11월 26일 16시,일요일,부산광역시 서구 충무동1가,경상사고,0,0,1,0,차대사람 - 차도통행중,안전운전불이행,건조,맑음,단일로 - 기타,승용,남,65세,상해없음,보행자,여,62세,경상
2023112600100229,2023년 11월 26일 16시,일요일,부산광역시 사상구 주례동,중상사고,0,1,1,0,차대차 - 측면충돌,안전거리미확보,건조,맑음,단일로 - 고가도로위,화물,남,47세,상해없음,승용,남,81세,상해없음
2023112600100290,2023년 11월 26일 18시,일요일,부산광역시 부산진구 양정동,중상사고,0,1,0,1,차대차 - 기타,신호위반,건조,맑음,교차로 - 교차로안,승용,여,37세,부상신고,이륜,남,50세,중상
2023112600100348,2023년 11월 26일 20시,일요일,부산광역시 연제구 연산동,경상사고,0,0,1,1,차대차 - 측면충돌,신호위반,건조,맑음,교차로 - 교차로부근,이륜,남,77세,부상신고,승합,남,63세,경상
2023112600100368,2023년 11월 26일 21시,일요일,부산광역시 북구 금곡동,경상사고,0,0,2,0,차대차 - 기타,안전운전불이행,건조,맑음,단일로 - 기타,승용,남,51세,상해없음,승용,남,49세,경상
2023112600100378,2023년 11월 26일 22시,일요일,부산광역시 북구 구포동,경상사고,0,0,2,0,차대차 - 기타,신호위반,건조,맑음,기타 - 기타,이륜,남,27세,상해없음,승용,남,65세,경상