사고번호,사고일시,요일,시군구,사고내용,사망자수,중상자수,경상자수,부상신고자수,사고유형,법규위반,노면상태,기상상태,도로형태,가해운전자 차종,가해운전자 성별,가해운전자 연령,가해운전자 상해정도,피해운전자 차종,피해운전자 성별,피해운전자 연령,피해운전자 상해정도
2023120500100113,2023년 12월 5일 09시,화요일,부산광역시 중구 영주동,경상사고,0,0,1,0,차대차 - 측면충돌,차로위반,건조,맑음,단일로 - 기타,승용,남,64세,상해없음,승용,여,29세,경상
2023120500100160,2023년 12월 5일 11시,화요일,부산광역시 부산진구 개금동,중상사고,0,1,0,0,차대사람 - 기타,안전운전불이행,건조,맑음,교차로 - 교차로안,화물,남,59세,상해없음,보행자,여,56세,중상
2023120500100191,2023년 12월 5일 12시,화요일,부산광역시 북구 덕천동,경상사고,0,0,1,0,차대차 - 기타,안전운전불이행,건조,맑음,단일로 - 기타,화물,남,67세,상해없음,승용,남,51세,경상
2023120500100192,2023년 12월 5일 12시,화요일,부산광역시 동래구 온천동,경상사고,0,0,2,0,차대차 - 측면충돌,교차로운행방법위반,건조,맑음,단일로 - 기타,승용,여,43세,상해없음,승용,남,39세,경상
2023120500100193,2023년 12월 5일 12시,화요일,부산광역시 부산진구 양정동,경상사고,0,0,2,0,차대차 - 측면충돌,안전거리미확보,건조,맑음,단일로 - 기타,승용,여,60세,기타불명,화물,남,33세,경상
2023120500100194,2023년 12월 5일 12시,화요일,부산광역시 금정구 구서동,경상사고,0,0,1,0,차대차 - 측면충돌,신호위반,건조,맑음,교차로 - 교차로안,이륜,남,53세,상해없음,승용,여,51세,경상
2023120500100195,2023년 12월 5일 12시,화요일,부산광역시 사상구 학장동,경상사고,0,0,1,0,차대차 - 측면충돌,안전운전불이행,건조,맑음,교차로 - 교차로안,이륜,남,66세,경상,승용,남,61세,상해없음
2023120500100196,2023년 12월 5일 12시,화요일,부산광역시 기장군 철마면,부상신고사고,0,0,0,1,차대차 - 기타,안전거리미확보,건조,맑음,단일로 - 기타,특수,남,66세,상해없음,승용,남,59세,부상신고
2023120500100224,2023년 12월 5일 13시,화요일,부산광역시 중구 중앙동7가,중상사고,0,1,0,0,차대차 - 측면충돌,교차로운행방법위반,건조,맑음,교차로 - 교차로안,승용,여,55세,상해없음,승용,여,24세,중상
2023120500100225,2023년 12월 5일 13시,화요일,부산광역시 수영구 민락동,경상사고,0,0,1,0,차대차 - 추돌,안전운전불이행,건조,맑음,교차로 - 교차로안,승용,남,21세,기타불명,승용,남,63세,경상
2023120500100226,2023년 12월 5일 13시,화요일,부산광역시 부산진구 부암동,중상사고,0,1,0,0,차대차 - 정면충돌,신호위반,건조,맑음,교차로 - 교차로안,승용,여,52세,상해없음,이륜,남,52세,중상
2023120500100227,2023년 12월 5일 13시,화요일,부산광역시 사하구 감천동,중상사고,0,1,0,0,차대차 - 측면충돌,안전운전불이행,건조,맑음,단일로 - 기타,승용,남,61세,상해없음,자전거,여,76세,중상
2023120500100228,2023년 12월 5일 13시,화요일,부산광역시 사하구 장림동,중상사고,0,1,0,0,차대차 - 측면충돌,안전거리미확보,건조,맑음,단일로 - 기타,승용,남,22세,상해없음,이륜,여,55세,중상
2023120500100263,2023년 12월 5일 14시,화요일,부산광역시 남구 용호동,경상사고,0,0,1,0,차대사람 - 기타,안전운전불이행,건조,맑음,단일로 - 기타,승용,여,53세,상해없음,보행자,여,79세,경상
2023120500100264,2023년 12월 5일 14시,화요일,부산광역시 부산진구 가야동,중상사고,0,1,0,0,차대차 - 측면충돌,안전거리미확보,건조,맑음,단일로 - 기타,특수,남,62세,상해없음,승용,남,52세,중상
2023120500100265,2023년 12월 5일 14시,화요일,부산광역시 금정구 남산동,중상사고,0,1,0,0,차대사람 - 기타,안전운전불이행,건조,기타,기타 - 기타,승합,남,52세,상해없음,보행자,여,67세,중상
2023120500100334,2023년 12월 5일 16시,화요일,부산광역시 강서구 명지동,경상사고,0,0,1,0,차대차 - 측면충돌,안전운전불이행,건조,맑음,교차로 - 교차로안,화물,남,71세,상해없음,승용,남,24세,경상
2023120500100335,2023년 12월 5일 16시,화요일,부산광역시 기장군 기장읍,경상사고,0,0,1,0,차대차 - 추돌,직진우회전진행방해,건조,맑음,교차로 - 교차로부근,승용,남,59세,상해없음,승용,남,42세,경상
2023120500100366,2023년 12월 5일 17시,화요일,부산광역시 부산진구 범천동,중상사고,0,1,0,0,차대차 - 측면충돌,신호위반,건조,맑음,교차로 - 교차로안,승용,여,40세,기타불명,이륜,남,24세,중상
2023120500100413,2023년 12월 5일 18시,화요일,부산광역시 북구 덕천동,경상사고,0,0,1,0,차대차 - 기타,안전운전불이행,건조,맑음,단일로 - 기타,승용,남,75세,상해없음,이륜,남,57세,경상
2023120500100414,2023년 12월 5일 18시,화요일,부산광역시 동래구 사직동,경상사고,0,0,1,0,차대차 - 후진중충돌,안전운전불이행,건조,맑음,주차장 - 주차장,화물,남,66세,상해없음,승용,여,29세,경상
2023120500100415,2023년 12월 5일 18시,화요일,부산광역시 사상구 주례동,경상사고,0,0,1,0,차대사람 - 보도통행중,신호위반,건조,맑음,교차로 - 교차로부근,이륜,남,42세,기타불명,보행자,여,42세,경상
2023120500100470,2023년 12월 5일 19시,화요일,부산광역시 동래구 온천동,경상사고,0,0,1,0,차대사람 - 횡단중,보행자보호의무위반,건조,맑음,교차로 - 교차로횡단보도내,승용,여,45세,상해없음,보행자,남,44세,경상
2023120500100472,2023년 12월 5일 19시,화요일,부산광역시 금정구 부곡동,경상사고,0,0,2,0,차대차 - 측면충돌,안전운전불이행,건조,맑음,교차로 - 교차로부근,원동기,남,31세,경상,승용,여,67세,경상
2023120500100505,2023년 12월 5일 20시,화요일,부산광역시 연제구 거제동,경상사고,0,0,2,0,차대차 - 측면충돌,신호위반,건조,맑음,교차로 - 교차로안,승용,남,70세,상해없음,승용,남,27세,경상
2023120500100506,2023년 12월 5일 20시,화요일,부산광역시 기장군 기장읍,경상사고,0,0,1,0,차대사람 - 횡단중,교차로운행방법위반,건조,맑음,교차로 - 교차로횡단보도내,승용,남,47세,상해없음,보행자,여,67세,경상
2023120500100534,2023년 12월 5일 21시,화요일,부산광역시 중구 중앙동3가,중상사고,0,1,0,0,차대차 - 측면충돌,신호위반,건조,맑음,교차로 - 교차로안,승용,여,25세,상해없음,승용,여,54세,중상
2023120500100562,2023년 12월 5일 22시,화요일,부산광역시 서구 동대신동1가,부상신고사고,0,0,0,1,차대차 - 기타,신호위반,건조,맑음,교차로 - 교차로안,승용,여,33세,상해없음,승용,남,60세,부상신고
2023120500100563,2023년 12월 5일 22시,화요일,부산광역시 사하구 장림동,경상사고,0,0,3,0,차대차 - 측면충돌,안전운전불이행,건조,맑음,교차로 - 교차로안,화물,남,66세,상해없음,승용,남,32세,경상
2023120600100001,2023년 12월 6일 00시,수요일,부산광역시 남구 대연동,중상사고,0,1,0,0,차대사람 - 횡단중,안전운전불이행,건조,맑음,교차로 - 교차로부근,이륜,남,37세,상해없음,보행자,여,21세,중상
2023120600100025,2023년 12월 6일 03시,수요일,부산광역시 남구 대연동,중상사고,0,1,0,0,차대차 - 추돌,안전운전불이행,건조,맑음,교차로 - 교차로부근,이륜,남,40세,중상,건설기계,남,62세,기타불명
2023120600100033,2023년 12월 6일 05시,수요일,부산광역시 사상구 괘법동,중상사고,0,1,0,0,차대차 - 후진중충돌,안전운전불이행,건조,맑음,단일로 - 기타,승용,남,57세,기타불명,승용,남,53세,중상
2023120600100060,2023년 12월 6일 07시,수요일,부산광역시 금정구 남산동,경상사고,0,0,1,0,차대차 - 측면충돌,안전거리미확보,건조,맑음,단일로 - 기타,건설기계,남,66세,상해없음,승용,남,48세,경상
2023120600100061,2023년 12월 6일 07시,수요일,부산광역시 강서구 송정동,중상사고,0,1,0,0,차대차 - 측면충돌,안전운전불이행,건조,맑음,교차로 - 교차로부근,승용,남,63세,상해없음,승용,남,40세,중상
2023120600100090,2023년 12월 6일 08시,수요일,부산광역시 동구 범일동,경상사고,0,0,1,0,차대차 - 추돌,안전운전불이행,건조,맑음,교차로 - 교차로부근,화물,남,35세,상해없음,승용,남,35세,경상
2023120600100091,2023년 12월 6일 08시,수요일,부산광역시 서구 서대신동3가,경상사고,0,0,1,0,차대사람 - 횡단중,보행자보호의무위반,건조,맑음,교차로 - 교차로안,승용,남,58세,상해없음,보행자,여,80세,경상
2023120600100092,2023년 12월 6일 08시,수요일,부산광역시 사상구 괘법동,경상사고,0,0,1,0,차대차 - 기타,신호위반,건조,맑음,교차로 - 교차로안,승용,여,72세,상해없음,이륜,남,60세,경상
2023120600100122,2023년 12월 6일 09시,수요일,부산광역시 남구 용호동,경상사고,0,0,3,0,차대차 - 측면충돌,교차로운행방법위반,건조,맑음,교차로 - 교차로안,화물,남,68세,경상,승용,남,23세,경상
2023120600100123,2023년 12월 6일 09시,수요일,부산광역시 영도구 영선동4가,중상사고,0,1,1,0,차대차 - 기타,안전거리미확보,건조,맑음,단일로 - 고가도로위,화물,남,70세,상해없음,승용,여,50세,중상
2023120600100125,2023년 12월 6일 09시,수요일,부산광역시 강서구 송정동,경상사고,0,0,1,0,차대차 - 추돌,안전거리미확보,건조,맑음,교차로 - 교차로부근,특수,남,59세,상해없음,승용,여,38세,경상
2023120600100159,2023년 12월 6일 10시,수요일,부산광역시 금정구 부곡동,중상사고,0,1,0,0,차대사람 - 횡단중,보행자보호의무위반,건조,맑음,교차로 - 교차로안,화물,남,40세,상해없음,보행자,여,73세,중상
2023120600100160,2023년 12월 6일 10시,수요일,부산광역시 금정구 남산동,경상사고,0,0,1,0,차대사람 - 횡단중,보행자보호의무위반,건조,맑음,교차로 - 교차로횡단보도내,승용,여,77세,상해없음,보행자,여,46세,경상
2023120600100191,2023년 12월 6일 11시,수요일,부산광역시 금정구 장전동,경상사고,0,0,1,0,차대차 - 측면충돌,안전운전불이행,건조,맑음,단일로 - 기타,승용,남,44세,상해없음,승용,남,53세,경상
2023120600100306,2023년 12월 6일 16시,수요일,부산광역시 동구 좌천동,중상사고,0,1,0,0,차대차 - 측면충돌,안전거리미확보,건조,맑음,교차로 - 교차로안,승용,남,77세,상해없음,승용,남,44세,중상
2023120600100307,2023년 12월 6일 16시,수요일,부산광역시 해운대구 우동,경상사고,0,0,1,0,차대차 - 추돌,안전운전불이행,건조,맑음,교차로 - 교차로부근,승용,남,63세,상해없음,승용,남,34세,경상
2023120600100338,2023년 12월 6일 17시,수요일,부산광역시 남구 용호동,경상사고,0,0,1,0,차대사람 - 횡단중,보행자보호의무위반,건조,맑음,교차로 - 교차로횡단보도내,승용,남,62세,상해없음,보행자,여,47세,경상
2023120600100339,2023년 12월 6일 17시,수요일,부산광역시 영도구 청학동,중상사고,0,2,0,0,차대차 - 추돌,안전거리미확보,건조,맑음,단일로 - 기타,이륜,남,51세,상해없음,이륜,남,18세,중상
2023120600100340,2023년 12월 6일 17시,수요일,부산광역시 부산진구 가야동,중상사고,0,1,1,0,차대차 - 추돌,안전운전불이행,건조,맑음,교차로 - 교차로횡단보도내,승합,남,55세,상해없음,승용,남,43세,중상
2023120600100422,2023년 12월 6일 18시,수요일,부산광역시 남구 문현동,중상사고,0,1,0,0,차대사람 - 차도통행중,중앙선침범,건조,맑음,교차로 - 교차로부근,승용,남,59세,상해없음,보행자,여,26세,중상
2023120600100423,2023년 12월 6일 18시,수요일,부산광역시 북구 만덕동,경상사고,0,0,1,0,차대사람 - 횡단중,보행자보호의무위반,젖음/습기,비,교차로 - 교차로횡단보도내,화물,남,44세,상해없음,보행자,여,61세,경상
2023120600100424,2023년 12월 6일 18시,수요일,부산광역시 해운대구 우동,중상사고,0,1,0,0,차대사람 - 횡단중,보행자보호의무위반,건조,맑음,교차로 - 교차로횡단보도내,승용,여,64세,상해없음,보행자,남,31세,중상
2023120600100499,2023년 12월 6일 19시,수요일,부산광역시 서구 아미동1가,중상사고,0,1,1,0,차대사람 - 횡단중,신호위반,건조,맑음,단일로 - 기타,승용,여,45세,상해없음,보행자,남,28세,중상
2023120600100500,2023년 12월 6일 19시,수요일,부산광역시 남구 대연동,경상사고,0,0,2,0,차대차 - 추돌,안전운전불이행,건조,맑음,단일로 - 기타,승용,남,66세,상해없음,승용,남,65세,경상
2023120600100501,2023년 12월 6일 19시,수요일,부산광역시 남구 용당동,경상사고,0,0,1,0,차대차 - 정면충돌,안전운전불이행,건조,맑음,교차로 - 교차로부근,승용,남,73세,기타불명,승용,여,39세,경상
2023120600100502,2023년 12월 6일 19시,수요일,부산광역시 금정구 서동,경상사고,0,0,1,0,차대사람 - 횡단중,안전운전불이행,건조,맑음,교차로 - 교차로안,승합,남,34세,상해없음,보행자,남,68세,경상
2023120600100557,2023년 12월 6일 21시,수요일,부산광역시 부산진구 양정동,중상사고,0,1,0,0,차대사람 - 보도통행중,안전운전불이행,젖음/습기,비,단일로 - 기타,승용,남,30세,상해없음,보행자,여,72세,중상
2023120600100558,2023년 12월 6일 21시,수요일,부산광역시 금정구 부곡동,경상사고,0,0,2,0,차대차 - 정면충돌,안전운전불이행,젖음/습기,비,교차로 - 교차로안,승용,남,35세,상해없음,승용,남,47세,경상
2023120600100559,2023년 12월 6일 21시,수요일,부산광역시 사상구 주례동,경상사고,0,0,1,0,차대사람 - 기타,안전운전불이행,젖음/습기,비,기타 - 기타,승용,남,60세,상해없음,보행자,남,27세,경상
2023120600100560,2023년 12월 6일 21시,수요일,부산광역시 기장군 기장읍,경상사고,0,0,1,0,차대사람 - 길가장자리구역통행중,안전운전불이행,젖음/습기,비,교차로 - 교차로부근,승용,남,56세,상해없음,보행자,여,53세,경상
2023120600100578,2023년 12월 6일 22시,수요일,부산광역시 북구 화명동,중상사고,0,1,1,0,차량단독 - 공작물충돌,안전운전불이행,건조,기타,단일로 - 기타,승용,남,57세,경상,,,,
2023120700100004,2023년 12월 7일 00시,목요일,부산광역시 부산진구 양정동,중상사고,0,1,2,0,차대차 - 기타,교차로운행방법위반,건조,맑음,교차로 - 교차로안,승용,남,19세,상해없음,승용,남,47세,상해없음
2023120700100016,2023년 12월 7일 02시,목요일,부산광역시 수영구 광안동,경상사고,0,0,1,0,차대사람 - 기타,기타,건조,맑음,단일로 - 기타,승용,남,41세,상해없음,보행자,남,46세,경상
2023120700100080,2023년 12월 7일 08시,목요일,부산광역시 서구 서대신동3가,중상사고,0,1,0,0,차대사람 - 횡단중,보행자보호의무위반,건조,맑음,교차로 - 교차로횡단보도내,승용,남,54세,상해없음,보행자,여,54세,중상
2023120700100081,2023년 12월 7일 08시,목요일,부산광역시 남구 용호동,중상사고,0,1,0,0,차대차 - 기타,안전운전불이행,건조,맑음,교차로 - 교차로부근,승용,여,49세,상해없음,자전거,여,64세,중상
2023120700100082,2023년 12월 7일 08시,목요일,부산광역시 동래구 복천동,중상사고,0,1,0,0,차대차 - 기타,안전운전불이행,건조,맑음,단일로 - 기타,승용,남,52세,상해없음,승용,여,40세,중상
2023120700100083,2023년 12월 7일 08시,목요일,부산광역시 부산진구 가야동,경상사고,0,0,2,0,차대차 - 기타,교차로운행방법위반,건조,맑음,교차로 - 교차로안,승용,남,31세,상해없음,승용,남,50세,경상
2023120700100084,2023년 12월 7일 08시,목요일,부산광역시 금정구 구서동,경상사고,0,0,1,0,차대차 - 기타,안전운전불이행,건조,맑음,기타 - 기타,승용,남,48세,상해없음,승용,남,27세,경상
2023120700100085,2023년 12월 7일 08시,목요일,부산광역시 강서구 명지동,중상사고,0,1,1,0,차대차 - 추돌,안전운전불이행,건조,맑음,단일로 - 기타,승용,남,28세,상해없음,승합,남,27세,중상
2023120700100086,2023년 12월 7일 08시,목요일,부산광역시 강서구 대저2동,경상사고,0,0,2,0,차대차 - 측면충돌,안전운전불이행,건조,맑음,교차로 - 교차로안,승용,남,43세,경상,화물,남,61세,경상
2023120700100122,2023년 12월 7일 09시,목요일,부산광역시 동구 좌천동,중상사고,0,1,0,0,차대차 - 추돌,안전운전불이행,건조,맑음,단일로 - 기타,이륜,남,77세,상해없음,원동기,남,65세,상해없음
2023120700100150,2023년 12월 7일 10시,목요일,부산광역시 중구 남포동6가,중상사고,0,1,0,0,차대사람 - 차도통행중,안전운전불이행,건조,맑음,교차로 - 교차로안,화물,남,57세,상해없음,보행자,여,63세,중상
2023120700100151,2023년 12월 7일 10시,목요일,부산광역시 부산진구 범천동,경상사고,0,0,1,0,차대차 - 추돌,안전거리미확보,건조,맑음,교차로 - 교차로안,승용,여,38세,상해없음,승용,남,37세,경상
2023120700100178,2023년 12월 7일 11시,목요일,부산광역시 서구 토성동5가,경상사고,0,0,1,0,차대사람 - 기타,안전운전불이행,건조,맑음,단일로 - 기타,승용,남,62세,상해없음,보행자,남,82세,경상
2023120700100179,2023년 12월 7일 11시,목요일,부산광역시 동래구 온천동,경상사고,0,0,1,0,차대차 - 기타,안전운전불이행,건조,맑음,교차로 - 교차로안,승용,남,57세,상해없음,승용,여,63세,경상
2023120700100180,2023년 12월 7일 11시,목요일,부산광역시 금정구 장전동,경상사고,0,0,1,0,차대사람 - 기타,안전운전불이행,건조,맑음,기타 - 기타,이륜,남,29세,상해없음,보행자,여,22세,경상
2023120700100181,2023년 12월 7일 11시,목요일,부산광역시 사하구 구평동,경상사고,0,0,1,0,차대차 - 추돌,안전거리미확보,건조,맑음,단일로 - 기타,건설기계,남,69세,상해없음,승용,남,74세,경상
2023120700100182,2023년 12월 7일 11시,목요일,부산광역시 강서구 명지동,경상사고,0,0,1,0,차대차 - 기타,신호위반,건조,맑음,교차로 - 교차로안,승용,여,62세,기타불명,승용,여,36세,경상
2023120700100209,2023년 12월 7일 12시,목요일,부산광역시 사상구 모라동,경상사고,0,0,1,0,차대사람 - 차도통행중,안전운전불이행,건조,맑음,단일로 - 기타,승용,남,70세,상해없음,보행자,여,69세,경상
2023120700100238,2023년 12월 7일 13시,목요일,부산광역시 부산진구 범천동,중상사고,0,4,20,0,차대차 - 측면충돌,신호위반,건조,맑음,단일로 - 기타,승합,남,57세,상해없음,승합,남,40세,경상
2023120700100239,2023년 12월 7일 13시,목요일,부산광역시 금정구 부곡동,중상사고,0,1,0,0,차대차 - 측면충돌,안전운전불이행,건조,맑음,단일로 - 기타,자전거,남,15세,중상,승합,남,66세,상해없음
2023120700100240,2023년 12월 7일 13시,목요일,부산광역시 강서구 대저1동,경상사고,0,0,1,0,차대차 - 측면충돌,안전운전불이행,건조,맑음,교차로 - 교차로안,승용,남,61세,상해없음,승용,여,59세,경상
2023120700100272,2023년 12월 7일 14시,목요일,부산광역시 영도구 봉래동4가,경상사고,0,0,1,0,차대차 - 기타,안전운전불이행,건조,맑음,교차로 - 교차로안,승용,남,38세,상해없음,화물,남,45세,경상
2023120700100311,2023년 12월 7일 15시,목요일,부산광역시 사하구 신평동,경상사고,0,0,1,0,차대차 - 기타,안전운전불이행,건조,맑음,교차로 - 교차로안,승용,여,70세,상해없음,승용,남,40세,경상
2023120700100338,2023년 12월 7일 16시,목요일,부산광역시 동래구 명장동,경상사고,0,0,1,0,차대차 - 측면충돌,안전운전불이행,건조,맑음,교차로 - 교차로안,승용,남,36세,상해없음,화물,남,55세,경상
2023120700100339,2023년 12월 7일 16시,목요일,부산광역시 강서구 대저2동,경상사고,0,0,1,0,차대사람 - 기타,안전운전불이행,건조,맑음,단일로 - 기타,승용,남,44세,상해없음,보행자,남,63세,경상
2023120700100340,2023년 12월 7일 16시,목요일,부산광역시 강서구 명지동,중상사고,0,1,1,0,차대사람 - 기타,안전운전불이행,건조,맑음,단일로 - 기타,승용,여,42세,상해없음,보행자,여,68세,중상
2023120700100375,2023년 12월 7일 17시,목요일,부산광역시 북구 덕천동,경상사고,0,0,1,0,차대사람 - 기타,보행자보호의무위반,건조,맑음,교차로 - 교차로횡단보도내,승용,여,74세,상해없음,보행자,여,9세,경상
2023120700100376,2023년 12월 7일 17시,목요일,부산광역시 북구 덕천동,경상사고,0,0,1,0,차대차 - 기타,안전운전불이행,건조,맑음,교차로 - 교차로부근,승용,여,47세,상해없음,이륜,남,49세,경상
2023120700100428,2023년 12월 7일 18시,목요일,부산광역시 남구 용호동,경상사고,0,0,1,0,차대사람 - 기타,안전운전불이행,건조,맑음,단일로 - 기타,승용,여,48세,상해없음,보행자,남,61세,경상
2023120700100429,2023년 12월 7일 18시,목요일,부산광역시 남구 대연동,경상사고,0,0,1,0,차량단독 - 전도전복 - 전도,기타,건조,맑음,단일로 - 기타,승합,남,61세,상해없음,,,,
2023120700100430,2023년 12월 7일 18시,목요일,부산광역시 기장군 기장읍,경상사고,0,0,1,0,차대차 - 측면충돌,안전운전불이행,건조,맑음,교차로 - 교차로안,승용,남,69세,상해없음,승용,여,52세,경상
2023120700100431,2023년 12월 7일 18시,목요일,부산광역시 기장군 기장읍,경상사고,0,0,2,0,차대차 - 추돌,안전거리미확보,건조,맑음,단일로 - 기타,승합,남,58세,상해없음,승용,여,40세,경상
2023120700100491,2023년 12월 7일 19시,목요일,부산광역시 부산진구 전포동,경상사고,0,0,1,0,차대차 - 기타,신호위반,건조,맑음,교차로 - 교차로안,승용,여,30세,상해없음,승용,남,43세,경상
2023120700100527,2023년 12월 7일 20시,목요일,부산광역시 남구 용당동,경상사고,0,0,1,0,차대사람 - 횡단중,보행자보호의무위반,건조,흐림,교차로 - 교차로횡단보도내,승용,남,44세,상해없음,보행자,여,54세,경상
2023120700100546,2023년 12월 7일 21시,목요일,부산광역시 수영구 민락동,경상사고,0,0,1,0,차대차 - 측면충돌,신호위반,건조,맑음,단일로 - 기타,승용,남,41세,상해없음,이륜,남,37세,경상
2023120700100565,2023년 12월 7일 22시,목요일,부산광역시 수영구 광안동,경상사고,0,0,1,0,차대차 - 측면충돌,신호위반,건조,맑음,교차로 - 교차로안,승용,남,47세,상해없음,승용,남,25세,경상
2023120800100011,2023년 12월 8일 01시,금요일,부산광역시 연제구 연산동,경상사고,0,0,2,0,차대차 - 기타,신호위반,건조,맑음,교차로 - 교차로안,승용,남,27세,상해없음,이륜,남,22세,경상
2023120800100019,2023년 12월 8일 04시,금요일,부산광역시 동래구 온천동,경상사고,0,0,1,0,차대차 - 기타,중앙선침범,건조,맑음,단일로 - 지하차도(도로)내,승용,남,59세,상해없음,승용,남,19세,상해없음
2023120800100023,2023년 12월 8일 05시,금요일,부산광역시 강서구 대저1동,중상사고,0,3,1,0,차대차 - 기타,기타,건조,맑음,단일로 - 기타,승용,남,57세,경상,승용,남,71세,상해없음
2023120800100035,2023년 12월 8일 06시,금요일,부산광역시 부산진구 부전동,중상사고,0,1,0,0,차대사람 - 기타,안전운전불이행,건조,맑음,단일로 - 기타,화물,남,67세,상해없음,보행자,남,73세,중상
2023120800100079,2023년 12월 8일 08시,금요일,부산광역시 수영구 광안동,부상신고사고,0,0,0,1,차대차 - 측면충돌,안전거리미확보,건조,맑음,단일로 - 터널,자전거,여,35세,부상신고,승용,남,32세,상해없음
2023120800100117,2023년 12월 8일 09시,금요일,부산광역시 사하구 신평동,경상사고,0,0,1,0,차대사람 - 기타,안전운전불이행,건조,맑음,단일로 - 지하차도(도로)내,화물,남,66세,상해없음,보행자,남,62세,경상
2023120800100118,2023년 12월 8일 09시,금요일,부산광역시 사상구 덕포동,경상사고,0,0,2,1,차대차 - 측면충돌,안전운전불이행,건조,맑음,교차로 - 교차로안,승용,여,32세,부상신고,승용,남,61세,경상
2023120800100148,2023년 12월 8일 10시,금요일,부산광역시 사하구 장림동,경상사고,0,0,1,0,차대차 - 측면충돌,안전운전불이행,건조,맑음,기타 - 기타,승용,여,54세,상해없음,승용,여,57세,경상
2023120800100213,2023년 12월 8일 12시,금요일,부산광역시 서구 남부민동,경상사고,0,0,1,0,차대사람 - 횡단중,기타,건조,기타,기타 - 기타,이륜,남,62세,상해없음,보행자,남,39세,경상
2023120800100214,2023년 12월 8일 12시,금요일,부산광역시 남구 대연동,경상사고,0,0,1,0,차대차 - 측면충돌,안전운전불이행,건조,맑음,교차로 - 교차로부근,승용,남,51세,상해없음,승용,남,66세,경상
2023120800100241,2023년 12월 8일 13시,금요일,부산광역시 부산진구 개금동,경상사고,0,0,1,0,차대차 - 측면충돌,안전거리미확보,건조,맑음,단일로 - 고가도로위,특수,남,48세,기타불명,승용,남,38세,경상
2023120800100242,2023년 12월 8일 13시,금요일,부산광역시 금정구 부곡동,경상사고,0,0,1,0,차대차 - 측면충돌,교차로운행방법위반,건조,맑음,교차로 - 교차로안,승합,남,67세,상해없음,이륜,남,62세,경상
2023120800100243,2023년 12월 8일 13시,금요일,부산광역시 사하구 하단동,중상사고,0,1,0,0,차대차 - 측면충돌,안전거리미확보,건조,맑음,교차로 - 교차로부근,승용,여,46세,상해없음,승용,여,56세,중상
2023120800100244,2023년 12월 8일 13시,금요일,부산광역시 강서구 녹산동,경상사고,0,0,1,0,차대차 - 추돌,안전운전불이행,건조,맑음,단일로 - 기타,승용,남,59세,상해없음,승용,여,64세,경상
2023120800100278,2023년 12월 8일 14시,금요일,부산광역시 동구 수정동,중상사고,0,4,18,0,차대차 - 추돌,안전운전불이행,건조,맑음,단일로 - 기타,승합,남,62세,상해없음,승합,남,62세,상해없음
2023120800100279,2023년 12월 8일 14시,금요일,부산광역시 동구 좌천동,경상사고,0,0,1,0,차대차 - 측면충돌,안전운전불이행,건조,맑음,단일로 - 기타,승용,여,27세,상해없음,승용,여,41세,경상
2023120800100280,2023년 12월 8일 14시,금요일,부산광역시 사하구 신평동,경상사고,0,0,1,0,차대차 - 기타,안전운전불이행,건조,맑음,단일로 - 기타,화물,남,58세,상해없음,승용,남,44세,경상
2023120800100281,2023년 12월 8일 14시,금요일,부산광역시 사하구 다대동,경상사고,0,0,1,0,차대차 - 후진중충돌,안전운전불이행,건조,맑음,단일로 - 기타,승용,여,46세,상해없음,승용,남,69세,경상
2023120800100282,2023년 12월 8일 14시,금요일,부산광역시 기장군 기장읍,경상사고,0,0,1,0,차대사람 - 기타,안전운전불이행,건조,맑음,단일로 - 기타,승용,남,54세,상해없음,보행자,여,70세,경상
2023120800100325,2023년 12월 8일 15시,금요일,부산광역시 서구 서대신동1가,중상사고,0,1,0,0,차대차 - 정면충돌,안전운전불이행,건조,맑음,교차로 - 교차로안,승용,남,22세,상해없음,이륜,남,51세,중상
2023120800100326,2023년 12월 8일 15시,금요일,부산광역시 북구 구포동,경상사고,0,0,1,0,차대차 - 기타,안전운전불이행,건조,맑음,단일로 - 기타,승용,남,32세,상해없음,승합,남,79세,경상
2023120800100328,2023년 12월 8일 15시,금요일,부산광역시 사상구 감전동,경상사고,0,0,1,0,차대차 - 측면충돌,신호위반,건조,맑음,교차로 - 교차로안,승용,여,24세,기타불명,화물,남,63세,경상
2023120800100375,2023년 12월 8일 16시,금요일,부산광역시 기장군 정관읍,경상사고,0,0,3,4,차대차 - 추돌,안전운전불이행,건조,맑음,단일로 - 기타,승용,여,67세,상해없음,승용,여,44세,경상
2023120800100406,2023년 12월 8일 17시,금요일,부산광역시 부산진구 부전동,중상사고,0,1,0,0,차량단독 - 전도전복 - 전도,기타,건조,맑음,기타 - 기타,승합,남,54세,상해없음,,,,
2023120800100407,2023년 12월 8일 17시,금요일,부산광역시 금정구 남산동,경상사고,0,0,1,0,차대차 - 측면충돌,안전거리미확보,건조,맑음,단일로 - 기타,승용,남,69세,상해없음,승용,여,23세,경상
2023120800100408,2023년 12월 8일 17시,금요일,부산광역시 금정구 청룡동,경상사고,0,0,1,0,차대차 - 측면충돌,안전운전불이행,건조,맑음,단일로 - 기타,승용,남,31세,상해없음,화물,남,63세,경상