사고번호,사고일시,요일,시군구,사고내용,사망자수,중상자수,경상자수,부상신고자수,사고유형,법규위반,노면상태,기상상태,도로형태,가해운전자 차종,가해운전자 성별,가해운전자 연령,가해운전자 상해정도,피해운전자 차종,피해운전자 성별,피해운전자 연령,피해운전자 상해정도
2023120800100409,2023년 12월 8일 17시,금요일,부산광역시 사하구 다대동,중상사고,0,2,0,0,차대차 - 기타,신호위반,건조,맑음,교차로 - 교차로안,승용,남,50세,상해없음,승용,여,37세,중상
2023120800100457,2023년 12월 8일 18시,금요일,부산광역시 북구 금곡동,경상사고,0,0,2,0,차대차 - 기타,안전거리미확보,건조,맑음,단일로 - 기타,화물,남,74세,상해없음,승용,남,37세,경상
2023120800100458,2023년 12월 8일 18시,금요일,부산광역시 해운대구 좌동,중상사고,0,2,0,0,차대차 - 측면충돌,안전거리미확보,건조,맑음,단일로 - 기타,승용,남,22세,상해없음,승용,여,37세,중상
2023120800100459,2023년 12월 8일 18시,금요일,부산광역시 부산진구 범천동,경상사고,0,0,2,0,차대차 - 측면충돌,안전거리미확보,건조,맑음,단일로 - 기타,승용,남,31세,상해없음,승용,여,41세,경상
2023120800100460,2023년 12월 8일 18시,금요일,부산광역시 금정구 서동,중상사고,0,2,0,0,차대차 - 기타,기타,건조,맑음,교차로 - 교차로안,승용,남,58세,중상,승용,여,22세,중상
2023120800100529,2023년 12월 8일 19시,금요일,부산광역시 남구 대연동,중상사고,0,1,1,0,차대차 - 기타,안전거리미확보,건조,맑음,단일로 - 기타,승용,남,56세,상해없음,승용,남,64세,경상
2023120800100530,2023년 12월 8일 19시,금요일,부산광역시 부산진구 개금동,부상신고사고,0,0,0,1,차대차 - 기타,중앙선침범,건조,맑음,교차로 - 교차로부근,자전거,남,70세,부상신고,이륜,남,23세,상해없음
2023120800100531,2023년 12월 8일 19시,금요일,부산광역시 부산진구 전포동,경상사고,0,0,1,0,차대사람 - 차도통행중,안전운전불이행,건조,맑음,단일로 - 기타,승용,남,22세,상해없음,보행자,여,28세,경상
2023120800100589,2023년 12월 8일 21시,금요일,부산광역시 서구 남부민동,경상사고,0,0,2,0,차대차 - 측면충돌,안전운전불이행,건조,맑음,단일로 - 기타,승용,남,29세,상해없음,승용,남,35세,경상
2023120800100590,2023년 12월 8일 21시,금요일,부산광역시 강서구 범방동,경상사고,0,0,1,0,차대차 - 추돌,안전운전불이행,건조,맑음,단일로 - 기타,승용,남,59세,상해없음,승용,남,32세,경상
2023120800100618,2023년 12월 8일 22시,금요일,부산광역시 기장군 장안읍,경상사고,0,0,1,0,차대차 - 기타,중앙선침범,건조,맑음,단일로 - 고가도로위,기타불명,기타불명,미분류,기타불명,승용,여,57세,경상
2023120900100004,2023년 12월 9일 00시,토요일,부산광역시 중구 부평동3가,중상사고,0,1,0,0,차대차 - 측면충돌,교차로운행방법위반,건조,맑음,교차로 - 교차로안,원동기,남,60세,중상,승합,남,55세,상해없음
2023120900100053,2023년 12월 9일 05시,토요일,부산광역시 부산진구 부암동,경상사고,0,0,1,0,차대차 - 측면충돌,안전운전불이행,건조,맑음,교차로 - 교차로부근,승용,남,31세,상해없음,이륜,남,46세,경상
2023120900100054,2023년 12월 9일 05시,토요일,부산광역시 강서구 대저1동,중상사고,0,1,0,0,차대사람 - 횡단중,보행자보호의무위반,건조,맑음,교차로 - 교차로부근,승용,남,37세,상해없음,보행자,여,74세,중상
2023120900100062,2023년 12월 9일 06시,토요일,부산광역시 영도구 대교동1가,중상사고,0,1,0,0,차대차 - 기타,교차로운행방법위반,건조,맑음,교차로 - 교차로부근,승용,남,68세,기타불명,승합,남,52세,상해없음
2023120900100063,2023년 12월 9일 06시,토요일,부산광역시 강서구 대저1동,중상사고,0,1,0,0,차대차 - 기타,신호위반,건조,맑음,교차로 - 교차로부근,승용,남,63세,상해없음,원동기,남,27세,중상
2023120900100109,2023년 12월 9일 09시,토요일,부산광역시 동래구 온천동,경상사고,0,0,1,0,차대차 - 기타,안전운전불이행,건조,맑음,교차로 - 교차로부근,건설기계,남,67세,상해없음,이륜,남,33세,경상
2023120900100140,2023년 12월 9일 10시,토요일,부산광역시 북구 화명동,경상사고,0,0,4,0,차대차 - 측면충돌,안전거리미확보,건조,맑음,단일로 - 기타,승합,남,50세,상해없음,승용,여,34세,경상
2023120900100141,2023년 12월 9일 10시,토요일,부산광역시 동래구 온천동,경상사고,0,0,1,0,차대차 - 측면충돌,교차로운행방법위반,건조,맑음,교차로 - 교차로안,승용,남,44세,상해없음,개인형이동수단(PM),여,62세,경상
2023120900100142,2023년 12월 9일 10시,토요일,부산광역시 강서구 대저1동,경상사고,0,0,1,0,차대사람 - 기타,안전운전불이행,건조,맑음,단일로 - 지하차도(도로)내,화물,남,61세,상해없음,보행자,남,67세,경상
2023120900100167,2023년 12월 9일 11시,토요일,부산광역시 금정구 장전동,경상사고,0,0,1,0,차대차 - 추돌,안전운전불이행,건조,맑음,단일로 - 기타,화물,남,69세,상해없음,승용,여,43세,경상
2023120900100240,2023년 12월 9일 13시,토요일,부산광역시 연제구 연산동,경상사고,0,0,3,0,차대차 - 측면충돌,신호위반,건조,맑음,교차로 - 교차로안,승용,남,70세,기타불명,승용,남,68세,경상
2023120900100273,2023년 12월 9일 14시,토요일,부산광역시 동래구 온천동,경상사고,0,0,1,0,차대차 - 측면충돌,안전거리미확보,건조,맑음,단일로 - 기타,승용,남,34세,상해없음,화물,남,63세,경상
2023120900100274,2023년 12월 9일 14시,토요일,부산광역시 부산진구 초읍동,경상사고,0,0,1,0,차대차 - 후진중충돌,안전운전불이행,건조,맑음,단일로 - 기타,화물,남,54세,상해없음,이륜,남,39세,경상
2023120900100312,2023년 12월 9일 15시,토요일,부산광역시 부산진구 가야동,경상사고,0,0,1,0,차대차 - 정면충돌,안전운전불이행,건조,맑음,교차로 - 교차로부근,승용,여,36세,상해없음,이륜,남,36세,경상
2023120900100313,2023년 12월 9일 15시,토요일,부산광역시 부산진구 부전동,경상사고,0,0,1,0,차대사람 - 길가장자리구역통행중,안전운전불이행,건조,맑음,단일로 - 기타,승용,여,25세,상해없음,보행자,남,19세,경상
2023120900100347,2023년 12월 9일 16시,토요일,부산광역시 동구 범일동,경상사고,0,0,1,0,차대차 - 측면충돌,신호위반,건조,맑음,교차로 - 교차로안,승용,남,76세,상해없음,승용,남,60세,경상
2023120900100348,2023년 12월 9일 16시,토요일,부산광역시 동래구 안락동,중상사고,0,1,1,0,차대차 - 기타,중앙선침범,건조,맑음,단일로 - 기타,승합,남,28세,상해없음,승용,남,54세,경상
2023120900100349,2023년 12월 9일 16시,토요일,부산광역시 해운대구 우동,경상사고,0,0,1,0,차대사람 - 횡단중,보행자보호의무위반,건조,맑음,교차로 - 교차로안,승용,남,36세,상해없음,보행자,남,76세,경상
2023120900100376,2023년 12월 9일 17시,토요일,부산광역시 해운대구 중동,중상사고,0,1,0,0,차대차 - 측면충돌,안전거리미확보,건조,맑음,교차로 - 교차로안,승용,남,58세,상해없음,이륜,남,41세,중상
2023120900100377,2023년 12월 9일 17시,토요일,부산광역시 부산진구 개금동,경상사고,0,0,3,0,차대차 - 측면충돌,신호위반,건조,맑음,교차로 - 교차로부근,이륜,여,29세,경상,승용,남,37세,경상
2023120900100454,2023년 12월 9일 19시,토요일,부산광역시 영도구 신선동1가,중상사고,0,1,0,0,차대사람 - 차도통행중,안전운전불이행,건조,맑음,단일로 - 기타,승용,남,68세,기타불명,보행자,남,77세,중상
2023120900100456,2023년 12월 9일 19시,토요일,부산광역시 사하구 신평동,중상사고,0,1,0,0,차대차 - 측면충돌,안전운전불이행,건조,맑음,교차로 - 교차로안,화물,남,61세,상해없음,이륜,남,38세,중상
2023120900100457,2023년 12월 9일 19시,토요일,부산광역시 강서구 명지동,경상사고,0,0,1,0,차대차 - 기타,안전운전불이행,건조,맑음,교차로 - 교차로안,승용,여,48세,상해없음,자전거,남,13세,경상
2023120900100485,2023년 12월 9일 20시,토요일,부산광역시 부산진구 가야동,경상사고,0,0,1,0,차대사람 - 기타,안전운전불이행,건조,맑음,교차로 - 교차로부근,이륜,남,58세,상해없음,보행자,남,57세,경상
2023120900100540,2023년 12월 9일 22시,토요일,부산광역시 강서구 봉림동,경상사고,0,0,2,0,차대차 - 추돌,안전운전불이행,건조,맑음,교차로 - 교차로부근,승용,남,64세,상해없음,승용,남,28세,경상
2023120900100558,2023년 12월 9일 23시,토요일,부산광역시 사하구 다대동,중상사고,0,1,0,0,차대차 - 측면충돌,불법유턴,건조,맑음,교차로 - 교차로부근,이륜,남,70세,기타불명,이륜,남,41세,중상
2023121000100005,2023년 12월 10일 00시,일요일,부산광역시 해운대구 우동,경상사고,0,0,1,0,차대차 - 기타,안전운전불이행,건조,맑음,교차로 - 교차로안,기타불명,기타불명,미분류,기타불명,자전거,남,46세,경상
2023121000100006,2023년 12월 10일 00시,일요일,부산광역시 금정구 서동,경상사고,0,0,1,0,차대사람 - 길가장자리구역통행중,안전운전불이행,건조,맑음,단일로 - 기타,승용,남,53세,상해없음,보행자,남,64세,경상
2023121000100035,2023년 12월 10일 02시,일요일,부산광역시 해운대구 우동,중상사고,0,2,1,1,차대차 - 정면충돌,중앙선침범,건조,맑음,교차로 - 교차로부근,승용,여,26세,부상신고,승용,남,65세,경상
2023121000100056,2023년 12월 10일 06시,일요일,부산광역시 동래구 명륜동,경상사고,0,0,1,0,차대차 - 측면충돌,신호위반,건조,맑음,교차로 - 교차로안,승용,남,25세,기타불명,승용,남,65세,경상
2023121000100057,2023년 12월 10일 06시,일요일,부산광역시 강서구 강동동,경상사고,0,0,1,0,차대차 - 기타,신호위반,건조,맑음,교차로 - 교차로부근,승용,여,55세,상해없음,승용,여,71세,경상
2023121000100069,2023년 12월 10일 08시,일요일,부산광역시 북구 구포동,경상사고,0,0,2,0,차대차 - 후진중충돌,안전운전불이행,건조,맑음,단일로 - 기타,승용,남,50세,상해없음,승용,여,52세,경상
2023121000100081,2023년 12월 10일 09시,일요일,부산광역시 동래구 안락동,부상신고사고,0,0,0,1,차대차 - 측면충돌,안전운전불이행,건조,맑음,단일로 - 기타,승용,남,75세,상해없음,승용,남,40세,부상신고
2023121000100082,2023년 12월 10일 09시,일요일,부산광역시 부산진구 양정동,중상사고,0,1,0,0,차대차 - 측면충돌,신호위반,건조,맑음,단일로 - 기타,승용,남,81세,상해없음,개인형이동수단(PM),남,47세,중상
2023121000100083,2023년 12월 10일 09시,일요일,부산광역시 금정구 장전동,경상사고,0,0,1,0,차대차 - 측면충돌,안전운전불이행,건조,맑음,단일로 - 기타,승용,남,69세,상해없음,승용,남,72세,경상
2023121000100098,2023년 12월 10일 10시,일요일,부산광역시 금정구 부곡동,경상사고,0,0,1,0,차대사람 - 차도통행중,안전운전불이행,건조,맑음,단일로 - 지하차도(도로)내,이륜,남,35세,상해없음,보행자,여,66세,경상
2023121000100117,2023년 12월 10일 11시,일요일,부산광역시 연제구 연산동,경상사고,0,0,1,0,차대차 - 기타,안전거리미확보,건조,맑음,단일로 - 기타,승용,여,40세,상해없음,이륜,남,19세,경상
2023121000100138,2023년 12월 10일 12시,일요일,부산광역시 부산진구 범천동,중상사고,0,1,0,0,차대사람 - 횡단중,신호위반,건조,맑음,단일로 - 기타,이륜,남,30세,상해없음,보행자,여,30세,중상
2023121000100159,2023년 12월 10일 13시,일요일,부산광역시 동래구 온천동,중상사고,0,1,0,0,차대사람 - 횡단중,보행자보호의무위반,건조,맑음,교차로 - 교차로횡단보도내,승용,남,41세,상해없음,보행자,여,70세,중상
2023121000100187,2023년 12월 10일 14시,일요일,부산광역시 북구 화명동,경상사고,0,0,1,1,차량단독 - 공작물충돌,안전운전불이행,건조,맑음,단일로 - 기타,화물,여,62세,경상,,,,
2023121000100188,2023년 12월 10일 14시,일요일,부산광역시 연제구 연산동,경상사고,0,0,1,0,차대차 - 기타,안전운전불이행,건조,맑음,단일로 - 기타,이륜,남,22세,경상,승용,남,53세,상해없음
2023121000100211,2023년 12월 10일 15시,일요일,부산광역시 해운대구 우동,중상사고,0,1,0,0,차대차 - 기타,안전운전불이행,건조,맑음,단일로 - 기타,자전거,남,14세,중상,승용,남,26세,상해없음
2023121000100212,2023년 12월 10일 15시,일요일,부산광역시 연제구 거제동,중상사고,0,1,0,0,차대차 - 기타,안전거리미확보,건조,맑음,교차로 - 교차로부근,승용,여,53세,상해없음,승용,남,40세,상해없음
2023121000100244,2023년 12월 10일 16시,일요일,부산광역시 기장군 철마면,경상사고,0,0,2,0,차대차 - 정면충돌,안전운전불이행,건조,맑음,단일로 - 지하차도(도로)내,승용,여,71세,상해없음,승용,남,47세,경상
2023121000100279,2023년 12월 10일 17시,일요일,부산광역시 수영구 남천동,경상사고,0,0,1,0,차대차 - 기타,안전운전불이행,건조,맑음,단일로 - 기타,승용,남,67세,상해없음,승용,남,26세,경상
2023121000100280,2023년 12월 10일 17시,일요일,부산광역시 해운대구 우동,경상사고,0,0,4,0,차대차 - 측면충돌,안전운전불이행,건조,흐림,단일로 - 기타,승용,남,45세,상해없음,승용,남,35세,경상
2023121000100281,2023년 12월 10일 17시,일요일,부산광역시 기장군 정관읍,경상사고,0,0,1,0,차대차 - 후진중충돌,안전운전불이행,건조,맑음,단일로 - 기타,승용,남,58세,상해없음,승용,남,53세,경상
2023121000100318,2023년 12월 10일 18시,일요일,부산광역시 동래구 안락동,경상사고,0,0,2,0,차대차 - 기타,안전운전불이행,건조,맑음,단일로 - 기타,승용,남,62세,상해없음,승용,여,31세,경상
2023121000100319,2023년 12월 10일 18시,일요일,부산광역시 사상구 괘법동,경상사고,0,0,1,0,차대사람 - 보도통행중,안전운전불이행,건조,맑음,단일로 - 기타,승용,남,32세,상해없음,보행자,여,71세,경상
2023121000100363,2023년 12월 10일 19시,일요일,부산광역시 동래구 명륜동,중상사고,0,1,0,0,차대차 - 측면충돌,교차로운행방법위반,건조,맑음,교차로 - 교차로안,승용,남,68세,상해없음,자전거,남,11세,중상
2023121000100401,2023년 12월 10일 21시,일요일,부산광역시 해운대구 우동,경상사고,0,0,1,0,차대차 - 추돌,안전운전불이행,건조,맑음,단일로 - 기타,승용,남,28세,상해없음,승용,여,32세,경상
2023121000100426,2023년 12월 10일 23시,일요일,부산광역시 해운대구 우동,경상사고,0,0,1,0,차대사람 - 기타,안전운전불이행,건조,맑음,단일로 - 기타,이륜,남,19세,상해없음,보행자,여,26세,경상
2023121100100002,2023년 12월 11일 00시,월요일,부산광역시 부산진구 부전동,경상사고,0,0,1,0,차대사람 - 기타,안전운전불이행,건조,맑음,단일로 - 기타,승용,남,21세,상해없음,보행자,남,36세,경상
2023121100100009,2023년 12월 11일 01시,월요일,부산광역시 부산진구 전포동,경상사고,0,0,1,0,차대차 - 기타,신호위반,건조,맑음,교차로 - 교차로안,승용,남,20세,상해없음,승용,남,60세,경상
2023121100100028,2023년 12월 11일 05시,월요일,부산광역시 남구 대연동,사망사고,1,0,0,0,차대사람 - 횡단중,기타,젖음/습기,비,단일로 - 기타,승용,남,21세,상해없음,보행자,여,71세,사망
2023121100100029,2023년 12월 11일 05시,월요일,부산광역시 동래구 낙민동,사망사고,1,0,0,0,차대사람 - 횡단중,안전운전불이행,젖음/습기,비,단일로 - 기타,승용,남,42세,상해없음,보행자,남,88세,사망
2023121100100035,2023년 12월 11일 06시,월요일,부산광역시 해운대구 좌동,중상사고,0,1,0,0,차대차 - 기타,차로위반,젖음/습기,비,교차로 - 교차로부근,승용,여,42세,상해없음,특수,남,65세,중상
2023121100100036,2023년 12월 11일 06시,월요일,부산광역시 부산진구 부전동,경상사고,0,0,1,0,차대사람 - 횡단중,보행자보호의무위반,젖음/습기,비,교차로 - 교차로안,화물,남,59세,상해없음,보행자,남,64세,경상
2023121100100037,2023년 12월 11일 06시,월요일,부산광역시 사하구 장림동,중상사고,0,1,0,0,차대사람 - 횡단중,안전운전불이행,젖음/습기,비,교차로 - 교차로부근,승합,남,56세,상해없음,보행자,남,82세,중상
2023121100100103,2023년 12월 11일 08시,월요일,부산광역시 남구 감만동,경상사고,0,0,1,0,차대차 - 추돌,안전운전불이행,건조,맑음,단일로 - 기타,승용,남,36세,상해없음,승용,남,37세,기타불명
2023121100100104,2023년 12월 11일 08시,월요일,부산광역시 남구 문현동,경상사고,0,0,1,0,차대차 - 추돌,안전거리미확보,젖음/습기,맑음,교차로 - 교차로부근,승용,남,33세,상해없음,승용,남,67세,상해없음
2023121100100105,2023년 12월 11일 08시,월요일,부산광역시 수영구 망미동,경상사고,0,0,1,0,차대차 - 기타,차로위반,건조,맑음,단일로 - 기타,승용,남,72세,상해없음,이륜,남,35세,경상
2023121100100149,2023년 12월 11일 09시,월요일,부산광역시 남구 대연동,경상사고,0,0,1,0,차대차 - 추돌,안전운전불이행,건조,맑음,단일로 - 기타,화물,남,54세,상해없음,이륜,남,48세,경상
2023121100100150,2023년 12월 11일 09시,월요일,부산광역시 남구 문현동,경상사고,0,0,1,0,차대차 - 추돌,안전운전불이행,건조,맑음,교차로 - 교차로안,승용,남,52세,상해없음,승용,남,62세,경상
2023121100100151,2023년 12월 11일 09시,월요일,부산광역시 부산진구 가야동,경상사고,0,0,2,0,차대차 - 추돌,안전거리미확보,젖음/습기,비,단일로 - 터널,화물,남,54세,상해없음,화물,남,41세,경상
2023121100100152,2023년 12월 11일 09시,월요일,부산광역시 사하구 신평동,부상신고사고,0,0,0,1,차대차 - 기타,안전거리미확보,젖음/습기,비,단일로 - 기타,승용,남,34세,상해없음,승용,남,41세,부상신고
2023121100100171,2023년 12월 11일 10시,월요일,부산광역시 서구 서대신동3가,중상사고,0,1,0,0,차대차 - 추돌,신호위반,건조,맑음,교차로 - 교차로부근,승용,여,35세,상해없음,이륜,남,75세,중상
2023121100100172,2023년 12월 11일 10시,월요일,부산광역시 부산진구 가야동,경상사고,0,0,1,0,차대차 - 측면충돌,안전운전불이행,젖음/습기,비,단일로 - 터널,화물,남,59세,상해없음,승용,여,47세,경상
2023121100100173,2023년 12월 11일 10시,월요일,부산광역시 연제구 거제동,경상사고,0,0,1,0,차대차 - 측면충돌,안전운전불이행,건조,맑음,단일로 - 기타,승용,남,68세,상해없음,이륜,남,35세,경상
2023121100100200,2023년 12월 11일 11시,월요일,부산광역시 금정구 두구동,경상사고,0,0,1,0,차대차 - 추돌,안전운전불이행,건조,맑음,교차로 - 교차로부근,화물,남,67세,상해없음,화물,남,64세,경상
2023121100100231,2023년 12월 11일 12시,월요일,부산광역시 동구 범일동,경상사고,0,0,1,0,차대사람 - 차도통행중,안전운전불이행,젖음/습기,비,단일로 - 기타,승용,남,71세,상해없음,보행자,남,86세,경상
2023121100100232,2023년 12월 11일 12시,월요일,부산광역시 남구 대연동,중상사고,0,2,2,0,차대차 - 기타,안전운전불이행,건조,맑음,단일로 - 기타,승합,남,63세,상해없음,승합,남,55세,경상
2023121100100261,2023년 12월 11일 13시,월요일,부산광역시 동구 초량동,경상사고,0,0,1,0,차대차 - 측면충돌,안전운전불이행,젖음/습기,비,단일로 - 지하차도(도로)내,승용,여,47세,상해없음,승용,남,52세,경상
2023121100100262,2023년 12월 11일 13시,월요일,부산광역시 동래구 사직동,부상신고사고,0,0,0,1,차대차 - 기타,신호위반,젖음/습기,비,교차로 - 교차로안,이륜,남,21세,부상신고,승용,여,44세,상해없음
2023121100100263,2023년 12월 11일 13시,월요일,부산광역시 해운대구 송정동,경상사고,0,0,2,0,차대차 - 측면충돌,안전거리미확보,젖음/습기,비,교차로 - 교차로안,승용,남,64세,상해없음,승용,여,54세,경상
2023121100100264,2023년 12월 11일 13시,월요일,부산광역시 부산진구 부전동,중상사고,0,1,0,0,차대차 - 기타,신호위반,젖음/습기,비,교차로 - 교차로안,승용,남,63세,상해없음,승용,남,63세,중상
2023121100100287,2023년 12월 11일 14시,월요일,부산광역시 부산진구 연지동,경상사고,0,0,1,0,차대차 - 정면충돌,안전운전불이행,젖음/습기,비,단일로 - 기타,승용,남,37세,상해없음,승용,남,54세,경상
2023121100100350,2023년 12월 11일 16시,월요일,부산광역시 남구 용당동,경상사고,0,0,1,0,차대차 - 추돌,안전운전불이행,젖음/습기,비,기타 - 기타,화물,남,57세,상해없음,화물,남,43세,경상
2023121100100383,2023년 12월 11일 17시,월요일,부산광역시 동래구 안락동,경상사고,0,0,1,0,차대사람 - 기타,안전운전불이행,젖음/습기,맑음,기타 - 기타,승용,남,74세,상해없음,보행자,남,15세,경상
2023121100100384,2023년 12월 11일 17시,월요일,부산광역시 영도구 봉래동3가,중상사고,0,1,0,0,차대사람 - 횡단중,안전운전불이행,젖음/습기,비,단일로 - 기타,승용,여,28세,상해없음,보행자,남,66세,중상
2023121100100385,2023년 12월 11일 17시,월요일,부산광역시 해운대구 중동,중상사고,0,1,0,0,차대사람 - 기타,안전운전불이행,젖음/습기,비,교차로 - 교차로부근,이륜,남,48세,상해없음,보행자,여,59세,중상
2023121100100386,2023년 12월 11일 17시,월요일,부산광역시 금정구 부곡동,중상사고,0,1,1,0,차대차 - 후진중충돌,안전운전불이행,젖음/습기,비,단일로 - 기타,승합,남,65세,상해없음,승용,남,32세,경상
2023121100100387,2023년 12월 11일 17시,월요일,부산광역시 강서구 녹산동,경상사고,0,0,1,0,차대차 - 추돌,안전운전불이행,젖음/습기,비,단일로 - 터널,특수,남,55세,상해없음,승용,남,65세,경상
2023121100100388,2023년 12월 11일 17시,월요일,부산광역시 사상구 괘법동,경상사고,0,0,1,0,차대차 - 측면충돌,안전거리미확보,젖음/습기,비,단일로 - 기타,승용,여,47세,상해없음,승용,남,29세,경상
2023121100100466,2023년 12월 11일 18시,월요일,부산광역시 동구 범일동,경상사고,0,0,1,0,차대차 - 기타,직진우회전진행방해,건조,맑음,단일로 - 고가도로위,특수,남,61세,상해없음,승용,여,34세,경상
2023121100100467,2023년 12월 11일 18시,월요일,부산광역시 서구 남부민동,경상사고,0,0,2,0,차대차 - 추돌,안전거리미확보,젖음/습기,비,단일로 - 기타,승용,남,34세,상해없음,승용,여,44세,경상
2023121100100468,2023년 12월 11일 18시,월요일,부산광역시 수영구 광안동,경상사고,0,0,1,0,차대차 - 측면충돌,안전운전불이행,젖음/습기,비,단일로 - 기타,승용,남,68세,상해없음,이륜,남,35세,경상
2023121100100469,2023년 12월 11일 18시,월요일,부산광역시 동래구 명장동,경상사고,0,0,1,0,차대사람 - 차도통행중,신호위반,건조,맑음,단일로 - 기타,이륜,남,66세,상해없음,보행자,남,57세,경상
2023121100100470,2023년 12월 11일 18시,월요일,부산광역시 해운대구 우동,경상사고,0,0,1,0,차대차 - 기타,안전거리미확보,젖음/습기,비,단일로 - 기타,승용,남,55세,기타불명,승용,남,60세,경상
2023121100100471,2023년 12월 11일 18시,월요일,부산광역시 부산진구 가야동,경상사고,0,0,1,0,차대사람 - 기타,신호위반,젖음/습기,비,기타 - 기타,승용,남,26세,상해없음,보행자,남,19세,경상
2023121100100472,2023년 12월 11일 18시,월요일,부산광역시 부산진구 가야동,중상사고,0,1,1,0,차대사람 - 횡단중,안전운전불이행,젖음/습기,비,교차로 - 교차로안,이륜,남,52세,경상,보행자,여,74세,중상
2023121100100577,2023년 12월 11일 19시,월요일,부산광역시 중구 동광동5가,중상사고,0,1,0,0,차대사람 - 횡단중,안전운전불이행,젖음/습기,비,단일로 - 기타,이륜,남,23세,상해없음,보행자,여,71세,중상
2023121100100578,2023년 12월 11일 19시,월요일,부산광역시 부산진구 전포동,중상사고,0,1,0,0,차대사람 - 기타,보행자보호의무위반,젖음/습기,비,교차로 - 교차로안,이륜,남,35세,상해없음,보행자,여,51세,중상
2023121100100630,2023년 12월 11일 20시,월요일,부산광역시 중구 보수동1가,경상사고,0,0,1,0,차량단독 - 기타,기타,젖음/습기,비,단일로 - 기타,승합,남,39세,상해없음,,,,
2023121100100631,2023년 12월 11일 20시,월요일,부산광역시 해운대구 반송동,중상사고,0,1,0,0,차대차 - 추돌,안전운전불이행,건조,맑음,단일로 - 기타,승용,여,28세,상해없음,승용,여,55세,중상
2023121100100670,2023년 12월 11일 21시,월요일,부산광역시 남구 대연동,경상사고,0,0,2,0,차대차 - 기타,차로위반,젖음/습기,비,단일로 - 기타,승용,남,69세,상해없음,승용,남,66세,경상
2023121100100695,2023년 12월 11일 22시,월요일,부산광역시 금정구 남산동,경상사고,0,0,2,0,차대차 - 측면충돌,신호위반,건조,맑음,교차로 - 교차로부근,이륜,남,39세,경상,승용,남,55세,경상
2023121100100696,2023년 12월 11일 22시,월요일,부산광역시 사하구 괴정동,경상사고,0,0,1,0,차대차 - 기타,안전운전불이행,젖음/습기,비,기타 - 기타,화물,남,54세,상해없음,이륜,남,45세,경상
2023121100100715,2023년 12월 11일 23시,월요일,부산광역시 금정구 부곡동,경상사고,0,0,1,0,차대차 - 추돌,안전거리미확보,건조,맑음,단일로 - 기타,승용,남,53세,상해없음,승용,여,41세,경상
2023121200100002,2023년 12월 12일 00시,화요일,부산광역시 부산진구 양정동,경상사고,0,0,2,1,차대차 - 기타,신호위반,건조,맑음,교차로 - 교차로안,이륜,남,16세,부상신고,승용,남,24세,경상
2023121200100029,2023년 12월 12일 05시,화요일,부산광역시 사하구 하단동,경상사고,0,0,1,0,차대사람 - 기타,안전운전불이행,건조,맑음,단일로 - 기타,승용,남,64세,상해없음,보행자,남,41세,경상
2023121200100041,2023년 12월 12일 06시,화요일,부산광역시 수영구 남천동,중상사고,0,1,0,0,차대차 - 기타,안전운전불이행,젖음/습기,흐림,단일로 - 기타,자전거,남,64세,중상,승용,남,46세,상해없음
2023121200100042,2023년 12월 12일 06시,화요일,부산광역시 금정구 회동동,중상사고,0,1,0,0,차대사람 - 차도통행중,안전운전불이행,건조,맑음,교차로 - 교차로안,화물,남,56세,상해없음,보행자,남,62세,중상
2023121200100043,2023년 12월 12일 06시,화요일,부산광역시 사상구 모라동,중상사고,0,1,1,0,차대차 - 측면충돌,신호위반,건조,맑음,교차로 - 교차로안,승용,남,53세,상해없음,승용,여,58세,경상
2023121200100074,2023년 12월 12일 07시,화요일,부산광역시 서구 암남동,경상사고,0,0,1,0,차대차 - 측면충돌,안전거리미확보,건조,맑음,단일로 - 기타,화물,남,64세,상해없음,승용,남,29세,경상
2023121200100075,2023년 12월 12일 07시,화요일,부산광역시 동래구 안락동,경상사고,0,0,1,0,차대차 - 기타,안전운전불이행,건조,맑음,교차로 - 교차로안,승용,남,72세,상해없음,승용,남,46세,경상
2023121200100104,2023년 12월 12일 08시,화요일,부산광역시 사하구 괴정동,중상사고,0,1,0,0,차대사람 - 횡단중,안전운전불이행,건조,맑음,단일로 - 기타,화물,남,59세,상해없음,보행자,남,75세,중상
2023121200100105,2023년 12월 12일 08시,화요일,부산광역시 사하구 구평동,경상사고,0,0,1,0,차대차 - 후진중충돌,안전운전불이행,건조,맑음,단일로 - 기타,화물,남,52세,상해없음,승용,남,37세,경상
2023121200100106,2023년 12월 12일 08시,화요일,부산광역시 강서구 강동동,경상사고,0,0,1,0,차대사람 - 길가장자리구역통행중,안전운전불이행,젖음/습기,안개,단일로 - 기타,화물,남,74세,상해없음,보행자,남,69세,경상
2023121200100148,2023년 12월 12일 09시,화요일,부산광역시 수영구 광안동,중상사고,0,1,0,0,차대사람 - 횡단중,보행자보호의무위반,건조,흐림,교차로 - 교차로횡단보도내,승합,여,58세,상해없음,보행자,여,75세,중상