사고번호,사고일시,요일,시군구,사고내용,사망자수,중상자수,경상자수,부상신고자수,사고유형,법규위반,노면상태,기상상태,도로형태,가해운전자 차종,가해운전자 성별,가해운전자 연령,가해운전자 상해정도,피해운전자 차종,피해운전자 성별,피해운전자 연령,피해운전자 상해정도
2023121200100179,2023년 12월 12일 10시,화요일,부산광역시 수영구 망미동,중상사고,0,1,0,0,차대차 - 측면충돌,교차로운행방법위반,건조,흐림,교차로 - 교차로안,승용,남,66세,기타불명,원동기,남,72세,중상
2023121200100198,2023년 12월 12일 11시,화요일,부산광역시 서구 아미동1가,경상사고,0,0,2,0,차대차 - 추돌,안전운전불이행,건조,맑음,단일로 - 기타,승용,남,74세,상해없음,승용,여,53세,경상
2023121200100199,2023년 12월 12일 11시,화요일,부산광역시 남구 문현동,경상사고,0,0,1,0,차대차 - 기타,차로위반,건조,맑음,단일로 - 기타,승용,여,62세,상해없음,승용,남,42세,경상
2023121200100200,2023년 12월 12일 11시,화요일,부산광역시 사상구 학장동,중상사고,0,1,0,0,차대차 - 측면충돌,신호위반,건조,맑음,교차로 - 교차로안,화물,남,58세,기타불명,이륜,남,24세,중상
2023121200100229,2023년 12월 12일 12시,화요일,부산광역시 동래구 명장동,중상사고,0,1,0,0,차대사람 - 기타,안전운전불이행,건조,맑음,교차로 - 교차로부근,승용,남,55세,상해없음,보행자,여,76세,중상
2023121200100230,2023년 12월 12일 12시,화요일,부산광역시 해운대구 반여동,중상사고,0,1,0,0,차대차 - 정면충돌,기타,건조,맑음,교차로 - 교차로안,승용,여,51세,상해없음,승용,남,61세,중상
2023121200100231,2023년 12월 12일 12시,화요일,부산광역시 사상구 모라동,부상신고사고,0,0,0,1,차대차 - 기타,안전거리미확보,건조,맑음,단일로 - 기타,승용,여,62세,상해없음,승용,여,53세,부상신고
2023121200100252,2023년 12월 12일 13시,화요일,부산광역시 동래구 온천동,중상사고,0,1,0,0,차대사람 - 기타,안전운전불이행,건조,맑음,단일로 - 기타,승용,남,51세,상해없음,보행자,남,12세,중상
2023121200100253,2023년 12월 12일 13시,화요일,부산광역시 동래구 명륜동,경상사고,0,0,1,0,차대차 - 추돌,안전거리미확보,건조,맑음,단일로 - 기타,승용,여,33세,경상,승용,남,73세,상해없음
2023121200100254,2023년 12월 12일 13시,화요일,부산광역시 사하구 하단동,경상사고,0,0,2,0,차대차 - 추돌,신호위반,건조,맑음,단일로 - 기타,이륜,남,26세,기타불명,승용,남,77세,경상
2023121200100288,2023년 12월 12일 14시,화요일,부산광역시 남구 우암동,경상사고,0,0,2,0,차대차 - 추돌,안전거리미확보,건조,맑음,교차로 - 교차로부근,특수,남,61세,상해없음,승용,남,46세,경상
2023121200100289,2023년 12월 12일 14시,화요일,부산광역시 사하구 감천동,부상신고사고,0,0,0,1,차대사람 - 횡단중,신호위반,건조,맑음,기타 - 기타,승합,남,68세,상해없음,보행자,여,41세,부상신고
2023121200100290,2023년 12월 12일 14시,화요일,부산광역시 기장군 기장읍,경상사고,0,0,1,0,차대사람 - 횡단중,안전운전불이행,건조,맑음,교차로 - 교차로안,승용,남,77세,기타불명,보행자,여,85세,경상
2023121200100325,2023년 12월 12일 15시,화요일,부산광역시 사하구 구평동,경상사고,0,0,1,0,차대차 - 측면충돌,안전운전불이행,건조,맑음,단일로 - 기타,승용,여,48세,상해없음,화물,남,42세,경상
2023121200100326,2023년 12월 12일 15시,화요일,부산광역시 수영구 수영동,중상사고,0,1,0,0,차대사람 - 횡단중,안전운전불이행,건조,맑음,교차로 - 교차로안,승용,여,39세,상해없음,보행자,남,84세,중상
2023121200100327,2023년 12월 12일 15시,화요일,부산광역시 강서구 대저1동,경상사고,0,0,2,1,차대차 - 기타,안전운전불이행,건조,맑음,기타 - 기타,승용,남,40세,상해없음,승용,남,32세,경상
2023121200100366,2023년 12월 12일 16시,화요일,부산광역시 서구 토성동2가,중상사고,0,1,0,0,차대사람 - 차도통행중,안전운전불이행,젖음/습기,비,단일로 - 지하차도(도로)내,이륜,남,51세,상해없음,보행자,남,13세,중상
2023121200100367,2023년 12월 12일 16시,화요일,부산광역시 북구 금곡동,경상사고,0,0,1,0,차대차 - 측면충돌,안전거리미확보,건조,맑음,단일로 - 기타,승용,여,63세,상해없음,승합,여,60세,경상
2023121200100368,2023년 12월 12일 16시,화요일,부산광역시 연제구 연산동,중상사고,0,1,0,0,차대사람 - 기타,안전운전불이행,건조,맑음,단일로 - 기타,승용,남,40세,기타불명,보행자,여,70세,중상
2023121200100369,2023년 12월 12일 16시,화요일,부산광역시 연제구 연산동,경상사고,0,0,1,0,차량단독 - 기타,안전운전불이행,건조,맑음,단일로 - 기타,승합,남,51세,상해없음,,,,
2023121200100403,2023년 12월 12일 17시,화요일,부산광역시 수영구 광안동,중상사고,0,1,0,0,차대사람 - 횡단중,보행자보호의무위반,건조,맑음,교차로 - 교차로횡단보도내,승용,남,28세,상해없음,보행자,남,67세,중상
2023121200100404,2023년 12월 12일 17시,화요일,부산광역시 동래구 수안동,경상사고,0,0,1,0,차대차 - 측면충돌,안전운전불이행,건조,맑음,교차로 - 교차로부근,승용,여,52세,상해없음,승용,여,45세,경상
2023121200100405,2023년 12월 12일 17시,화요일,부산광역시 강서구 명지동,경상사고,0,0,1,0,차대차 - 기타,안전운전불이행,건조,맑음,교차로 - 교차로부근,화물,여,25세,상해없음,이륜,남,21세,경상
2023121200100468,2023년 12월 12일 18시,화요일,부산광역시 남구 문현동,부상신고사고,0,0,0,1,차대차 - 측면충돌,안전운전불이행,건조,맑음,교차로 - 교차로안,이륜,남,29세,부상신고,승용,남,46세,상해없음
2023121200100469,2023년 12월 12일 18시,화요일,부산광역시 사상구 모라동,경상사고,0,0,1,0,차대차 - 기타,안전거리미확보,건조,맑음,교차로 - 교차로부근,승용,여,54세,상해없음,승용,여,48세,경상
2023121200100470,2023년 12월 12일 18시,화요일,부산광역시 기장군 정관읍,경상사고,0,0,1,0,차대차 - 측면충돌,안전운전불이행,건조,맑음,교차로 - 교차로안,승용,여,69세,상해없음,이륜,남,46세,경상
2023121200100533,2023년 12월 12일 19시,화요일,부산광역시 사상구 모라동,중상사고,0,1,0,0,차대사람 - 횡단중,안전운전불이행,건조,맑음,단일로 - 기타,승용,남,65세,기타불명,보행자,남,46세,중상
2023121200100534,2023년 12월 12일 19시,화요일,부산광역시 사상구 주례동,경상사고,0,0,1,0,차대차 - 추돌,안전운전불이행,건조,맑음,교차로 - 교차로부근,승용,남,22세,상해없음,이륜,남,50세,경상
2023121200100559,2023년 12월 12일 20시,화요일,부산광역시 동래구 낙민동,경상사고,0,0,2,0,차대차 - 추돌,안전운전불이행,건조,맑음,단일로 - 기타,이륜,남,23세,상해없음,승합,남,61세,경상
2023121200100596,2023년 12월 12일 22시,화요일,부산광역시 부산진구 초읍동,경상사고,0,0,1,0,차대차 - 측면충돌,안전운전불이행,건조,맑음,단일로 - 기타,승용,남,51세,기타불명,승용,남,59세,경상
2023121200100619,2023년 12월 12일 23시,화요일,부산광역시 동래구 수안동,경상사고,0,0,1,0,차대차 - 기타,안전거리미확보,건조,맑음,단일로 - 기타,승용,남,68세,상해없음,이륜,남,28세,경상
2023121300100023,2023년 12월 13일 03시,수요일,부산광역시 중구 동광동3가,중상사고,0,1,0,0,차대차 - 측면충돌,안전운전불이행,건조,맑음,교차로 - 교차로안,승용,여,37세,상해없음,화물,남,48세,중상
2023121300100024,2023년 12월 13일 03시,수요일,부산광역시 부산진구 가야동,경상사고,0,0,3,0,차대차 - 기타,안전운전불이행,건조,맑음,단일로 - 기타,화물,남,56세,경상,화물,남,37세,경상
2023121300100055,2023년 12월 13일 07시,수요일,부산광역시 동구 범일동,경상사고,0,0,1,0,차대차 - 추돌,안전운전불이행,건조,맑음,단일로 - 기타,승합,남,62세,상해없음,승합,남,60세,상해없음
2023121300100076,2023년 12월 13일 08시,수요일,부산광역시 동래구 명륜동,중상사고,0,1,0,0,차대사람 - 횡단중,신호위반,건조,맑음,교차로 - 교차로안,승용,여,49세,상해없음,보행자,여,66세,중상
2023121300100077,2023년 12월 13일 08시,수요일,부산광역시 부산진구 가야동,경상사고,0,0,1,0,차대차 - 기타,안전운전불이행,건조,맑음,단일로 - 기타,승용,남,31세,상해없음,이륜,남,74세,경상
2023121300100078,2023년 12월 13일 08시,수요일,부산광역시 부산진구 부전동,경상사고,0,0,1,0,차대차 - 추돌,안전운전불이행,건조,맑음,교차로 - 교차로부근,승용,남,27세,상해없음,승용,남,28세,경상
2023121300100079,2023년 12월 13일 08시,수요일,부산광역시 부산진구 당감동,경상사고,0,0,1,0,차대차 - 기타,안전거리미확보,건조,맑음,단일로 - 기타,화물,남,41세,기타불명,승용,남,26세,경상
2023121300100080,2023년 12월 13일 08시,수요일,부산광역시 강서구 봉림동,경상사고,0,0,1,0,차대차 - 측면충돌,안전운전불이행,건조,맑음,단일로 - 기타,화물,남,59세,상해없음,승용,남,31세,경상
2023121300100122,2023년 12월 13일 09시,수요일,부산광역시 남구 감만동,경상사고,0,0,1,0,차대차 - 측면충돌,안전운전불이행,건조,맑음,교차로 - 교차로안,특수,남,75세,상해없음,건설기계,남,31세,경상
2023121300100123,2023년 12월 13일 09시,수요일,부산광역시 부산진구 전포동,경상사고,0,0,1,0,차대차 - 기타,신호위반,건조,맑음,교차로 - 교차로안,승용,남,41세,상해없음,이륜,남,23세,경상
2023121300100124,2023년 12월 13일 09시,수요일,부산광역시 부산진구 전포동,경상사고,0,0,1,0,차대차 - 측면충돌,안전운전불이행,건조,맑음,교차로 - 교차로안,승용,남,27세,상해없음,승용,여,33세,경상
2023121300100125,2023년 12월 13일 09시,수요일,부산광역시 강서구 지사동,중상사고,0,1,0,0,차대차 - 기타,안전운전불이행,건조,맑음,단일로 - 기타,승합,남,61세,상해없음,이륜,남,81세,중상
2023121300100147,2023년 12월 13일 10시,수요일,부산광역시 수영구 남천동,경상사고,0,0,2,0,차대차 - 기타,안전거리미확보,건조,맑음,단일로 - 기타,승용,남,73세,상해없음,승용,남,50세,경상
2023121300100148,2023년 12월 13일 10시,수요일,부산광역시 해운대구 재송동,경상사고,0,0,1,1,차대차 - 기타,안전운전불이행,건조,맑음,단일로 - 기타,화물,여,39세,상해없음,승합,남,39세,상해없음
2023121300100177,2023년 12월 13일 11시,수요일,부산광역시 연제구 거제동,경상사고,0,0,1,0,차대사람 - 횡단중,안전운전불이행,건조,맑음,단일로 - 기타,승용,남,59세,상해없음,보행자,여,56세,경상
2023121300100235,2023년 12월 13일 13시,수요일,부산광역시 남구 대연동,경상사고,0,0,1,0,차대사람 - 길가장자리구역통행중,안전운전불이행,건조,맑음,교차로 - 교차로안,승합,남,79세,상해없음,보행자,여,26세,경상
2023121300100236,2023년 12월 13일 13시,수요일,부산광역시 금정구 부곡동,경상사고,0,0,2,0,차대차 - 측면충돌,기타,건조,맑음,교차로 - 교차로안,승용,여,43세,경상,이륜,남,67세,경상
2023121300100237,2023년 12월 13일 13시,수요일,부산광역시 강서구 명지동,중상사고,0,1,0,0,차대차 - 기타,안전운전불이행,건조,맑음,교차로 - 교차로안,승용,여,54세,상해없음,이륜,남,43세,중상
2023121300100272,2023년 12월 13일 14시,수요일,부산광역시 북구 덕천동,경상사고,0,0,2,0,차대차 - 기타,안전운전불이행,건조,맑음,기타 - 기타,승용,남,49세,상해없음,승용,여,44세,경상
2023121300100273,2023년 12월 13일 14시,수요일,부산광역시 연제구 연산동,경상사고,0,0,1,0,차대사람 - 횡단중,보행자보호의무위반,건조,맑음,단일로 - 기타,승용,남,76세,상해없음,보행자,남,77세,경상
2023121300100296,2023년 12월 13일 15시,수요일,부산광역시 북구 덕천동,경상사고,0,0,1,0,차량단독 - 기타,기타,건조,맑음,기타 - 기타,승용,남,65세,상해없음,,,,
2023121300100297,2023년 12월 13일 15시,수요일,부산광역시 사하구 다대동,경상사고,0,0,1,0,차대차 - 기타,중앙선침범,건조,맑음,단일로 - 기타,승용,남,74세,상해없음,이륜,남,47세,경상
2023121300100298,2023년 12월 13일 15시,수요일,부산광역시 기장군 정관읍,경상사고,0,0,1,0,차대차 - 측면충돌,안전운전불이행,건조,맑음,기타 - 기타,승합,여,42세,상해없음,자전거,여,11세,경상
2023121300100325,2023년 12월 13일 16시,수요일,부산광역시 동구 초량동,경상사고,0,0,2,0,차대차 - 측면충돌,안전거리미확보,건조,맑음,단일로 - 기타,승용,남,55세,상해없음,승용,남,64세,경상
2023121300100326,2023년 12월 13일 16시,수요일,부산광역시 사하구 괴정동,경상사고,0,0,2,0,차대차 - 기타,안전운전불이행,건조,맑음,단일로 - 기타,승합,남,35세,상해없음,승용,남,37세,경상
2023121300100371,2023년 12월 13일 17시,수요일,부산광역시 북구 화명동,중상사고,0,2,2,0,차대차 - 정면충돌,안전운전불이행,건조,맑음,교차로 - 교차로안,승용,여,57세,상해없음,승용,남,63세,중상
2023121300100372,2023년 12월 13일 17시,수요일,부산광역시 동래구 안락동,경상사고,0,0,2,0,차대차 - 측면충돌,안전운전불이행,건조,맑음,교차로 - 교차로안,승용,여,47세,기타불명,승용,여,42세,경상
2023121300100438,2023년 12월 13일 18시,수요일,부산광역시 수영구 민락동,중상사고,0,1,0,0,차대차 - 측면충돌,안전운전불이행,건조,맑음,교차로 - 교차로안,자전거,남,55세,중상,승용,남,31세,상해없음
2023121300100439,2023년 12월 13일 18시,수요일,부산광역시 수영구 광안동,경상사고,0,0,1,0,차대차 - 추돌,안전운전불이행,건조,맑음,단일로 - 기타,승용,여,46세,상해없음,승용,남,29세,경상
2023121300100440,2023년 12월 13일 18시,수요일,부산광역시 남구 문현동,경상사고,0,0,1,0,차대차 - 측면충돌,안전운전불이행,건조,맑음,교차로 - 교차로안,승용,남,56세,상해없음,승용,남,48세,경상
2023121300100575,2023년 12월 13일 22시,수요일,부산광역시 동구 초량동,경상사고,0,0,3,0,차대차 - 측면충돌,신호위반,건조,맑음,교차로 - 교차로안,승용,남,25세,상해없음,승용,남,31세,경상
2023121300100576,2023년 12월 13일 22시,수요일,부산광역시 부산진구 부전동,경상사고,0,0,1,0,차대사람 - 횡단중,보행자보호의무위반,건조,맑음,단일로 - 기타,승합,남,62세,상해없음,보행자,여,39세,경상
2023121300100577,2023년 12월 13일 22시,수요일,부산광역시 금정구 부곡동,경상사고,0,0,1,0,차대차 - 측면충돌,안전운전불이행,건조,흐림,단일로 - 기타,승용,남,28세,상해없음,승용,남,34세,경상
2023121400100014,2023년 12월 14일 01시,목요일,부산광역시 부산진구 전포동,경상사고,0,0,1,0,차대사람 - 횡단중,안전운전불이행,건조,맑음,교차로 - 교차로횡단보도내,승용,남,54세,상해없음,보행자,여,48세,경상
2023121400100015,2023년 12월 14일 01시,목요일,부산광역시 금정구 장전동,경상사고,0,0,1,0,차대차 - 기타,안전운전불이행,건조,맑음,기타 - 기타,승용,여,28세,상해없음,승용,남,34세,경상
2023121400100040,2023년 12월 14일 06시,목요일,부산광역시 연제구 연산동,부상신고사고,0,0,0,1,차대차 - 추돌,차로위반,건조,맑음,단일로 - 기타,승용,남,50세,상해없음,승용,남,73세,부상신고
2023121400100082,2023년 12월 14일 08시,목요일,부산광역시 연제구 연산동,경상사고,0,0,1,0,차대차 - 추돌,중앙선침범,건조,맑음,단일로 - 기타,승용,여,34세,상해없음,승용,남,34세,상해없음
2023121400100118,2023년 12월 14일 09시,목요일,부산광역시 사하구 신평동,중상사고,0,2,1,0,차대차 - 추돌,안전거리미확보,건조,맑음,단일로 - 기타,승용,남,68세,상해없음,승용,여,55세,중상
2023121400100140,2023년 12월 14일 10시,목요일,부산광역시 사상구 괘법동,경상사고,0,0,1,0,차대사람 - 횡단중,보행자보호의무위반,젖음/습기,비,교차로 - 교차로횡단보도내,화물,남,54세,상해없음,보행자,남,44세,경상
2023121400100141,2023년 12월 14일 10시,목요일,부산광역시 기장군 기장읍,경상사고,0,0,1,0,차대차 - 측면충돌,차로위반,건조,맑음,교차로 - 교차로부근,승합,남,66세,상해없음,승용,남,68세,경상
2023121400100171,2023년 12월 14일 11시,목요일,부산광역시 북구 구포동,경상사고,0,0,1,0,차대차 - 기타,안전운전불이행,건조,맑음,기타 - 기타,화물,남,81세,상해없음,승용,남,63세,경상
2023121400100172,2023년 12월 14일 11시,목요일,부산광역시 부산진구 당감동,경상사고,0,0,1,0,차대차 - 추돌,안전운전불이행,젖음/습기,비,단일로 - 기타,승용,남,24세,상해없음,승용,남,46세,경상
2023121400100192,2023년 12월 14일 12시,목요일,부산광역시 동래구 사직동,경상사고,0,0,1,0,차대사람 - 횡단중,보행자보호의무위반,젖음/습기,비,교차로 - 교차로횡단보도내,승용,남,54세,상해없음,보행자,남,25세,경상
2023121400100193,2023년 12월 14일 12시,목요일,부산광역시 연제구 거제동,경상사고,0,0,1,0,차대차 - 추돌,안전운전불이행,건조,맑음,단일로 - 기타,승용,남,70세,상해없음,승용,여,62세,경상
2023121400100194,2023년 12월 14일 12시,목요일,부산광역시 사상구 삼락동,경상사고,0,0,1,0,차대차 - 추돌,안전운전불이행,젖음/습기,비,교차로 - 교차로부근,이륜,남,23세,경상,화물,남,69세,상해없음
2023121400100217,2023년 12월 14일 13시,목요일,부산광역시 동래구 칠산동,경상사고,0,0,3,0,차대차 - 기타,직진우회전진행방해,젖음/습기,비,교차로 - 교차로안,승용,여,58세,상해없음,승용,여,51세,경상
2023121400100218,2023년 12월 14일 13시,목요일,부산광역시 강서구 강동동,경상사고,0,0,2,0,차대차 - 추돌,안전운전불이행,건조,맑음,단일로 - 기타,화물,남,70세,경상,화물,남,37세,경상
2023121400100246,2023년 12월 14일 14시,목요일,부산광역시 수영구 광안동,경상사고,0,0,1,0,차대차 - 측면충돌,교차로운행방법위반,건조,맑음,교차로 - 교차로안,승용,남,26세,상해없음,승용,남,45세,경상
2023121400100247,2023년 12월 14일 14시,목요일,부산광역시 부산진구 개금동,부상신고사고,0,0,0,1,차대사람 - 기타,안전운전불이행,젖음/습기,비,단일로 - 기타,화물,남,57세,상해없음,보행자,남,11세,부상신고
2023121400100248,2023년 12월 14일 14시,목요일,부산광역시 사하구 당리동,중상사고,0,1,0,0,차대차 - 측면충돌,안전운전불이행,젖음/습기,흐림,기타 - 기타,승용,여,55세,중상,승용,남,56세,상해없음
2023121400100275,2023년 12월 14일 15시,목요일,부산광역시 남구 대연동,경상사고,0,0,1,0,차대차 - 측면충돌,안전운전불이행,젖음/습기,비,단일로 - 기타,승용,남,38세,기타불명,화물,남,39세,경상
2023121400100276,2023년 12월 14일 15시,목요일,부산광역시 남구 용호동,경상사고,0,0,1,0,차대사람 - 기타,안전운전불이행,젖음/습기,흐림,교차로 - 교차로부근,승합,남,35세,기타불명,보행자,여,78세,경상
2023121400100312,2023년 12월 14일 16시,목요일,부산광역시 수영구 남천동,경상사고,0,0,1,0,차대차 - 기타,안전운전불이행,젖음/습기,비,단일로 - 기타,특수,남,60세,상해없음,승용,여,49세,경상
2023121400100313,2023년 12월 14일 16시,목요일,부산광역시 남구 문현동,경상사고,0,0,1,0,차대차 - 기타,안전거리미확보,젖음/습기,비,단일로 - 기타,승용,남,55세,상해없음,승용,남,70세,경상
2023121400100344,2023년 12월 14일 17시,목요일,부산광역시 서구 서대신동3가,경상사고,0,0,1,0,차대차 - 측면충돌,안전운전불이행,젖음/습기,비,단일로 - 기타,승용,남,29세,상해없음,승합,남,61세,상해없음
2023121400100345,2023년 12월 14일 17시,목요일,부산광역시 남구 문현동,경상사고,0,0,1,1,차대차 - 측면충돌,안전운전불이행,건조,맑음,교차로 - 교차로안,승용,남,39세,경상,건설기계,남,65세,부상신고
2023121400100346,2023년 12월 14일 17시,목요일,부산광역시 사상구 주례동,경상사고,0,0,1,0,차대차 - 측면충돌,안전거리미확보,젖음/습기,비,단일로 - 기타,승용,남,64세,기타불명,승용,여,54세,경상
2023121400100427,2023년 12월 14일 18시,목요일,부산광역시 남구 문현동,경상사고,0,0,1,0,차대차 - 측면충돌,안전운전불이행,젖음/습기,맑음,교차로 - 교차로안,승용,여,38세,기타불명,승용,남,64세,경상
2023121400100428,2023년 12월 14일 18시,목요일,부산광역시 해운대구 반여동,중상사고,0,1,0,0,차대사람 - 횡단중,보행자보호의무위반,젖음/습기,비,교차로 - 교차로횡단보도내,승합,남,68세,상해없음,보행자,여,48세,중상
2023121400100429,2023년 12월 14일 18시,목요일,부산광역시 부산진구 전포동,경상사고,0,0,1,0,차대차 - 기타,신호위반,젖음/습기,비,교차로 - 교차로안,승용,남,65세,기타불명,승용,남,68세,기타불명
2023121400100430,2023년 12월 14일 18시,목요일,부산광역시 금정구 서동,경상사고,0,0,1,0,차대사람 - 횡단중,안전운전불이행,젖음/습기,비,교차로 - 교차로안,승용,남,51세,상해없음,보행자,여,75세,경상
2023121400100431,2023년 12월 14일 18시,목요일,부산광역시 연제구 거제동,경상사고,0,0,1,0,차대차 - 기타,신호위반,젖음/습기,맑음,교차로 - 교차로안,승용,남,30세,상해없음,이륜,남,48세,경상
2023121400100432,2023년 12월 14일 18시,목요일,부산광역시 연제구 연산동,경상사고,0,0,3,0,차대차 - 측면충돌,안전운전불이행,젖음/습기,비,단일로 - 기타,승용,남,58세,상해없음,승용,여,41세,경상
2023121400100516,2023년 12월 14일 19시,목요일,부산광역시 동래구 명륜동,경상사고,0,0,1,0,차대차 - 기타,신호위반,젖음/습기,비,교차로 - 교차로안,승용,남,27세,상해없음,원동기,남,38세,경상
2023121400100575,2023년 12월 14일 20시,목요일,부산광역시 금정구 부곡동,경상사고,0,0,1,0,차대사람 - 횡단중,신호위반,젖음/습기,비,기타 - 기타,이륜,남,28세,상해없음,보행자,남,53세,경상
2023121400100576,2023년 12월 14일 20시,목요일,부산광역시 연제구 연산동,경상사고,0,0,1,0,차대차 - 기타,신호위반,젖음/습기,비,교차로 - 교차로안,승용,여,48세,상해없음,이륜,남,25세,경상
2023121400100577,2023년 12월 14일 20시,목요일,부산광역시 강서구 대저2동,경상사고,0,0,2,0,차대차 - 기타,안전거리미확보,젖음/습기,비,단일로 - 기타,특수,남,38세,상해없음,승용,남,35세,경상
2023121400100618,2023년 12월 14일 21시,목요일,부산광역시 북구 구포동,경상사고,0,0,1,0,차대차 - 기타,안전운전불이행,젖음/습기,비,단일로 - 기타,승용,여,54세,상해없음,이륜,남,28세,경상
2023121400100657,2023년 12월 14일 22시,목요일,부산광역시 북구 화명동,경상사고,0,0,1,0,차대차 - 추돌,안전운전불이행,건조,맑음,단일로 - 기타,승용,남,42세,상해없음,승용,남,64세,경상
2023121400100685,2023년 12월 14일 23시,목요일,부산광역시 북구 화명동,경상사고,0,0,1,0,차대사람 - 기타,보행자보호의무위반,건조,맑음,단일로 - 기타,승용,남,31세,상해없음,보행자,여,51세,경상
2023121400100686,2023년 12월 14일 23시,목요일,부산광역시 금정구 남산동,경상사고,0,0,1,0,차대차 - 기타,안전운전불이행,젖음/습기,비,교차로 - 교차로안,기타불명,기타불명,미분류,기타불명,승용,남,40세,경상
2023121500100024,2023년 12월 15일 01시,금요일,부산광역시 부산진구 부암동,중상사고,0,1,2,0,차대차 - 측면충돌,신호위반,젖음/습기,비,교차로 - 교차로안,승용,남,61세,기타불명,승용,남,67세,경상
2023121500100094,2023년 12월 15일 07시,금요일,부산광역시 서구 동대신동2가,경상사고,0,0,1,0,차대차 - 기타,안전거리미확보,젖음/습기,비,단일로 - 교량,화물,남,49세,상해없음,이륜,남,42세,경상
2023121500100095,2023년 12월 15일 07시,금요일,부산광역시 남구 대연동,경상사고,0,0,1,0,차대차 - 기타,안전운전불이행,젖음/습기,비,단일로 - 기타,화물,남,50세,상해없음,승용,남,44세,경상
2023121500100096,2023년 12월 15일 07시,금요일,부산광역시 북구 금곡동,경상사고,0,0,2,0,차대차 - 추돌,안전운전불이행,젖음/습기,비,교차로 - 교차로부근,승용,여,45세,상해없음,승용,남,62세,경상
2023121500100150,2023년 12월 15일 08시,금요일,부산광역시 사하구 하단동,경상사고,0,0,1,0,차대차 - 측면충돌,안전거리미확보,젖음/습기,비,교차로 - 교차로안,화물,남,67세,상해없음,승용,남,53세,경상
2023121500100151,2023년 12월 15일 08시,금요일,부산광역시 사상구 엄궁동,경상사고,0,0,1,0,차대차 - 기타,안전운전불이행,건조,맑음,교차로 - 교차로부근,승용,남,55세,기타불명,승용,여,28세,경상
2023121500100192,2023년 12월 15일 09시,금요일,부산광역시 중구 광복동1가,중상사고,0,1,0,0,차대사람 - 횡단중,안전운전불이행,젖음/습기,비,교차로 - 교차로안,화물,남,23세,상해없음,보행자,여,66세,중상
2023121500100193,2023년 12월 15일 09시,금요일,부산광역시 부산진구 개금동,경상사고,0,0,1,0,차대사람 - 보도통행중,보행자보호의무위반,젖음/습기,비,단일로 - 기타,화물,남,64세,상해없음,보행자,남,82세,경상
2023121500100194,2023년 12월 15일 09시,금요일,부산광역시 부산진구 범천동,경상사고,0,0,1,0,차대차 - 측면충돌,안전거리미확보,젖음/습기,비,단일로 - 기타,승용,남,68세,상해없음,승용,여,26세,경상
2023121500100195,2023년 12월 15일 09시,금요일,부산광역시 부산진구 부전동,중상사고,0,1,0,0,차대차 - 측면충돌,교차로운행방법위반,젖음/습기,비,교차로 - 교차로안,화물,남,66세,상해없음,이륜,남,38세,중상
2023121500100226,2023년 12월 15일 10시,금요일,부산광역시 서구 동대신동2가,경상사고,0,0,2,0,차대차 - 측면충돌,직진우회전진행방해,건조,맑음,교차로 - 교차로안,화물,남,50세,경상,승용,남,34세,경상
2023121500100227,2023년 12월 15일 10시,금요일,부산광역시 수영구 광안동,중상사고,0,1,0,0,차대사람 - 기타,안전운전불이행,젖음/습기,비,교차로 - 교차로안,승용,남,32세,상해없음,보행자,남,86세,중상
2023121500100254,2023년 12월 15일 11시,금요일,부산광역시 부산진구 개금동,경상사고,0,0,1,0,차대차 - 기타,안전운전불이행,젖음/습기,비,교차로 - 교차로부근,승용,남,40세,상해없음,승용,여,36세,경상
2023121500100255,2023년 12월 15일 11시,금요일,부산광역시 금정구 부곡동,중상사고,0,1,0,0,차대사람 - 기타,안전운전불이행,젖음/습기,비,교차로 - 교차로안,승용,남,43세,상해없음,보행자,남,79세,중상
2023121500100298,2023년 12월 15일 12시,금요일,부산광역시 부산진구 양정동,경상사고,0,0,1,0,차대차 - 기타,안전운전불이행,젖음/습기,비,교차로 - 교차로부근,화물,남,33세,상해없음,승용,여,52세,경상
2023121500100321,2023년 12월 15일 13시,금요일,부산광역시 부산진구 범천동,경상사고,0,0,1,0,차대사람 - 길가장자리구역통행중,안전운전불이행,젖음/습기,비,단일로 - 기타,승용,남,26세,상해없음,보행자,여,63세,경상
2023121500100322,2023년 12월 15일 13시,금요일,부산광역시 부산진구 부전동,경상사고,0,0,2,0,차대차 - 기타,안전운전불이행,건조,맑음,기타 - 기타,승합,남,60세,상해없음,승합,남,39세,경상
2023121500100379,2023년 12월 15일 15시,금요일,부산광역시 서구 암남동,중상사고,0,1,1,0,차대차 - 추돌,안전운전불이행,젖음/습기,비,교차로 - 교차로안,승용,남,57세,상해없음,승용,남,65세,경상
2023121500100380,2023년 12월 15일 15시,금요일,부산광역시 수영구 민락동,부상신고사고,0,0,0,1,차대사람 - 차도통행중,안전운전불이행,젖음/습기,비,단일로 - 기타,승용,여,53세,상해없음,보행자,남,10세,부상신고