사고번호,사고일시,요일,시군구,사고내용,사망자수,중상자수,경상자수,부상신고자수,사고유형,법규위반,노면상태,기상상태,도로형태,가해운전자 차종,가해운전자 성별,가해운전자 연령,가해운전자 상해정도,피해운전자 차종,피해운전자 성별,피해운전자 연령,피해운전자 상해정도
2023121500100381,2023년 12월 15일 15시,금요일,부산광역시 사하구 괴정동,경상사고,0,0,2,0,차대차 - 기타,교차로운행방법위반,젖음/습기,비,교차로 - 교차로안,이륜,남,39세,경상,이륜,남,41세,경상
2023121500100382,2023년 12월 15일 15시,금요일,부산광역시 연제구 연산동,중상사고,0,1,0,0,차대사람 - 차도통행중,보행자보호의무위반,젖음/습기,비,교차로 - 교차로부근,승용,남,74세,상해없음,보행자,여,16세,중상
2023121500100383,2023년 12월 15일 15시,금요일,부산광역시 강서구 명지동,경상사고,0,0,1,0,차대차 - 기타,안전운전불이행,건조,맑음,교차로 - 교차로안,승용,여,73세,상해없음,승용,여,34세,경상
2023121500100409,2023년 12월 15일 16시,금요일,부산광역시 북구 덕천동,경상사고,0,0,1,0,차대사람 - 기타,안전운전불이행,젖음/습기,비,교차로 - 교차로횡단보도내,승합,남,76세,상해없음,보행자,남,69세,경상
2023121500100410,2023년 12월 15일 16시,금요일,부산광역시 동래구 사직동,경상사고,0,0,2,0,차대차 - 측면충돌,신호위반,젖음/습기,비,교차로 - 교차로안,승용,여,62세,기타불명,승용,남,41세,경상
2023121500100411,2023년 12월 15일 16시,금요일,부산광역시 영도구 동삼동,중상사고,0,1,0,0,차대사람 - 차도통행중,교차로운행방법위반,젖음/습기,비,교차로 - 교차로안,승용,여,48세,상해없음,보행자,여,66세,중상
2023121500100412,2023년 12월 15일 16시,금요일,부산광역시 강서구 대저2동,중상사고,0,1,0,0,차대사람 - 횡단중,보행자보호의무위반,젖음/습기,비,단일로 - 기타,승용,여,67세,상해없음,보행자,여,62세,중상
2023121500100413,2023년 12월 15일 16시,금요일,부산광역시 강서구 대저1동,경상사고,0,0,1,0,차대차 - 측면충돌,신호위반,젖음/습기,비,교차로 - 교차로안,승용,남,63세,상해없음,승용,남,67세,경상
2023121500100414,2023년 12월 15일 16시,금요일,부산광역시 금정구 노포동,중상사고,0,1,0,0,차대차 - 측면충돌,안전운전불이행,젖음/습기,비,단일로 - 기타,화물,남,58세,상해없음,화물,남,68세,중상
2023121500100451,2023년 12월 15일 17시,금요일,부산광역시 서구 동대신동3가,경상사고,0,0,1,0,차대차 - 측면충돌,중앙선침범,젖음/습기,맑음,교차로 - 교차로부근,승용,남,68세,상해없음,승용,남,68세,상해없음
2023121500100452,2023년 12월 15일 17시,금요일,부산광역시 수영구 광안동,경상사고,0,0,1,0,차대차 - 추돌,안전운전불이행,건조,맑음,교차로 - 교차로안,승용,남,64세,상해없음,승용,기타불명,미분류,기타불명
2023121500100453,2023년 12월 15일 17시,금요일,부산광역시 부산진구 개금동,부상신고사고,0,0,0,1,차대차 - 기타,안전운전불이행,젖음/습기,비,교차로 - 교차로안,이륜,남,24세,부상신고,승용,남,43세,상해없음
2023121500100454,2023년 12월 15일 17시,금요일,부산광역시 연제구 연산동,중상사고,0,1,0,0,차대사람 - 기타,보행자보호의무위반,젖음/습기,비,교차로 - 교차로횡단보도내,승용,남,67세,상해없음,보행자,남,24세,중상
2023121500100455,2023년 12월 15일 17시,금요일,부산광역시 강서구 대저1동,경상사고,0,0,1,0,차대차 - 추돌,안전운전불이행,젖음/습기,비,단일로 - 기타,화물,남,64세,상해없음,승용,여,62세,경상
2023121500100508,2023년 12월 15일 18시,금요일,부산광역시 남구 대연동,중상사고,0,1,0,0,차대사람 - 보도통행중,신호위반,젖음/습기,흐림,교차로 - 교차로횡단보도내,승용,남,71세,상해없음,보행자,남,66세,중상
2023121500100509,2023년 12월 15일 18시,금요일,부산광역시 북구 화명동,경상사고,0,0,1,0,차대차 - 측면충돌,안전운전불이행,젖음/습기,흐림,기타 - 기타,승합,남,51세,상해없음,승용,여,41세,경상
2023121500100510,2023년 12월 15일 18시,금요일,부산광역시 동래구 안락동,경상사고,0,0,1,0,차대차 - 측면충돌,교차로운행방법위반,젖음/습기,비,교차로 - 교차로안,승용,여,67세,상해없음,승용,여,23세,경상
2023121500100569,2023년 12월 15일 19시,금요일,부산광역시 북구 덕천동,경상사고,0,0,1,0,차대사람 - 기타,안전운전불이행,건조,맑음,단일로 - 기타,화물,남,48세,상해없음,보행자,남,40세,경상
2023121500100570,2023년 12월 15일 19시,금요일,부산광역시 북구 화명동,경상사고,0,0,1,0,차대차 - 측면충돌,안전운전불이행,젖음/습기,비,단일로 - 기타,승용,남,29세,상해없음,원동기,남,23세,경상
2023121500100571,2023년 12월 15일 19시,금요일,부산광역시 동래구 사직동,경상사고,0,0,1,0,차대차 - 기타,안전운전불이행,젖음/습기,비,기타 - 기타,승용,여,45세,상해없음,이륜,남,31세,경상
2023121500100572,2023년 12월 15일 19시,금요일,부산광역시 동래구 온천동,경상사고,0,0,2,0,차대차 - 후진중충돌,안전운전불이행,젖음/습기,비,교차로 - 교차로부근,승용,남,59세,상해없음,승용,남,21세,경상
2023121500100573,2023년 12월 15일 19시,금요일,부산광역시 동래구 온천동,경상사고,0,0,4,0,차대차 - 측면충돌,안전운전불이행,젖음/습기,비,단일로 - 기타,승용,여,63세,상해없음,승용,남,25세,경상
2023121500100574,2023년 12월 15일 19시,금요일,부산광역시 영도구 동삼동,중상사고,0,1,0,0,차대차 - 기타,기타,젖음/습기,비,단일로 - 기타,승용,남,27세,상해없음,승용,여,48세,중상
2023121500100575,2023년 12월 15일 19시,금요일,부산광역시 부산진구 개금동,경상사고,0,0,1,0,차대차 - 측면충돌,안전거리미확보,건조,맑음,교차로 - 교차로부근,승합,남,72세,상해없음,이륜,남,17세,경상
2023121500100576,2023년 12월 15일 19시,금요일,부산광역시 부산진구 부전동,중상사고,0,1,0,0,차대차 - 추돌,신호위반,젖음/습기,비,교차로 - 교차로부근,승용,남,58세,상해없음,승용,남,46세,상해없음
2023121500100577,2023년 12월 15일 19시,금요일,부산광역시 사하구 괴정동,중상사고,0,1,0,0,차대차 - 기타,교차로운행방법위반,젖음/습기,비,교차로 - 교차로안,승용,여,57세,상해없음,이륜,남,28세,중상
2023121500100616,2023년 12월 15일 20시,금요일,부산광역시 연제구 연산동,경상사고,0,0,1,0,차량단독 - 기타,안전운전불이행,젖음/습기,비,교차로 - 교차로안,승용,남,52세,상해없음,,,,
2023121500100617,2023년 12월 15일 20시,금요일,부산광역시 사상구 엄궁동,경상사고,0,0,1,0,차대차 - 추돌,안전운전불이행,젖음/습기,비,단일로 - 기타,승용,남,44세,상해없음,승합,남,36세,경상
2023121500100652,2023년 12월 15일 21시,금요일,부산광역시 금정구 장전동,경상사고,0,0,1,0,차대사람 - 횡단중,안전운전불이행,젖음/습기,비,교차로 - 교차로횡단보도내,승용,여,34세,상해없음,보행자,여,25세,경상
2023121500100653,2023년 12월 15일 21시,금요일,부산광역시 사하구 하단동,경상사고,0,0,1,0,차대차 - 기타,안전거리미확보,젖음/습기,비,단일로 - 기타,승용,남,79세,상해없음,승용,남,28세,경상
2023121500100654,2023년 12월 15일 21시,금요일,부산광역시 강서구 신호동,중상사고,0,1,0,0,차대차 - 기타,안전운전불이행,젖음/습기,비,교차로 - 교차로안,승용,남,39세,상해없음,승용,여,49세,중상
2023121500100655,2023년 12월 15일 21시,금요일,부산광역시 기장군 정관읍,경상사고,0,0,2,0,차대차 - 추돌,안전운전불이행,젖음/습기,비,교차로 - 교차로부근,승용,남,38세,상해없음,승용,남,37세,경상
2023121500100723,2023년 12월 15일 23시,금요일,부산광역시 사상구 삼락동,중상사고,0,1,1,0,차대차 - 추돌,안전운전불이행,젖음/습기,비,단일로 - 고가도로위,승용,남,62세,상해없음,승용,남,63세,중상
2023121600100004,2023년 12월 16일 00시,토요일,부산광역시 부산진구 연지동,경상사고,0,0,1,0,차대차 - 기타,안전운전불이행,젖음/습기,비,단일로 - 기타,승용,남,28세,상해없음,승용,남,39세,경상
2023121600100022,2023년 12월 16일 01시,토요일,부산광역시 동래구 온천동,경상사고,0,0,1,0,차대사람 - 횡단중,안전운전불이행,젖음/습기,비,교차로 - 교차로횡단보도내,승용,남,64세,상해없음,보행자,남,42세,경상
2023121600100036,2023년 12월 16일 02시,토요일,부산광역시 연제구 연산동,중상사고,0,1,0,0,차대차 - 정면충돌,신호위반,건조,맑음,교차로 - 교차로안,승용,남,67세,상해없음,승용,남,30세,중상
2023121600100058,2023년 12월 16일 04시,토요일,부산광역시 북구 덕천동,중상사고,0,1,0,0,차대사람 - 기타,안전운전불이행,건조,맑음,단일로 - 기타,승용,남,34세,상해없음,보행자,남,62세,중상
2023121600100059,2023년 12월 16일 04시,토요일,부산광역시 동래구 온천동,경상사고,0,0,1,0,차대차 - 기타,안전운전불이행,건조,맑음,단일로 - 기타,승용,남,32세,상해없음,승용,남,54세,상해없음
2023121600100077,2023년 12월 16일 06시,토요일,부산광역시 동래구 온천동,경상사고,0,0,1,0,차대차 - 추돌,안전거리미확보,젖음/습기,비,교차로 - 교차로부근,승용,남,80세,상해없음,승용,남,58세,경상
2023121600100078,2023년 12월 16일 06시,토요일,부산광역시 부산진구 부전동,경상사고,0,0,1,0,차대사람 - 기타,안전운전불이행,젖음/습기,비,단일로 - 기타,승용,남,26세,상해없음,보행자,남,25세,경상
2023121600100079,2023년 12월 16일 06시,토요일,부산광역시 연제구 연산동,경상사고,0,0,1,0,차대차 - 기타,차로위반,건조,맑음,단일로 - 기타,승용,남,73세,상해없음,승용,남,58세,경상
2023121600100138,2023년 12월 16일 10시,토요일,부산광역시 남구 우암동,경상사고,0,0,1,0,차대차 - 정면충돌,안전운전불이행,건조,맑음,교차로 - 교차로부근,승용,남,29세,상해없음,승용,남,66세,경상
2023121600100139,2023년 12월 16일 10시,토요일,부산광역시 동래구 사직동,경상사고,0,0,1,0,차대차 - 추돌,안전운전불이행,건조,맑음,단일로 - 기타,승용,여,41세,상해없음,승용,여,49세,경상
2023121600100173,2023년 12월 16일 11시,토요일,부산광역시 연제구 거제동,부상신고사고,0,0,0,1,차대차 - 기타,교차로운행방법위반,건조,맑음,교차로 - 교차로안,승용,여,44세,기타불명,승용,남,31세,기타불명
2023121600100197,2023년 12월 16일 12시,토요일,부산광역시 중구 대창동1가,경상사고,0,0,1,0,차대차 - 측면충돌,안전거리미확보,건조,맑음,교차로 - 교차로부근,승용,여,38세,상해없음,승용,남,40세,상해없음
2023121600100232,2023년 12월 16일 13시,토요일,부산광역시 수영구 광안동,중상사고,0,1,0,0,차대차 - 측면충돌,안전운전불이행,건조,맑음,교차로 - 교차로부근,승용,여,44세,상해없음,이륜,남,26세,중상
2023121600100263,2023년 12월 16일 14시,토요일,부산광역시 금정구 서동,중상사고,0,1,0,0,차대차 - 측면충돌,기타,건조,맑음,교차로 - 교차로안,이륜,남,69세,중상,승용,남,30세,상해없음
2023121600100295,2023년 12월 16일 15시,토요일,부산광역시 북구 금곡동,경상사고,0,0,2,0,차대차 - 추돌,안전거리미확보,건조,맑음,단일로 - 교량,승용,남,69세,상해없음,승용,남,46세,경상
2023121600100296,2023년 12월 16일 15시,토요일,부산광역시 동래구 사직동,중상사고,0,1,0,0,차대차 - 측면충돌,안전운전불이행,건조,맑음,단일로 - 기타,승용,남,35세,상해없음,이륜,남,52세,중상
2023121600100344,2023년 12월 16일 16시,토요일,부산광역시 기장군 기장읍,경상사고,0,0,2,0,차대차 - 추돌,안전운전불이행,건조,맑음,단일로 - 기타,승용,여,35세,상해없음,승용,남,35세,경상
2023121600100376,2023년 12월 16일 17시,토요일,부산광역시 영도구 동삼동,부상신고사고,0,0,0,1,차대차 - 기타,안전운전불이행,건조,맑음,주차장 - 주차장,원동기,기타불명,미분류,기타불명,승용,남,38세,상해없음
2023121600100377,2023년 12월 16일 17시,토요일,부산광역시 연제구 연산동,경상사고,0,0,1,0,차대차 - 측면충돌,신호위반,건조,맑음,교차로 - 교차로안,화물,남,55세,상해없음,승용,남,70세,상해없음
2023121600100436,2023년 12월 16일 18시,토요일,부산광역시 동구 초량동,경상사고,0,0,2,0,차대차 - 측면충돌,교차로운행방법위반,건조,맑음,교차로 - 교차로안,승용,남,65세,상해없음,승용,남,45세,경상
2023121600100437,2023년 12월 16일 18시,토요일,부산광역시 남구 대연동,경상사고,0,0,1,0,차대차 - 측면충돌,안전운전불이행,건조,맑음,기타 - 기타,승용,남,33세,상해없음,이륜,남,19세,경상
2023121600100438,2023년 12월 16일 18시,토요일,부산광역시 연제구 연산동,중상사고,0,2,0,0,차대차 - 기타,안전운전불이행,건조,맑음,교차로 - 교차로부근,이륜,남,29세,중상,이륜,남,38세,중상
2023121600100439,2023년 12월 16일 18시,토요일,부산광역시 사상구 학장동,경상사고,0,0,1,0,차대차 - 추돌,안전운전불이행,건조,맑음,단일로 - 기타,화물,남,58세,상해없음,승용,남,18세,경상
2023121600100484,2023년 12월 16일 19시,토요일,부산광역시 중구 부평동4가,경상사고,0,0,1,0,차대사람 - 차도통행중,신호위반,건조,맑음,교차로 - 교차로안,승용,남,25세,상해없음,보행자,여,82세,경상
2023121600100485,2023년 12월 16일 19시,토요일,부산광역시 동래구 명륜동,경상사고,0,0,1,0,차대사람 - 보도통행중,기타,건조,맑음,단일로 - 기타,승용,여,37세,상해없음,보행자,여,27세,경상
2023121600100486,2023년 12월 16일 19시,토요일,부산광역시 영도구 영선동4가,중상사고,0,1,0,0,차대사람 - 횡단중,보행자보호의무위반,건조,맑음,단일로 - 기타,기타불명,기타불명,미분류,기타불명,보행자,여,59세,중상
2023121600100487,2023년 12월 16일 19시,토요일,부산광역시 부산진구 전포동,경상사고,0,0,1,0,차대사람 - 기타,보행자보호의무위반,건조,맑음,교차로 - 교차로횡단보도내,승용,여,29세,상해없음,보행자,여,16세,경상
2023121600100488,2023년 12월 16일 19시,토요일,부산광역시 연제구 연산동,중상사고,0,1,1,0,차대차 - 측면충돌,기타,건조,맑음,교차로 - 교차로안,원동기,남,35세,중상,승용,남,51세,경상
2023121600100521,2023년 12월 16일 20시,토요일,부산광역시 북구 구포동,중상사고,0,1,0,0,차대사람 - 횡단중,안전운전불이행,건조,맑음,기타 - 기타,승용,남,31세,상해없음,보행자,남,63세,중상
2023121600100522,2023년 12월 16일 20시,토요일,부산광역시 해운대구 송정동,중상사고,0,1,0,0,차대사람 - 횡단중,보행자보호의무위반,건조,맑음,교차로 - 교차로부근,승용,남,59세,상해없음,보행자,여,55세,중상
2023121600100523,2023년 12월 16일 20시,토요일,부산광역시 해운대구 중동,중상사고,0,1,1,0,차대차 - 기타,안전운전불이행,건조,맑음,교차로 - 교차로안,승용,남,21세,상해없음,승용,남,56세,경상
2023121600100524,2023년 12월 16일 20시,토요일,부산광역시 부산진구 전포동,경상사고,0,0,1,0,차대사람 - 기타,안전운전불이행,건조,맑음,단일로 - 기타,승용,남,18세,상해없음,보행자,여,61세,경상
2023121600100525,2023년 12월 16일 20시,토요일,부산광역시 금정구 부곡동,경상사고,0,0,2,1,차대차 - 기타,안전운전불이행,건조,맑음,교차로 - 교차로부근,기타불명,기타불명,미분류,기타불명,승용,남,65세,경상
2023121600100552,2023년 12월 16일 21시,토요일,부산광역시 사하구 괴정동,경상사고,0,0,5,0,차대차 - 기타,신호위반,건조,맑음,교차로 - 교차로안,승용,남,57세,상해없음,승용,남,69세,경상
2023121700100001,2023년 12월 17일 00시,일요일,부산광역시 부산진구 부전동,중상사고,0,1,0,0,차대사람 - 횡단중,신호위반,건조,맑음,교차로 - 교차로횡단보도내,이륜,남,28세,상해없음,보행자,남,62세,중상
2023121700100017,2023년 12월 17일 01시,일요일,부산광역시 동래구 온천동,경상사고,0,0,1,0,차대사람 - 횡단중,보행자보호의무위반,건조,맑음,교차로 - 교차로횡단보도내,승용,남,57세,상해없음,보행자,남,32세,경상
2023121700100018,2023년 12월 17일 01시,일요일,부산광역시 부산진구 범천동,경상사고,0,0,1,0,차대차 - 추돌,안전운전불이행,건조,맑음,교차로 - 교차로부근,승용,여,44세,상해없음,승용,남,74세,경상
2023121700100034,2023년 12월 17일 02시,일요일,부산광역시 사상구 감전동,경상사고,0,0,1,0,차대차 - 추돌,안전운전불이행,건조,맑음,교차로 - 교차로부근,승용,남,41세,상해없음,승용,남,52세,경상
2023121700100068,2023년 12월 17일 06시,일요일,부산광역시 부산진구 부암동,경상사고,0,0,1,0,차대차 - 기타,안전거리미확보,건조,맑음,단일로 - 기타,승용,여,53세,상해없음,승용,남,34세,경상
2023121700100080,2023년 12월 17일 07시,일요일,부산광역시 중구 중앙동6가,경상사고,0,0,2,0,차대차 - 측면충돌,신호위반,건조,맑음,교차로 - 교차로부근,승용,남,75세,경상,승합,남,64세,경상
2023121700100103,2023년 12월 17일 10시,일요일,부산광역시 기장군 기장읍,경상사고,0,0,1,0,차대차 - 측면충돌,신호위반,건조,맑음,교차로 - 교차로안,승용,남,30세,상해없음,승용,남,41세,경상
2023121700100144,2023년 12월 17일 12시,일요일,부산광역시 연제구 연산동,경상사고,0,0,1,0,차대차 - 기타,교차로운행방법위반,건조,맑음,교차로 - 교차로안,화물,남,49세,상해없음,이륜,남,39세,경상
2023121700100171,2023년 12월 17일 13시,일요일,부산광역시 부산진구 부전동,중상사고,0,1,1,0,차대차 - 추돌,안전운전불이행,건조,맑음,단일로 - 기타,승합,남,62세,상해없음,승용,남,46세,중상
2023121700100172,2023년 12월 17일 13시,일요일,부산광역시 부산진구 당감동,중상사고,0,1,0,0,차대사람 - 횡단중,보행자보호의무위반,건조,맑음,교차로 - 교차로부근,승합,남,59세,상해없음,보행자,남,61세,중상
2023121700100173,2023년 12월 17일 13시,일요일,부산광역시 기장군 기장읍,경상사고,0,0,1,0,차대사람 - 길가장자리구역통행중,안전운전불이행,건조,맑음,단일로 - 기타,승용,여,71세,상해없음,보행자,남,63세,경상
2023121700100199,2023년 12월 17일 14시,일요일,부산광역시 수영구 민락동,중상사고,0,1,1,1,차대차 - 측면충돌,기타,건조,맑음,교차로 - 교차로안,승용,남,61세,중상,승용,남,43세,부상신고
2023121700100225,2023년 12월 17일 15시,일요일,부산광역시 북구 덕천동,경상사고,0,0,1,0,차대차 - 기타,교차로운행방법위반,건조,맑음,교차로 - 교차로안,승용,여,52세,상해없음,승용,여,24세,경상
2023121700100226,2023년 12월 17일 15시,일요일,부산광역시 강서구 명지동,중상사고,0,1,1,0,차대차 - 측면충돌,신호위반,건조,맑음,교차로 - 교차로안,승용,남,24세,상해없음,승용,여,65세,경상
2023121700100252,2023년 12월 17일 16시,일요일,부산광역시 북구 덕천동,중상사고,0,1,0,0,차대차 - 기타,신호위반,건조,맑음,교차로 - 교차로안,승용,남,28세,상해없음,이륜,남,22세,중상
2023121700100283,2023년 12월 17일 17시,일요일,부산광역시 수영구 수영동,중상사고,0,1,1,0,차대차 - 측면충돌,안전운전불이행,건조,맑음,단일로 - 기타,승합,남,55세,상해없음,승용,여,55세,중상
2023121700100284,2023년 12월 17일 17시,일요일,부산광역시 영도구 동삼동,경상사고,0,0,1,0,차대사람 - 차도통행중,안전운전불이행,건조,맑음,단일로 - 기타,이륜,남,42세,상해없음,보행자,남,76세,경상
2023121700100304,2023년 12월 17일 18시,일요일,부산광역시 서구 암남동,중상사고,0,2,0,0,차대차 - 정면충돌,중앙선침범,건조,맑음,단일로 - 기타,승용,남,40세,상해없음,화물,남,59세,중상
2023121700100305,2023년 12월 17일 18시,일요일,부산광역시 동래구 명장동,경상사고,0,0,1,0,차대차 - 측면충돌,안전운전불이행,건조,맑음,단일로 - 기타,승용,남,76세,상해없음,이륜,남,20세,경상
2023121700100306,2023년 12월 17일 18시,일요일,부산광역시 사하구 괴정동,경상사고,0,0,1,0,차대사람 - 횡단중,안전운전불이행,건조,맑음,교차로 - 교차로부근,승용,남,27세,상해없음,보행자,남,29세,경상
2023121700100372,2023년 12월 17일 21시,일요일,부산광역시 해운대구 재송동,경상사고,0,0,1,0,차대차 - 측면충돌,안전운전불이행,건조,맑음,교차로 - 교차로부근,승용,여,56세,상해없음,승용,여,32세,경상
2023121700100373,2023년 12월 17일 21시,일요일,부산광역시 연제구 거제동,중상사고,0,1,3,0,차대차 - 추돌,안전운전불이행,건조,맑음,교차로 - 교차로부근,승용,여,43세,상해없음,승용,남,77세,경상
2023121700100391,2023년 12월 17일 22시,일요일,부산광역시 동구 초량동,경상사고,0,0,3,0,차대차 - 측면충돌,신호위반,건조,맑음,교차로 - 교차로안,승용,남,60세,상해없음,승합,남,63세,경상
2023121700100399,2023년 12월 17일 23시,일요일,부산광역시 해운대구 중동,경상사고,0,0,1,0,차대차 - 측면충돌,안전운전불이행,건조,맑음,교차로 - 교차로부근,기타불명,기타불명,미분류,기타불명,이륜,남,20세,경상
2023121800100015,2023년 12월 18일 02시,월요일,부산광역시 기장군 정관읍,경상사고,0,0,1,0,차대사람 - 차도통행중,안전운전불이행,건조,맑음,단일로 - 지하차도(도로)내,승용,남,52세,상해없음,보행자,남,42세,경상
2023121800100036,2023년 12월 18일 06시,월요일,부산광역시 영도구 동삼동,중상사고,0,1,1,0,차대차 - 기타,차로위반,건조,맑음,교차로 - 교차로부근,승용,남,68세,상해없음,승용,남,46세,경상
2023121800100059,2023년 12월 18일 07시,월요일,부산광역시 동구 좌천동,경상사고,0,0,1,0,차대사람 - 횡단중,보행자보호의무위반,건조,맑음,단일로 - 기타,승용,남,34세,상해없음,보행자,남,44세,경상
2023121800100060,2023년 12월 18일 07시,월요일,부산광역시 동구 좌천동,경상사고,0,0,2,0,차대차 - 추돌,안전운전불이행,건조,맑음,단일로 - 기타,특수,남,36세,상해없음,승용,남,37세,경상
2023121800100088,2023년 12월 18일 08시,월요일,부산광역시 강서구 명지동,경상사고,0,0,1,0,차대차 - 측면충돌,안전운전불이행,건조,맑음,단일로 - 기타,화물,남,57세,상해없음,승용,여,45세,경상
2023121800100126,2023년 12월 18일 09시,월요일,부산광역시 동구 초량동,중상사고,0,1,0,0,차대차 - 측면충돌,신호위반,건조,맑음,교차로 - 교차로안,승용,남,55세,상해없음,승용,여,59세,중상
2023121800100127,2023년 12월 18일 09시,월요일,부산광역시 사하구 장림동,경상사고,0,0,1,0,차대사람 - 기타,안전운전불이행,건조,맑음,기타 - 기타,화물,남,55세,상해없음,보행자,여,65세,경상
2023121800100128,2023년 12월 18일 09시,월요일,부산광역시 수영구 망미동,경상사고,0,0,1,0,차대차 - 기타,안전운전불이행,건조,맑음,단일로 - 기타,승용,남,68세,상해없음,승용,여,42세,경상
2023121800100162,2023년 12월 18일 10시,월요일,부산광역시 수영구 광안동,중상사고,0,1,0,0,차대사람 - 기타,안전운전불이행,건조,맑음,교차로 - 교차로안,화물,남,59세,상해없음,보행자,여,81세,중상
2023121800100190,2023년 12월 18일 11시,월요일,부산광역시 중구 중앙동7가,경상사고,0,0,1,0,차대차 - 측면충돌,교차로운행방법위반,건조,맑음,교차로 - 교차로안,화물,남,63세,상해없음,승용,남,40세,경상
2023121800100192,2023년 12월 18일 11시,월요일,부산광역시 부산진구 부전동,경상사고,0,0,1,0,차대차 - 기타,안전운전불이행,건조,맑음,단일로 - 기타,승용,여,38세,상해없음,이륜,남,28세,경상
2023121800100193,2023년 12월 18일 11시,월요일,부산광역시 강서구 강동동,경상사고,0,0,1,0,차대차 - 측면충돌,신호위반,건조,맑음,교차로 - 교차로부근,승용,남,54세,상해없음,화물,남,36세,상해없음
2023121800100252,2023년 12월 18일 13시,월요일,부산광역시 남구 문현동,경상사고,0,0,1,0,차대차 - 기타,교차로운행방법위반,건조,맑음,교차로 - 교차로안,승합,남,67세,상해없음,승용,여,43세,경상
2023121800100253,2023년 12월 18일 13시,월요일,부산광역시 해운대구 반송동,경상사고,0,0,2,0,차대차 - 측면충돌,안전운전불이행,건조,맑음,교차로 - 교차로횡단보도내,화물,남,56세,상해없음,승용,남,65세,경상
2023121800100254,2023년 12월 18일 13시,월요일,부산광역시 강서구 명지동,중상사고,0,1,0,0,차량단독 - 전도전복 - 전도,안전운전불이행,건조,맑음,기타 - 기타,화물,남,60세,중상,,,,
2023121800100284,2023년 12월 18일 14시,월요일,부산광역시 남구 대연동,중상사고,0,3,0,0,차대차 - 추돌,안전운전불이행,건조,맑음,교차로 - 교차로부근,승용,여,33세,상해없음,승용,여,47세,중상
2023121800100285,2023년 12월 18일 14시,월요일,부산광역시 동래구 온천동,중상사고,0,1,0,0,차대사람 - 횡단중,보행자보호의무위반,건조,맑음,교차로 - 교차로횡단보도내,화물,남,67세,상해없음,보행자,여,66세,중상
2023121800100315,2023년 12월 18일 15시,월요일,부산광역시 사하구 감천동,중상사고,0,1,1,0,차대차 - 기타,안전운전불이행,건조,맑음,교차로 - 교차로부근,화물,남,46세,상해없음,이륜,남,68세,기타불명
2023121800100354,2023년 12월 18일 16시,월요일,부산광역시 부산진구 당감동,경상사고,0,0,1,0,차대차 - 기타,신호위반,건조,맑음,교차로 - 교차로안,승용,남,65세,상해없음,이륜,남,53세,경상
2023121800100384,2023년 12월 18일 17시,월요일,부산광역시 해운대구 중동,중상사고,0,1,0,0,차대사람 - 횡단중,보행자보호의무위반,건조,맑음,단일로 - 기타,승합,남,47세,상해없음,보행자,남,59세,중상
2023121800100385,2023년 12월 18일 17시,월요일,부산광역시 금정구 장전동,중상사고,0,1,0,0,차대사람 - 차도통행중,안전운전불이행,건조,맑음,교차로 - 교차로안,승용,여,67세,상해없음,보행자,여,23세,중상
2023121800100386,2023년 12월 18일 17시,월요일,부산광역시 사하구 신평동,경상사고,0,0,1,0,차대차 - 측면충돌,안전운전불이행,건조,맑음,단일로 - 기타,승용,남,62세,상해없음,승용,남,49세,경상
2023121800100435,2023년 12월 18일 18시,월요일,부산광역시 동래구 명장동,경상사고,0,0,1,0,차대차 - 기타,교차로운행방법위반,건조,맑음,교차로 - 교차로안,이륜,남,20세,상해없음,개인형이동수단(PM),남,36세,경상
2023121800100436,2023년 12월 18일 18시,월요일,부산광역시 부산진구 부전동,경상사고,0,0,1,0,차대사람 - 기타,안전운전불이행,건조,맑음,단일로 - 기타,승용,남,62세,상해없음,보행자,여,48세,경상
2023121800100437,2023년 12월 18일 18시,월요일,부산광역시 사하구 괴정동,경상사고,0,0,1,0,차대차 - 측면충돌,안전거리미확보,건조,맑음,단일로 - 기타,승용,여,54세,상해없음,화물,남,59세,경상
2023121800100526,2023년 12월 18일 21시,월요일,부산광역시 서구 아미동1가,경상사고,0,0,1,0,차대차 - 측면충돌,신호위반,건조,맑음,교차로 - 교차로안,승용,남,62세,상해없음,이륜,남,25세,경상
2023121800100527,2023년 12월 18일 21시,월요일,부산광역시 사상구 모라동,경상사고,0,0,2,0,차대차 - 추돌,안전운전불이행,건조,맑음,단일로 - 기타,이륜,남,63세,상해없음,승용,남,26세,경상
2023121800100551,2023년 12월 18일 22시,월요일,부산광역시 수영구 광안동,경상사고,0,0,1,0,차대차 - 정면충돌,신호위반,건조,맑음,교차로 - 교차로안,승용,남,68세,상해없음,원동기,여,48세,경상
2023121800100553,2023년 12월 18일 22시,월요일,부산광역시 사상구 모라동,경상사고,0,0,2,0,차대차 - 기타,안전거리미확보,건조,맑음,교차로 - 교차로부근,승용,여,49세,상해없음,승합,남,27세,경상