사고번호,사고일시,요일,시군구,사고내용,사망자수,중상자수,경상자수,부상신고자수,사고유형,법규위반,노면상태,기상상태,도로형태,가해운전자 차종,가해운전자 성별,가해운전자 연령,가해운전자 상해정도,피해운전자 차종,피해운전자 성별,피해운전자 연령,피해운전자 상해정도
2023122700100527,2023년 12월 27일 19시,수요일,부산광역시 부산진구 전포동,경상사고,0,0,2,0,차대차 - 측면충돌,안전거리미확보,건조,맑음,단일로 - 기타,승용,남,66세,상해없음,승용,남,21세,경상
2023122700100566,2023년 12월 27일 20시,수요일,부산광역시 사하구 괴정동,경상사고,0,0,2,0,차대차 - 기타,안전운전불이행,건조,맑음,단일로 - 지하차도(도로)내,화물,남,51세,상해없음,승용,여,56세,기타불명
2023122700100602,2023년 12월 27일 21시,수요일,부산광역시 동래구 온천동,경상사고,0,0,1,0,차대사람 - 차도통행중,안전운전불이행,건조,맑음,교차로 - 교차로부근,승용,남,26세,상해없음,보행자,남,71세,경상
2023122700100603,2023년 12월 27일 21시,수요일,부산광역시 동래구 명장동,경상사고,0,0,3,0,차대차 - 측면충돌,안전운전불이행,건조,맑음,교차로 - 교차로안,승용,여,60세,상해없음,승용,남,32세,경상
2023122700100626,2023년 12월 27일 22시,수요일,부산광역시 부산진구 부전동,경상사고,0,0,1,0,차대사람 - 보도통행중,기타,건조,맑음,교차로 - 교차로부근,이륜,남,25세,상해없음,보행자,남,33세,경상
2023122700100638,2023년 12월 27일 23시,수요일,부산광역시 수영구 광안동,경상사고,0,0,1,0,차대사람 - 차도통행중,안전운전불이행,건조,맑음,단일로 - 기타,승용,남,50세,상해없음,보행자,남,33세,경상
2023122800100017,2023년 12월 28일 02시,목요일,부산광역시 연제구 거제동,경상사고,0,0,2,0,차대차 - 추돌,안전운전불이행,건조,맑음,단일로 - 기타,승용,남,20세,기타불명,승용,남,58세,경상
2023122800100024,2023년 12월 28일 05시,목요일,부산광역시 동래구 안락동,중상사고,0,1,0,0,차대차 - 기타,신호위반,건조,맑음,교차로 - 교차로안,승합,남,31세,상해없음,승용,남,64세,중상
2023122800100077,2023년 12월 28일 08시,목요일,부산광역시 연제구 연산동,경상사고,0,0,1,0,차대사람 - 기타,안전운전불이행,건조,맑음,교차로 - 교차로안,승용,남,59세,상해없음,보행자,남,40세,경상
2023122800100078,2023년 12월 28일 08시,목요일,부산광역시 기장군 기장읍,경상사고,0,0,2,0,차대차 - 기타,기타,건조,맑음,교차로 - 교차로부근,승용,남,71세,경상,승용,여,66세,경상
2023122800100114,2023년 12월 28일 09시,목요일,부산광역시 수영구 남천동,경상사고,0,0,1,0,차대차 - 측면충돌,신호위반,건조,맑음,교차로 - 교차로안,승용,남,22세,상해없음,이륜,남,61세,경상
2023122800100115,2023년 12월 28일 09시,목요일,부산광역시 연제구 거제동,부상신고사고,0,0,0,1,차대차 - 기타,신호위반,건조,맑음,교차로 - 교차로안,승용,남,29세,상해없음,화물,남,36세,부상신고
2023122800100145,2023년 12월 28일 10시,목요일,부산광역시 부산진구 범천동,중상사고,0,2,0,0,차대사람 - 횡단중,보행자보호의무위반,건조,맑음,단일로 - 기타,승용,남,28세,상해없음,보행자,여,65세,중상
2023122800100181,2023년 12월 28일 12시,목요일,부산광역시 연제구 거제동,경상사고,0,0,3,0,차대차 - 측면충돌,신호위반,건조,맑음,단일로 - 기타,화물,남,46세,상해없음,승용,남,64세,경상
2023122800100221,2023년 12월 28일 13시,목요일,부산광역시 북구 화명동,경상사고,0,0,3,0,차대차 - 기타,신호위반,건조,맑음,교차로 - 교차로안,승용,남,70세,경상,승용,여,35세,경상
2023122800100222,2023년 12월 28일 13시,목요일,부산광역시 사하구 하단동,경상사고,0,0,1,0,차대차 - 측면충돌,교차로운행방법위반,건조,맑음,교차로 - 교차로부근,승용,여,61세,기타불명,이륜,남,26세,경상
2023122800100254,2023년 12월 28일 14시,목요일,부산광역시 남구 대연동,경상사고,0,0,1,0,차대차 - 정면충돌,안전운전불이행,건조,맑음,교차로 - 교차로안,승용,남,79세,기타불명,이륜,남,28세,경상
2023122800100255,2023년 12월 28일 14시,목요일,부산광역시 북구 구포동,경상사고,0,0,2,0,차대차 - 기타,안전거리미확보,건조,맑음,단일로 - 기타,승용,남,77세,상해없음,승용,남,31세,경상
2023122800100285,2023년 12월 28일 15시,목요일,부산광역시 동래구 안락동,경상사고,0,0,1,0,차대차 - 측면충돌,안전운전불이행,건조,맑음,교차로 - 교차로안,화물,남,62세,상해없음,승용,남,60세,경상
2023122800100286,2023년 12월 28일 15시,목요일,부산광역시 강서구 송정동,경상사고,0,0,1,0,차대사람 - 기타,안전운전불이행,건조,맑음,교차로 - 교차로안,화물,남,58세,상해없음,보행자,남,56세,경상
2023122800100319,2023년 12월 28일 16시,목요일,부산광역시 수영구 광안동,중상사고,0,1,0,0,차대차 - 측면충돌,안전운전불이행,건조,맑음,단일로 - 기타,화물,남,37세,상해없음,이륜,남,34세,중상
2023122800100320,2023년 12월 28일 16시,목요일,부산광역시 북구 구포동,경상사고,0,0,1,0,차대차 - 후진중충돌,안전운전불이행,건조,맑음,교차로 - 교차로부근,승용,남,70세,상해없음,승용,여,24세,경상
2023122800100358,2023년 12월 28일 17시,목요일,부산광역시 중구 부평동2가,경상사고,0,0,1,0,차대차 - 측면충돌,안전운전불이행,건조,맑음,단일로 - 기타,승용,여,66세,상해없음,이륜,남,25세,경상
2023122800100359,2023년 12월 28일 17시,목요일,부산광역시 북구 화명동,경상사고,0,0,1,0,차대사람 - 횡단중,보행자보호의무위반,건조,맑음,교차로 - 교차로횡단보도내,승용,남,65세,상해없음,보행자,여,49세,경상
2023122800100360,2023년 12월 28일 17시,목요일,부산광역시 동래구 안락동,경상사고,0,0,2,0,차대차 - 측면충돌,교차로운행방법위반,건조,맑음,교차로 - 교차로안,승용,남,50세,상해없음,승용,남,61세,경상
2023122800100361,2023년 12월 28일 17시,목요일,부산광역시 영도구 남항동1가,부상신고사고,0,0,0,1,차대차 - 기타,안전운전불이행,건조,맑음,단일로 - 기타,승용,남,74세,상해없음,자전거,남,44세,부상신고
2023122800100362,2023년 12월 28일 17시,목요일,부산광역시 부산진구 부전동,중상사고,0,1,0,0,차대사람 - 기타,안전운전불이행,건조,맑음,교차로 - 교차로부근,화물,남,58세,상해없음,보행자,여,49세,중상
2023122800100363,2023년 12월 28일 17시,목요일,부산광역시 금정구 부곡동,중상사고,0,1,0,0,차대사람 - 횡단중,보행자보호의무위반,건조,맑음,교차로 - 교차로안,승용,여,27세,상해없음,보행자,여,73세,중상
2023122800100364,2023년 12월 28일 17시,목요일,부산광역시 강서구 대저1동,경상사고,0,0,1,0,차대차 - 측면충돌,안전거리미확보,건조,맑음,단일로 - 지하차도(도로)내,승용,남,23세,상해없음,승용,남,26세,경상
2023122800100405,2023년 12월 28일 18시,목요일,부산광역시 연제구 거제동,경상사고,0,0,2,0,차대차 - 추돌,안전운전불이행,건조,맑음,교차로 - 교차로부근,승용,여,33세,상해없음,승용,여,47세,경상
2023122800100406,2023년 12월 28일 18시,목요일,부산광역시 기장군 기장읍,중상사고,0,1,1,0,차대차 - 기타,안전운전불이행,건조,맑음,교차로 - 교차로부근,승용,여,25세,상해없음,승용,남,26세,경상
2023122800100516,2023년 12월 28일 21시,목요일,부산광역시 사하구 당리동,경상사고,0,0,2,0,차대차 - 기타,신호위반,건조,맑음,교차로 - 교차로안,승용,남,57세,상해없음,승용,남,57세,경상
2023122800100517,2023년 12월 28일 21시,목요일,부산광역시 강서구 신호동,경상사고,0,0,3,0,차대차 - 추돌,안전운전불이행,건조,맑음,교차로 - 교차로부근,승용,남,41세,상해없음,승용,남,68세,경상
2023122900100002,2023년 12월 29일 00시,금요일,부산광역시 남구 용호동,경상사고,0,0,4,0,차대차 - 기타,안전운전불이행,건조,맑음,단일로 - 기타,승용,여,44세,상해없음,승용,남,55세,경상
2023122900100026,2023년 12월 29일 02시,금요일,부산광역시 해운대구 반여동,경상사고,0,0,2,0,차대차 - 기타,안전운전불이행,건조,맑음,단일로 - 기타,승용,남,44세,상해없음,원동기,남,25세,경상
2023122900100042,2023년 12월 29일 04시,금요일,부산광역시 기장군 기장읍,경상사고,0,0,3,0,차대차 - 기타,안전운전불이행,건조,맑음,교차로 - 교차로안,승용,남,25세,경상,승용,여,49세,경상
2023122900100055,2023년 12월 29일 06시,금요일,부산광역시 해운대구 재송동,중상사고,0,1,0,0,차대사람 - 기타,안전운전불이행,건조,맑음,기타 - 기타,승용,남,31세,상해없음,보행자,여,76세,중상
2023122900100090,2023년 12월 29일 08시,금요일,부산광역시 남구 문현동,경상사고,0,0,1,0,차대차 - 추돌,안전운전불이행,건조,맑음,교차로 - 교차로부근,승용,남,71세,상해없음,승용,여,54세,경상
2023122900100091,2023년 12월 29일 08시,금요일,부산광역시 북구 덕천동,중상사고,0,1,0,0,차대차 - 기타,안전운전불이행,건조,맑음,교차로 - 교차로안,승용,남,55세,상해없음,자전거,남,87세,중상
2023122900100092,2023년 12월 29일 08시,금요일,부산광역시 사하구 감천동,경상사고,0,0,1,0,차대차 - 기타,신호위반,건조,맑음,교차로 - 교차로부근,화물,남,72세,상해없음,승용,남,34세,경상
2023122900100120,2023년 12월 29일 09시,금요일,부산광역시 부산진구 부전동,경상사고,0,0,1,0,차대차 - 기타,안전운전불이행,건조,맑음,단일로 - 기타,자전거,여,25세,경상,승용,남,39세,상해없음
2023122900100181,2023년 12월 29일 11시,금요일,부산광역시 북구 구포동,경상사고,0,0,1,0,차대차 - 측면충돌,안전운전불이행,건조,맑음,교차로 - 교차로안,화물,남,53세,상해없음,승용,남,56세,경상
2023122900100182,2023년 12월 29일 11시,금요일,부산광역시 부산진구 부전동,경상사고,0,0,1,0,차대차 - 측면충돌,안전거리미확보,건조,맑음,단일로 - 기타,승용,여,28세,상해없음,승용,여,57세,경상
2023122900100183,2023년 12월 29일 11시,금요일,부산광역시 수영구 망미동,경상사고,0,0,1,0,차대사람 - 길가장자리구역통행중,안전운전불이행,건조,맑음,단일로 - 기타,화물,남,53세,상해없음,보행자,여,69세,경상
2023122900100184,2023년 12월 29일 11시,금요일,부산광역시 연제구 연산동,경상사고,0,0,1,0,차대차 - 추돌,안전운전불이행,건조,맑음,교차로 - 교차로부근,승용,여,70세,상해없음,승용,남,42세,경상
2023122900100224,2023년 12월 29일 12시,금요일,부산광역시 동구 초량동,경상사고,0,0,2,0,차대차 - 측면충돌,교차로운행방법위반,건조,맑음,교차로 - 교차로안,승용,남,37세,상해없음,승용,남,53세,경상
2023122900100225,2023년 12월 29일 12시,금요일,부산광역시 남구 감만동,경상사고,0,0,3,0,차대차 - 측면충돌,안전거리미확보,건조,맑음,단일로 - 교량,승용,여,59세,상해없음,승용,여,20세,경상
2023122900100259,2023년 12월 29일 13시,금요일,부산광역시 수영구 광안동,경상사고,0,0,1,0,차대차 - 측면충돌,교차로운행방법위반,건조,맑음,단일로 - 기타,승용,남,52세,상해없음,원동기,남,25세,경상
2023122900100260,2023년 12월 29일 13시,금요일,부산광역시 수영구 광안동,경상사고,0,0,1,0,차대차 - 정면충돌,안전운전불이행,건조,맑음,교차로 - 교차로안,화물,남,30세,상해없음,승용,남,62세,경상
2023122900100261,2023년 12월 29일 13시,금요일,부산광역시 해운대구 재송동,중상사고,0,1,1,0,차대차 - 추돌,안전운전불이행,건조,맑음,단일로 - 기타,승용,남,63세,상해없음,승용,남,43세,중상
2023122900100301,2023년 12월 29일 14시,금요일,부산광역시 동구 초량동,경상사고,0,0,1,0,차대차 - 측면충돌,교차로운행방법위반,건조,맑음,교차로 - 교차로안,승용,남,80세,상해없음,승용,남,37세,경상
2023122900100302,2023년 12월 29일 14시,금요일,부산광역시 부산진구 전포동,경상사고,0,0,2,0,차대차 - 추돌,안전운전불이행,건조,맑음,단일로 - 기타,승용,남,74세,상해없음,원동기,남,67세,경상
2023122900100303,2023년 12월 29일 14시,금요일,부산광역시 부산진구 부암동,경상사고,0,0,2,0,차대차 - 기타,안전운전불이행,건조,맑음,단일로 - 기타,화물,남,41세,상해없음,승용,남,37세,경상
2023122900100304,2023년 12월 29일 14시,금요일,부산광역시 금정구 구서동,경상사고,0,0,1,0,차대사람 - 보도통행중,안전운전불이행,건조,맑음,기타 - 기타,화물,남,30세,상해없음,보행자,여,13세,경상
2023122900100305,2023년 12월 29일 14시,금요일,부산광역시 기장군 기장읍,경상사고,0,0,1,0,차대차 - 측면충돌,안전운전불이행,건조,맑음,교차로 - 교차로안,승용,남,71세,상해없음,이륜,남,58세,경상
2023122900100345,2023년 12월 29일 15시,금요일,부산광역시 연제구 연산동,중상사고,0,1,0,0,차대차 - 추돌,교차로운행방법위반,건조,맑음,교차로 - 교차로안,승용,여,46세,상해없음,이륜,남,34세,중상
2023122900100391,2023년 12월 29일 16시,금요일,부산광역시 남구 대연동,경상사고,0,0,1,0,차대차 - 측면충돌,신호위반,건조,맑음,단일로 - 고가도로위,승용,남,62세,상해없음,승용,여,30세,경상
2023122900100423,2023년 12월 29일 17시,금요일,부산광역시 동구 초량동,경상사고,0,0,1,0,차대사람 - 기타,신호위반,건조,맑음,교차로 - 교차로안,원동기,남,69세,상해없음,보행자,남,50세,경상
2023122900100424,2023년 12월 29일 17시,금요일,부산광역시 부산진구 부전동,중상사고,0,1,0,0,차대사람 - 기타,안전운전불이행,건조,맑음,교차로 - 교차로안,승용,여,68세,상해없음,보행자,여,67세,중상
2023122900100425,2023년 12월 29일 17시,금요일,부산광역시 부산진구 범천동,경상사고,0,0,2,0,차대차 - 측면충돌,안전운전불이행,건조,맑음,교차로 - 교차로부근,화물,남,53세,상해없음,승용,여,50세,경상
2023122900100488,2023년 12월 29일 18시,금요일,부산광역시 부산진구 부전동,부상신고사고,0,0,0,1,차대차 - 기타,안전운전불이행,건조,맑음,교차로 - 교차로안,이륜,남,22세,부상신고,승용,남,74세,상해없음
2023122900100489,2023년 12월 29일 18시,금요일,부산광역시 사하구 다대동,경상사고,0,0,6,0,차대차 - 기타,안전운전불이행,건조,맑음,단일로 - 기타,승용,여,46세,상해없음,승용,남,42세,경상
2023122900100551,2023년 12월 29일 19시,금요일,부산광역시 수영구 남천동,경상사고,0,0,1,0,차대차 - 측면충돌,신호위반,건조,맑음,교차로 - 교차로안,승용,여,62세,상해없음,승용,남,30세,경상
2023122900100552,2023년 12월 29일 19시,금요일,부산광역시 연제구 연산동,중상사고,0,1,0,0,차대사람 - 기타,안전운전불이행,건조,맑음,교차로 - 교차로안,승용,여,63세,상해없음,보행자,남,74세,중상
2023122900100637,2023년 12월 29일 21시,금요일,부산광역시 동구 범일동,중상사고,0,1,0,0,차대사람 - 횡단중,안전운전불이행,건조,맑음,단일로 - 기타,승용,남,76세,상해없음,보행자,여,18세,중상
2023122900100678,2023년 12월 29일 23시,금요일,부산광역시 동구 초량동,경상사고,0,0,1,0,차대차 - 추돌,안전운전불이행,건조,맑음,단일로 - 기타,승용,여,48세,상해없음,승용,남,69세,경상
2023122900100679,2023년 12월 29일 23시,금요일,부산광역시 수영구 광안동,경상사고,0,0,2,0,차대차 - 추돌,안전운전불이행,건조,맑음,교차로 - 교차로부근,승용,남,27세,기타불명,승용,남,61세,경상
2023122900100680,2023년 12월 29일 23시,금요일,부산광역시 강서구 송정동,경상사고,0,0,1,0,차량단독 - 기타,안전운전불이행,건조,맑음,교차로 - 교차로안,이륜,남,32세,경상,,,,
2023122900100681,2023년 12월 29일 23시,금요일,부산광역시 기장군 정관읍,경상사고,0,0,1,0,차대차 - 측면충돌,안전운전불이행,건조,맑음,교차로 - 교차로안,승용,여,43세,상해없음,승용,여,46세,경상
2023123000100020,2023년 12월 30일 01시,토요일,부산광역시 부산진구 당감동,중상사고,0,1,1,0,차대사람 - 횡단중,안전운전불이행,건조,맑음,교차로 - 교차로부근,승용,남,71세,상해없음,보행자,여,45세,중상
2023123000100037,2023년 12월 30일 03시,토요일,부산광역시 사하구 구평동,경상사고,0,0,1,0,차대차 - 추돌,안전운전불이행,건조,맑음,교차로 - 교차로부근,승용,남,65세,상해없음,승용,남,40세,경상
2023123000100069,2023년 12월 30일 07시,토요일,부산광역시 연제구 연산동,경상사고,0,0,1,0,차대차 - 기타,안전운전불이행,건조,맑음,교차로 - 교차로안,승용,여,28세,상해없음,승합,남,56세,상해없음
2023123000100079,2023년 12월 30일 08시,토요일,부산광역시 연제구 거제동,경상사고,0,0,4,0,차대차 - 추돌,안전운전불이행,건조,맑음,교차로 - 교차로부근,승용,남,49세,상해없음,승용,남,37세,경상
2023123000100089,2023년 12월 30일 09시,토요일,부산광역시 남구 문현동,중상사고,0,1,2,0,차대차 - 측면충돌,안전운전불이행,건조,맑음,교차로 - 교차로안,이륜,남,49세,중상,승용,여,39세,경상
2023123000100107,2023년 12월 30일 10시,토요일,부산광역시 서구 남부민동,중상사고,0,1,0,0,차대사람 - 기타,안전운전불이행,건조,맑음,단일로 - 기타,승용,남,71세,상해없음,보행자,여,61세,중상
2023123000100108,2023년 12월 30일 10시,토요일,부산광역시 수영구 수영동,경상사고,0,0,1,0,차대차 - 측면충돌,신호위반,건조,맑음,교차로 - 교차로안,승용,남,43세,상해없음,승용,여,55세,경상
2023123000100139,2023년 12월 30일 11시,토요일,부산광역시 해운대구 중동,중상사고,0,1,0,0,차대차 - 측면충돌,안전운전불이행,건조,맑음,교차로 - 교차로부근,이륜,남,55세,상해없음,이륜,남,26세,상해없음
2023123000100140,2023년 12월 30일 11시,토요일,부산광역시 부산진구 범전동,경상사고,0,0,3,0,차대차 - 측면충돌,안전거리미확보,건조,맑음,교차로 - 교차로부근,승용,남,66세,상해없음,승용,남,31세,경상
2023123000100141,2023년 12월 30일 11시,토요일,부산광역시 기장군 정관읍,경상사고,0,0,2,0,차대차 - 추돌,안전운전불이행,건조,맑음,단일로 - 기타,승용,여,38세,상해없음,승용,남,37세,경상
2023123000100142,2023년 12월 30일 11시,토요일,부산광역시 기장군 기장읍,중상사고,0,1,0,0,차대차 - 측면충돌,안전운전불이행,건조,맑음,단일로 - 기타,이륜,남,32세,상해없음,자전거,남,73세,중상
2023123000100189,2023년 12월 30일 12시,토요일,부산광역시 수영구 민락동,경상사고,0,0,1,0,차대차 - 기타,안전운전불이행,건조,맑음,교차로 - 교차로부근,승용,남,58세,상해없음,승용,남,70세,상해없음
2023123000100224,2023년 12월 30일 13시,토요일,부산광역시 중구 영주동,경상사고,0,0,1,0,차대차 - 측면충돌,안전거리미확보,건조,맑음,단일로 - 고가도로위,승용,남,35세,상해없음,승용,남,25세,경상
2023123000100256,2023년 12월 30일 14시,토요일,부산광역시 강서구 죽동동,경상사고,0,0,3,0,차대차 - 기타,안전운전불이행,건조,맑음,단일로 - 기타,승용,남,51세,경상,승용,남,61세,상해없음
2023123000100289,2023년 12월 30일 15시,토요일,부산광역시 부산진구 가야동,경상사고,0,0,1,0,차대차 - 측면충돌,안전운전불이행,건조,맑음,단일로 - 기타,이륜,남,18세,상해없음,이륜,남,51세,경상
2023123000100321,2023년 12월 30일 16시,토요일,부산광역시 영도구 동삼동,경상사고,0,0,2,0,차대차 - 추돌,안전운전불이행,건조,맑음,기타 - 기타,승용,남,77세,상해없음,승용,남,66세,기타불명
2023123000100322,2023년 12월 30일 16시,토요일,부산광역시 해운대구 중동,중상사고,0,1,0,0,차대차 - 측면충돌,안전운전불이행,건조,맑음,단일로 - 기타,승용,남,52세,상해없음,이륜,남,49세,중상
2023123000100349,2023년 12월 30일 17시,토요일,부산광역시 동구 초량동,경상사고,0,0,1,0,차대차 - 측면충돌,안전거리미확보,건조,맑음,단일로 - 기타,승용,여,64세,상해없음,승용,남,29세,경상
2023123000100350,2023년 12월 30일 17시,토요일,부산광역시 강서구 화전동,경상사고,0,0,1,0,차대차 - 측면충돌,안전운전불이행,건조,맑음,교차로 - 교차로안,화물,남,72세,상해없음,화물,남,36세,경상
2023123000100369,2023년 12월 30일 18시,토요일,부산광역시 남구 대연동,중상사고,0,1,0,0,차대차 - 기타,차로위반,젖음/습기,비,단일로 - 기타,승용,여,55세,상해없음,승용,남,51세,중상
2023123000100370,2023년 12월 30일 18시,토요일,부산광역시 부산진구 초읍동,중상사고,0,1,0,0,차대사람 - 기타,안전운전불이행,건조,맑음,단일로 - 기타,승용,남,78세,상해없음,보행자,여,73세,중상
2023123000100371,2023년 12월 30일 18시,토요일,부산광역시 부산진구 가야동,경상사고,0,0,1,0,차대사람 - 횡단중,신호위반,건조,맑음,단일로 - 기타,승용,남,59세,상해없음,보행자,여,17세,경상
2023123000100372,2023년 12월 30일 18시,토요일,부산광역시 사상구 모라동,부상신고사고,0,0,0,3,차대차 - 측면충돌,안전운전불이행,건조,맑음,단일로 - 기타,승용,여,45세,상해없음,승용,남,34세,부상신고
2023123000100405,2023년 12월 30일 19시,토요일,부산광역시 북구 덕천동,경상사고,0,0,1,0,차대차 - 측면충돌,안전운전불이행,젖음/습기,비,교차로 - 교차로안,승용,남,63세,경상,승용,여,37세,상해없음
2023123000100426,2023년 12월 30일 20시,토요일,부산광역시 북구 덕천동,경상사고,0,0,3,0,차대차 - 기타,안전운전불이행,젖음/습기,비,교차로 - 교차로안,승합,남,67세,상해없음,승용,남,33세,경상
2023123000100427,2023년 12월 30일 20시,토요일,부산광역시 연제구 연산동,부상신고사고,0,0,0,1,차대사람 - 횡단중,안전운전불이행,젖음/습기,비,교차로 - 교차로횡단보도내,승용,남,52세,상해없음,보행자,남,83세,부상신고
2023123000100447,2023년 12월 30일 21시,토요일,부산광역시 북구 덕천동,중상사고,0,1,0,0,차대차 - 추돌,신호위반,젖음/습기,비,교차로 - 교차로안,승용,남,55세,상해없음,이륜,남,69세,중상
2023123000100448,2023년 12월 30일 21시,토요일,부산광역시 기장군 정관읍,중상사고,0,1,0,0,차량단독 - 공작물충돌,안전운전불이행,젖음/습기,비,단일로 - 기타,승용,여,21세,상해없음,,,,
2023123000100478,2023년 12월 30일 23시,토요일,부산광역시 사상구 덕포동,경상사고,0,0,1,0,차량단독 - 공작물충돌,안전운전불이행,젖음/습기,비,단일로 - 기타,승용,여,61세,상해없음,,,,
2023123100100001,2023년 12월 31일 00시,일요일,부산광역시 수영구 광안동,경상사고,0,0,1,0,차대차 - 기타,안전운전불이행,건조,맑음,단일로 - 기타,승용,남,69세,상해없음,승용,남,57세,상해없음
2023123100100002,2023년 12월 31일 00시,일요일,부산광역시 사하구 하단동,경상사고,0,0,1,0,차대사람 - 기타,안전운전불이행,건조,맑음,단일로 - 기타,승용,여,72세,상해없음,보행자,남,61세,경상
2023123100100023,2023년 12월 31일 03시,일요일,부산광역시 연제구 연산동,경상사고,0,0,1,0,차대차 - 측면충돌,신호위반,건조,맑음,교차로 - 교차로안,이륜,남,42세,상해없음,승용,남,26세,경상
2023123100100038,2023년 12월 31일 07시,일요일,부산광역시 북구 덕천동,경상사고,0,0,1,0,차대사람 - 기타,안전운전불이행,건조,맑음,단일로 - 기타,승용,여,37세,상해없음,보행자,남,56세,경상
2023123100100073,2023년 12월 31일 11시,일요일,부산광역시 동구 초량동,경상사고,0,0,1,0,차대사람 - 기타,안전운전불이행,건조,맑음,단일로 - 지하차도(도로)내,승용,여,59세,상해없음,보행자,여,41세,경상
2023123100100074,2023년 12월 31일 11시,일요일,부산광역시 해운대구 좌동,경상사고,0,0,3,0,차대차 - 정면충돌,중앙선침범,건조,맑음,단일로 - 기타,승용,남,47세,상해없음,승용,남,63세,경상
2023123100100075,2023년 12월 31일 11시,일요일,부산광역시 사하구 다대동,부상신고사고,0,0,0,1,차대사람 - 길가장자리구역통행중,안전운전불이행,건조,맑음,단일로 - 기타,승용,남,55세,기타불명,보행자,남,6세,부상신고
2023123100100093,2023년 12월 31일 12시,일요일,부산광역시 남구 대연동,경상사고,0,0,1,0,차대차 - 측면충돌,안전운전불이행,건조,맑음,단일로 - 기타,승용,남,40세,상해없음,승용,여,30세,경상
2023123100100118,2023년 12월 31일 13시,일요일,부산광역시 동구 수정동,경상사고,0,0,8,2,차대차 - 측면충돌,신호위반,건조,맑음,단일로 - 지하차도(도로)내,승용,남,44세,상해없음,승합,남,47세,경상
2023123100100119,2023년 12월 31일 13시,일요일,부산광역시 기장군 일광읍,경상사고,0,0,1,0,차대사람 - 기타,안전운전불이행,건조,맑음,주차장 - 주차장,승용,남,69세,상해없음,보행자,남,63세,경상
2023123100100144,2023년 12월 31일 14시,일요일,부산광역시 기장군 정관읍,경상사고,0,0,1,0,차대사람 - 기타,안전운전불이행,건조,흐림,교차로 - 교차로안,승용,여,57세,상해없음,보행자,여,12세,경상
2023123100100171,2023년 12월 31일 15시,일요일,부산광역시 수영구 민락동,경상사고,0,0,1,0,차대차 - 기타,안전운전불이행,건조,맑음,교차로 - 교차로안,승용,여,40세,상해없음,이륜,남,28세,경상
2023123100100187,2023년 12월 31일 16시,일요일,부산광역시 금정구 오륜동,중상사고,0,2,0,0,차대차 - 추돌,안전운전불이행,건조,맑음,단일로 - 기타,화물,남,62세,상해없음,승용,남,39세,상해없음
2023123100100206,2023년 12월 31일 17시,일요일,부산광역시 동래구 온천동,경상사고,0,0,1,0,차대차 - 기타,안전운전불이행,건조,맑음,주차장 - 주차장,승용,남,54세,상해없음,승용,여,55세,경상
2023123100100207,2023년 12월 31일 17시,일요일,부산광역시 해운대구 우동,경상사고,0,0,1,0,차대사람 - 횡단중,보행자보호의무위반,건조,맑음,교차로 - 교차로부근,승용,남,35세,상해없음,보행자,남,51세,경상
2023123100100233,2023년 12월 31일 18시,일요일,부산광역시 중구 중앙동6가,경상사고,0,0,1,0,차대사람 - 횡단중,안전운전불이행,건조,맑음,단일로 - 기타,승합,남,54세,상해없음,보행자,남,22세,경상
2023123100100234,2023년 12월 31일 18시,일요일,부산광역시 남구 대연동,중상사고,0,1,0,0,차대사람 - 기타,안전운전불이행,건조,맑음,단일로 - 기타,승용,남,52세,상해없음,보행자,여,46세,중상
2023123100100257,2023년 12월 31일 19시,일요일,부산광역시 강서구 지사동,경상사고,0,0,1,0,차대차 - 추돌,안전운전불이행,건조,맑음,단일로 - 기타,이륜,남,38세,상해없음,승용,남,60세,경상
2023123100100273,2023년 12월 31일 20시,일요일,부산광역시 부산진구 전포동,경상사고,0,0,1,0,차대사람 - 기타,안전운전불이행,건조,맑음,단일로 - 기타,승용,남,55세,상해없음,보행자,남,72세,경상
2023123100100292,2023년 12월 31일 21시,일요일,부산광역시 서구 서대신동2가,경상사고,0,0,1,0,차대사람 - 기타,보행자보호의무위반,건조,맑음,교차로 - 교차로횡단보도내,승용,남,58세,상해없음,보행자,여,64세,경상
2023123100100293,2023년 12월 31일 21시,일요일,부산광역시 해운대구 우동,경상사고,0,0,2,0,차대차 - 측면충돌,차로위반,건조,맑음,단일로 - 기타,승용,여,75세,상해없음,승용,남,53세,경상
2023123100100294,2023년 12월 31일 21시,일요일,부산광역시 사하구 하단동,중상사고,0,1,0,0,차대차 - 측면충돌,신호위반,건조,맑음,교차로 - 교차로안,승용,여,60세,상해없음,이륜,남,57세,중상
2023123100100295,2023년 12월 31일 21시,일요일,부산광역시 강서구 명지동,경상사고,0,0,2,0,차대차 - 기타,신호위반,건조,맑음,단일로 - 기타,승용,남,49세,상해없음,승용,남,36세,경상